JvmtiExport can_access_local_variables 1
JvmtiExport can_hotswap_or_post_breakpoint 1
JvmtiExport can_post_on_exceptions 1
# 325 ciObject found
instanceKlass org/springframework/asm/FieldVisitor
instanceKlass com/fasterxml/jackson/annotation/JacksonAnnotation
instanceKlass com/fasterxml/jackson/annotation/JsonProperty
instanceKlass javax/validation/Constraint
instanceKlass org/springframework/web/bind/annotation/ModelAttribute
instanceKlass org/springframework/web/bind/annotation/ExceptionHandler
instanceKlass org/springframework/web/bind/annotation/ResponseStatus
instanceKlass org/springframework/web/bind/annotation/ControllerAdvice
instanceKlass org/springframework/web/bind/annotation/RestControllerAdvice
instanceKlass org/apache/ibatis/annotations/Update
instanceKlass javax/annotation/PostConstruct
instanceKlass org/springframework/transaction/annotation/Transactional
instanceKlass org/springframework/stereotype/Service
instanceKlass org/springframework/context/event/EventListener
instanceKlass org/springframework/scheduling/annotation/Async
instanceKlass org/quartz/DisallowConcurrentExecution
instanceKlass com/baomidou/mybatisplus/annotation/TableName
instanceKlass io/swagger/annotations/ApiModel
instanceKlass org/springframework/web/bind/annotation/GetMapping
instanceKlass com/zbkj/common/annotation/CustomResponseAnnotation
instanceKlass org/springframework/validation/annotation/Validated
instanceKlass io/swagger/annotations/ExampleProperty
instanceKlass io/swagger/annotations/Example
instanceKlass io/swagger/annotations/ApiImplicitParam
instanceKlass org/springframework/core/type/classreading/MergedAnnotationReadingVisitor$ArrayVisitor$$Lambda$197
instanceKlass io/swagger/annotations/ApiImplicitParams
instanceKlass org/springframework/core/type/classreading/MergedAnnotationReadingVisitor$$Lambda$196
instanceKlass com/zbkj/common/annotation/LogControllerAnnotation
instanceKlass org/springframework/core/type/classreading/MergedAnnotationReadingVisitor$ArrayVisitor$$Lambda$195
instanceKlass io/swagger/annotations/ExtensionProperty
instanceKlass io/swagger/annotations/ResponseHeader
instanceKlass io/swagger/annotations/Extension
instanceKlass io/swagger/annotations/ApiOperation
instanceKlass org/springframework/security/access/prepost/PreAuthorize
instanceKlass io/swagger/annotations/AuthorizationScope
instanceKlass io/swagger/annotations/Authorization
instanceKlass io/swagger/annotations/Api
instanceKlass sun/misc/ProxyGenerator$1
instanceKlass org/springframework/web/bind/annotation/Mapping
instanceKlass org/springframework/web/bind/annotation/RequestMapping
instanceKlass org/springframework/web/bind/annotation/ResponseBody
instanceKlass org/springframework/stereotype/Controller
instanceKlass org/springframework/web/bind/annotation/RestController
instanceKlass org/springframework/beans/factory/annotation/Autowired
instanceKlass org/springframework/boot/context/properties/EnableConfigurationPropertiesRegistrar
instanceKlass org/springframework/boot/context/properties/EnableConfigurationProperties
instanceKlass org/springframework/security/config/annotation/method/configuration/GlobalMethodSecuritySelector
instanceKlass org/springframework/security/config/annotation/method/configuration/EnableGlobalMethodSecurity
instanceKlass org/springframework/security/config/annotation/authentication/configuration/AuthenticationConfiguration
instanceKlass org/springframework/security/config/annotation/authentication/configuration/EnableGlobalAuthentication
instanceKlass org/springframework/security/config/annotation/web/configuration/OAuth2ImportSelector
instanceKlass org/springframework/security/config/annotation/web/configuration/SpringWebMvcImportSelector
instanceKlass org/springframework/security/config/annotation/web/configuration/WebSecurityConfiguration
instanceKlass org/springframework/context/annotation/ImportAware
instanceKlass org/springframework/security/config/annotation/web/configuration/EnableWebSecurity
instanceKlass org/springframework/boot/autoconfigure/condition/SpringBootCondition
instanceKlass org/springframework/boot/autoconfigure/condition/ConditionalOnProperty
instanceKlass org/springframework/boot/context/properties/ConfigurationProperties
instanceKlass org/springframework/core/type/AnnotationMetadata$$Lambda$194
instanceKlass org/aspectj/lang/annotation/AfterThrowing
instanceKlass org/aspectj/lang/annotation/AfterReturning
instanceKlass org/aspectj/lang/annotation/Around
instanceKlass org/aspectj/lang/annotation/Pointcut
instanceKlass org/springframework/core/type/classreading/SimpleMethodMetadataReadingVisitor$Source
instanceKlass org/springframework/core/type/classreading/SimpleMethodMetadataReadingVisitor$$Lambda$193
instanceKlass org/springframework/core/type/classreading/SimpleMethodMetadataReadingVisitor$$Lambda$192
instanceKlass org/aspectj/lang/annotation/Aspect
instanceKlass org/springframework/core/type/classreading/SimpleAnnotationMetadata
instanceKlass org/springframework/core/annotation/MergedAnnotationsCollection
instanceKlass org/springframework/core/type/classreading/SimpleAnnotationMetadataReadingVisitor$$Lambda$191
instanceKlass org/springframework/core/type/classreading/SimpleMethodMetadata
instanceKlass org/springframework/core/type/MethodMetadata
instanceKlass org/springframework/core/type/classreading/MergedAnnotationReadingVisitor$$Lambda$190
instanceKlass org/springframework/core/annotation/TypeMappedAnnotation$$Lambda$189
instanceKlass org/springframework/asm/Type
instanceKlass org/springframework/asm/AnnotationVisitor
instanceKlass org/springframework/core/type/classreading/SimpleAnnotationMetadataReadingVisitor$$Lambda$188
instanceKlass org/springframework/core/type/classreading/SimpleAnnotationMetadataReadingVisitor$$Lambda$187
instanceKlass org/springframework/core/type/classreading/SimpleAnnotationMetadataReadingVisitor$Source
instanceKlass org/springframework/asm/Context
instanceKlass org/springframework/asm/Attribute
instanceKlass sun/nio/ch/IOStatus
instanceKlass java/nio/DirectByteBuffer$Deallocator
instanceKlass sun/nio/ch/Util$BufferCache
instanceKlass sun/nio/ch/Util$2
instanceKlass sun/nio/ch/Util
instanceKlass sun/nio/ch/NativeThread
instanceKlass java/nio/channels/spi/AbstractInterruptibleChannel$1
instanceKlass org/springframework/asm/ClassReader
instanceKlass java/nio/channels/Channels
instanceKlass sun/nio/ch/FileDispatcherImpl$1
instanceKlass sun/nio/ch/NativeDispatcher
instanceKlass sun/nio/ch/NativeThreadSet
instanceKlass sun/nio/ch/IOUtil$1
instanceKlass sun/nio/ch/IOUtil
instanceKlass java/nio/channels/spi/AbstractInterruptibleChannel
instanceKlass java/nio/channels/InterruptibleChannel
instanceKlass java/nio/channels/ScatteringByteChannel
instanceKlass java/nio/channels/GatheringByteChannel
instanceKlass java/nio/channels/SeekableByteChannel
instanceKlass java/nio/channels/ByteChannel
instanceKlass sun/nio/fs/NativeBuffer$Deallocator
instanceKlass sun/nio/fs/NativeBuffer
instanceKlass sun/nio/fs/NativeBuffers
instanceKlass sun/nio/fs/WindowsNativeDispatcher$BackupResult
instanceKlass sun/nio/fs/WindowsNativeDispatcher$CompletionStatus
instanceKlass sun/nio/fs/WindowsNativeDispatcher$AclInformation
instanceKlass sun/nio/fs/WindowsNativeDispatcher$Account
instanceKlass sun/nio/fs/WindowsNativeDispatcher$DiskFreeSpace
instanceKlass sun/nio/fs/WindowsNativeDispatcher$VolumeInformation
instanceKlass sun/nio/fs/WindowsNativeDispatcher$FirstStream
instanceKlass sun/nio/fs/WindowsNativeDispatcher$FirstFile
instanceKlass sun/nio/fs/WindowsNativeDispatcher$1
instanceKlass sun/nio/fs/WindowsNativeDispatcher
instanceKlass sun/nio/fs/WindowsChannelFactory$Flags
instanceKlass sun/nio/fs/WindowsChannelFactory$1
instanceKlass sun/nio/fs/WindowsChannelFactory
instanceKlass sun/nio/fs/WindowsSecurityDescriptor
instanceKlass java/nio/file/attribute/FileAttribute
instanceKlass java/nio/file/Files
instanceKlass java/nio/file/OpenOption
instanceKlass org/springframework/asm/MethodVisitor
instanceKlass org/springframework/core/type/classreading/SimpleMetadataReader
instanceKlass java/nio/file/FileSystems$DefaultFileSystemHolder$1
instanceKlass java/nio/file/FileSystems$DefaultFileSystemHolder
instanceKlass java/nio/file/FileSystems
instanceKlass org/springframework/util/AntPathMatcher$AntPathStringMatcher
instanceKlass org/springframework/core/io/support/PathMatchingResourcePatternResolver$$Lambda$186
instanceKlass org/springframework/context/annotation/PropertySource
instanceKlass org/springframework/context/annotation/PropertySources
instanceKlass org/springframework/context/annotation/ConfigurationClass
instanceKlass org/springframework/context/annotation/ComponentScanAnnotationParser
instanceKlass org/springframework/context/annotation/ConfigurationClassParser$SourceClass
instanceKlass org/springframework/context/annotation/ConfigurationClassParser$DeferredImportSelectorHandler
instanceKlass org/springframework/context/annotation/ConfigurationClassParser$$Lambda$185
instanceKlass org/springframework/context/annotation/ConfigurationClassParser$DeferredImportSelectorHolder
instanceKlass org/springframework/context/annotation/ConfigurationClassParser$$Lambda$184
instanceKlass org/springframework/core/io/support/DefaultPropertySourceFactory
instanceKlass org/springframework/beans/factory/parsing/Problem
instanceKlass org/springframework/context/annotation/ImportRegistry
instanceKlass org/springframework/core/io/support/PropertySourceFactory
instanceKlass org/springframework/context/annotation/ConfigurationClassParser
instanceKlass org/springframework/context/annotation/ConfigurationClassPostProcessor$$Lambda$183
instanceKlass org/springframework/core/annotation/AnnotationUtils
instanceKlass org/springframework/context/annotation/Bean
instanceKlass org/springframework/beans/BeanMetadataAttribute
instanceKlass org/springframework/aop/framework/AopInfrastructureBean
instanceKlass org/springframework/context/annotation/ImportResource
instanceKlass org/springframework/core/Conventions
instanceKlass org/springframework/context/annotation/ConfigurationClassUtils
instanceKlass org/springframework/beans/AbstractNestablePropertyAccessor$PropertyTokenHolder
instanceKlass org/springframework/beans/factory/config/TypedStringValue
instanceKlass org/springframework/context/annotation/ConfigurationClassBeanDefinitionReader
instanceKlass org/springframework/core/convert/Property
instanceKlass org/springframework/core/SerializableTypeWrapper$MethodInvokeTypeProvider
instanceKlass java/lang/reflect/Proxy$1
instanceKlass java/lang/reflect/Proxy$KeyX
instanceKlass org/springframework/core/SerializableTypeWrapper$TypeProxyInvocationHandler
instanceKlass org/springframework/core/GraalDetector
instanceKlass org/springframework/core/SerializableTypeWrapper$MethodParameterTypeProvider
instanceKlass java/lang/invoke/LambdaForm$MH
instanceKlass java/lang/invoke/LambdaForm$DMH
instanceKlass org/springframework/core/MethodParameter$$Lambda$182
instanceKlass org/springframework/core/MethodParameter
instanceKlass org/springframework/core/BridgeMethodResolver
instanceKlass java/beans/SimpleBeanInfo
instanceKlass com/sun/beans/WildcardTypeImpl
instanceKlass com/sun/beans/TypeResolver
instanceKlass java/beans/MethodRef
instanceKlass com/sun/beans/util/Cache$CacheEntry
instanceKlass com/sun/beans/util/Cache
instanceKlass com/sun/beans/finder/AbstractFinder
instanceKlass com/sun/beans/finder/ClassFinder
instanceKlass org/springframework/beans/ExtendedBeanInfo
instanceKlass java/beans/BeanInfo
instanceKlass org/springframework/beans/ExtendedBeanInfoFactory
instanceKlass org/springframework/beans/BeanInfoFactory
instanceKlass org/springframework/beans/CachedIntrospectionResults
instanceKlass org/springframework/beans/PropertyAccessorUtils
instanceKlass org/springframework/beans/factory/support/DefaultSingletonBeanRegistry$$Lambda$181
instanceKlass org/springframework/beans/factory/support/DefaultSingletonBeanRegistry$$Lambda$180
instanceKlass org/springframework/beans/factory/support/DisposableBeanAdapter
instanceKlass org/springframework/expression/spel/support/StandardTypeConverter
instanceKlass org/springframework/expression/spel/support/StandardTypeLocator
instanceKlass org/springframework/context/expression/BeanFactoryResolver
instanceKlass org/springframework/context/expression/EnvironmentAccessor
instanceKlass org/springframework/context/expression/MapAccessor
instanceKlass org/springframework/expression/spel/CompilablePropertyAccessor
instanceKlass org/springframework/asm/Opcodes
instanceKlass org/springframework/context/expression/BeanFactoryAccessor
instanceKlass org/springframework/expression/spel/support/ReflectivePropertyAccessor
instanceKlass org/springframework/context/expression/BeanExpressionContextAccessor
instanceKlass org/springframework/expression/TypedValue
instanceKlass org/springframework/expression/spel/support/StandardOperatorOverloader
instanceKlass org/springframework/expression/spel/support/StandardTypeComparator
instanceKlass org/springframework/expression/OperatorOverloader
instanceKlass org/springframework/expression/TypeComparator
instanceKlass org/springframework/expression/spel/support/StandardEvaluationContext
instanceKlass org/springframework/expression/common/LiteralExpression
instanceKlass org/springframework/beans/factory/config/AutowiredPropertyMarker
instanceKlass org/springframework/beans/factory/support/BeanDefinitionValueResolver
instanceKlass org/springframework/beans/factory/support/AbstractAutowireCapableBeanFactory$$Lambda$179
instanceKlass org/springframework/beans/AbstractNestablePropertyAccessor$PropertyHandler
instanceKlass org/springframework/beans/factory/parsing/PassThroughSourceExtractor
instanceKlass org/springframework/beans/factory/support/AbstractBeanFactory$$Lambda$178
instanceKlass org/springframework/beans/factory/support/NullBean
instanceKlass org/springframework/beans/factory/BeanFactoryUtils$$Lambda$177
instanceKlass org/springframework/core/annotation/AnnotationAttributes$$Lambda$176
instanceKlass org/springframework/beans/factory/config/RuntimeBeanReference
instanceKlass org/springframework/beans/factory/config/BeanReference
instanceKlass org/springframework/beans/MutablePropertyValues
instanceKlass org/springframework/beans/factory/support/BeanDefinitionBuilder
instanceKlass org/springframework/boot/autoconfigure/SharedMetadataReaderFactoryContextInitializer$CachingMetadataReaderFactoryPostProcessor$$Lambda$175
instanceKlass org/springframework/boot/autoconfigure/SharedMetadataReaderFactoryContextInitializer$SharedMetadataReaderFactoryBean
instanceKlass org/springframework/context/support/PostProcessorRegistrationDelegate
instanceKlass org/springframework/boot/web/servlet/context/ServletWebServerApplicationContext$ExistingWebApplicationScopes$$Lambda$174
instanceKlass org/springframework/web/context/support/WebApplicationContextUtils$WebRequestObjectFactory
instanceKlass org/springframework/web/context/request/WebRequest
instanceKlass org/springframework/web/context/request/RequestAttributes
instanceKlass org/springframework/web/context/support/WebApplicationContextUtils$SessionObjectFactory
instanceKlass javax/servlet/http/HttpSession
instanceKlass org/springframework/web/context/support/WebApplicationContextUtils$ResponseObjectFactory
instanceKlass javax/servlet/ServletResponse
instanceKlass org/springframework/web/context/support/WebApplicationContextUtils$RequestObjectFactory
instanceKlass javax/servlet/ServletRequest
instanceKlass org/springframework/web/context/request/AbstractRequestAttributesScope
instanceKlass org/springframework/boot/web/servlet/context/ServletWebServerApplicationContext$ExistingWebApplicationScopes
instanceKlass org/springframework/web/context/ServletContextAware
instanceKlass org/springframework/web/context/support/ServletContextAwareProcessor
instanceKlass org/springframework/context/support/ApplicationListenerDetector
instanceKlass org/springframework/context/MessageSourceAware
instanceKlass org/springframework/context/ApplicationEventPublisherAware
instanceKlass org/springframework/beans/factory/config/BeanExpressionContext
instanceKlass org/springframework/beans/factory/config/EmbeddedValueResolver
instanceKlass org/springframework/util/StringValueResolver
instanceKlass org/springframework/context/support/ApplicationContextAwareProcessor
instanceKlass org/springframework/beans/support/ResourceEditorRegistrar
instanceKlass org/springframework/expression/spel/SpelParserConfiguration
instanceKlass org/springframework/expression/Expression
instanceKlass org/springframework/expression/common/TemplateAwareExpressionParser
instanceKlass org/springframework/context/expression/StandardBeanExpressionResolver$1
instanceKlass org/springframework/expression/EvaluationContext
instanceKlass org/springframework/expression/TypeConverter
instanceKlass org/springframework/expression/TypeLocator
instanceKlass org/springframework/expression/BeanResolver
instanceKlass org/springframework/expression/PropertyAccessor
instanceKlass org/springframework/expression/ExpressionParser
instanceKlass org/springframework/expression/ParserContext
instanceKlass org/springframework/context/expression/StandardBeanExpressionResolver
instanceKlass org/springframework/web/context/request/RequestContextHolder
instanceKlass org/springframework/web/context/support/WebApplicationContextUtils
instanceKlass org/springframework/boot/context/config/ConfigFileApplicationListener$PropertySourceOrderingPostProcessor
instanceKlass org/springframework/boot/logging/DeferredLog$1
instanceKlass org/springframework/beans/factory/support/BeanDefinitionReaderUtils
instanceKlass org/springframework/context/annotation/Description
instanceKlass org/springframework/context/annotation/Role
instanceKlass org/springframework/context/annotation/DependsOn
instanceKlass org/springframework/context/annotation/Primary
instanceKlass org/springframework/context/annotation/Lazy
instanceKlass com/sun/beans/WeakCache
instanceKlass java/beans/Introspector
instanceKlass org/springframework/core/type/AnnotationMetadata$$Lambda$173
instanceKlass org/springframework/core/type/AnnotationMetadata$$Lambda$172
instanceKlass org/springframework/core/type/AnnotationMetadata$$Lambda$171
instanceKlass org/springframework/core/annotation/AbstractMergedAnnotation$$Lambda$170
instanceKlass org/springframework/core/annotation/TypeMappedAnnotation$$Lambda$169
instanceKlass java/util/stream/Collectors$$Lambda$168
instanceKlass java/util/stream/Collectors$$Lambda$167
instanceKlass org/springframework/core/type/AnnotationMetadata$$Lambda$166
instanceKlass org/springframework/core/type/AnnotationMetadata$$Lambda$165
instanceKlass org/springframework/core/type/AnnotationMetadata$$Lambda$164
instanceKlass org/springframework/core/annotation/TypeMappedAnnotations$Aggregate
instanceKlass org/springframework/core/annotation/TypeMappedAnnotations$AggregatesCollector
instanceKlass org/springframework/core/annotation/TypeMappedAnnotations$AggregatesSpliterator
instanceKlass org/springframework/core/annotation/AnnotationTypeMappings$$Lambda$163
instanceKlass org/springframework/context/annotation/ScopeMetadata
instanceKlass org/mybatis/spring/annotation/MapperScans
instanceKlass org/mybatis/spring/annotation/MapperScannerRegistrar
instanceKlass org/springframework/boot/autoconfigure/AutoConfigurationPackages$Registrar
instanceKlass org/springframework/boot/context/annotation/DeterminableImports
instanceKlass org/springframework/context/annotation/ImportBeanDefinitionRegistrar
instanceKlass org/springframework/context/annotation/ComponentScans
instanceKlass org/springframework/boot/autoconfigure/AutoConfigurationImportSelector
instanceKlass org/springframework/context/annotation/DeferredImportSelector
instanceKlass org/springframework/boot/autoconfigure/AutoConfigurationExcludeFilter
instanceKlass org/springframework/boot/context/TypeExcludeFilter
instanceKlass org/springframework/boot/autoconfigure/AutoConfigurationPackage
instanceKlass org/springframework/context/annotation/Conditional
instanceKlass org/springframework/core/type/StandardClassMetadata
instanceKlass org/springframework/core/type/AnnotationMetadata
instanceKlass org/springframework/core/type/ClassMetadata
instanceKlass org/springframework/core/annotation/AnnotationTypeMapping$$Lambda$162
instanceKlass org/springframework/core/annotation/AnnotationTypeMapping$$Lambda$161
instanceKlass springfox/documentation/swagger2/configuration/Swagger2DocumentationConfiguration
instanceKlass org/springframework/context/annotation/AdviceModeImportSelector
instanceKlass org/springframework/context/annotation/ImportSelector
instanceKlass org/springframework/core/annotation/TypeMappedAnnotations$IsPresent
instanceKlass org/springframework/dao/support/DaoSupport
instanceKlass org/springframework/beans/factory/InitializingBean
instanceKlass org/mybatis/spring/annotation/MapperScan
instanceKlass java/lang/annotation/Repeatable
instanceKlass org/springframework/context/annotation/ComponentScan$Filter
instanceKlass com/binarywang/spring/starter/wxjava/miniapp/config/WxMaAutoConfiguration
instanceKlass org/springframework/context/annotation/ComponentScan
instanceKlass org/springframework/boot/autoconfigure/EnableAutoConfiguration
instanceKlass org/springframework/boot/SpringBootConfiguration
instanceKlass org/springframework/boot/autoconfigure/SpringBootApplication
instanceKlass org/springframework/transaction/annotation/EnableTransactionManagement
instanceKlass org/springframework/context/annotation/Configuration
instanceKlass springfox/documentation/swagger2/annotations/EnableSwagger2
instanceKlass org/springframework/context/annotation/Import
instanceKlass org/springframework/scheduling/annotation/EnableAsync
instanceKlass org/springframework/util/xml/XmlValidationModeDetector
instanceKlass org/springframework/util/xml/SimpleSaxErrorHandler
instanceKlass org/springframework/beans/factory/xml/DefaultDocumentLoader
instanceKlass org/springframework/beans/factory/parsing/NullSourceExtractor
instanceKlass org/springframework/beans/factory/parsing/EmptyReaderEventListener
instanceKlass org/springframework/beans/factory/parsing/FailFastProblemReporter
instanceKlass org/springframework/beans/factory/xml/DefaultBeanDefinitionDocumentReader
instanceKlass org/springframework/beans/factory/xml/BeanDefinitionDocumentReader
instanceKlass org/springframework/beans/factory/support/DefaultBeanNameGenerator
instanceKlass org/springframework/core/Constants
instanceKlass org/springframework/beans/factory/xml/NamespaceHandlerResolver
instanceKlass org/springframework/beans/factory/xml/DocumentLoader
instanceKlass org/springframework/beans/factory/parsing/SourceExtractor
instanceKlass org/springframework/beans/factory/parsing/ReaderEventListener
instanceKlass org/springframework/beans/factory/parsing/ProblemReporter
instanceKlass org/springframework/beans/factory/support/AbstractBeanDefinitionReader
instanceKlass org/springframework/beans/factory/support/BeanDefinitionReader
instanceKlass org/springframework/boot/BeanDefinitionLoader
instanceKlass org/springframework/boot/StartupInfoLogger$$Lambda$160
instanceKlass ch/qos/logback/core/pattern/SpacePadder
instanceKlass org/springframework/boot/StartupInfoLogger$$Lambda$159
instanceKlass org/springframework/boot/StartupInfoLogger$$Lambda$158
instanceKlass org/springframework/boot/system/ApplicationHome
instanceKlass org/springframework/boot/StartupInfoLogger$$Lambda$157
instanceKlass org/springframework/boot/StartupInfoLogger$$Lambda$156
instanceKlass org/springframework/boot/StartupInfoLogger$$Lambda$155
instanceKlass java/util/concurrent/Callable
instanceKlass org/springframework/core/log/LogMessage
instanceKlass org/springframework/boot/StartupInfoLogger$$Lambda$154
instanceKlass org/springframework/boot/StartupInfoLogger
instanceKlass org/springframework/beans/factory/FactoryBean
instanceKlass org/springframework/beans/factory/BeanFactoryUtils
instanceKlass org/springframework/boot/autoconfigure/logging/ConditionEvaluationReportLoggingListener$ConditionEvaluationReportListener
instanceKlass org/springframework/boot/rsocket/context/RSocketPortInfoApplicationContextInitializer$Listener
instanceKlass org/springframework/boot/context/ConfigurationWarningsApplicationContextInitializer$ComponentScanPackageCheck
instanceKlass org/springframework/boot/context/ConfigurationWarningsApplicationContextInitializer$Check
instanceKlass org/springframework/boot/context/ConfigurationWarningsApplicationContextInitializer$ConfigurationWarningsPostProcessor
instanceKlass org/springframework/boot/context/ContextIdApplicationContextInitializer$ContextId
instanceKlass org/springframework/boot/autoconfigure/SharedMetadataReaderFactoryContextInitializer$CachingMetadataReaderFactoryPostProcessor
instanceKlass org/springframework/beans/factory/support/DefaultListableBeanFactory$$Lambda$153
instanceKlass org/springframework/beans/factory/support/DefaultListableBeanFactory$$Lambda$152
instanceKlass org/springframework/boot/autoconfigure/condition/ConditionEvaluationReport$AncestorsMatchedCondition
instanceKlass org/springframework/context/annotation/Condition
instanceKlass org/springframework/boot/autoconfigure/condition/ConditionEvaluationReport
instanceKlass org/springframework/validation/BindingResult
instanceKlass org/springframework/validation/Errors
instanceKlass org/springframework/boot/diagnostics/AbstractFailureAnalyzer
instanceKlass org/springframework/boot/diagnostics/FailureAnalyzer
instanceKlass org/springframework/boot/diagnostics/FailureAnalyzers
instanceKlass org/springframework/boot/SpringBootExceptionReporter
instanceKlass org/springframework/context/index/CandidateComponentsIndexLoader$$Lambda$151
instanceKlass org/springframework/context/index/CandidateComponentsIndex
instanceKlass org/springframework/context/index/CandidateComponentsIndexLoader
instanceKlass org/springframework/core/io/DefaultResourceLoader$$Lambda$150
instanceKlass org/springframework/core/type/classreading/MetadataReader
instanceKlass org/springframework/core/type/classreading/SimpleMetadataReaderFactory
instanceKlass org/springframework/core/io/support/ResourcePatternUtils
instanceKlass javax/annotation/ManagedBean
instanceKlass org/springframework/stereotype/Indexed
instanceKlass org/springframework/stereotype/Component
instanceKlass org/springframework/core/type/filter/AbstractTypeHierarchyTraversingFilter
instanceKlass org/springframework/core/type/filter/TypeFilter
instanceKlass org/springframework/beans/factory/support/BeanDefinitionDefaults
instanceKlass org/springframework/core/type/classreading/MetadataReaderFactory
instanceKlass org/springframework/context/annotation/ClassPathScanningCandidateComponentProvider
instanceKlass org/springframework/context/event/DefaultEventListenerFactory
instanceKlass org/springframework/context/event/EventListenerFactory
instanceKlass org/springframework/context/event/EventListenerMethodProcessor
instanceKlass org/springframework/beans/factory/SmartInitializingSingleton
instanceKlass org/springframework/beans/factory/annotation/InitDestroyAnnotationBeanPostProcessor
instanceKlass org/springframework/beans/factory/config/DestructionAwareBeanPostProcessor
instanceKlass org/springframework/beans/factory/config/InstantiationAwareBeanPostProcessorAdapter
instanceKlass org/springframework/beans/factory/config/SmartInstantiationAwareBeanPostProcessor
instanceKlass org/springframework/beans/factory/config/InstantiationAwareBeanPostProcessor
instanceKlass org/springframework/beans/factory/support/MergedBeanDefinitionPostProcessor
instanceKlass org/springframework/beans/factory/config/BeanDefinitionHolder
instanceKlass org/springframework/beans/factory/support/DefaultListableBeanFactory$$Lambda$149
instanceKlass org/springframework/beans/factory/support/DefaultListableBeanFactory$$Lambda$148
instanceKlass org/springframework/beans/factory/support/MethodOverrides
instanceKlass org/springframework/context/annotation/ConfigurationClassPostProcessor
instanceKlass org/springframework/context/EnvironmentAware
instanceKlass org/springframework/context/ResourceLoaderAware
instanceKlass org/springframework/beans/factory/support/BeanDefinitionRegistryPostProcessor
instanceKlass org/springframework/beans/factory/annotation/Qualifier
instanceKlass org/springframework/beans/factory/annotation/Value
instanceKlass org/springframework/aop/TargetSource
instanceKlass javax/annotation/Resource
instanceKlass org/springframework/context/annotation/AnnotationConfigUtils
instanceKlass org/springframework/context/annotation/ConditionEvaluator$ConditionContextImpl
instanceKlass org/springframework/context/annotation/ConditionContext
instanceKlass org/springframework/context/annotation/ConditionEvaluator
instanceKlass org/springframework/context/annotation/Scope
instanceKlass org/springframework/context/annotation/AnnotationScopeMetadataResolver
instanceKlass org/springframework/context/annotation/AnnotationBeanNameGenerator
instanceKlass org/springframework/beans/factory/annotation/AnnotatedBeanDefinition
instanceKlass org/springframework/core/type/AnnotatedTypeMetadata
instanceKlass org/springframework/context/annotation/ScopeMetadataResolver
instanceKlass org/springframework/beans/factory/support/BeanNameGenerator
instanceKlass org/springframework/context/annotation/AnnotatedBeanDefinitionReader
instanceKlass org/springframework/beans/factory/support/SimpleAutowireCandidateResolver
instanceKlass org/springframework/beans/factory/BeanNameAware
instanceKlass org/springframework/asm/ClassVisitor
instanceKlass org/springframework/core/LocalVariableTableParameterNameDiscoverer
instanceKlass org/springframework/core/StandardReflectionParameterNameDiscoverer
instanceKlass org/springframework/core/PrioritizedParameterNameDiscoverer
instanceKlass org/springframework/beans/factory/support/SimpleInstantiationStrategy
instanceKlass org/springframework/core/OrderComparator$OrderSourceProvider
instanceKlass org/springframework/beans/factory/ObjectProvider
instanceKlass org/springframework/beans/factory/ObjectFactory
instanceKlass org/springframework/beans/factory/support/AutowireCandidateResolver
instanceKlass org/springframework/util/ReflectionUtils$MethodCallback
instanceKlass org/springframework/beans/factory/InjectionPoint
instanceKlass org/springframework/core/AttributeAccessorSupport
instanceKlass org/springframework/beans/PropertyValues
instanceKlass org/springframework/beans/BeanWrapper
instanceKlass org/springframework/beans/ConfigurablePropertyAccessor
instanceKlass org/springframework/beans/PropertyAccessor
instanceKlass org/springframework/core/ParameterNameDiscoverer
instanceKlass org/springframework/beans/factory/support/InstantiationStrategy
instanceKlass org/springframework/beans/factory/DisposableBean
instanceKlass org/springframework/core/SimpleAliasRegistry
instanceKlass org/springframework/beans/factory/config/Scope
instanceKlass org/springframework/beans/factory/config/BeanDefinition
instanceKlass org/springframework/beans/BeanMetadataElement
instanceKlass org/springframework/core/AttributeAccessor
instanceKlass org/springframework/beans/factory/config/ConfigurableListableBeanFactory
instanceKlass org/springframework/beans/factory/config/ConfigurableBeanFactory
instanceKlass org/springframework/beans/factory/config/SingletonBeanRegistry
instanceKlass org/springframework/beans/PropertyEditorRegistrar
instanceKlass org/springframework/beans/factory/config/BeanExpressionResolver
instanceKlass org/springframework/core/SmartClassLoader
instanceKlass org/springframework/beans/factory/config/BeanPostProcessor
instanceKlass org/springframework/context/LifecycleProcessor
instanceKlass org/springframework/beans/factory/config/AutowireCapableBeanFactory
instanceKlass org/springframework/beans/factory/support/BeanDefinitionRegistry
instanceKlass org/springframework/core/AliasRegistry
instanceKlass org/springframework/ui/context/ThemeSource
instanceKlass org/springframework/boot/web/context/ConfigurableWebServerApplicationContext
instanceKlass org/springframework/boot/web/context/WebServerApplicationContext
instanceKlass org/springframework/context/annotation/AnnotationConfigRegistry
instanceKlass org/springframework/boot/SpringApplicationBannerPrinter$PrintedBanner
instanceKlass org/springframework/boot/ansi/AnsiPropertySource$$Lambda$147
instanceKlass org/springframework/boot/ansi/AnsiPropertySource$$Lambda$146
instanceKlass java/util/function/IntFunction
instanceKlass java/lang/invoke/LambdaForm$DMH
instanceKlass java/lang/invoke/LambdaForm$DMH
instanceKlass org/springframework/boot/ansi/Ansi8BitColor
instanceKlass org/springframework/boot/ansi/AnsiPropertySource$Mapping
instanceKlass org/springframework/boot/SpringBootVersion
instanceKlass org/springframework/util/StreamUtils
instanceKlass org/springframework/boot/ResourceBanner
instanceKlass org/springframework/core/io/ContextResource
instanceKlass org/springframework/boot/SpringApplicationBannerPrinter$Banners
instanceKlass org/springframework/boot/SpringBootBanner
instanceKlass org/springframework/boot/Banner
instanceKlass org/springframework/boot/SpringApplicationBannerPrinter
instanceKlass org/springframework/boot/EnvironmentConverter
instanceKlass org/springframework/boot/context/properties/bind/Bindable$$Lambda$145
instanceKlass org/springframework/boot/context/properties/bind/Bindable$$Lambda$144
instanceKlass org/springframework/boot/autoconfigure/BackgroundPreinitializer$CharsetInitializer
instanceKlass org/springframework/boot/autoconfigure/BackgroundPreinitializer$JacksonInitializer
instanceKlass org/springframework/http/converter/json/Jackson2ObjectMapperBuilder$$Lambda$143
instanceKlass org/springframework/http/converter/json/Jackson2ObjectMapperBuilder$$Lambda$142
instanceKlass org/springframework/http/converter/json/Jackson2ObjectMapperBuilder$$Lambda$141
instanceKlass java/lang/invoke/LambdaForm$DMH
instanceKlass com/fasterxml/jackson/databind/deser/ValueInstantiators$Base
instanceKlass com/fasterxml/jackson/databind/deser/Deserializers$Base
instanceKlass com/fasterxml/jackson/databind/util/ArrayBuilders
instanceKlass com/fasterxml/jackson/databind/ObjectMapper$1
instanceKlass com/fasterxml/jackson/datatype/jdk8/PackageVersion
instanceKlass com/fasterxml/jackson/databind/module/SimpleKeyDeserializers
instanceKlass com/fasterxml/jackson/datatype/jsr310/ser/ZonedDateTimeSerializer$$Lambda$140
instanceKlass com/fasterxml/jackson/datatype/jsr310/ser/ZonedDateTimeSerializer$$Lambda$139
instanceKlass java/lang/invoke/LambdaForm$DMH
instanceKlass com/fasterxml/jackson/datatype/jsr310/ser/ZonedDateTimeSerializer$$Lambda$138
instanceKlass com/fasterxml/jackson/datatype/jsr310/ser/OffsetDateTimeSerializer$$Lambda$137
instanceKlass com/fasterxml/jackson/datatype/jsr310/ser/OffsetDateTimeSerializer$$Lambda$136
instanceKlass com/fasterxml/jackson/datatype/jsr310/ser/OffsetDateTimeSerializer$$Lambda$135
instanceKlass java/lang/invoke/LambdaForm$DMH
instanceKlass com/fasterxml/jackson/datatype/jsr310/ser/InstantSerializer$$Lambda$134
instanceKlass java/util/function/ToIntFunction
instanceKlass com/fasterxml/jackson/datatype/jsr310/ser/InstantSerializer$$Lambda$133
instanceKlass java/lang/invoke/LambdaForm$BMH
instanceKlass com/fasterxml/jackson/datatype/jsr310/ser/InstantSerializer$$Lambda$132
instanceKlass java/util/function/ToLongFunction
instanceKlass java/lang/invoke/LambdaForm$DMH
instanceKlass com/fasterxml/jackson/databind/ser/Serializers$Base
instanceKlass com/fasterxml/jackson/databind/type/ClassKey
instanceKlass com/fasterxml/jackson/databind/module/SimpleDeserializers
instanceKlass com/fasterxml/jackson/datatype/jsr310/deser/InstantDeserializer$$Lambda$131
instanceKlass com/fasterxml/jackson/datatype/jsr310/deser/InstantDeserializer$$Lambda$130
instanceKlass com/fasterxml/jackson/datatype/jsr310/deser/InstantDeserializer$$Lambda$129
instanceKlass com/fasterxml/jackson/datatype/jsr310/deser/InstantDeserializer$$Lambda$128
instanceKlass com/fasterxml/jackson/datatype/jsr310/deser/InstantDeserializer$$Lambda$127
instanceKlass com/fasterxml/jackson/datatype/jsr310/deser/InstantDeserializer$$Lambda$126
instanceKlass com/fasterxml/jackson/datatype/jsr310/deser/InstantDeserializer$$Lambda$125
instanceKlass com/fasterxml/jackson/datatype/jsr310/deser/InstantDeserializer$$Lambda$124
instanceKlass com/fasterxml/jackson/datatype/jsr310/deser/InstantDeserializer$$Lambda$123
instanceKlass com/fasterxml/jackson/datatype/jsr310/deser/InstantDeserializer$$Lambda$122
instanceKlass com/fasterxml/jackson/datatype/jsr310/deser/InstantDeserializer$FromDecimalArguments
instanceKlass com/fasterxml/jackson/datatype/jsr310/deser/InstantDeserializer$$Lambda$121
instanceKlass com/fasterxml/jackson/datatype/jsr310/deser/InstantDeserializer$FromIntegerArguments
instanceKlass com/fasterxml/jackson/datatype/jsr310/deser/InstantDeserializer$$Lambda$120
instanceKlass com/fasterxml/jackson/core/Version
instanceKlass com/fasterxml/jackson/core/util/VersionUtil
instanceKlass com/fasterxml/jackson/datatype/jsr310/PackageVersion
instanceKlass com/fasterxml/jackson/databind/type/TypeModifier
instanceKlass com/fasterxml/jackson/databind/ser/BeanSerializerModifier
instanceKlass com/fasterxml/jackson/databind/ser/Serializers
instanceKlass com/fasterxml/jackson/databind/cfg/SerializerFactoryConfig
instanceKlass com/fasterxml/jackson/databind/ser/std/StdJdkSerializers
instanceKlass com/fasterxml/jackson/databind/ser/std/NumberSerializers
instanceKlass com/fasterxml/jackson/databind/deser/DeserializerCache
instanceKlass com/fasterxml/jackson/databind/KeyDeserializer
instanceKlass com/fasterxml/jackson/databind/deser/std/StdKeyDeserializers
instanceKlass com/fasterxml/jackson/databind/deser/KeyDeserializers
instanceKlass com/fasterxml/jackson/databind/deser/ValueInstantiators
instanceKlass com/fasterxml/jackson/databind/AbstractTypeResolver
instanceKlass com/fasterxml/jackson/databind/deser/BeanDeserializerModifier
instanceKlass com/fasterxml/jackson/databind/cfg/DeserializerFactoryConfig
instanceKlass com/fasterxml/jackson/databind/PropertyName
instanceKlass com/fasterxml/jackson/databind/deser/Deserializers
instanceKlass com/fasterxml/jackson/annotation/ObjectIdGenerator
instanceKlass com/fasterxml/jackson/databind/deser/ResolvableDeserializer
instanceKlass ch/qos/logback/classic/util/LogbackMDCAdapter
instanceKlass org/slf4j/impl/StaticMDCBinder
instanceKlass org/slf4j/spi/MDCAdapter
instanceKlass org/slf4j/MDC
instanceKlass ch/qos/logback/classic/spi/EventArgUtil
instanceKlass ch/qos/logback/classic/spi/IThrowableProxy
instanceKlass ch/qos/logback/classic/spi/LoggingEvent
instanceKlass com/fasterxml/jackson/databind/deser/ValueInstantiator$Gettable
instanceKlass org/springframework/boot/context/logging/LoggingApplicationListener$$Lambda$119
instanceKlass org/springframework/boot/context/logging/LoggingApplicationListener$$Lambda$118
instanceKlass java/util/stream/Sink$ChainedInt
instanceKlass org/springframework/boot/convert/LenientObjectToEnumConverterFactory$LenientToEnumConverter$$Lambda$117
instanceKlass org/springframework/boot/convert/LenientObjectToEnumConverterFactory$LenientToEnumConverter$$Lambda$116
instanceKlass java/util/function/IntUnaryOperator
instanceKlass org/springframework/boot/convert/LenientObjectToEnumConverterFactory$LenientToEnumConverter$$Lambda$115
instanceKlass org/springframework/boot/context/properties/bind/MapBinder$EntryBinder$$Lambda$114
instanceKlass com/fasterxml/jackson/databind/deser/ContextualDeserializer
instanceKlass org/springframework/boot/convert/LenientObjectToEnumConverterFactory$LenientToEnumConverter
instanceKlass org/springframework/boot/convert/LenientObjectToEnumConverterFactory$$Lambda$113
instanceKlass com/fasterxml/jackson/databind/JsonDeserializer
instanceKlass com/fasterxml/jackson/databind/deser/NullValueProvider
instanceKlass com/fasterxml/jackson/databind/ser/SerializerCache
instanceKlass com/fasterxml/jackson/databind/ser/ResolvableSerializer
instanceKlass org/springframework/util/AntPathMatcher$PathSeparatorPatternCache
instanceKlass org/springframework/util/AntPathMatcher
instanceKlass com/fasterxml/jackson/databind/ser/ContextualSerializer
instanceKlass org/springframework/util/PathMatcher
instanceKlass org/springframework/core/io/support/PathMatchingResourcePatternResolver
instanceKlass com/fasterxml/jackson/databind/jsonschema/SchemaAware
instanceKlass com/fasterxml/jackson/databind/JsonSerializer
instanceKlass com/fasterxml/jackson/databind/jsonFormatVisitors/JsonFormatVisitable
instanceKlass com/fasterxml/jackson/databind/node/JsonNodeFactory
instanceKlass com/fasterxml/jackson/databind/node/JsonNodeCreator
instanceKlass org/springframework/boot/context/properties/bind/PropertySourcesPlaceholdersResolver$$Lambda$112
instanceKlass org/springframework/boot/logging/LoggerGroup$$Lambda$111
instanceKlass com/fasterxml/jackson/databind/cfg/ContextAttributes
instanceKlass org/springframework/boot/context/logging/LoggingApplicationListener$$Lambda$110
instanceKlass org/springframework/boot/context/logging/LoggingApplicationListener$$Lambda$109
instanceKlass org/springframework/boot/context/logging/LoggingApplicationListener$$Lambda$108
instanceKlass org/springframework/boot/context/properties/bind/MapBinder$EntryBinder
instanceKlass com/fasterxml/jackson/core/util/Separators
instanceKlass org/springframework/boot/context/properties/bind/MapBinder$$Lambda$107
instanceKlass com/fasterxml/jackson/core/util/DefaultPrettyPrinter$NopIndenter
instanceKlass ch/qos/logback/classic/jul/JULHelper
instanceKlass com/fasterxml/jackson/databind/cfg/ConfigFeature
instanceKlass com/fasterxml/jackson/databind/cfg/ConfigOverride
instanceKlass com/fasterxml/jackson/annotation/JsonFormat$Features
instanceKlass com/fasterxml/jackson/annotation/JsonFormat$Value
instanceKlass com/fasterxml/jackson/databind/introspect/VisibilityChecker$Std
instanceKlass com/fasterxml/jackson/annotation/JsonSetter$Value
instanceKlass com/fasterxml/jackson/annotation/JsonInclude$Value
instanceKlass com/fasterxml/jackson/annotation/JacksonAnnotationValue
instanceKlass ch/qos/logback/core/util/CharSequenceState
instanceKlass com/fasterxml/jackson/databind/cfg/ConfigOverrides
instanceKlass ch/qos/logback/core/util/CharSequenceToRegexMapper
instanceKlass ch/qos/logback/core/util/DatePatternToRegexUtil
instanceKlass com/fasterxml/jackson/databind/introspect/AnnotatedClass$Creators
instanceKlass ch/qos/logback/core/joran/util/PropertySetter$1
instanceKlass com/fasterxml/jackson/databind/introspect/AnnotationCollector$NoAnnotations
instanceKlass com/fasterxml/jackson/databind/util/Annotations
instanceKlass com/fasterxml/jackson/databind/introspect/AnnotationCollector
instanceKlass com/fasterxml/jackson/databind/introspect/AnnotatedClassResolver
instanceKlass sun/util/locale/provider/TimeZoneNameUtility$TimeZoneNameGetter
instanceKlass com/fasterxml/jackson/databind/BeanDescription
instanceKlass sun/util/locale/provider/TimeZoneNameUtility
instanceKlass com/fasterxml/jackson/databind/cfg/MapperConfig
instanceKlass ch/qos/logback/core/rolling/helper/RollingCalendar$1
instanceKlass java/text/DontCareFieldPosition$1
instanceKlass java/text/Format$FieldDelegate
instanceKlass com/fasterxml/jackson/databind/introspect/SimpleMixInResolver
instanceKlass com/fasterxml/jackson/databind/introspect/ClassIntrospector$MixInResolver
instanceKlass com/fasterxml/jackson/databind/util/RootNameLookup
instanceKlass com/fasterxml/jackson/core/sym/ByteQuadsCanonicalizer$TableInfo
instanceKlass ch/qos/logback/core/rolling/helper/Compressor$1
instanceKlass com/fasterxml/jackson/core/sym/ByteQuadsCanonicalizer
instanceKlass com/fasterxml/jackson/core/sym/CharsToNameCanonicalizer$Bucket
instanceKlass com/fasterxml/jackson/core/sym/CharsToNameCanonicalizer$TableInfo
instanceKlass java/io/FilenameFilter
instanceKlass com/fasterxml/jackson/core/sym/CharsToNameCanonicalizer
instanceKlass ch/qos/logback/core/rolling/helper/FileFilterUtil
instanceKlass com/fasterxml/jackson/core/io/CharTypes
instanceKlass ch/qos/logback/core/rolling/helper/MonoTypedConverter
instanceKlass com/fasterxml/jackson/core/io/JsonStringEncoder
instanceKlass com/fasterxml/jackson/core/io/SerializedString
instanceKlass com/fasterxml/jackson/core/util/DefaultPrettyPrinter
instanceKlass com/fasterxml/jackson/core/util/Instantiatable
instanceKlass ch/qos/logback/core/util/DefaultInvocationGate
instanceKlass ch/qos/logback/core/util/InvocationGate
instanceKlass ch/qos/logback/core/rolling/helper/ArchiveRemover
instanceKlass com/fasterxml/jackson/core/async/ByteArrayFeeder
instanceKlass com/fasterxml/jackson/core/async/NonBlockingInputFeeder
instanceKlass ch/qos/logback/core/rolling/TimeBasedFileNamingAndTriggeringPolicy
instanceKlass java/util/Vector$Itr
instanceKlass ch/qos/logback/core/rolling/RollingPolicy
instanceKlass ch/qos/logback/core/rolling/TriggeringPolicy
instanceKlass ch/qos/logback/core/util/FileSize
instanceKlass com/fasterxml/jackson/core/TSFBuilder
instanceKlass com/fasterxml/jackson/core/SerializableString
instanceKlass ch/qos/logback/classic/pattern/TargetLengthBasedClassNameAbbreviator
instanceKlass com/fasterxml/jackson/core/Base64Variant
instanceKlass ch/qos/logback/core/pattern/ConverterUtil
instanceKlass com/fasterxml/jackson/core/Base64Variants
instanceKlass ch/qos/logback/classic/pattern/Abbreviator
instanceKlass ch/qos/logback/core/pattern/FormatInfo
instanceKlass ch/qos/logback/core/pattern/util/AsIsEscapeUtil
instanceKlass ch/qos/logback/core/pattern/parser/OptionTokenizer
instanceKlass ch/qos/logback/core/pattern/parser/TokenStream$1
instanceKlass com/fasterxml/jackson/databind/type/TypeBindings
instanceKlass ch/qos/logback/core/pattern/util/RestrictedEscapeUtil
instanceKlass com/fasterxml/jackson/databind/type/TypeParser
instanceKlass ch/qos/logback/core/pattern/parser/TokenStream
instanceKlass ch/qos/logback/classic/pattern/EnsureExceptionHandling
instanceKlass com/fasterxml/jackson/databind/type/TypeFactory
instanceKlass com/fasterxml/jackson/databind/cfg/BaseSettings
instanceKlass com/fasterxml/jackson/databind/util/LRUMap
instanceKlass java/beans/ConstructorProperties
instanceKlass java/beans/Transient
instanceKlass com/fasterxml/jackson/databind/util/ClassUtil$Ctor
instanceKlass com/fasterxml/jackson/databind/util/ClassUtil
instanceKlass com/fasterxml/jackson/databind/ext/Java7Support
instanceKlass com/fasterxml/jackson/annotation/JsonMerge
instanceKlass com/fasterxml/jackson/databind/annotation/JsonDeserialize
instanceKlass ch/qos/logback/core/pattern/parser/Token
instanceKlass com/fasterxml/jackson/annotation/JsonManagedReference
instanceKlass com/fasterxml/jackson/annotation/JsonBackReference
instanceKlass com/fasterxml/jackson/annotation/JsonUnwrapped
instanceKlass com/fasterxml/jackson/annotation/JsonRawValue
instanceKlass com/fasterxml/jackson/annotation/JsonTypeInfo
instanceKlass ch/qos/logback/core/pattern/parser/Node
instanceKlass com/fasterxml/jackson/annotation/JsonFormat
instanceKlass com/fasterxml/jackson/annotation/JsonView
instanceKlass ch/qos/logback/core/pattern/PostCompileProcessor
instanceKlass com/fasterxml/jackson/databind/annotation/JsonSerialize
instanceKlass ch/qos/logback/core/joran/spi/NoAutoStart
instanceKlass ch/qos/logback/core/joran/spi/NoAutoStartUtil
instanceKlass com/fasterxml/jackson/databind/introspect/ConcreteBeanPropertyBase
instanceKlass ch/qos/logback/core/CoreConstants
instanceKlass com/fasterxml/jackson/databind/BeanProperty
instanceKlass ch/qos/logback/core/joran/action/IADataForBasicProperty
instanceKlass ch/qos/logback/core/joran/action/NestedBasicPropertyIA$1
instanceKlass com/fasterxml/jackson/databind/introspect/BeanPropertyDefinition
instanceKlass com/fasterxml/jackson/databind/util/Named
instanceKlass java/lang/Package$1
instanceKlass ch/qos/logback/core/joran/action/IADataForComplexProperty
instanceKlass ch/qos/logback/core/joran/action/NestedComplexPropertyIA$1
instanceKlass ch/qos/logback/core/joran/util/StringToObjectConverter
instanceKlass ch/qos/logback/core/joran/util/beans/BeanDescription
instanceKlass ch/qos/logback/core/joran/util/beans/BeanUtil
instanceKlass com/fasterxml/jackson/core/type/ResolvedType
instanceKlass ch/qos/logback/core/joran/action/ActionUtil$1
instanceKlass com/fasterxml/jackson/databind/introspect/TypeResolutionContext
instanceKlass ch/qos/logback/core/pattern/util/RegularEscapeUtil
instanceKlass ch/qos/logback/core/pattern/util/IEscapeUtil
instanceKlass com/fasterxml/jackson/databind/introspect/Annotated
instanceKlass ch/qos/logback/core/joran/action/ActionUtil
instanceKlass ch/qos/logback/core/subst/NodeToStringTransformer$1
instanceKlass ch/qos/logback/core/subst/Node
instanceKlass ch/qos/logback/core/subst/Parser$1
instanceKlass ch/qos/logback/core/subst/Parser
instanceKlass com/fasterxml/jackson/databind/introspect/VisibilityChecker
instanceKlass ch/qos/logback/core/subst/Token
instanceKlass ch/qos/logback/core/subst/Tokenizer$1
instanceKlass ch/qos/logback/core/subst/Tokenizer
instanceKlass ch/qos/logback/core/subst/NodeToStringTransformer
instanceKlass ch/qos/logback/core/net/ssl/SecureRandomFactoryBean
instanceKlass ch/qos/logback/core/net/ssl/TrustManagerFactoryFactoryBean
instanceKlass ch/qos/logback/core/net/ssl/KeyManagerFactoryFactoryBean
instanceKlass ch/qos/logback/core/net/ssl/KeyStoreFactoryBean
instanceKlass ch/qos/logback/core/net/ssl/SSLContextFactoryBean
instanceKlass ch/qos/logback/core/net/ssl/SSLComponent
instanceKlass com/fasterxml/jackson/core/JsonParser
instanceKlass ch/qos/logback/core/net/ssl/SSLNestedComponentRegistryRules
instanceKlass ch/qos/logback/core/boolex/EventEvaluator
instanceKlass com/fasterxml/jackson/databind/JsonSerializable$Base
instanceKlass com/fasterxml/jackson/databind/JsonSerializable
instanceKlass com/fasterxml/jackson/core/TreeNode
instanceKlass ch/qos/logback/core/joran/spi/HostClassAndPropertyDouble
instanceKlass com/fasterxml/jackson/databind/Module$SetupContext
instanceKlass com/fasterxml/jackson/databind/introspect/ClassIntrospector
instanceKlass ch/qos/logback/classic/util/DefaultNestedComponentRules
instanceKlass com/fasterxml/jackson/databind/jsontype/TypeResolverBuilder
instanceKlass ch/qos/logback/core/joran/spi/EventPlayer
instanceKlass ch/qos/logback/core/joran/spi/DefaultNestedComponentRegistry
instanceKlass ch/qos/logback/core/joran/spi/Interpreter
instanceKlass com/fasterxml/jackson/databind/jsontype/PolymorphicTypeValidator
instanceKlass com/sun/jmx/mbeanserver/Util
instanceKlass javax/management/ObjectName$Property
instanceKlass com/sun/jmx/mbeanserver/GetPropertyAction
instanceKlass com/fasterxml/jackson/databind/AnnotationIntrospector
instanceKlass javax/management/ObjectName
instanceKlass javax/management/QueryExp
instanceKlass ch/qos/logback/classic/spi/PlatformInfo
instanceKlass ch/qos/logback/core/sift/AppenderFactory
instanceKlass com/fasterxml/jackson/databind/ser/SerializerFactory
instanceKlass com/fasterxml/jackson/databind/deser/DeserializerFactory
instanceKlass org/xml/sax/helpers/AttributesImpl
instanceKlass com/fasterxml/jackson/databind/DatabindContext
instanceKlass org/xml/sax/helpers/LocatorImpl
instanceKlass ch/qos/logback/core/joran/event/SaxEvent
instanceKlass com/sun/org/apache/xerces/internal/impl/Constants$ArrayEnumeration
instanceKlass com/sun/org/apache/xerces/internal/impl/Constants
instanceKlass com/fasterxml/jackson/databind/jsontype/SubtypeResolver
instanceKlass com/sun/org/apache/xerces/internal/parsers/AbstractSAXParser$LocatorProxy
instanceKlass org/xml/sax/ext/Locator2
instanceKlass org/xml/sax/Locator
instanceKlass com/sun/org/apache/xerces/internal/util/XMLSymbols
instanceKlass com/fasterxml/jackson/core/TokenStreamFactory
instanceKlass com/sun/org/apache/xerces/internal/util/XMLChar
instanceKlass com/sun/xml/internal/stream/Entity
instanceKlass com/fasterxml/jackson/databind/cfg/HandlerInstantiator
instanceKlass com/sun/xml/internal/stream/util/BufferAllocator
instanceKlass com/sun/xml/internal/stream/util/ThreadLocalBufferAllocator
instanceKlass com/fasterxml/jackson/databind/Module
instanceKlass org/springframework/http/converter/json/Jackson2ObjectMapperBuilder
instanceKlass com/sun/org/apache/xerces/internal/util/URI
instanceKlass com/sun/org/apache/xerces/internal/utils/XMLLimitAnalyzer
instanceKlass com/sun/org/apache/xerces/internal/xni/parser/XMLInputSource
instanceKlass com/sun/org/apache/xerces/internal/util/ErrorHandlerWrapper
instanceKlass com/fasterxml/jackson/core/PrettyPrinter
instanceKlass com/sun/org/apache/xerces/internal/xni/parser/XMLErrorHandler
instanceKlass com/sun/org/apache/xerces/internal/impl/ExternalSubsetResolver
instanceKlass com/fasterxml/jackson/core/util/DefaultPrettyPrinter$Indenter
instanceKlass com/sun/org/apache/xerces/internal/util/EntityResolverWrapper
instanceKlass org/xml/sax/ext/EntityResolver2
instanceKlass org/springframework/http/converter/GenericHttpMessageConverter
instanceKlass com/sun/org/apache/xerces/internal/parsers/AbstractSAXParser$AttributesProxy
instanceKlass org/xml/sax/ext/Attributes2
instanceKlass org/xml/sax/Attributes
instanceKlass org/xml/sax/AttributeList
instanceKlass com/sun/org/apache/xerces/internal/util/PropertyState
instanceKlass com/sun/org/apache/xerces/internal/util/FeatureState
instanceKlass org/springframework/http/converter/xml/Jaxb2RootElementHttpMessageConverter$$Lambda$106
instanceKlass com/sun/org/apache/xerces/internal/impl/msg/XMLMessageFormatter
instanceKlass com/sun/org/apache/xerces/internal/util/MessageFormatter
instanceKlass com/sun/org/apache/xerces/internal/impl/XMLVersionDetector
instanceKlass com/sun/org/apache/xerces/internal/impl/validation/ValidationManager
instanceKlass com/sun/org/apache/xerces/internal/impl/dv/dtd/NMTOKENDatatypeValidator
instanceKlass com/sun/org/apache/xerces/internal/impl/dv/dtd/NOTATIONDatatypeValidator
instanceKlass com/sun/org/apache/xerces/internal/impl/dv/dtd/ENTITYDatatypeValidator
instanceKlass com/sun/org/apache/xerces/internal/impl/dv/dtd/ListDatatypeValidator
instanceKlass com/sun/org/apache/xerces/internal/impl/dv/dtd/IDREFDatatypeValidator
instanceKlass com/sun/org/apache/xerces/internal/impl/dv/dtd/IDDatatypeValidator
instanceKlass com/sun/org/apache/xerces/internal/impl/dv/dtd/StringDatatypeValidator
instanceKlass com/sun/org/apache/xerces/internal/impl/dv/DatatypeValidator
instanceKlass com/sun/org/apache/xerces/internal/impl/dv/DTDDVFactory
instanceKlass com/sun/org/apache/xerces/internal/impl/dtd/DTDGrammarBucket
instanceKlass com/sun/org/apache/xerces/internal/impl/dtd/XMLAttributeDecl
instanceKlass jdk/xml/internal/XMLSecurityManager
instanceKlass com/sun/org/apache/xerces/internal/impl/dtd/XMLSimpleType
instanceKlass com/sun/org/apache/xalan/internal/utils/SecuritySupport$9
instanceKlass com/sun/org/apache/xerces/internal/impl/dtd/XMLElementDecl
instanceKlass com/sun/org/apache/xalan/internal/utils/SecuritySupport$4
instanceKlass com/sun/org/apache/xerces/internal/impl/validation/ValidationState
instanceKlass com/sun/org/apache/xerces/internal/impl/dv/ValidationContext
instanceKlass com/sun/org/apache/xalan/internal/utils/SecuritySupport
instanceKlass com/sun/org/apache/xerces/internal/impl/dtd/XMLDTDValidator
instanceKlass com/sun/org/apache/xerces/internal/impl/RevalidationHandler
instanceKlass com/sun/org/apache/xalan/internal/utils/FeaturePropertyBase
instanceKlass com/sun/org/apache/xerces/internal/impl/dtd/XMLDTDValidatorFilter
instanceKlass com/sun/org/apache/xerces/internal/xni/parser/XMLDocumentFilter
instanceKlass com/sun/org/apache/xerces/internal/impl/dtd/XMLEntityDecl
instanceKlass jdk/xml/internal/JdkXmlFeatures
instanceKlass com/sun/org/apache/xerces/internal/impl/dtd/XMLDTDProcessor
instanceKlass com/sun/org/apache/xerces/internal/xni/parser/XMLDTDContentModelFilter
instanceKlass com/sun/org/apache/xerces/internal/xni/parser/XMLDTDFilter
instanceKlass javax/xml/transform/ErrorListener
instanceKlass com/sun/org/apache/xalan/internal/xsltc/compiler/SourceLoader
instanceKlass com/sun/org/apache/xerces/internal/xni/parser/XMLDTDScanner
instanceKlass com/sun/org/apache/xerces/internal/xni/parser/XMLDTDContentModelSource
instanceKlass com/sun/org/apache/xerces/internal/xni/parser/XMLDTDSource
instanceKlass javax/xml/transform/SecuritySupport$1
instanceKlass com/sun/org/apache/xerces/internal/xni/grammars/XMLDTDDescription
instanceKlass com/sun/org/apache/xerces/internal/xni/grammars/XMLGrammarDescription
instanceKlass javax/xml/transform/FactoryFinder$1
instanceKlass javax/xml/transform/SecuritySupport$4
instanceKlass com/sun/org/apache/xerces/internal/impl/XMLDocumentScannerImpl$TrailingMiscDriver
instanceKlass com/sun/org/apache/xerces/internal/impl/XMLDocumentScannerImpl$PrologDriver
instanceKlass javax/xml/transform/SecuritySupport$2
instanceKlass javax/xml/transform/SecuritySupport
instanceKlass com/sun/org/apache/xerces/internal/impl/XMLDocumentScannerImpl$XMLDeclDriver
instanceKlass javax/xml/transform/FactoryFinder
instanceKlass com/sun/org/apache/xerces/internal/util/NamespaceSupport
instanceKlass com/sun/org/apache/xerces/internal/xni/NamespaceContext
instanceKlass javax/xml/transform/TransformerFactory
instanceKlass com/sun/org/apache/xerces/internal/util/XMLAttributesImpl$Attribute
instanceKlass javax/xml/transform/stream/StreamSource
instanceKlass javax/xml/transform/stax/StAXSource
instanceKlass com/sun/org/apache/xerces/internal/util/XMLAttributesImpl
instanceKlass javax/xml/transform/sax/SAXSource
instanceKlass com/sun/org/apache/xerces/internal/xni/XMLAttributes
instanceKlass javax/xml/transform/dom/DOMSource
instanceKlass org/springframework/http/converter/xml/SourceHttpMessageConverter$$Lambda$105
instanceKlass javax/xml/stream/XMLResolver
instanceKlass java/lang/invoke/LambdaForm$DMH
instanceKlass org/springframework/http/converter/xml/SourceHttpMessageConverter$$Lambda$104
instanceKlass java/lang/invoke/LambdaForm$DMH
instanceKlass sun/invoke/util/VerifyAccess$1
instanceKlass com/sun/org/apache/xerces/internal/impl/XMLDocumentFragmentScannerImpl$FragmentContentDriver
instanceKlass com/sun/org/apache/xerces/internal/impl/XMLDocumentFragmentScannerImpl$Driver
instanceKlass org/w3c/dom/Node
instanceKlass javax/xml/transform/Result
instanceKlass com/sun/org/apache/xerces/internal/impl/XMLDocumentFragmentScannerImpl$ElementStack2
instanceKlass com/sun/org/apache/xerces/internal/xni/QName
instanceKlass com/sun/org/apache/xerces/internal/impl/XMLDocumentFragmentScannerImpl$ElementStack
instanceKlass com/sun/org/apache/xerces/internal/xni/XMLString
instanceKlass com/sun/org/apache/xerces/internal/impl/XMLScanner
instanceKlass org/springframework/core/log/CompositeLog$$Lambda$103
instanceKlass com/sun/xml/internal/stream/XMLBufferListener
instanceKlass org/springframework/core/log/CompositeLog$$Lambda$102
instanceKlass com/sun/org/apache/xerces/internal/impl/XMLEntityHandler
instanceKlass com/sun/org/apache/xerces/internal/xni/parser/XMLDocumentScanner
instanceKlass com/sun/org/apache/xerces/internal/xni/parser/XMLDocumentSource
instanceKlass org/springframework/core/log/CompositeLog$$Lambda$101
instanceKlass org/springframework/core/log/CompositeLog$$Lambda$100
instanceKlass org/springframework/core/log/CompositeLog$$Lambda$99
instanceKlass org/springframework/core/log/CompositeLog$$Lambda$98
instanceKlass java/lang/invoke/LambdaForm$DMH
instanceKlass org/apache/commons/logging/impl/NoOpLog
instanceKlass org/springframework/core/log/CompositeLog
instanceKlass com/sun/org/apache/xerces/internal/impl/XMLErrorReporter
instanceKlass org/springframework/core/log/LogDelegateFactory
instanceKlass org/springframework/http/HttpLogging
instanceKlass com/sun/org/apache/xerces/internal/impl/XMLEntityScanner
instanceKlass com/sun/org/apache/xerces/internal/xni/XMLLocator
instanceKlass org/springframework/http/converter/AbstractHttpMessageConverter
instanceKlass com/sun/xml/internal/stream/XMLEntityStorage
instanceKlass com/sun/org/apache/xerces/internal/impl/XMLEntityManager$CharacterBuffer
instanceKlass com/sun/org/apache/xerces/internal/impl/XMLEntityManager$CharacterBufferPool
instanceKlass com/sun/org/apache/xerces/internal/util/AugmentationsImpl$AugmentationsItemsContainer
instanceKlass com/sun/org/apache/xerces/internal/util/AugmentationsImpl
instanceKlass com/sun/org/apache/xerces/internal/xni/Augmentations
instanceKlass com/google/gson/Gson
instanceKlass com/sun/org/apache/xerces/internal/util/XMLResourceIdentifierImpl
instanceKlass com/sun/org/apache/xerces/internal/xni/XMLResourceIdentifier
instanceKlass com/sun/org/apache/xerces/internal/impl/XMLEntityManager
instanceKlass com/fasterxml/jackson/core/JsonGenerator
instanceKlass com/sun/org/apache/xerces/internal/xni/parser/XMLEntityResolver
instanceKlass com/sun/org/apache/xerces/internal/xni/parser/XMLComponent
instanceKlass com/fasterxml/jackson/core/TreeCodec
instanceKlass com/sun/org/apache/xerces/internal/util/SymbolTable$Entry
instanceKlass com/sun/org/apache/xerces/internal/util/SymbolTable
instanceKlass com/fasterxml/jackson/core/Versioned
instanceKlass jdk/xml/internal/SecuritySupport$2
instanceKlass jdk/xml/internal/SecuritySupport$1
instanceKlass jdk/xml/internal/SecuritySupport
instanceKlass jdk/xml/internal/JdkXmlUtils
instanceKlass com/sun/org/apache/xerces/internal/util/ParserConfigurationSettings
instanceKlass com/sun/org/apache/xerces/internal/parsers/XML11Configurable
instanceKlass com/sun/org/apache/xerces/internal/xni/parser/XMLPullParserConfiguration
instanceKlass com/sun/org/apache/xerces/internal/xni/parser/XMLParserConfiguration
instanceKlass com/sun/org/apache/xerces/internal/xni/parser/XMLComponentManager
instanceKlass javax/xml/bind/Binder
instanceKlass org/springframework/util/MimeType$SpecificityComparator
instanceKlass org/springframework/http/MediaType$$Lambda$97
instanceKlass org/springframework/util/MimeType$$Lambda$96
instanceKlass org/springframework/util/LinkedCaseInsensitiveMap
instanceKlass com/sun/org/apache/xerces/internal/parsers/XMLParser
instanceKlass com/sun/org/apache/xerces/internal/xni/XMLDTDContentModelHandler
instanceKlass com/sun/org/apache/xerces/internal/xni/XMLDTDHandler
instanceKlass com/sun/org/apache/xerces/internal/xni/XMLDocumentHandler
instanceKlass org/springframework/util/MimeType
instanceKlass org/xml/sax/XMLReader
instanceKlass org/xml/sax/Parser
instanceKlass org/springframework/http/HttpOutputMessage
instanceKlass org/springframework/http/HttpMessage
instanceKlass com/sun/org/apache/xerces/internal/utils/XMLSecurityPropertyManager
instanceKlass org/springframework/http/converter/FormHttpMessageConverter
instanceKlass com/sun/org/apache/xerces/internal/utils/SecuritySupport$7
instanceKlass org/springframework/http/converter/HttpMessageConverter
instanceKlass com/sun/org/apache/xerces/internal/utils/SecuritySupport$4
instanceKlass com/sun/org/apache/xerces/internal/utils/SecuritySupport
instanceKlass com/sun/org/apache/xerces/internal/utils/XMLSecurityManager
instanceKlass org/springframework/boot/autoconfigure/BackgroundPreinitializer$MessageConverterInitializer
instanceKlass javax/xml/parsers/SAXParser
instanceKlass com/sun/org/apache/xerces/internal/xs/PSVIProvider
instanceKlass org/hibernate/validator/internal/engine/ValidationContext$ValidatorScopedContext
instanceKlass com/sun/org/apache/xerces/internal/jaxp/JAXPConstants
instanceKlass javax/validation/groups/Default
instanceKlass javax/xml/parsers/SecuritySupport$1
instanceKlass javax/validation/valueextraction/ValueExtractor$ValueReceiver
instanceKlass javax/xml/parsers/FactoryFinder$1
instanceKlass javax/xml/parsers/SecuritySupport$4
instanceKlass javax/validation/Path$Node
instanceKlass javax/xml/parsers/SecuritySupport$2
instanceKlass javax/xml/parsers/SecuritySupport
instanceKlass javax/validation/Path
instanceKlass javax/xml/parsers/FactoryFinder
instanceKlass org/hibernate/validator/internal/engine/ValidatorImpl
instanceKlass javax/validation/executable/ExecutableValidator
instanceKlass javax/xml/parsers/SAXParserFactory
instanceKlass ch/qos/logback/core/spi/ContextAwareImpl
instanceKlass ch/qos/logback/core/joran/spi/ElementPath
instanceKlass org/hibernate/validator/group/GroupSequenceProvider
instanceKlass javax/validation/GroupSequence
instanceKlass org/xml/sax/helpers/DefaultHandler
instanceKlass org/xml/sax/ErrorHandler
instanceKlass org/xml/sax/ContentHandler
instanceKlass org/xml/sax/DTDHandler
instanceKlass org/xml/sax/EntityResolver
instanceKlass org/hibernate/validator/internal/metadata/raw/BeanConfiguration
instanceKlass org/hibernate/validator/internal/metadata/location/BeanConstraintLocation
instanceKlass org/xml/sax/InputSource
instanceKlass org/hibernate/validator/internal/util/privilegedactions/GetDeclaredConstructors
instanceKlass java/net/URLEncoder
instanceKlass java/net/URLDecoder
instanceKlass org/hibernate/validator/internal/metadata/provider/AnnotationMetaDataProvider$$Lambda$95
instanceKlass org/hibernate/validator/internal/metadata/core/MetaConstraint
instanceKlass org/hibernate/validator/internal/metadata/provider/AnnotationMetaDataProvider$$Lambda$94
instanceKlass ch/qos/logback/core/joran/util/ConfigurationWatchListUtil
instanceKlass sun/reflect/generics/tree/MethodTypeSignature
instanceKlass org/hibernate/validator/internal/metadata/provider/AnnotationMetaDataProvider$TypeArgumentExecutableParameterLocation
instanceKlass org/hibernate/validator/internal/metadata/location/ParameterConstraintLocation
instanceKlass org/hibernate/validator/internal/metadata/location/ConstraintLocation
instanceKlass org/hibernate/validator/internal/metadata/core/AnnotationProcessingOptionsImpl$ExecutableParameterKey
instanceKlass ch/qos/logback/core/joran/event/InPlayListener
instanceKlass org/hibernate/validator/internal/metadata/raw/AbstractConstrainedElement
instanceKlass org/hibernate/validator/internal/metadata/raw/ConstrainedElement
instanceKlass org/hibernate/validator/internal/util/TypeVariables
instanceKlass org/hibernate/validator/internal/metadata/aggregated/CascadingMetaData
instanceKlass org/hibernate/validator/internal/metadata/aggregated/CascadingMetaDataBuilder
instanceKlass javax/validation/groups/ConvertGroup$List
instanceKlass javax/validation/groups/ConvertGroup
instanceKlass javax/validation/Valid
instanceKlass org/hibernate/validator/internal/metadata/provider/AnnotationMetaDataProvider$TypeArgumentReturnValueLocation
instanceKlass java/util/stream/Collectors$$Lambda$93
instanceKlass java/util/stream/Collectors$$Lambda$92
instanceKlass java/lang/invoke/LambdaForm$DMH
instanceKlass java/util/stream/Collectors$$Lambda$91
instanceKlass org/hibernate/validator/internal/metadata/provider/AnnotationMetaDataProvider$$Lambda$90
instanceKlass ch/qos/logback/core/joran/spi/RuleStore
instanceKlass org/hibernate/validator/internal/metadata/descriptor/ConstraintDescriptorImpl
instanceKlass ch/qos/logback/core/LifeCycleManager
instanceKlass org/hibernate/validator/internal/util/privilegedactions/GetDeclaredMethods
instanceKlass org/hibernate/validator/internal/util/privilegedactions/GetDeclaredFields
instanceKlass org/springframework/util/SystemPropertyUtils$SystemPropertyPlaceholderResolver
instanceKlass org/springframework/util/SystemPropertyUtils
instanceKlass org/hibernate/validator/internal/metadata/provider/AnnotationMetaDataProvider$TypeArgumentLocation
instanceKlass org/hibernate/validator/internal/metadata/provider/AnnotationMetaDataProvider
instanceKlass org/springframework/boot/logging/LoggingInitializationContext
instanceKlass org/hibernate/validator/internal/util/logging/Messages_$bundle
instanceKlass org/springframework/boot/logging/LoggerGroup
instanceKlass org/springframework/boot/logging/LoggerGroups$$Lambda$89
instanceKlass org/springframework/boot/logging/LoggerGroups
instanceKlass org/jboss/logging/Messages
instanceKlass org/hibernate/validator/internal/util/logging/Messages
instanceKlass org/springframework/core/env/AbstractPropertyResolver$$Lambda$88
instanceKlass org/springframework/util/PropertyPlaceholderHelper$PlaceholderResolver
instanceKlass org/hibernate/validator/internal/metadata/provider/ProgrammaticMetaDataProvider
instanceKlass org/hibernate/validator/internal/metadata/provider/MetaDataProvider
instanceKlass org/springframework/boot/logging/LogFile
instanceKlass org/hibernate/validator/internal/metadata/aggregated/BeanMetaData
instanceKlass org/hibernate/validator/internal/metadata/facets/Validatable
instanceKlass org/hibernate/validator/internal/engine/ValidatorFactoryImpl$$Lambda$87
instanceKlass org/hibernate/validator/internal/metadata/BeanMetaDataManager
instanceKlass org/hibernate/validator/internal/engine/ValidatorFactoryImpl$BeanMetaDataManagerKey
instanceKlass java/net/InetAddress$CachedAddresses
instanceKlass sun/net/InetAddressCachePolicy$2
instanceKlass org/hibernate/validator/internal/engine/groups/ValidationOrder
instanceKlass sun/net/InetAddressCachePolicy$1
instanceKlass sun/net/InetAddressCachePolicy
instanceKlass org/hibernate/validator/internal/engine/groups/ValidationOrderGenerator
instanceKlass org/hibernate/validator/internal/engine/constraintvalidation/ConstraintValidatorManager$1
instanceKlass javax/validation/metadata/ConstraintDescriptor
instanceKlass org/hibernate/validator/internal/engine/constraintvalidation/ConstraintValidatorManager
instanceKlass org/hibernate/validator/internal/engine/constraintvalidation/HibernateConstraintValidatorInitializationContextImpl
instanceKlass org/hibernate/validator/spi/scripting/ScriptEvaluator
instanceKlass org/hibernate/validator/spi/scripting/AbstractCachingScriptEvaluatorFactory
instanceKlass org/hibernate/validator/internal/util/ExecutableParameterNameProvider
instanceKlass javax/el/Util$CacheKey
instanceKlass javax/el/ELContext
instanceKlass javax/el/ELManager
instanceKlass javax/el/ELResolver
instanceKlass javax/el/Expression
instanceKlass java/net/Inet6Address$Inet6AddressHolder
instanceKlass javax/el/ExpressionFactory$CacheKey
instanceKlass javax/el/Util$CacheValue
instanceKlass java/net/InetAddress$NameServiceAddresses
instanceKlass java/net/InetAddress$Addresses
instanceKlass java/util/concurrent/ConcurrentSkipListMap$Iter
instanceKlass javax/el/Util
instanceKlass javax/el/ExpressionFactory$CacheValue
instanceKlass javax/el/ExpressionFactory
instanceKlass org/hibernate/validator/internal/util/ConcurrentReferenceHashMap$HashEntry
instanceKlass org/hibernate/validator/messageinterpolation/AbstractMessageInterpolator
instanceKlass org/hibernate/validator/constraintvalidation/HibernateConstraintValidatorInitializationContext
instanceKlass org/hibernate/validator/internal/engine/ValidatorFactoryImpl$ValidatorFactoryScopedContext
instanceKlass org/hibernate/validator/internal/metadata/aggregated/rule/MethodConfigurationRule
instanceKlass org/hibernate/validator/internal/engine/MethodValidationConfiguration
instanceKlass org/hibernate/validator/internal/util/StringHelper
instanceKlass org/hibernate/validator/internal/metadata/core/AnnotationProcessingOptionsImpl
instanceKlass org/hibernate/validator/internal/metadata/core/AnnotationProcessingOptions
instanceKlass org/hibernate/validator/cfg/context/ConstraintDefinitionContext
instanceKlass org/hibernate/validator/cfg/context/TypeConstraintMappingContext
instanceKlass org/hibernate/validator/cfg/context/AnnotationIgnoreOptions
instanceKlass org/hibernate/validator/cfg/context/AnnotationProcessingOptions
instanceKlass org/hibernate/validator/cfg/context/ConstructorTarget
instanceKlass org/hibernate/validator/cfg/context/MethodTarget
instanceKlass org/hibernate/validator/cfg/context/PropertyTarget
instanceKlass org/hibernate/validator/cfg/context/ConstraintMappingTarget
instanceKlass org/hibernate/validator/cfg/context/ConstraintDefinitionTarget
instanceKlass org/hibernate/validator/cfg/context/TypeTarget
instanceKlass org/hibernate/validator/cfg/context/Constrainable
instanceKlass org/hibernate/validator/internal/cfg/context/DefaultConstraintMapping
instanceKlass org/hibernate/validator/internal/engine/ValidatorFactoryImpl$DefaultConstraintMappingBuilder
instanceKlass org/hibernate/validator/internal/engine/ServiceLoaderBasedConstraintMappingContributor
instanceKlass com/fasterxml/classmate/Filter
instanceKlass java/net/InetAddress$CachedLocalHost
instanceKlass org/hibernate/validator/internal/util/ExecutableHelper
instanceKlass java/net/InetAddress$2
instanceKlass sun/net/spi/nameservice/NameService
instanceKlass java/net/Inet6AddressImpl
instanceKlass java/net/InetAddressImpl
instanceKlass java/net/InetAddressImplFactory
instanceKlass java/util/concurrent/ConcurrentSkipListMap$Node
instanceKlass com/fasterxml/classmate/util/ResolvedTypeCache
instanceKlass com/fasterxml/classmate/util/ClassKey
instanceKlass java/util/concurrent/ConcurrentSkipListMap$Index
instanceKlass com/fasterxml/classmate/TypeBindings
instanceKlass com/fasterxml/classmate/members/RawMember
instanceKlass java/util/concurrent/ConcurrentNavigableMap
instanceKlass java/net/InetAddress$InetAddressHolder
instanceKlass com/fasterxml/classmate/ResolvedType
instanceKlass com/fasterxml/classmate/TypeResolver
instanceKlass java/net/InetAddress$1
instanceKlass org/hibernate/validator/internal/util/TypeResolutionHelper
instanceKlass org/hibernate/validator/internal/constraintvalidators/hv/URLValidator
instanceKlass org/hibernate/validator/constraints/URL
instanceKlass org/hibernate/validator/internal/constraintvalidators/hv/UniqueElementsValidator
instanceKlass sun/management/RuntimeImpl
instanceKlass java/lang/management/RuntimeMXBean
instanceKlass java/lang/management/PlatformManagedObject
instanceKlass org/hibernate/validator/constraints/UniqueElements
instanceKlass org/hibernate/validator/constraints/ScriptAssert
instanceKlass org/hibernate/validator/internal/constraintvalidators/hv/SafeHtmlValidator
instanceKlass org/hibernate/validator/constraints/SafeHtml
instanceKlass sun/management/VMManagementImpl
instanceKlass sun/management/VMManagement
instanceKlass org/hibernate/validator/internal/constraintvalidators/hv/AbstractScriptAssertValidator
instanceKlass org/hibernate/validator/constraints/ParameterScriptAssert
instanceKlass org/hibernate/validator/internal/constraintvalidators/hv/NotBlankValidator
instanceKlass org/hibernate/validator/constraints/NotBlank
instanceKlass org/hibernate/validator/constraints/pl/PESEL
instanceKlass org/hibernate/validator/constraints/pl/NIP
instanceKlass sun/management/ManagementFactoryHelper$4
instanceKlass org/hibernate/validator/constraints/pl/REGON
instanceKlass sun/management/ManagementFactoryHelper
instanceKlass java/lang/management/ManagementFactory
instanceKlass org/hibernate/validator/constraints/Mod11Check
instanceKlass org/springframework/boot/system/ApplicationPid
instanceKlass org/hibernate/validator/constraints/Mod10Check
instanceKlass org/hibernate/validator/constraints/LuhnCheck
instanceKlass org/springframework/boot/logging/LoggingSystemProperties
instanceKlass java/lang/Deprecated
instanceKlass org/hibernate/validator/internal/constraintvalidators/hv/ModCheckBase
instanceKlass org/springframework/boot/ansi/AnsiElement
instanceKlass org/hibernate/validator/constraints/ModCheck
instanceKlass org/hibernate/validator/internal/constraintvalidators/hv/CodePointLengthValidator
instanceKlass org/springframework/boot/context/config/AnsiOutputApplicationListener$$Lambda$86
instanceKlass java/lang/invoke/LambdaForm$DMH
instanceKlass org/hibernate/validator/constraints/CodePointLength
instanceKlass org/hibernate/validator/internal/constraintvalidators/hv/LengthValidator
instanceKlass org/springframework/boot/ansi/AnsiOutput
instanceKlass org/hibernate/validator/constraints/Length
instanceKlass org/hibernate/validator/constraints/Email
instanceKlass org/hibernate/validator/internal/constraintvalidators/hv/EANValidator
instanceKlass org/springframework/boot/context/properties/bind/JavaBeanBinder$Bean
instanceKlass org/hibernate/validator/constraints/EAN
instanceKlass org/springframework/boot/context/properties/bind/ValueObjectBinder$ValueObject
instanceKlass org/hibernate/validator/internal/constraintvalidators/hv/time/DurationMinValidator
instanceKlass org/springframework/boot/context/properties/bind/Binder$$Lambda$85
instanceKlass org/hibernate/validator/constraints/time/DurationMin
instanceKlass org/springframework/boot/context/properties/bind/Binder$$Lambda$84
instanceKlass org/hibernate/validator/internal/constraintvalidators/hv/time/DurationMaxValidator
instanceKlass org/springframework/boot/context/properties/bind/DataObjectPropertyBinder
instanceKlass org/hibernate/validator/constraints/time/DurationMax
instanceKlass org/hibernate/validator/internal/constraintvalidators/hv/br/CPFValidator
instanceKlass org/hibernate/validator/constraints/br/CPF
instanceKlass org/hibernate/validator/internal/constraintvalidators/hv/br/CNPJValidator
instanceKlass org/hibernate/validator/constraints/br/CNPJ
instanceKlass javax/validation/constraints/Size
instanceKlass java/util/stream/ForEachOps$ForEachOp
instanceKlass java/util/stream/ForEachOps
instanceKlass org/springframework/boot/context/config/ConfigFileApplicationListener$Loader$$Lambda$83
instanceKlass org/springframework/boot/context/config/ConfigFileApplicationListener$Loader$$Lambda$82
instanceKlass org/springframework/boot/context/config/ConfigFileApplicationListener$Loader$$Lambda$81
instanceKlass java/util/LinkedList$LLSpliterator
instanceKlass org/hibernate/validator/internal/constraintvalidators/bv/size/SizeValidatorForArraysOfPrimitives
instanceKlass org/hibernate/validator/internal/constraintvalidators/bv/size/SizeValidatorForMap
instanceKlass org/hibernate/validator/internal/constraintvalidators/bv/size/SizeValidatorForArray
instanceKlass org/hibernate/validator/internal/constraintvalidators/bv/size/SizeValidatorForCollection
instanceKlass org/hibernate/validator/internal/constraintvalidators/bv/size/SizeValidatorForCharSequence
instanceKlass org/hibernate/validator/internal/constraintvalidators/bv/number/sign/PositiveOrZeroValidatorForNumber
instanceKlass org/hibernate/validator/internal/constraintvalidators/bv/number/sign/PositiveOrZeroValidatorForByte
instanceKlass org/hibernate/validator/internal/constraintvalidators/bv/number/sign/PositiveOrZeroValidatorForShort
instanceKlass org/hibernate/validator/internal/constraintvalidators/bv/number/sign/PositiveOrZeroValidatorForInteger
instanceKlass org/springframework/boot/context/config/ConfigFileApplicationListener$Loader$$Lambda$80
instanceKlass org/hibernate/validator/internal/constraintvalidators/bv/number/sign/PositiveOrZeroValidatorForLong
instanceKlass org/hibernate/validator/internal/constraintvalidators/bv/number/sign/PositiveOrZeroValidatorForFloat
instanceKlass org/springframework/boot/context/config/ConfigFileApplicationListener$Loader$$Lambda$79
instanceKlass org/hibernate/validator/internal/constraintvalidators/bv/number/sign/PositiveOrZeroValidatorForDouble
instanceKlass org/springframework/boot/context/config/ConfigFileApplicationListener$Loader$$Lambda$78
instanceKlass org/hibernate/validator/internal/constraintvalidators/bv/number/sign/PositiveOrZeroValidatorForBigInteger
instanceKlass org/hibernate/validator/internal/constraintvalidators/bv/number/sign/PositiveOrZeroValidatorForBigDecimal
instanceKlass javax/validation/constraints/PositiveOrZero
instanceKlass org/hibernate/validator/internal/constraintvalidators/bv/number/sign/PositiveValidatorForNumber
instanceKlass org/hibernate/validator/internal/constraintvalidators/bv/number/sign/PositiveValidatorForByte
instanceKlass org/hibernate/validator/internal/constraintvalidators/bv/number/sign/PositiveValidatorForShort
instanceKlass org/hibernate/validator/internal/constraintvalidators/bv/number/sign/PositiveValidatorForInteger
instanceKlass org/hibernate/validator/internal/constraintvalidators/bv/number/sign/PositiveValidatorForLong
instanceKlass org/hibernate/validator/internal/constraintvalidators/bv/number/sign/PositiveValidatorForFloat
instanceKlass org/hibernate/validator/internal/constraintvalidators/bv/number/sign/PositiveValidatorForDouble
instanceKlass org/hibernate/validator/internal/constraintvalidators/bv/number/sign/PositiveValidatorForBigInteger
instanceKlass org/hibernate/validator/internal/constraintvalidators/bv/number/sign/PositiveValidatorForBigDecimal
instanceKlass javax/validation/constraints/Positive
instanceKlass org/hibernate/validator/internal/constraintvalidators/bv/PatternValidator
instanceKlass javax/validation/constraints/Pattern
instanceKlass javax/validation/constraints/PastOrPresent
instanceKlass javax/validation/constraints/Past
instanceKlass org/springframework/boot/context/config/ConfigFileApplicationListener$Loader$$Lambda$77
instanceKlass org/springframework/boot/context/config/ConfigFileApplicationListener$Loader$$Lambda$76
instanceKlass java/lang/invoke/LambdaForm$DMH
instanceKlass org/springframework/boot/context/config/ConfigFileApplicationListener$Loader$$Lambda$75
instanceKlass org/springframework/core/convert/support/ConversionUtils
instanceKlass org/springframework/core/convert/support/GenericConversionService$ConverterCacheKey
instanceKlass org/springframework/boot/context/properties/source/ConfigurationProperty
instanceKlass org/springframework/boot/origin/PropertySourceOrigin
instanceKlass org/springframework/boot/context/properties/bind/BindResult
instanceKlass java/lang/invoke/LambdaForm$MH
instanceKlass org/hibernate/validator/internal/constraintvalidators/bv/NullValidator
instanceKlass java/lang/invoke/LambdaForm$DMH
instanceKlass javax/validation/constraints/Null
instanceKlass java/lang/invoke/LambdaForm$DMH
instanceKlass org/hibernate/validator/internal/constraintvalidators/bv/NotNullValidator
instanceKlass org/springframework/boot/context/properties/bind/Binder$$Lambda$74
instanceKlass java/lang/invoke/LambdaForm$DMH
instanceKlass javax/validation/constraints/NotNull
instanceKlass java/util/stream/StreamSpliterators$WrappingSpliterator$$Lambda$73
instanceKlass javax/validation/constraints/NotEmpty
instanceKlass java/util/function/BooleanSupplier
instanceKlass java/util/stream/StreamSpliterators$WrappingSpliterator$$Lambda$72
instanceKlass org/hibernate/validator/internal/constraintvalidators/bv/notempty/NotEmptyValidatorForArraysOfShort
instanceKlass org/hibernate/validator/internal/constraintvalidators/bv/notempty/NotEmptyValidatorForArraysOfLong
instanceKlass java/util/stream/AbstractSpinedBuffer
instanceKlass org/hibernate/validator/internal/constraintvalidators/bv/notempty/NotEmptyValidatorForArraysOfInt
instanceKlass org/hibernate/validator/internal/constraintvalidators/bv/notempty/NotEmptyValidatorForArraysOfFloat
instanceKlass java/util/Spliterators$1Adapter
instanceKlass org/hibernate/validator/internal/constraintvalidators/bv/notempty/NotEmptyValidatorForArraysOfDouble
instanceKlass org/hibernate/validator/internal/constraintvalidators/bv/notempty/NotEmptyValidatorForArraysOfChar
instanceKlass java/util/stream/StreamSpliterators$AbstractWrappingSpliterator
instanceKlass org/hibernate/validator/internal/constraintvalidators/bv/notempty/NotEmptyValidatorForArraysOfByte
instanceKlass org/hibernate/validator/internal/constraintvalidators/bv/notempty/NotEmptyValidatorForArraysOfBoolean
instanceKlass java/util/stream/AbstractPipeline$$Lambda$71
instanceKlass org/hibernate/validator/internal/constraintvalidators/bv/notempty/NotEmptyValidatorForMap
instanceKlass org/springframework/boot/context/properties/source/FilteredConfigurationPropertiesSource
instanceKlass org/hibernate/validator/internal/constraintvalidators/bv/notempty/NotEmptyValidatorForArray
instanceKlass org/hibernate/validator/internal/constraintvalidators/bv/notempty/NotEmptyValidatorForCollection
instanceKlass org/springframework/boot/context/properties/bind/IndexedElementsBinder$$Lambda$70
instanceKlass org/hibernate/validator/internal/constraintvalidators/bv/notempty/NotEmptyValidatorForCharSequence
instanceKlass org/springframework/boot/context/properties/bind/ArrayBinder$$Lambda$69
instanceKlass org/springframework/boot/context/properties/bind/AggregateBinder$AggregateSupplier
instanceKlass org/hibernate/validator/internal/constraintvalidators/bv/NotBlankValidator
instanceKlass javax/validation/constraints/NotBlank
instanceKlass org/springframework/boot/context/properties/bind/Binder$$Lambda$68
instanceKlass org/hibernate/validator/internal/constraintvalidators/bv/number/sign/NegativeOrZeroValidatorForNumber
instanceKlass org/springframework/boot/context/properties/bind/Binder$$Lambda$67
instanceKlass org/springframework/boot/context/properties/bind/AggregateElementBinder
instanceKlass org/hibernate/validator/internal/constraintvalidators/bv/number/sign/NegativeOrZeroValidatorForByte
instanceKlass org/hibernate/validator/internal/constraintvalidators/bv/number/sign/NegativeOrZeroValidatorForShort
instanceKlass org/hibernate/validator/internal/constraintvalidators/bv/number/sign/NegativeOrZeroValidatorForInteger
instanceKlass org/hibernate/validator/internal/constraintvalidators/bv/number/sign/NegativeOrZeroValidatorForLong
instanceKlass org/hibernate/validator/internal/constraintvalidators/bv/number/sign/NegativeOrZeroValidatorForFloat
instanceKlass org/springframework/boot/context/properties/source/SpringIterableConfigurationPropertySource$$Lambda$66
instanceKlass java/lang/invoke/LambdaForm$DMH
instanceKlass org/hibernate/validator/internal/constraintvalidators/bv/number/sign/NegativeOrZeroValidatorForDouble
instanceKlass org/hibernate/validator/internal/constraintvalidators/bv/number/sign/NegativeOrZeroValidatorForBigInteger
instanceKlass org/hibernate/validator/internal/constraintvalidators/bv/number/sign/NegativeOrZeroValidatorForBigDecimal
instanceKlass org/springframework/boot/context/properties/bind/BindConverter$CompositeConversionService
instanceKlass javax/validation/constraints/NegativeOrZero
instanceKlass org/hibernate/validator/internal/constraintvalidators/bv/number/sign/NegativeValidatorForNumber
instanceKlass org/springframework/beans/TypeConverterDelegate
instanceKlass org/hibernate/validator/internal/constraintvalidators/bv/number/sign/NegativeValidatorForByte
instanceKlass org/hibernate/validator/internal/constraintvalidators/bv/number/sign/NegativeValidatorForShort
instanceKlass org/hibernate/validator/internal/constraintvalidators/bv/number/sign/NegativeValidatorForInteger
instanceKlass org/hibernate/validator/internal/constraintvalidators/bv/number/sign/NegativeValidatorForLong
instanceKlass org/hibernate/validator/internal/constraintvalidators/bv/number/sign/NegativeValidatorForFloat
instanceKlass org/springframework/beans/PropertyEditorRegistrySupport
instanceKlass org/springframework/beans/PropertyEditorRegistry
instanceKlass org/hibernate/validator/internal/constraintvalidators/bv/number/sign/NegativeValidatorForDouble
instanceKlass org/hibernate/validator/internal/constraintvalidators/bv/number/sign/NegativeValidatorForBigInteger
instanceKlass org/hibernate/validator/internal/constraintvalidators/bv/number/sign/NegativeValidatorForBigDecimal
instanceKlass org/springframework/beans/TypeConverter
instanceKlass javax/validation/constraints/Negative
instanceKlass org/springframework/boot/context/properties/bind/BindConverter$TypeConverterConverter
instanceKlass org/hibernate/validator/internal/constraintvalidators/bv/MinValidatorForCharSequence
instanceKlass java/beans/PropertyEditorSupport
instanceKlass java/beans/PropertyEditor
instanceKlass org/hibernate/validator/internal/constraintvalidators/bv/number/bound/AbstractMinValidator
instanceKlass javax/validation/constraints/Min
instanceKlass org/hibernate/validator/internal/constraintvalidators/bv/MaxValidatorForCharSequence
instanceKlass org/springframework/boot/context/properties/bind/BindConverter
instanceKlass org/springframework/boot/context/properties/bind/Binder$Context
instanceKlass org/springframework/boot/context/properties/bind/JavaBeanBinder
instanceKlass org/springframework/boot/context/properties/bind/ValueObjectBinder
instanceKlass org/springframework/boot/context/properties/bind/DataObjectBinder
instanceKlass org/hibernate/validator/internal/constraintvalidators/bv/number/bound/AbstractMaxValidator
instanceKlass javax/validation/constraints/Max
instanceKlass org/springframework/boot/context/properties/bind/DefaultBindConstructorProvider
instanceKlass org/springframework/boot/context/properties/bind/BindConstructorProvider
instanceKlass org/springframework/boot/context/properties/bind/BindHandler$1
instanceKlass org/hibernate/validator/internal/constraintvalidators/hv/ISBNValidator
instanceKlass org/hibernate/validator/constraints/ISBN
instanceKlass org/springframework/boot/context/properties/bind/BindHandler
instanceKlass javax/validation/constraints/FutureOrPresent
instanceKlass org/springframework/boot/context/properties/bind/AggregateBinder
instanceKlass org/springframework/boot/context/properties/bind/BindContext
instanceKlass org/springframework/boot/context/properties/bind/Binder
instanceKlass org/springframework/boot/context/config/ConfigFileApplicationListener$Loader$$Lambda$65
instanceKlass java/lang/invoke/LambdaForm$MH
instanceKlass org/springframework/beans/factory/config/YamlProcessor$$Lambda$64
instanceKlass java/util/Map$Entry$$Lambda$63
instanceKlass java/util/Comparator$$Lambda$62
instanceKlass org/springframework/core/SortedProperties$$Lambda$61
instanceKlass java/time/chrono/ChronoLocalDateImpl
instanceKlass org/springframework/core/CollectionFactory
instanceKlass javax/validation/constraints/Future
instanceKlass org/springframework/beans/factory/config/YamlProcessor$$Lambda$60
instanceKlass org/hibernate/validator/internal/constraintvalidators/bv/time/AbstractJavaTimeValidator
instanceKlass org/springframework/boot/origin/OriginTrackedValue
instanceKlass org/springframework/boot/origin/OriginProvider
instanceKlass org/springframework/boot/origin/TextResourceOrigin
instanceKlass org/hibernate/validator/internal/constraintvalidators/bv/time/AbstractEpochBasedTimeValidator
instanceKlass org/springframework/boot/origin/TextResourceOrigin$Location
instanceKlass java/util/TreeMap$NavigableSubMap$SubMapIterator
instanceKlass org/hibernate/validator/internal/constraintvalidators/bv/time/AbstractInstantBasedTimeValidator
instanceKlass org/hibernate/validator/constraintvalidation/HibernateConstraintValidator
instanceKlass java/util/Collections$ReverseComparator
instanceKlass org/hibernate/validator/internal/constraintvalidators/AbstractEmailValidator
instanceKlass javax/validation/constraints/Email
instanceKlass org/springframework/boot/env/OriginTrackedYamlLoader$OriginTrackingConstructor$$Lambda$59
instanceKlass org/hibernate/validator/internal/metadata/core/ConstraintHelper$$Lambda$58
instanceKlass org/hibernate/validator/internal/constraintvalidators/bv/DigitsValidatorForNumber
instanceKlass org/hibernate/validator/internal/constraintvalidators/bv/DigitsValidatorForCharSequence
instanceKlass java/util/ArrayList$ArrayListSpliterator
instanceKlass javax/validation/constraints/Digits
instanceKlass org/yaml/snakeyaml/parser/ParserImpl$ParseDocumentStart
instanceKlass org/hibernate/validator/internal/constraintvalidators/bv/DecimalMinValidatorForCharSequence
instanceKlass org/hibernate/validator/internal/constraintvalidators/bv/number/bound/decimal/AbstractDecimalMinValidator
instanceKlass javax/validation/constraints/DecimalMin
instanceKlass org/hibernate/validator/internal/metadata/core/ConstraintHelper$$Lambda$57
instanceKlass org/hibernate/validator/internal/constraintvalidators/bv/DecimalMaxValidatorForCharSequence
instanceKlass org/hibernate/validator/internal/constraintvalidators/bv/number/bound/decimal/AbstractDecimalMaxValidator
instanceKlass javax/validation/constraints/DecimalMax
instanceKlass org/hibernate/validator/internal/constraintvalidators/bv/AssertTrueValidator
instanceKlass javax/validation/constraints/AssertTrue
instanceKlass javax/validation/constraintvalidation/SupportedValidationTarget
instanceKlass org/yaml/snakeyaml/parser/ParserImpl$ParseBlockSequenceEntry
instanceKlass org/yaml/snakeyaml/parser/ParserImpl$ParseBlockSequenceFirstEntry
instanceKlass org/hibernate/validator/internal/engine/constraintvalidation/ClassBasedValidatorDescriptor
instanceKlass org/hibernate/validator/internal/engine/constraintvalidation/ConstraintValidatorDescriptor
instanceKlass org/hibernate/validator/internal/constraintvalidators/bv/AssertFalseValidator
instanceKlass javax/validation/ConstraintValidator
instanceKlass org/yaml/snakeyaml/nodes/NodeTuple
instanceKlass javax/validation/constraints/AssertFalse
instanceKlass org/yaml/snakeyaml/events/ImplicitTuple
instanceKlass org/hibernate/validator/internal/metadata/core/ConstraintHelper$ValidatorDescriptorMap
instanceKlass org/yaml/snakeyaml/parser/ParserImpl$ParseBlockMappingValue
instanceKlass org/yaml/snakeyaml/parser/ParserImpl$ParseBlockMappingKey
instanceKlass org/hibernate/validator/internal/metadata/core/ConstraintHelper
instanceKlass org/yaml/snakeyaml/resolver/Resolver$1
instanceKlass org/yaml/snakeyaml/parser/ParserImpl$ParseBlockMappingFirstKey
instanceKlass org/yaml/snakeyaml/parser/ParserImpl$ParseBlockNode
instanceKlass org/hibernate/validator/internal/engine/valueextraction/ValueExtractorResolver
instanceKlass org/yaml/snakeyaml/parser/ParserImpl$ParseDocumentEnd
instanceKlass java/util/stream/Collectors$$Lambda$56
instanceKlass java/util/stream/Collectors$$Lambda$55
instanceKlass java/util/stream/Collectors$$Lambda$54
instanceKlass org/hibernate/validator/internal/engine/ConfigurationImpl$$Lambda$53
instanceKlass java/util/HashMap$HashMapSpliterator
instanceKlass java/util/OptionalLong
instanceKlass org/hibernate/validator/internal/engine/valueextraction/OptionalLongValueExtractor
instanceKlass java/util/OptionalDouble
instanceKlass org/hibernate/validator/internal/engine/valueextraction/OptionalDoubleValueExtractor
instanceKlass org/yaml/snakeyaml/scanner/SimpleKey
instanceKlass org/hibernate/validator/internal/engine/valueextraction/AnnotatedObject
instanceKlass org/yaml/snakeyaml/scanner/Constant
instanceKlass java/util/OptionalInt
instanceKlass org/hibernate/validator/internal/engine/valueextraction/OptionalIntValueExtractor
instanceKlass org/hibernate/validator/internal/engine/valueextraction/OptionalValueExtractor
instanceKlass org/hibernate/validator/internal/engine/valueextraction/IterableValueExtractor
instanceKlass org/yaml/snakeyaml/parser/ParserImpl$ParseImplicitDocumentStart
instanceKlass org/hibernate/validator/internal/engine/valueextraction/MapKeyExtractor
instanceKlass org/hibernate/validator/internal/engine/valueextraction/MapValueExtractor
instanceKlass org/hibernate/validator/internal/engine/valueextraction/ListValueExtractor
instanceKlass org/hibernate/validator/internal/engine/valueextraction/ObjectArrayValueExtractor
instanceKlass sun/reflect/generics/tree/BooleanSignature
instanceKlass org/hibernate/validator/internal/engine/valueextraction/BooleanArrayValueExtractor
instanceKlass org/hibernate/validator/internal/engine/valueextraction/CharArrayValueExtractor
instanceKlass org/yaml/snakeyaml/Yaml$YamlIterable
instanceKlass sun/reflect/generics/tree/DoubleSignature
instanceKlass org/yaml/snakeyaml/Yaml$1
instanceKlass org/hibernate/validator/internal/engine/valueextraction/DoubleArrayValueExtractor
instanceKlass sun/reflect/generics/tree/FloatSignature
instanceKlass org/hibernate/validator/internal/engine/valueextraction/FloatArrayValueExtractor
instanceKlass org/yaml/snakeyaml/parser/ParserImpl$ParseStreamStart
instanceKlass sun/reflect/generics/tree/LongSignature
instanceKlass org/yaml/snakeyaml/parser/VersionTagsTuple
instanceKlass org/hibernate/validator/internal/engine/valueextraction/LongArrayValueExtractor
instanceKlass sun/reflect/generics/tree/IntSignature
instanceKlass org/hibernate/validator/internal/engine/valueextraction/IntArrayValueExtractor
instanceKlass org/yaml/snakeyaml/error/Mark
instanceKlass sun/reflect/generics/tree/ShortSignature
instanceKlass org/yaml/snakeyaml/util/ArrayStack
instanceKlass org/hibernate/validator/internal/engine/valueextraction/ShortArrayValueExtractor
instanceKlass org/hibernate/validator/internal/engine/valueextraction/ArrayElement
instanceKlass java/lang/reflect/AnnotatedArrayType
instanceKlass sun/reflect/generics/tree/ByteSignature
instanceKlass org/hibernate/validator/internal/engine/valueextraction/ByteArrayValueExtractor
instanceKlass org/hibernate/validator/internal/engine/valueextraction/ReadOnlySetPropertyValueExtractor
instanceKlass javafx/beans/binding/SetExpression
instanceKlass javafx/beans/value/ObservableSetValue
instanceKlass javafx/beans/value/WritableSetValue
instanceKlass javafx/collections/ObservableSet
instanceKlass org/hibernate/validator/internal/engine/valueextraction/SetPropertyValueExtractor
instanceKlass org/hibernate/validator/internal/engine/valueextraction/ReadOnlyMapPropertyKeyExtractor
instanceKlass org/hibernate/validator/internal/engine/valueextraction/MapPropertyKeyExtractor
instanceKlass org/hibernate/validator/internal/engine/valueextraction/ReadOnlyMapPropertyValueExtractor
instanceKlass org/yaml/snakeyaml/tokens/Token
instanceKlass javafx/beans/binding/MapExpression
instanceKlass javafx/beans/value/ObservableMapValue
instanceKlass org/yaml/snakeyaml/scanner/ScannerImpl
instanceKlass javafx/beans/value/WritableMapValue
instanceKlass javafx/collections/ObservableMap
instanceKlass org/hibernate/validator/internal/engine/valueextraction/MapPropertyValueExtractor
instanceKlass org/yaml/snakeyaml/reader/StreamReader
instanceKlass org/hibernate/validator/internal/engine/valueextraction/ReadOnlyListPropertyValueExtractor
instanceKlass javafx/beans/binding/ListExpression
instanceKlass javafx/beans/value/ObservableListValue
instanceKlass javafx/beans/value/ObservableObjectValue
instanceKlass javafx/beans/value/WritableListValue
instanceKlass javafx/collections/ObservableList
instanceKlass javafx/beans/value/WritableObjectValue
instanceKlass org/yaml/snakeyaml/events/Event
instanceKlass javafx/beans/property/Property
instanceKlass javafx/beans/value/WritableValue
instanceKlass javafx/beans/property/ReadOnlyProperty
instanceKlass org/yaml/snakeyaml/parser/Production
instanceKlass org/hibernate/validator/internal/engine/valueextraction/ListPropertyValueExtractor
instanceKlass org/yaml/snakeyaml/scanner/Scanner
instanceKlass org/yaml/snakeyaml/parser/ParserImpl
instanceKlass javax/validation/valueextraction/UnwrapByDefault
instanceKlass java/lang/reflect/AnnotatedWildcardType
instanceKlass sun/reflect/ClassDefiner$1
instanceKlass sun/reflect/ClassDefiner
instanceKlass org/yaml/snakeyaml/composer/Composer
instanceKlass sun/reflect/MethodAccessorGenerator$1
instanceKlass sun/reflect/Label$PatchInfo
instanceKlass sun/reflect/Label
instanceKlass sun/net/DefaultProgressMeteringPolicy
instanceKlass sun/net/ProgressMeteringPolicy
instanceKlass sun/net/ProgressMonitor
instanceKlass sun/reflect/UTF8
instanceKlass sun/reflect/ClassFileAssembler
instanceKlass sun/reflect/ByteVectorImpl
instanceKlass sun/reflect/ByteVector
instanceKlass sun/reflect/ByteVectorFactory
instanceKlass sun/reflect/AccessorGenerator
instanceKlass sun/reflect/ClassFileConstants
instanceKlass org/yaml/snakeyaml/emitter/Emitable
instanceKlass org/yaml/snakeyaml/parser/Parser
instanceKlass org/yaml/snakeyaml/LoaderOptions
instanceKlass org/yaml/snakeyaml/resolver/ResolverTuple
instanceKlass org/hibernate/validator/internal/util/TypeHelper
instanceKlass org/yaml/snakeyaml/representer/Representer$RepresentJavaBean
instanceKlass org/yaml/snakeyaml/representer/SafeRepresenter$RepresentEnum
instanceKlass org/hibernate/validator/internal/engine/valueextraction/ValueExtractorDescriptor$Key
instanceKlass org/yaml/snakeyaml/representer/SafeRepresenter$RepresentDate
instanceKlass org/yaml/snakeyaml/representer/SafeRepresenter$RepresentArray
instanceKlass org/yaml/snakeyaml/representer/SafeRepresenter$RepresentIterator
instanceKlass org/hibernate/validator/internal/util/ReflectionHelper
instanceKlass org/yaml/snakeyaml/representer/SafeRepresenter$RepresentSet
instanceKlass org/yaml/snakeyaml/representer/SafeRepresenter$RepresentMap
instanceKlass java/lang/reflect/AnnotatedParameterizedType
instanceKlass org/yaml/snakeyaml/representer/SafeRepresenter$RepresentList
instanceKlass org/yaml/snakeyaml/representer/SafeRepresenter$RepresentNumber
instanceKlass org/yaml/snakeyaml/representer/SafeRepresenter$RepresentPrimitiveArray
instanceKlass javax/validation/valueextraction/ExtractedValue
instanceKlass org/yaml/snakeyaml/representer/SafeRepresenter$RepresentByteArray
instanceKlass sun/reflect/annotation/TypeAnnotation$TypeAnnotationTargetInfo
instanceKlass sun/reflect/annotation/TypeAnnotation$LocationInfo$Location
instanceKlass org/yaml/snakeyaml/representer/SafeRepresenter$RepresentUuid
instanceKlass sun/reflect/annotation/TypeAnnotation$LocationInfo
instanceKlass sun/reflect/annotation/AnnotatedTypeFactory$AnnotatedTypeBaseImpl
instanceKlass org/yaml/snakeyaml/representer/SafeRepresenter$RepresentBoolean
instanceKlass sun/reflect/annotation/AnnotatedTypeFactory
instanceKlass org/yaml/snakeyaml/representer/SafeRepresenter$RepresentString
instanceKlass sun/reflect/annotation/TypeAnnotation
instanceKlass org/yaml/snakeyaml/representer/SafeRepresenter$RepresentNull
instanceKlass sun/reflect/annotation/TypeAnnotationParser
instanceKlass org/yaml/snakeyaml/serializer/NumberAnchorGenerator
instanceKlass org/hibernate/validator/internal/engine/valueextraction/ValueExtractorDescriptor
instanceKlass org/hibernate/validator/internal/engine/valueextraction/ObservableValueValueExtractor
instanceKlass javafx/beans/value/ObservableValue
instanceKlass javafx/beans/Observable
instanceKlass org/yaml/snakeyaml/serializer/AnchorGenerator
instanceKlass org/hibernate/validator/internal/engine/valueextraction/ValueExtractorManager
instanceKlass org/yaml/snakeyaml/DumperOptions
instanceKlass org/yaml/snakeyaml/representer/Represent
instanceKlass org/yaml/snakeyaml/representer/BaseRepresenter
instanceKlass org/hibernate/validator/spi/cfg/ConstraintMappingContributor
instanceKlass org/hibernate/validator/spi/cfg/ConstraintMappingContributor$ConstraintMappingBuilder
instanceKlass javax/validation/Validator
instanceKlass org/hibernate/validator/HibernateValidatorContext
instanceKlass org/hibernate/validator/spi/scripting/ScriptEvaluatorFactory
instanceKlass javax/validation/ValidatorContext
instanceKlass org/hibernate/validator/internal/engine/ValidatorFactoryImpl
instanceKlass org/hibernate/validator/HibernateValidatorFactory
instanceKlass org/yaml/snakeyaml/util/PlatformFeatureDetector
instanceKlass java/beans/FeatureDescriptor
instanceKlass org/hibernate/validator/internal/xml/config/BootstrapConfigurationImpl
instanceKlass javax/validation/BootstrapConfiguration
instanceKlass org/yaml/snakeyaml/introspector/Property
instanceKlass org/yaml/snakeyaml/introspector/PropertyUtils
instanceKlass org/yaml/snakeyaml/constructor/Constructor$ConstructSequence
instanceKlass org/hibernate/validator/internal/xml/config/ResourceLoaderHelper
instanceKlass org/yaml/snakeyaml/constructor/Constructor$ConstructMapping
instanceKlass javax/xml/transform/Source
instanceKlass org/yaml/snakeyaml/constructor/Constructor$ConstructYamlObject
instanceKlass org/hibernate/validator/internal/xml/config/ValidationXmlParser
instanceKlass org/yaml/snakeyaml/constructor/SafeConstructor$ConstructYamlMap
instanceKlass org/yaml/snakeyaml/constructor/SafeConstructor$ConstructYamlSeq
instanceKlass org/hibernate/validator/internal/util/privilegedactions/GetInstancesFromServiceLoader
instanceKlass org/yaml/snakeyaml/constructor/SafeConstructor$ConstructYamlSet
instanceKlass javax/validation/valueextraction/ValueExtractor
instanceKlass org/hibernate/validator/internal/util/privilegedactions/GetClassLoader
instanceKlass org/hibernate/validator/internal/engine/DefaultClockProvider
instanceKlass org/hibernate/validator/internal/engine/DefaultParameterNameProvider
instanceKlass org/hibernate/validator/internal/engine/constraintvalidation/ConstraintValidatorFactoryImpl
instanceKlass org/hibernate/validator/internal/engine/resolver/TraverseAllTraversableResolver
instanceKlass org/hibernate/validator/internal/util/privilegedactions/LoadClass
instanceKlass org/yaml/snakeyaml/external/com/google/gdata/util/common/base/UnicodeEscaper
instanceKlass javax/validation/TraversableResolver
instanceKlass org/hibernate/validator/internal/engine/resolver/TraversableResolvers
instanceKlass org/yaml/snakeyaml/external/com/google/gdata/util/common/base/Escaper
instanceKlass org/yaml/snakeyaml/util/UriEncoder
instanceKlass org/hibernate/validator/internal/util/Contracts
instanceKlass java/lang/reflect/AnnotatedType
instanceKlass org/yaml/snakeyaml/nodes/Tag
instanceKlass org/hibernate/validator/internal/util/privilegedactions/GetMethod
instanceKlass org/yaml/snakeyaml/TypeDescription
instanceKlass org/hibernate/validator/resourceloading/PlatformResourceBundleLocator
instanceKlass org/yaml/snakeyaml/constructor/AbstractConstruct
instanceKlass org/yaml/snakeyaml/constructor/Construct
instanceKlass org/hibernate/validator/internal/xml/config/ValidationBootstrapParameters
instanceKlass org/hibernate/validator/internal/engine/MethodValidationConfiguration$Builder
instanceKlass org/hibernate/validator/internal/util/CollectionHelper
instanceKlass org/apache/logging/slf4j/SLF4JLogger$1
instanceKlass org/yaml/snakeyaml/nodes/Node
instanceKlass org/springframework/boot/env/OriginTrackedYamlLoader$$Lambda$52
instanceKlass org/springframework/beans/factory/config/YamlProcessor$MatchCallback
instanceKlass java/lang/invoke/LambdaForm$DMH
instanceKlass org/jboss/logging/Log4j2LoggerProvider
instanceKlass org/apache/logging/log4j/spi/LoggerRegistry$ConcurrentMapFactory
instanceKlass org/apache/logging/log4j/spi/LoggerRegistry$MapFactory
instanceKlass org/yaml/snakeyaml/constructor/BaseConstructor
instanceKlass org/apache/logging/log4j/spi/LoggerRegistry
instanceKlass org/apache/logging/slf4j/SLF4JLoggerContext
instanceKlass org/yaml/snakeyaml/resolver/Resolver
instanceKlass org/apache/logging/log4j/spi/LoggerContext
instanceKlass org/springframework/beans/factory/config/YamlProcessor
instanceKlass org/apache/logging/slf4j/MDCContextMap
instanceKlass org/apache/logging/log4j/spi/CleanableThreadContextMap
instanceKlass org/apache/logging/log4j/spi/ThreadContextMap2
instanceKlass org/apache/logging/log4j/spi/ThreadContextMap
instanceKlass org/yaml/snakeyaml/Yaml
instanceKlass org/apache/logging/slf4j/SLF4JLoggerContextFactory
instanceKlass org/springframework/boot/context/config/ConfigFileApplicationListener$DocumentsCacheKey
instanceKlass org/apache/logging/log4j/spi/Provider
instanceKlass org/apache/logging/log4j/util/ProviderUtil
instanceKlass java/util/RegularEnumSet$EnumSetIterator
instanceKlass org/apache/logging/log4j/Level
instanceKlass org/springframework/boot/logging/DeferredLog$Line
instanceKlass java/nio/channels/WritableByteChannel
instanceKlass org/springframework/core/io/WritableResource
instanceKlass org/apache/logging/log4j/util/Strings
instanceKlass org/springframework/boot/context/config/ConfigFileApplicationListener$Loader$$Lambda$51
instanceKlass java/lang/invoke/LambdaForm$DMH
instanceKlass java/util/concurrent/ConcurrentLinkedQueue$Node
instanceKlass java/lang/invoke/LambdaForm$MH
instanceKlass org/springframework/boot/context/config/ConfigFileApplicationListener$Loader$$Lambda$50
instanceKlass java/lang/invoke/LambdaForm$DMH
instanceKlass java/lang/invoke/LambdaForm$MH
instanceKlass org/springframework/boot/context/config/ConfigFileApplicationListener$Loader$$Lambda$49
instanceKlass java/lang/invoke/LambdaForm$DMH
instanceKlass java/util/concurrent/locks/ReentrantReadWriteLock$WriteLock
instanceKlass org/springframework/boot/context/properties/source/ConfigurationPropertyName$$Lambda$48
instanceKlass java/util/concurrent/locks/ReentrantReadWriteLock$ReadLock
instanceKlass org/springframework/boot/context/properties/source/ConfigurationPropertyName$ElementCharPredicate
instanceKlass java/lang/invoke/LambdaForm$DMH
instanceKlass java/lang/invoke/LambdaForm$MH
instanceKlass java/lang/invoke/LambdaForm$DMH
instanceKlass java/lang/invoke/LambdaForm$DMH
instanceKlass org/springframework/boot/context/config/ConfigFileApplicationListener$Loader$$Lambda$47
instanceKlass org/springframework/boot/context/config/ConfigFileApplicationListener$DocumentConsumer
instanceKlass java/util/concurrent/locks/ReentrantReadWriteLock
instanceKlass java/lang/invoke/LambdaForm$DMH
instanceKlass org/springframework/boot/context/config/ConfigFileApplicationListener$Document
instanceKlass org/apache/logging/log4j/message/ExitMessage
instanceKlass org/springframework/boot/context/config/ConfigFileApplicationListener$Loader$$Lambda$46
instanceKlass org/apache/logging/log4j/message/EntryMessage
instanceKlass org/apache/logging/log4j/message/FlowMessage
instanceKlass java/lang/invoke/LambdaForm$DMH
instanceKlass org/springframework/boot/context/config/ConfigFileApplicationListener$Loader$$Lambda$45
instanceKlass org/springframework/boot/context/config/ConfigFileApplicationListener$DocumentFilterFactory
instanceKlass org/springframework/boot/context/config/ConfigFileApplicationListener$DocumentFilter
instanceKlass java/util/stream/ReduceOps$Box
instanceKlass java/util/stream/ReduceOps$AccumulatingSink
instanceKlass java/util/stream/ReduceOps$ReduceOp
instanceKlass java/util/stream/ReduceOps
instanceKlass java/util/stream/Collectors$$Lambda$44
instanceKlass java/util/stream/Collectors$$Lambda$43
instanceKlass java/util/function/BinaryOperator
instanceKlass java/util/stream/Collectors$$Lambda$42
instanceKlass java/util/function/BiConsumer
instanceKlass org/apache/logging/log4j/message/DefaultFlowMessageFactory
instanceKlass org/apache/logging/log4j/message/FlowMessageFactory
instanceKlass java/lang/invoke/LambdaForm$DMH
instanceKlass java/util/stream/Collectors$$Lambda$41
instanceKlass java/util/stream/Collectors$CollectorImpl
instanceKlass java/util/stream/Collector
instanceKlass java/util/ArrayList$SubList$1
instanceKlass java/util/stream/Collectors
instanceKlass org/springframework/boot/context/config/ConfigFileApplicationListener$Loader$$Lambda$40
instanceKlass java/lang/invoke/LambdaForm$DMH
instanceKlass org/apache/logging/log4j/util/PropertySource$Util
instanceKlass org/springframework/boot/context/config/ConfigFileApplicationListener$Loader$$Lambda$39
instanceKlass java/lang/invoke/LambdaForm$DMH
instanceKlass org/springframework/boot/context/config/ConfigFileApplicationListener$Profile
instanceKlass java/util/Collections$UnmodifiableMap$UnmodifiableEntrySet$1
instanceKlass org/apache/logging/log4j/util/PropertiesUtil$Environment$2
instanceKlass org/springframework/boot/context/properties/source/SpringConfigurationPropertySource$$Lambda$38
instanceKlass java/util/TreeMap$PrivateEntryIterator
instanceKlass org/springframework/boot/context/config/ConfigFileApplicationListener$Loader$$Lambda$37
instanceKlass java/lang/invoke/LambdaForm$DMH
instanceKlass org/apache/logging/log4j/util/SystemPropertiesPropertySource
instanceKlass org/springframework/boot/env/YamlPropertySourceLoader
instanceKlass org/apache/logging/log4j/util/EnvironmentPropertySource
instanceKlass org/springframework/boot/env/PropertiesPropertySourceLoader
instanceKlass org/springframework/boot/env/PropertySourceLoader
instanceKlass org/apache/logging/log4j/util/PropertiesUtil$Environment$1
instanceKlass org/springframework/util/PropertyPlaceholderHelper
instanceKlass org/apache/logging/log4j/util/PropertySource$Comparator
instanceKlass org/springframework/boot/context/properties/bind/PropertySourcesPlaceholdersResolver
instanceKlass java/util/NavigableSet
instanceKlass java/util/SortedSet
instanceKlass org/springframework/boot/context/properties/bind/PlaceholdersResolver
instanceKlass org/springframework/boot/context/config/ConfigFileApplicationListener$Loader
instanceKlass org/apache/logging/log4j/util/LoaderUtil$ThreadContextClassLoaderGetter
instanceKlass org/apache/logging/log4j/util/LoaderUtil
instanceKlass java/util/Random
instanceKlass org/apache/logging/log4j/util/PropertiesPropertySource
instanceKlass org/apache/logging/log4j/util/BiConsumer
instanceKlass org/apache/logging/log4j/util/PropertiesUtil$Environment
instanceKlass org/apache/logging/log4j/util/PropertySource
instanceKlass org/apache/logging/log4j/util/PropertiesUtil
instanceKlass org/apache/logging/log4j/util/Constants
instanceKlass org/apache/logging/log4j/message/AbstractMessageFactory
instanceKlass org/springframework/boot/env/SpringApplicationJsonEnvironmentPostProcessor$$Lambda$36
instanceKlass java/lang/invoke/LambdaForm$DMH
instanceKlass org/apache/logging/log4j/message/ReusableMessageFactory
instanceKlass org/apache/logging/log4j/MarkerManager$Log4jMarker
instanceKlass org/apache/logging/log4j/util/StringBuilderFormattable
instanceKlass org/apache/logging/log4j/Marker
instanceKlass java/util/stream/Sink$OfInt
instanceKlass java/util/function/IntConsumer
instanceKlass java/util/Spliterators$IntIteratorSpliterator
instanceKlass org/apache/logging/log4j/MarkerManager
instanceKlass java/lang/CharSequence$1CharIterator
instanceKlass java/util/PrimitiveIterator$OfInt
instanceKlass java/util/PrimitiveIterator
instanceKlass java/util/concurrent/locks/ReadWriteLock
instanceKlass java/util/stream/MatchOps$$Lambda$35
instanceKlass java/util/stream/MatchOps$BooleanTerminalSink
instanceKlass java/util/stream/MatchOps$MatchOp
instanceKlass java/util/stream/MatchOps
instanceKlass org/springframework/boot/context/properties/source/SystemEnvironmentPropertyMapper$$Lambda$34
instanceKlass java/util/function/IntPredicate
instanceKlass org/apache/logging/log4j/message/MessageFactory2
instanceKlass java/lang/invoke/LambdaForm$DMH
instanceKlass org/apache/logging/log4j/message/Message
instanceKlass java/util/stream/IntStream
instanceKlass org/apache/logging/log4j/spi/AbstractLogger
instanceKlass java/lang/CharSequence$$Lambda$33
instanceKlass org/apache/logging/log4j/spi/LocationAwareLogger
instanceKlass org/springframework/boot/context/properties/source/SystemEnvironmentPropertyMapper$$Lambda$32
instanceKlass org/apache/logging/log4j/spi/ExtendedLogger
instanceKlass org/springframework/boot/context/properties/source/SystemEnvironmentPropertyMapper
instanceKlass org/apache/logging/log4j/message/MessageFactory
instanceKlass org/springframework/boot/context/properties/source/SpringIterableConfigurationPropertySource$Cache
instanceKlass org/apache/logging/log4j/spi/LoggerContextFactory
instanceKlass org/springframework/boot/context/properties/source/SpringIterableConfigurationPropertySource$CacheKey
instanceKlass org/apache/logging/log4j/LogManager
instanceKlass org/springframework/boot/context/properties/source/DefaultPropertyMapper$LastMapping
instanceKlass org/apache/logging/log4j/Logger
instanceKlass org/springframework/boot/context/properties/source/SpringConfigurationPropertySource$$Lambda$31
instanceKlass org/springframework/boot/context/properties/source/DefaultPropertyMapper
instanceKlass org/springframework/boot/context/properties/source/PropertyMapping
instanceKlass org/springframework/boot/context/properties/source/SpringConfigurationPropertySource$DelegatingPropertyMapper
instanceKlass org/jboss/logging/LoggerProvider
instanceKlass org/jboss/logging/LoggerProviders
instanceKlass org/springframework/boot/context/properties/source/IterableConfigurationPropertySource
instanceKlass org/springframework/boot/context/properties/source/PropertyMapper
instanceKlass org/springframework/boot/context/properties/source/SpringConfigurationPropertySource
instanceKlass org/springframework/boot/context/properties/source/SpringConfigurationPropertySources$$Lambda$30
instanceKlass org/springframework/boot/context/properties/source/SpringConfigurationPropertySources$SourcesIterator
instanceKlass org/springframework/boot/env/SpringApplicationJsonEnvironmentPostProcessor$$Lambda$29
instanceKlass org/springframework/boot/env/SpringApplicationJsonEnvironmentPostProcessor$$Lambda$28
instanceKlass org/jboss/logging/DelegatingBasicLogger
instanceKlass org/springframework/boot/env/SpringApplicationJsonEnvironmentPostProcessor$JsonPropertyValue
instanceKlass java/util/Spliterators$ArraySpliterator
instanceKlass org/springframework/boot/origin/Origin
instanceKlass org/springframework/boot/test/web/SpringBootTestRandomPortEnvironmentPostProcessor
instanceKlass org/springframework/boot/reactor/DebugAgentEnvironmentPostProcessor
instanceKlass org/jboss/logging/SecurityActions
instanceKlass org/springframework/boot/env/SystemEnvironmentPropertySourceEnvironmentPostProcessor
instanceKlass org/jboss/logging/LoggingLocale
instanceKlass org/springframework/boot/env/SpringApplicationJsonEnvironmentPostProcessor
instanceKlass org/jboss/logging/Logger
instanceKlass org/springframework/boot/context/properties/source/ConfigurationPropertySource
instanceKlass org/hibernate/validator/internal/util/logging/Log
instanceKlass org/jboss/logging/BasicLogger
instanceKlass org/springframework/boot/context/properties/source/SpringConfigurationPropertySources
instanceKlass org/springframework/boot/origin/OriginLookup
instanceKlass org/springframework/boot/context/properties/source/ConfigurationPropertySources
instanceKlass org/hibernate/validator/internal/util/logging/LoggerFactory
instanceKlass org/hibernate/validator/internal/util/Version
instanceKlass java/util/concurrent/CopyOnWriteArrayList$COWIterator
instanceKlass org/hibernate/validator/cfg/ConstraintMapping
instanceKlass javax/validation/MessageInterpolator
instanceKlass org/springframework/boot/convert/LenientObjectToEnumConverterFactory
instanceKlass javax/validation/ClockProvider
instanceKlass javax/validation/ParameterNameProvider
instanceKlass org/springframework/core/io/DefaultResourceLoader
instanceKlass javax/validation/ConstraintValidatorFactory
instanceKlass org/hibernate/validator/spi/resourceloading/ResourceBundleLocator
instanceKlass org/springframework/boot/convert/StringToFileConverter
instanceKlass org/hibernate/validator/internal/engine/ConfigurationImpl
instanceKlass org/springframework/boot/convert/NumberToDataSizeConverter
instanceKlass javax/validation/spi/ConfigurationState
instanceKlass org/springframework/util/unit/DataSize
instanceKlass org/hibernate/validator/HibernateValidatorConfiguration
instanceKlass org/springframework/boot/convert/StringToDataSizeConverter
instanceKlass org/springframework/boot/convert/DurationToNumberConverter
instanceKlass org/springframework/boot/convert/NumberToDurationConverter
instanceKlass org/springframework/boot/convert/DurationToStringConverter
instanceKlass javax/validation/ValidatorFactory
instanceKlass javax/validation/Configuration
instanceKlass org/springframework/boot/convert/StringToDurationConverter
instanceKlass org/hibernate/validator/HibernateValidator
instanceKlass org/springframework/boot/convert/DelimitedStringToCollectionConverter
instanceKlass org/springframework/boot/convert/DelimitedStringToArrayConverter
instanceKlass javax/validation/spi/ValidationProvider
instanceKlass org/springframework/boot/convert/CollectionToDelimitedStringConverter
instanceKlass javax/validation/Validation$GetValidationProviderListAction
instanceKlass javax/validation/Validation$DefaultValidationProviderResolver
instanceKlass javax/validation/ValidationProviderResolver
instanceKlass org/springframework/boot/convert/ArrayToDelimitedStringConverter
instanceKlass org/springframework/boot/convert/IsoOffsetFormatter
instanceKlass javax/validation/Validation$GenericBootstrapImpl
instanceKlass javax/validation/spi/BootstrapState
instanceKlass java/net/InetAddress
instanceKlass javax/validation/bootstrap/ProviderSpecificBootstrap
instanceKlass org/springframework/boot/convert/InetAddressFormatter
instanceKlass javax/validation/bootstrap/GenericBootstrap
instanceKlass javax/validation/Validation
instanceKlass java/lang/invoke/LambdaForm$MH
instanceKlass org/springframework/format/support/FormattingConversionService$$Lambda$27
instanceKlass sun/reflect/generics/tree/ArrayTypeSignature
instanceKlass org/springframework/boot/autoconfigure/BackgroundPreinitializer$ValidationInitializer
instanceKlass sun/reflect/generics/tree/CharSignature
instanceKlass org/springframework/boot/convert/CharArrayFormatter
instanceKlass org/springframework/format/datetime/joda/MonthDayFormatter
instanceKlass org/springframework/format/datetime/joda/YearMonthFormatter
instanceKlass org/springframework/format/datetime/joda/DurationFormatter
instanceKlass org/joda/time/base/AbstractDuration
instanceKlass org/joda/time/ReadableDuration
instanceKlass org/springframework/format/datetime/joda/PeriodFormatter
instanceKlass org/joda/time/base/AbstractPeriod
instanceKlass org/joda/time/ReadablePeriod
instanceKlass org/springframework/format/datetime/joda/DateTimeParser
instanceKlass org/springframework/format/datetime/joda/ReadableInstantPrinter
instanceKlass org/springframework/format/datetime/joda/LocalDateTimeParser
instanceKlass org/springframework/format/datetime/joda/LocalTimeParser
instanceKlass org/springframework/format/datetime/joda/LocalDateParser
instanceKlass org/springframework/format/datetime/joda/ReadablePartialPrinter
instanceKlass org/joda/time/format/DateTimeFormatter
instanceKlass org/joda/time/format/DateTimeFormat$StyleFormatter
instanceKlass java/util/concurrent/atomic/AtomicReferenceArray
instanceKlass org/joda/time/format/InternalParser
instanceKlass org/joda/time/format/InternalPrinter
instanceKlass org/joda/time/format/DateTimeFormat
instanceKlass org/springframework/format/datetime/joda/JodaTimeFormatterRegistrar$1
instanceKlass org/springframework/format/datetime/joda/JodaTimeConverters$LocalDateTimeToLocalTimeConverter
instanceKlass org/springframework/format/datetime/joda/JodaTimeConverters$LocalDateTimeToLocalDateConverter
instanceKlass org/springframework/format/datetime/joda/JodaTimeConverters$LongToReadableInstantConverter
instanceKlass org/springframework/format/datetime/joda/JodaTimeConverters$CalendarToReadableInstantConverter
instanceKlass org/springframework/format/datetime/joda/JodaTimeConverters$DateToReadableInstantConverter
instanceKlass org/springframework/format/datetime/joda/JodaTimeConverters$DateTimeToLongConverter
instanceKlass org/springframework/format/datetime/joda/JodaTimeConverters$DateTimeToCalendarConverter
instanceKlass org/springframework/format/datetime/joda/JodaTimeConverters$DateTimeToDateConverter
instanceKlass org/springframework/format/datetime/joda/JodaTimeConverters$DateTimeToInstantConverter
instanceKlass org/joda/time/ReadWritableDateTime
instanceKlass org/joda/time/ReadWritableInstant
instanceKlass org/springframework/format/datetime/joda/JodaTimeConverters$DateTimeToMutableDateTimeConverter
instanceKlass org/springframework/format/datetime/joda/JodaTimeConverters$DateTimeToDateMidnightConverter
instanceKlass org/springframework/format/datetime/joda/JodaTimeConverters$DateTimeToLocalDateTimeConverter
instanceKlass org/springframework/format/datetime/joda/JodaTimeConverters$DateTimeToLocalTimeConverter
instanceKlass org/joda/time/base/AbstractInstant
instanceKlass org/joda/time/ReadableDateTime
instanceKlass org/joda/time/ReadableInstant
instanceKlass org/springframework/format/datetime/joda/JodaTimeConverters$DateTimeToLocalDateConverter
instanceKlass org/springframework/format/datetime/joda/JodaTimeConverters
instanceKlass org/springframework/format/datetime/joda/DateTimeFormatterFactory
instanceKlass org/springframework/format/datetime/joda/JodaTimeFormatterRegistrar
instanceKlass org/springframework/format/annotation/DateTimeFormat
instanceKlass org/springframework/format/datetime/standard/MonthDayFormatter
instanceKlass java/time/MonthDay
instanceKlass org/springframework/format/datetime/standard/YearMonthFormatter
instanceKlass java/time/YearMonth
instanceKlass org/springframework/format/datetime/standard/MonthFormatter
instanceKlass org/springframework/format/datetime/standard/YearFormatter
instanceKlass java/time/Year
instanceKlass org/springframework/format/datetime/standard/DurationFormatter
instanceKlass org/springframework/format/datetime/standard/PeriodFormatter
instanceKlass org/springframework/format/datetime/standard/InstantFormatter
instanceKlass java/time/OffsetTime
instanceKlass org/springframework/format/support/FormattingConversionService$ParserConverter
instanceKlass org/springframework/format/support/FormattingConversionService$PrinterConverter
instanceKlass org/springframework/format/datetime/standard/TemporalAccessorParser
instanceKlass org/springframework/format/datetime/standard/TemporalAccessorPrinter
instanceKlass java/time/format/DateTimeFormatterBuilder$LocalizedPrinterParser
instanceKlass java/time/format/DateTimeFormatter$$Lambda$26
instanceKlass java/time/format/DateTimeFormatter$$Lambda$25
instanceKlass java/time/Period
instanceKlass java/time/chrono/ChronoPeriod
instanceKlass java/time/format/DateTimeFormatterBuilder$TextPrinterParser
instanceKlass java/time/format/DateTimeTextProvider$1
instanceKlass java/time/format/DateTimeTextProvider
instanceKlass java/util/AbstractMap$SimpleImmutableEntry
instanceKlass java/time/format/DateTimeTextProvider$LocaleStore
instanceKlass java/time/format/DateTimeFormatterBuilder$InstantPrinterParser
instanceKlass java/time/format/DateTimeFormatterBuilder$StringLiteralPrinterParser
instanceKlass java/time/format/DateTimeFormatterBuilder$ZoneIdPrinterParser
instanceKlass java/time/format/DateTimeFormatterBuilder$FractionPrinterParser
instanceKlass java/time/format/DateTimeFormatterBuilder$OffsetIdPrinterParser
instanceKlass java/time/format/DecimalStyle
instanceKlass java/time/format/DateTimeFormatterBuilder$CompositePrinterParser
instanceKlass java/time/chrono/AbstractChronology$$Lambda$24
instanceKlass java/time/chrono/AbstractChronology$$Lambda$23
instanceKlass java/time/chrono/AbstractChronology$$Lambda$22
instanceKlass java/lang/invoke/LambdaForm$BMH
instanceKlass java/lang/invoke/LambdaForm$MH
instanceKlass java/lang/invoke/LambdaForm$BMH
instanceKlass java/lang/invoke/LambdaForm$BMH
instanceKlass java/time/chrono/AbstractChronology
instanceKlass java/time/chrono/Chronology
instanceKlass java/time/format/DateTimeFormatterBuilder$CharLiteralPrinterParser
instanceKlass java/time/format/DateTimeFormatterBuilder$NumberPrinterParser
instanceKlass java/time/format/DateTimeFormatterBuilder$DateTimePrinterParser
instanceKlass java/time/format/DateTimeFormatterBuilder$2
instanceKlass java/time/temporal/IsoFields
instanceKlass java/time/temporal/ValueRange
instanceKlass java/time/Duration
instanceKlass java/time/temporal/TemporalAmount
instanceKlass java/time/temporal/TemporalUnit
instanceKlass java/time/temporal/TemporalField
instanceKlass java/time/format/DateTimeFormatterBuilder$$Lambda$21
instanceKlass java/time/temporal/TemporalQuery
instanceKlass java/lang/invoke/LambdaForm$DMH
instanceKlass java/time/format/DateTimeFormatterBuilder
instanceKlass java/time/format/DateTimeFormatter
instanceKlass org/springframework/format/datetime/standard/DateTimeFormatterRegistrar$1
instanceKlass org/springframework/format/datetime/standard/DateTimeConverters$InstantToLongConverter
instanceKlass org/springframework/format/datetime/standard/DateTimeConverters$LongToInstantConverter
instanceKlass org/springframework/format/datetime/standard/DateTimeConverters$CalendarToInstantConverter
instanceKlass org/springframework/format/datetime/standard/DateTimeConverters$CalendarToLocalDateTimeConverter
instanceKlass org/springframework/format/datetime/standard/DateTimeConverters$CalendarToLocalTimeConverter
instanceKlass org/springframework/format/datetime/standard/DateTimeConverters$CalendarToLocalDateConverter
instanceKlass org/springframework/format/datetime/standard/DateTimeConverters$CalendarToOffsetDateTimeConverter
instanceKlass org/springframework/format/datetime/standard/DateTimeConverters$CalendarToZonedDateTimeConverter
instanceKlass org/springframework/format/datetime/standard/DateTimeConverters$OffsetDateTimeToInstantConverter
instanceKlass org/springframework/format/datetime/standard/DateTimeConverters$OffsetDateTimeToZonedDateTimeConverter
instanceKlass org/springframework/format/datetime/standard/DateTimeConverters$OffsetDateTimeToLocalDateTimeConverter
instanceKlass org/springframework/format/datetime/standard/DateTimeConverters$OffsetDateTimeToLocalTimeConverter
instanceKlass org/springframework/format/datetime/standard/DateTimeConverters$OffsetDateTimeToLocalDateConverter
instanceKlass java/time/Instant
instanceKlass org/springframework/format/datetime/standard/DateTimeConverters$ZonedDateTimeToInstantConverter
instanceKlass java/time/OffsetDateTime
instanceKlass org/springframework/format/datetime/standard/DateTimeConverters$ZonedDateTimeToOffsetDateTimeConverter
instanceKlass org/springframework/format/datetime/standard/DateTimeConverters$ZonedDateTimeToLocalDateTimeConverter
instanceKlass org/springframework/format/datetime/standard/DateTimeConverters$ZonedDateTimeToLocalTimeConverter
instanceKlass org/springframework/format/datetime/standard/DateTimeConverters$ZonedDateTimeToLocalDateConverter
instanceKlass java/time/LocalTime
instanceKlass org/springframework/format/datetime/standard/DateTimeConverters$LocalDateTimeToLocalTimeConverter
instanceKlass java/time/LocalDate
instanceKlass java/time/chrono/ChronoLocalDate
instanceKlass java/time/LocalDateTime
instanceKlass java/time/chrono/ChronoLocalDateTime
instanceKlass java/time/temporal/TemporalAdjuster
instanceKlass org/springframework/format/datetime/standard/DateTimeConverters$LocalDateTimeToLocalDateConverter
instanceKlass org/springframework/format/datetime/DateFormatterRegistrar$LongToCalendarConverter
instanceKlass org/springframework/format/datetime/DateFormatterRegistrar$LongToDateConverter
instanceKlass org/springframework/format/datetime/DateFormatterRegistrar$CalendarToLongConverter
instanceKlass org/springframework/format/datetime/DateFormatterRegistrar$CalendarToDateConverter
instanceKlass org/springframework/format/datetime/DateFormatterRegistrar$DateToCalendarConverter
instanceKlass org/springframework/format/datetime/DateFormatterRegistrar$DateToLongConverter
instanceKlass org/springframework/format/datetime/DateFormatterRegistrar
instanceKlass org/springframework/format/datetime/standard/DateTimeConverters
instanceKlass org/springframework/format/datetime/standard/DateTimeFormatterFactory
instanceKlass org/springframework/format/datetime/standard/DateTimeFormatterRegistrar
instanceKlass org/springframework/format/FormatterRegistrar
instanceKlass org/springframework/format/support/FormattingConversionService$AnnotationParserConverter
instanceKlass org/springframework/format/support/FormattingConversionService$AnnotationPrinterConverter
instanceKlass org/springframework/util/NumberUtils
instanceKlass org/springframework/core/GenericTypeResolver$$Lambda$19
instanceKlass org/springframework/format/annotation/NumberFormat
instanceKlass org/springframework/core/GenericTypeResolver
instanceKlass org/springframework/context/support/EmbeddedValueResolutionSupport
instanceKlass org/springframework/core/convert/support/ObjectToOptionalConverter
instanceKlass org/springframework/core/convert/support/FallbackObjectToStringConverter
instanceKlass org/springframework/core/convert/support/IdToEntityConverter
instanceKlass org/springframework/core/convert/support/ObjectToObjectConverter
instanceKlass java/time/ZonedDateTime
instanceKlass java/time/chrono/ChronoZonedDateTime
instanceKlass java/time/temporal/Temporal
instanceKlass java/time/temporal/TemporalAccessor
instanceKlass org/springframework/core/convert/support/ZonedDateTimeToCalendarConverter
instanceKlass java/time/ZoneId
instanceKlass org/springframework/core/convert/support/ZoneIdToTimeZoneConverter
instanceKlass org/springframework/core/convert/support/StringToTimeZoneConverter
instanceKlass org/springframework/core/convert/support/ByteBufferConverter
instanceKlass org/springframework/core/convert/TypeDescriptor$AnnotatedElementAdapter
instanceKlass org/springframework/core/convert/TypeDescriptor
instanceKlass org/springframework/core/convert/support/StreamConverter
instanceKlass org/springframework/core/convert/support/ObjectToCollectionConverter
instanceKlass org/springframework/core/convert/support/CollectionToObjectConverter
instanceKlass org/springframework/core/convert/support/StringToCollectionConverter
instanceKlass org/springframework/core/convert/support/ObjectToArrayConverter
instanceKlass org/springframework/core/convert/support/ArrayToObjectConverter
instanceKlass org/springframework/core/convert/support/StringToArrayConverter
instanceKlass org/springframework/core/convert/support/CollectionToStringConverter
instanceKlass org/springframework/core/convert/support/ArrayToStringConverter
instanceKlass org/springframework/core/convert/support/MapToMapConverter
instanceKlass org/springframework/core/convert/support/CollectionToCollectionConverter
instanceKlass org/springframework/core/convert/support/ArrayToArrayConverter
instanceKlass org/springframework/core/convert/support/CollectionToArrayConverter
instanceKlass org/springframework/core/convert/support/ArrayToCollectionConverter
instanceKlass java/util/UUID
instanceKlass org/springframework/core/convert/support/StringToUUIDConverter
instanceKlass org/springframework/core/convert/support/PropertiesToStringConverter
instanceKlass org/springframework/core/convert/support/StringToPropertiesConverter
instanceKlass org/springframework/core/convert/support/StringToCurrencyConverter
instanceKlass sun/nio/ch/Interruptible
instanceKlass java/util/concurrent/locks/LockSupport
instanceKlass org/springframework/core/convert/support/StringToCharsetConverter
instanceKlass org/springframework/core/convert/support/StringToLocaleConverter
instanceKlass org/springframework/core/convert/support/IntegerToEnumConverterFactory
instanceKlass sun/reflect/generics/tree/Wildcard
instanceKlass sun/reflect/generics/tree/BottomSignature
instanceKlass org/springframework/core/convert/support/AbstractConditionalEnumConverter
instanceKlass java/util/TreeMap$Entry
instanceKlass java/lang/ProcessEnvironment$CheckedEntry
instanceKlass java/lang/ProcessEnvironment$CheckedEntrySet$1
instanceKlass org/springframework/core/convert/support/StringToEnumConverterFactory
instanceKlass org/springframework/core/convert/support/StringToBooleanConverter
instanceKlass org/springframework/core/convert/support/CharacterToNumberFactory
instanceKlass java/util/NavigableMap
instanceKlass java/util/SortedMap
instanceKlass org/springframework/core/convert/support/NumberToCharacterConverter
instanceKlass java/lang/ProcessEnvironment$EntryComparator
instanceKlass java/lang/ProcessEnvironment$NameComparator
instanceKlass org/springframework/core/convert/support/StringToCharacterConverter
instanceKlass org/springframework/core/convert/support/GenericConversionService$ConverterAdapter
instanceKlass org/springframework/core/convert/support/ObjectToStringConverter
instanceKlass javax/naming/spi/NamingManager
instanceKlass org/springframework/core/convert/support/StringToNumberConverterFactory
instanceKlass org/springframework/core/convert/support/GenericConversionService$Converters$$Lambda$18
instanceKlass com/sun/naming/internal/VersionHelper12$5
instanceKlass org/springframework/core/convert/support/GenericConversionService$ConvertersForPair
instanceKlass com/sun/naming/internal/VersionHelper12$InputStreamEnumeration$1
instanceKlass com/sun/naming/internal/VersionHelper12$InputStreamEnumeration
instanceKlass javax/naming/NamingEnumeration
instanceKlass org/springframework/core/convert/converter/GenericConverter$ConvertiblePair
instanceKlass com/sun/naming/internal/VersionHelper12$6
instanceKlass com/sun/naming/internal/VersionHelper12$7
instanceKlass org/springframework/core/convert/support/GenericConversionService$ConverterFactoryAdapter
instanceKlass com/sun/naming/internal/VersionHelper12$3
instanceKlass org/springframework/core/convert/converter/ConditionalGenericConverter
instanceKlass com/sun/naming/internal/VersionHelper12$1
instanceKlass com/sun/naming/internal/VersionHelper
instanceKlass com/sun/naming/internal/ResourceManager
instanceKlass org/springframework/core/convert/support/NumberToNumberConverterFactory
instanceKlass org/springframework/core/convert/converter/ConditionalConverter
instanceKlass org/springframework/core/convert/converter/ConverterFactory
instanceKlass javax/naming/InitialContext
instanceKlass javax/naming/Context
instanceKlass org/springframework/core/convert/converter/Converter
instanceKlass org/springframework/core/SpringProperties
instanceKlass org/springframework/core/convert/support/GenericConversionService$Converters
instanceKlass org/springframework/jndi/JndiAccessor
instanceKlass org/joda/time/base/AbstractPartial
instanceKlass org/joda/time/ReadablePartial
instanceKlass org/springframework/core/env/AbstractPropertyResolver
instanceKlass org/springframework/core/convert/support/GenericConversionService$NoOpConverter
instanceKlass org/springframework/core/env/MutablePropertySources
instanceKlass org/springframework/format/Formatter
instanceKlass org/springframework/format/AnnotationFormatterFactory
instanceKlass java/util/Collections$1
instanceKlass org/springframework/format/Parser
instanceKlass org/springframework/format/Printer
instanceKlass org/springframework/core/env/PropertySources
instanceKlass org/springframework/core/env/AbstractEnvironment
instanceKlass org/springframework/core/convert/converter/GenericConverter
instanceKlass org/springframework/core/convert/support/GenericConversionService
instanceKlass org/springframework/core/convert/support/ConfigurableConversionService
instanceKlass org/springframework/core/convert/ConversionService
instanceKlass org/springframework/web/context/ConfigurableWebEnvironment
instanceKlass org/springframework/boot/SpringApplication$1
instanceKlass org/springframework/core/env/CommandLineArgs
instanceKlass org/springframework/context/EmbeddedValueResolverAware
instanceKlass org/springframework/core/env/SimpleCommandLineArgsParser
instanceKlass org/springframework/format/FormatterRegistry
instanceKlass org/springframework/core/convert/converter/ConverterRegistry
instanceKlass org/springframework/boot/DefaultApplicationArguments
instanceKlass org/springframework/boot/autoconfigure/BackgroundPreinitializer$ConversionServiceInitializer
instanceKlass org/springframework/boot/autoconfigure/BackgroundPreinitializer$1
instanceKlass sun/util/logging/LoggingSupport$2
instanceKlass java/util/logging/Formatter
instanceKlass java/util/logging/ErrorManager
instanceKlass java/util/logging/LogManager$5
instanceKlass java/util/logging/LoggingProxyImpl
instanceKlass sun/util/logging/LoggingProxy
instanceKlass sun/util/logging/LoggingSupport$1
instanceKlass sun/util/logging/LoggingSupport
instanceKlass sun/util/logging/PlatformLogger$LoggerProxy
instanceKlass sun/util/logging/PlatformLogger$1
instanceKlass sun/util/logging/PlatformLogger
instanceKlass java/util/logging/LogManager$LoggerContext$1
instanceKlass java/util/logging/Logger$LoggerBundle
instanceKlass java/util/logging/Logger
instanceKlass java/util/logging/LogManager$3
instanceKlass java/util/logging/LogManager$2
instanceKlass java/lang/Shutdown$Lock
instanceKlass java/lang/Shutdown
instanceKlass java/lang/ApplicationShutdownHooks$1
instanceKlass java/lang/ApplicationShutdownHooks
instanceKlass java/util/logging/LogManager$LogNode
instanceKlass java/util/logging/LogManager$LoggerContext
instanceKlass java/util/logging/LogManager$1
instanceKlass java/util/logging/Level$KnownLevel
instanceKlass java/util/logging/Level
instanceKlass java/util/logging/LogManager
instanceKlass java/util/logging/Handler
instanceKlass java/util/Formattable
instanceKlass java/util/Formatter$Conversion
instanceKlass java/util/Formatter$Flags
instanceKlass java/util/Formatter$FormatSpecifier
instanceKlass java/util/Formatter$FixedString
instanceKlass java/util/Formatter$FormatString
instanceKlass java/util/regex/ASCII
instanceKlass java/util/regex/Matcher
instanceKlass java/util/regex/MatchResult
instanceKlass java/util/regex/Pattern$TreeInfo
instanceKlass java/util/regex/Pattern$Node
instanceKlass java/util/regex/Pattern
instanceKlass java/util/Formatter
instanceKlass org/springframework/boot/logging/LoggingSystem$$Lambda$17
instanceKlass org/springframework/boot/logging/AbstractLoggingSystem$LogLevels
instanceKlass org/springframework/boot/logging/LoggerConfigurationComparator
instanceKlass org/springframework/boot/logging/logback/LogbackConfigurator
instanceKlass ch/qos/logback/classic/spi/LoggerContextListener
instanceKlass java/util/Collections$UnmodifiableMap$UnmodifiableEntrySet$UnmodifiableEntry
instanceKlass java/util/Collections$UnmodifiableMap$UnmodifiableEntrySet$$Lambda$16
instanceKlass java/util/stream/Sink$ChainedReference
instanceKlass java/util/stream/FindOps$$Lambda$15
instanceKlass java/lang/invoke/LambdaForm$DMH
instanceKlass java/util/stream/FindOps$FindSink
instanceKlass java/util/stream/TerminalSink
instanceKlass java/util/stream/Sink
instanceKlass java/util/stream/FindOps$$Lambda$14
instanceKlass java/lang/invoke/LambdaForm$DMH
instanceKlass java/util/stream/FindOps$FindOp
instanceKlass java/util/stream/TerminalOp
instanceKlass java/util/stream/FindOps
instanceKlass org/springframework/boot/logging/LoggingSystem$$Lambda$13
instanceKlass org/springframework/boot/logging/LoggingSystem$$Lambda$12
instanceKlass java/util/function/Predicate
instanceKlass java/util/EnumMap$1
instanceKlass java/util/stream/StreamOpFlag$MaskBuilder
instanceKlass java/util/stream/PipelineHelper
instanceKlass java/util/stream/Stream
instanceKlass java/util/stream/BaseStream
instanceKlass java/util/stream/StreamSupport
instanceKlass java/util/Spliterators$IteratorSpliterator
instanceKlass java/util/Spliterator$OfDouble
instanceKlass java/util/Spliterator$OfLong
instanceKlass java/util/Spliterator$OfInt
instanceKlass java/util/Spliterator$OfPrimitive
instanceKlass java/util/Spliterators$EmptySpliterator
instanceKlass java/util/Spliterators
instanceKlass java/util/Collections$UnmodifiableMap$UnmodifiableEntrySet$UnmodifiableEntrySetSpliterator
instanceKlass org/springframework/boot/logging/LoggingSystem
instanceKlass org/springframework/aop/SpringProxy
instanceKlass org/springframework/aop/support/AopUtils
instanceKlass org/springframework/core/ResolvableType$WildcardBounds
instanceKlass org/springframework/context/event/GenericApplicationListenerAdapter
instanceKlass org/springframework/context/event/AbstractApplicationEventMulticaster$ListenerCacheKey
instanceKlass org/springframework/core/ResolvableTypeProvider
instanceKlass org/springframework/aop/framework/Advised
instanceKlass org/springframework/aop/TargetClassAware
instanceKlass org/springframework/aop/framework/AopProxyUtils
instanceKlass org/springframework/context/event/AbstractApplicationEventMulticaster$ListenerRetriever
instanceKlass org/springframework/context/event/AbstractApplicationEventMulticaster
instanceKlass org/springframework/beans/factory/BeanFactoryAware
instanceKlass org/springframework/beans/factory/BeanClassLoaderAware
instanceKlass org/springframework/context/event/ApplicationEventMulticaster
instanceKlass org/springframework/util/ErrorHandler
instanceKlass org/springframework/boot/context/event/EventPublishingRunListener
instanceKlass org/springframework/boot/SpringApplicationRunListener
instanceKlass org/springframework/boot/SpringApplicationRunListeners
instanceKlass org/springframework/util/StopWatch
instanceKlass org/springframework/core/annotation/TypeMappedAnnotation$$Lambda$11
instanceKlass org/springframework/core/annotation/ValueExtractor
instanceKlass org/springframework/core/annotation/AnnotationTypeMappings$$Lambda$10
instanceKlass java/util/function/Consumer
instanceKlass java/lang/invoke/LambdaForm$DMH
instanceKlass org/springframework/core/annotation/AliasFor
instanceKlass org/springframework/core/annotation/AnnotationTypeMapping$MirrorSets
instanceKlass org/springframework/core/annotation/AnnotationTypeMapping$MirrorSets$MirrorSet
instanceKlass org/springframework/core/annotation/AnnotationTypeMapping
instanceKlass org/springframework/core/annotation/AnnotationTypeMappings$Cache$$Lambda$9
instanceKlass java/lang/invoke/LambdaForm$MH
instanceKlass org/springframework/core/annotation/AnnotationTypeMappings$$Lambda$8
instanceKlass org/springframework/core/annotation/AnnotationTypeMappings$Cache
instanceKlass org/springframework/core/annotation/AnnotationTypeMappings
instanceKlass org/springframework/core/annotation/RepeatableContainers$StandardRepeatableContainers$$Lambda$7
instanceKlass org/springframework/core/annotation/AttributeMethods$$Lambda$6
instanceKlass org/springframework/core/annotation/AttributeMethods$$Lambda$5
instanceKlass java/lang/invoke/LambdaForm$DMH
instanceKlass java/lang/invoke/LambdaForm$DMH
instanceKlass org/springframework/core/annotation/AttributeMethods
instanceKlass java/util/concurrent/CountDownLatch
instanceKlass org/springframework/boot/autoconfigure/BackgroundPreinitializer
instanceKlass org/springframework/boot/liquibase/LiquibaseServiceLocatorApplicationListener
instanceKlass org/springframework/core/ResolvableType$DefaultVariableResolver
instanceKlass sun/reflect/generics/reflectiveObjects/ParameterizedTypeImpl
instanceKlass org/springframework/boot/context/properties/source/ConfigurationPropertyName$ElementsParser
instanceKlass org/springframework/boot/context/properties/source/ConfigurationPropertyName$Elements
instanceKlass org/springframework/boot/context/properties/source/ConfigurationPropertyName
instanceKlass org/springframework/boot/context/logging/LoggingApplicationListener
instanceKlass org/springframework/boot/context/logging/ClasspathLoggingApplicationListener
instanceKlass org/springframework/context/event/GenericApplicationListener
instanceKlass org/springframework/boot/context/config/DelegatingApplicationListener
instanceKlass org/springframework/core/ResolvableType$TypeVariablesVariableResolver
instanceKlass org/springframework/core/ResolvableType$SyntheticParameterizedType
instanceKlass org/springframework/core/SerializableTypeWrapper$SerializableTypeProxy
instanceKlass java/lang/reflect/WildcardType
instanceKlass java/lang/reflect/ParameterizedType
instanceKlass org/springframework/core/SerializableTypeWrapper
instanceKlass sun/reflect/generics/reflectiveObjects/LazyReflectiveObjectGenerator
instanceKlass java/lang/reflect/TypeVariable
instanceKlass sun/reflect/generics/tree/TypeVariableSignature
instanceKlass sun/reflect/generics/tree/ClassSignature
instanceKlass sun/reflect/generics/tree/Signature
instanceKlass sun/reflect/generics/tree/FormalTypeParameter
instanceKlass org/springframework/core/ResolvableType$EmptyType
instanceKlass org/springframework/core/ResolvableType$VariableResolver
instanceKlass org/springframework/core/SerializableTypeWrapper$TypeProvider
instanceKlass org/springframework/core/ResolvableType
instanceKlass org/springframework/boot/context/properties/bind/Bindable
instanceKlass org/springframework/boot/context/config/ConfigFileApplicationListener
instanceKlass org/springframework/context/event/SmartApplicationListener
instanceKlass org/springframework/boot/context/config/AnsiOutputApplicationListener
instanceKlass org/springframework/boot/context/FileEncodingApplicationListener
instanceKlass org/springframework/boot/logging/DeferredLog
instanceKlass org/springframework/boot/cloud/CloudFoundryVcapEnvironmentPostProcessor
instanceKlass org/springframework/boot/env/EnvironmentPostProcessor
instanceKlass org/springframework/boot/builder/ParentContextCloserApplicationListener
instanceKlass org/springframework/context/ApplicationContextAware
instanceKlass org/springframework/beans/factory/Aware
instanceKlass org/springframework/boot/ClearCachesApplicationListener
instanceKlass java/lang/annotation/Target
instanceKlass java/lang/reflect/WeakCache$Value
instanceKlass sun/misc/ProxyGenerator$ExceptionTableEntry
instanceKlass sun/misc/ProxyGenerator$PrimitiveTypeInfo
instanceKlass sun/misc/ProxyGenerator$FieldInfo
instanceKlass java/io/DataOutput
instanceKlass sun/misc/ProxyGenerator$ConstantPool$Entry
instanceKlass sun/misc/ProxyGenerator$MethodInfo
instanceKlass sun/misc/ProxyGenerator$ProxyMethod
instanceKlass sun/misc/ProxyGenerator$ConstantPool
instanceKlass sun/misc/ProxyGenerator
instanceKlass java/lang/reflect/WeakCache$Factory
instanceKlass java/util/function/Supplier
instanceKlass java/lang/reflect/Proxy$ProxyClassFactory
instanceKlass java/lang/reflect/Proxy$KeyFactory
instanceKlass java/util/function/BiFunction
instanceKlass java/lang/reflect/WeakCache
instanceKlass java/lang/reflect/Proxy
instanceKlass sun/reflect/annotation/AnnotationInvocationHandler
instanceKlass java/lang/reflect/InvocationHandler
instanceKlass sun/reflect/annotation/AnnotationParser$1
instanceKlass sun/reflect/annotation/ExceptionProxy
instanceKlass java/lang/annotation/Documented
instanceKlass java/lang/annotation/Inherited
instanceKlass java/lang/annotation/Retention
instanceKlass sun/reflect/annotation/AnnotationType$1
instanceKlass java/lang/reflect/GenericArrayType
instanceKlass java/lang/FunctionalInterface
instanceKlass sun/reflect/generics/visitor/Reifier
instanceKlass sun/reflect/generics/visitor/TypeTreeVisitor
instanceKlass sun/reflect/generics/factory/CoreReflectionFactory
instanceKlass sun/reflect/generics/factory/GenericsFactory
instanceKlass sun/reflect/generics/scope/AbstractScope
instanceKlass sun/reflect/generics/scope/Scope
instanceKlass sun/reflect/generics/tree/ClassTypeSignature
instanceKlass sun/reflect/generics/tree/SimpleClassTypeSignature
instanceKlass sun/reflect/generics/tree/FieldTypeSignature
instanceKlass sun/reflect/generics/tree/BaseType
instanceKlass sun/reflect/generics/tree/TypeSignature
instanceKlass sun/reflect/generics/tree/ReturnType
instanceKlass sun/reflect/generics/tree/TypeArgument
instanceKlass sun/reflect/generics/tree/TypeTree
instanceKlass sun/reflect/generics/tree/Tree
instanceKlass sun/reflect/generics/parser/SignatureParser
instanceKlass org/springframework/util/ObjectUtils
instanceKlass org/springframework/core/DecoratingProxy
instanceKlass org/springframework/core/annotation/AbstractMergedAnnotation
instanceKlass sun/reflect/annotation/AnnotationParser
instanceKlass org/springframework/core/annotation/AnnotationsScanner$1
instanceKlass org/springframework/core/annotation/MergedAnnotationSelectors$FirstDirectlyDeclared
instanceKlass org/springframework/core/annotation/MergedAnnotationSelectors$Nearest
instanceKlass org/springframework/core/annotation/MergedAnnotationSelector
instanceKlass org/springframework/core/annotation/MergedAnnotationSelectors
instanceKlass org/springframework/core/annotation/MergedAnnotation
instanceKlass org/springframework/core/annotation/TypeMappedAnnotations$MergedAnnotationFinder
instanceKlass org/springframework/core/annotation/Order
instanceKlass org/springframework/core/annotation/OrderUtils
instanceKlass org/springframework/core/annotation/AnnotationsScanner
instanceKlass java/util/Spliterator
instanceKlass org/springframework/core/annotation/AnnotationsProcessor
instanceKlass org/springframework/core/annotation/TypeMappedAnnotations
instanceKlass org/springframework/core/annotation/AnnotationFilter$2
instanceKlass org/springframework/core/annotation/AnnotationFilter$1
instanceKlass java/util/ComparableTimSort
instanceKlass org/springframework/core/annotation/PackagesAnnotationFilter
instanceKlass org/springframework/core/annotation/AnnotationFilter
instanceKlass org/springframework/core/annotation/RepeatableContainers
instanceKlass org/springframework/core/annotation/MergedAnnotations
instanceKlass org/springframework/core/PriorityOrdered
instanceKlass java/util/TimSort
instanceKlass java/util/Arrays$LegacyMergeSort
instanceKlass org/springframework/core/OrderComparator
instanceKlass org/springframework/boot/autoconfigure/logging/ConditionEvaluationReportLoggingListener
instanceKlass org/springframework/boot/autoconfigure/SharedMetadataReaderFactoryContextInitializer
instanceKlass org/springframework/boot/web/context/ServerPortInfoApplicationContextInitializer
instanceKlass org/springframework/context/ApplicationListener
instanceKlass java/util/EventListener
instanceKlass org/springframework/boot/rsocket/context/RSocketPortInfoApplicationContextInitializer
instanceKlass org/springframework/boot/context/config/DelegatingApplicationContextInitializer
instanceKlass org/springframework/boot/context/ContextIdApplicationContextInitializer
instanceKlass org/springframework/core/Ordered
instanceKlass org/springframework/core/KotlinDetector
instanceKlass org/springframework/util/ReflectionUtils$$Lambda$4
instanceKlass org/springframework/util/ReflectionUtils$FieldFilter
instanceKlass org/springframework/util/ReflectionUtils$$Lambda$3
instanceKlass org/springframework/util/ReflectionUtils$MethodFilter
instanceKlass java/lang/invoke/LambdaForm$DMH
instanceKlass java/lang/invoke/LambdaForm$DMH
instanceKlass org/springframework/util/ReflectionUtils
instanceKlass java/util/Collections$UnmodifiableMap
instanceKlass org/springframework/beans/BeanUtils
instanceKlass org/springframework/boot/context/ConfigurationWarningsApplicationContextInitializer
instanceKlass java/util/LinkedList$ListItr
instanceKlass org/springframework/util/ConcurrentReferenceHashMap$Entry
instanceKlass java/lang/invoke/LambdaForm$MH
instanceKlass java/lang/invoke/LambdaForm$DMH
instanceKlass java/lang/invoke/LambdaForm$DMH
instanceKlass org/springframework/util/ConcurrentReferenceHashMap$Segment$$Lambda$2
instanceKlass org/springframework/util/ConcurrentReferenceHashMap$Entries
instanceKlass java/lang/invoke/LambdaForm$DMH
instanceKlass java/lang/Class$4
instanceKlass java/util/zip/ZipFile$ZipEntryIterator
instanceKlass java/util/jar/JarFile$JarEntryIterator
instanceKlass java/lang/invoke/LambdaForm$MH
instanceKlass java/lang/invoke/LambdaForm$MH
instanceKlass java/lang/invoke/InnerClassLambdaMetafactory$1
instanceKlass org/springframework/util/LinkedMultiValueMap$$Lambda$1
instanceKlass java/lang/invoke/InfoFromMemberName
instanceKlass java/lang/invoke/MethodHandleInfo
instanceKlass java/security/AccessController$1
instanceKlass java/lang/invoke/AbstractValidatingLambdaMetafactory
instanceKlass java/lang/invoke/LambdaForm$BMH
instanceKlass java/lang/invoke/LambdaForm$BMH
instanceKlass java/lang/invoke/LambdaForm$BMH
instanceKlass java/lang/invoke/LambdaForm$BMH
instanceKlass sun/reflect/UnsafeFieldAccessorFactory
instanceKlass jdk/internal/org/objectweb/asm/FieldVisitor
instanceKlass java/lang/invoke/BoundMethodHandle$Factory$1
instanceKlass java/lang/invoke/BoundMethodHandle$SpeciesData$1
instanceKlass java/lang/invoke/LambdaForm$BMH
instanceKlass java/lang/invoke/LambdaForm$MH
instanceKlass java/lang/invoke/LambdaForm$BMH
instanceKlass java/lang/invoke/LambdaForm$MH
instanceKlass java/lang/invoke/LambdaForm$DMH
instanceKlass java/lang/invoke/LambdaForm$DMH
instanceKlass java/lang/invoke/LambdaForm$BMH
instanceKlass java/lang/invoke/LambdaForm$BMH
instanceKlass java/lang/invoke/LambdaForm$MH
instanceKlass java/lang/invoke/LambdaFormBuffer
instanceKlass java/lang/invoke/LambdaFormEditor
instanceKlass java/lang/invoke/LambdaForm$BMH
instanceKlass java/lang/invoke/LambdaForm$DMH
instanceKlass java/lang/invoke/LambdaForm$DMH
instanceKlass java/lang/invoke/LambdaForm$DMH
instanceKlass java/lang/invoke/LambdaForm$DMH
instanceKlass java/lang/invoke/LambdaForm$MH
instanceKlass java/lang/invoke/LambdaForm$DMH
instanceKlass java/lang/invoke/LambdaForm$DMH
instanceKlass java/lang/invoke/LambdaForm$MH
instanceKlass java/lang/invoke/LambdaForm$DMH
instanceKlass java/lang/invoke/LambdaForm$DMH
instanceKlass java/lang/invoke/LambdaForm$MH
instanceKlass java/lang/invoke/LambdaForm$DMH
instanceKlass java/lang/invoke/LambdaForm$DMH
instanceKlass java/lang/invoke/LambdaForm$MH
instanceKlass java/lang/invoke/LambdaForm$DMH
instanceKlass java/lang/invoke/LambdaForm$DMH
instanceKlass java/lang/invoke/LambdaForm$MH
instanceKlass java/lang/invoke/LambdaForm$DMH
instanceKlass java/lang/invoke/LambdaForm$MH
instanceKlass java/lang/invoke/LambdaForm$DMH
instanceKlass java/lang/invoke/LambdaForm$DMH
instanceKlass java/lang/invoke/LambdaForm$MH
instanceKlass java/lang/invoke/LambdaForm$DMH
instanceKlass java/lang/invoke/LambdaForm$DMH
instanceKlass java/lang/invoke/LambdaForm$MH
instanceKlass java/lang/invoke/LambdaForm$DMH
instanceKlass java/lang/invoke/LambdaForm$MH
instanceKlass java/lang/invoke/LambdaForm$DMH
instanceKlass java/lang/invoke/LambdaForm$MH
instanceKlass java/lang/invoke/LambdaForm$DMH
instanceKlass java/lang/invoke/LambdaForm$DMH
instanceKlass java/lang/invoke/MethodHandleImpl$Lazy
instanceKlass java/lang/invoke/LambdaForm$BMH
instanceKlass java/lang/invoke/LambdaForm$MH
instanceKlass java/lang/invoke/LambdaForm$DMH
instanceKlass java/lang/invoke/LambdaForm$DMH
instanceKlass java/lang/invoke/LambdaForm$DMH
instanceKlass java/lang/invoke/LambdaForm$DMH
instanceKlass java/util/SubList$1
instanceKlass java/util/ListIterator
instanceKlass java/lang/invoke/LambdaForm$MH
instanceKlass java/lang/invoke/LambdaForm$MH
instanceKlass java/lang/invoke/LambdaForm$MH
instanceKlass java/lang/invoke/LambdaForm$MH
instanceKlass java/lang/invoke/LambdaForm$MH
instanceKlass java/lang/invoke/LambdaForm$MH
instanceKlass java/lang/invoke/LambdaForm$MH
instanceKlass java/lang/invoke/LambdaForm$MH
instanceKlass java/lang/invoke/LambdaForm$MH
instanceKlass java/lang/invoke/LambdaForm$MH
instanceKlass java/lang/invoke/LambdaForm$MH
instanceKlass java/lang/invoke/LambdaForm$MH
instanceKlass java/lang/invoke/InvokerBytecodeGenerator$CpPatch
instanceKlass java/lang/invoke/LambdaForm$DMH
instanceKlass java/lang/invoke/LambdaForm$DMH
instanceKlass java/lang/invoke/LambdaForm$DMH
instanceKlass java/lang/invoke/LambdaForm$DMH
instanceKlass java/lang/invoke/LambdaForm$DMH
instanceKlass java/lang/invoke/LambdaForm$DMH
instanceKlass sun/invoke/empty/Empty
instanceKlass sun/invoke/util/VerifyType
instanceKlass java/lang/invoke/InvokerBytecodeGenerator$2
instanceKlass jdk/internal/org/objectweb/asm/AnnotationVisitor
instanceKlass jdk/internal/org/objectweb/asm/Frame
instanceKlass jdk/internal/org/objectweb/asm/Label
instanceKlass jdk/internal/org/objectweb/asm/Type
instanceKlass jdk/internal/org/objectweb/asm/MethodVisitor
instanceKlass jdk/internal/org/objectweb/asm/Item
instanceKlass jdk/internal/org/objectweb/asm/ByteVector
instanceKlass jdk/internal/org/objectweb/asm/ClassVisitor
instanceKlass java/lang/invoke/InvokerBytecodeGenerator
instanceKlass java/lang/invoke/DirectMethodHandle$Lazy
instanceKlass sun/invoke/util/BytecodeDescriptor
instanceKlass java/lang/invoke/BoundMethodHandle$Factory
instanceKlass java/lang/invoke/BoundMethodHandle$SpeciesData
instanceKlass java/lang/invoke/LambdaForm$NamedFunction
instanceKlass java/lang/invoke/LambdaForm$Name
instanceKlass sun/invoke/util/ValueConversions
instanceKlass sun/invoke/util/VerifyAccess
instanceKlass java/lang/Long$LongCache
instanceKlass java/lang/Character$CharacterCache
instanceKlass java/lang/Short$ShortCache
instanceKlass java/lang/Byte$ByteCache
instanceKlass sun/invoke/util/Wrapper$Format
instanceKlass java/lang/invoke/MethodHandles
instanceKlass java/lang/invoke/Invokers
instanceKlass java/lang/invoke/MethodTypeForm
instanceKlass java/lang/invoke/MethodType$ConcurrentWeakInternSet
instanceKlass java/lang/invoke/MethodHandles$Lookup
instanceKlass java/lang/invoke/LambdaMetafactory
instanceKlass org/springframework/util/ResourceUtils
instanceKlass org/springframework/util/PropertiesPersister
instanceKlass org/springframework/core/io/support/PropertiesLoaderUtils
instanceKlass org/springframework/util/CollectionUtils
instanceKlass org/springframework/util/StringUtils
instanceKlass java/nio/channels/ReadableByteChannel
instanceKlass java/nio/channels/Channel
instanceKlass org/springframework/core/io/AbstractResource
instanceKlass org/springframework/util/LinkedMultiValueMap
instanceKlass org/springframework/core/io/Resource
instanceKlass org/springframework/core/io/InputStreamSource
instanceKlass org/springframework/util/MultiValueMap
instanceKlass org/springframework/core/io/support/SpringFactoriesLoader
instanceKlass org/springframework/context/ApplicationContextInitializer
instanceKlass org/springframework/web/context/ConfigurableWebApplicationContext
instanceKlass org/springframework/context/ConfigurableApplicationContext
instanceKlass org/springframework/context/Lifecycle
instanceKlass org/springframework/web/context/WebApplicationContext
instanceKlass javax/servlet/Servlet
instanceKlass java/io/Externalizable
instanceKlass java/util/Optional
instanceKlass java/util/IdentityHashMap$EntryIterator$Entry
instanceKlass java/util/IdentityHashMap$IdentityHashMapIterator
instanceKlass org/springframework/util/ConcurrentReferenceHashMap$Reference
instanceKlass org/springframework/util/ConcurrentReferenceHashMap$ReferenceManager
instanceKlass org/springframework/util/ConcurrentReferenceHashMap$Task
instanceKlass org/springframework/util/ClassUtils
instanceKlass org/springframework/util/Assert
instanceKlass ch/qos/logback/classic/util/LoggerNameUtil
instanceKlass ch/qos/logback/classic/selector/DefaultContextSelector
instanceKlass ch/qos/logback/core/util/StatusPrinter
instanceKlass ch/qos/logback/core/status/StatusUtil
instanceKlass ch/qos/logback/core/spi/AppenderAttachableImpl
instanceKlass java/lang/StringCoding$StringEncoder
instanceKlass ch/qos/logback/core/util/EnvUtil
instanceKlass ch/qos/logback/core/pattern/Converter
instanceKlass java/util/Date
instanceKlass java/text/DigitList
instanceKlass java/text/FieldPosition
instanceKlass java/util/Currency$CurrencyNameGetter
instanceKlass java/util/Currency$1
instanceKlass java/util/Currency
instanceKlass java/text/DecimalFormatSymbols
instanceKlass java/util/concurrent/atomic/AtomicMarkableReference$Pair
instanceKlass java/util/concurrent/atomic/AtomicMarkableReference
instanceKlass java/text/DateFormatSymbols
instanceKlass sun/util/calendar/CalendarUtils
instanceKlass sun/util/calendar/CalendarDate
instanceKlass java/util/Collections$EmptyIterator
instanceKlass sun/util/locale/LanguageTag
instanceKlass java/util/ResourceBundle$CacheKeyReference
instanceKlass java/util/ResourceBundle$CacheKey
instanceKlass java/util/ResourceBundle$RBClassLoader$1
instanceKlass java/util/spi/ResourceBundleControlProvider
instanceKlass java/util/ResourceBundle
instanceKlass java/util/ResourceBundle$Control
instanceKlass sun/util/resources/LocaleData$1
instanceKlass sun/util/resources/LocaleData
instanceKlass sun/util/locale/provider/LocaleResources
instanceKlass sun/util/locale/provider/CalendarDataUtility$CalendarWeekParameterGetter
instanceKlass sun/util/locale/provider/LocaleServiceProviderPool$LocalizedObjectGetter
instanceKlass sun/util/locale/provider/SPILocaleProviderAdapter$1
instanceKlass sun/util/locale/provider/LocaleServiceProviderPool
instanceKlass sun/util/locale/provider/CalendarDataUtility
instanceKlass java/util/Calendar$Builder
instanceKlass sun/util/locale/provider/JRELocaleProviderAdapter$1
instanceKlass sun/util/locale/provider/LocaleDataMetaInfo
instanceKlass sun/util/locale/provider/AvailableLanguageTags
instanceKlass sun/util/locale/provider/LocaleProviderAdapter$1
instanceKlass java/util/Collections$UnmodifiableCollection$1
instanceKlass sun/util/locale/provider/ResourceBundleBasedAdapter
instanceKlass sun/util/locale/provider/LocaleProviderAdapter
instanceKlass java/util/spi/LocaleServiceProvider
instanceKlass java/util/Calendar
instanceKlass java/util/TimeZone$1
instanceKlass sun/util/calendar/ZoneInfoFile$ZoneOffsetTransitionRule
instanceKlass java/io/DataInput
instanceKlass sun/util/calendar/ZoneInfoFile$1
instanceKlass sun/util/calendar/ZoneInfoFile
instanceKlass sun/util/calendar/CalendarSystem
instanceKlass java/util/TimeZone
instanceKlass java/util/Locale$1
instanceKlass java/text/AttributedCharacterIterator$Attribute
instanceKlass java/text/Format
instanceKlass ch/qos/logback/core/util/CachingDateFormatter
instanceKlass java/util/concurrent/atomic/AtomicBoolean
instanceKlass ch/qos/logback/core/util/COWArrayList
instanceKlass ch/qos/logback/core/spi/FilterAttachableImpl
instanceKlass ch/qos/logback/core/Appender
instanceKlass ch/qos/logback/core/spi/FilterAttachable
instanceKlass ch/qos/logback/core/encoder/Encoder
instanceKlass ch/qos/logback/core/Layout
instanceKlass ch/qos/logback/core/spi/ContextAwareBase
instanceKlass java/util/ServiceLoader$1
instanceKlass java/util/ServiceLoader$LazyIterator
instanceKlass java/util/ServiceLoader
instanceKlass ch/qos/logback/classic/util/EnvUtil
instanceKlass ch/qos/logback/classic/spi/Configurator
instanceKlass ch/qos/logback/core/spi/ContextAware
instanceKlass ch/qos/logback/core/status/StatusBase
instanceKlass java/util/Collections$3
instanceKlass java/util/HashMap$HashIterator
instanceKlass java/security/PermissionsEnumerator
instanceKlass sun/security/provider/PolicyFile$7
instanceKlass sun/security/provider/PolicyFile$5
instanceKlass sun/security/action/GetBooleanAction
instanceKlass sun/security/util/SecurityConstants
instanceKlass sun/security/provider/PolicyFile$PolicyEntry
instanceKlass java/util/Vector$1
instanceKlass sun/security/provider/PolicyParser$PermissionEntry
instanceKlass sun/security/provider/PolicyParser$GrantEntry
instanceKlass java/io/StreamTokenizer
instanceKlass sun/security/util/PolicyUtil
instanceKlass sun/security/provider/PolicyParser
instanceKlass sun/security/util/PropertyExpander
instanceKlass sun/security/provider/PolicyFile$3
instanceKlass java/security/ProtectionDomain$2$1
instanceKlass sun/misc/JavaSecurityProtectionDomainAccess$ProtectionDomainCache
instanceKlass java/util/Collections$SynchronizedMap
instanceKlass sun/security/provider/PolicyFile$PolicyInfo
instanceKlass sun/security/provider/PolicyFile$1
instanceKlass java/security/Security$1
instanceKlass java/security/Security
instanceKlass java/security/Policy$1
instanceKlass java/security/Policy$PolicyInfo
instanceKlass java/util/concurrent/atomic/AtomicReference
instanceKlass java/security/Policy
instanceKlass ch/qos/logback/core/util/Loader$1
instanceKlass ch/qos/logback/core/util/Loader
instanceKlass ch/qos/logback/core/util/OptionHelper
instanceKlass ch/qos/logback/core/status/StatusListener
instanceKlass ch/qos/logback/core/util/StatusListenerConfigHelper
instanceKlass ch/qos/logback/classic/util/ContextInitializer
instanceKlass ch/qos/logback/classic/selector/ContextSelector
instanceKlass ch/qos/logback/classic/util/ContextSelectorStaticBinder
instanceKlass ch/qos/logback/classic/Level
instanceKlass ch/qos/logback/classic/spi/ILoggingEvent
instanceKlass ch/qos/logback/core/spi/DeferredProcessingAware
instanceKlass ch/qos/logback/classic/Logger
instanceKlass ch/qos/logback/core/spi/AppenderAttachable
instanceKlass org/slf4j/spi/LocationAwareLogger
instanceKlass ch/qos/logback/classic/spi/LoggerContextVO
instanceKlass java/util/concurrent/CopyOnWriteArrayList
instanceKlass ch/qos/logback/core/spi/LogbackLock
instanceKlass ch/qos/logback/core/helpers/CyclicBuffer
instanceKlass ch/qos/logback/core/BasicStatusManager
instanceKlass ch/qos/logback/core/status/Status
instanceKlass java/util/concurrent/ExecutorService
instanceKlass java/util/concurrent/Executor
instanceKlass ch/qos/logback/core/status/StatusManager
instanceKlass ch/qos/logback/core/ContextBase
instanceKlass ch/qos/logback/core/spi/LifeCycle
instanceKlass ch/qos/logback/core/Context
instanceKlass ch/qos/logback/core/spi/PropertyContainer
instanceKlass org/slf4j/impl/StaticLoggerBinder
instanceKlass org/slf4j/spi/LoggerFactoryBinder
instanceKlass org/slf4j/helpers/Util
instanceKlass org/slf4j/helpers/NOPLoggerFactory
instanceKlass java/util/concurrent/LinkedBlockingQueue$Node
instanceKlass java/util/concurrent/locks/AbstractQueuedSynchronizer$ConditionObject
instanceKlass java/util/concurrent/locks/Condition
instanceKlass java/util/concurrent/BlockingQueue
instanceKlass org/slf4j/Logger
instanceKlass org/slf4j/helpers/SubstituteLoggerFactory
instanceKlass org/slf4j/ILoggerFactory
instanceKlass org/slf4j/event/LoggingEvent
instanceKlass org/slf4j/LoggerFactory
instanceKlass org/apache/commons/logging/impl/SLF4JLog
instanceKlass org/apache/commons/logging/impl/SLF4JLocationAwareLog
instanceKlass org/apache/commons/logging/Log
instanceKlass org/apache/commons/logging/LogFactory$2
instanceKlass sun/net/www/protocol/jar/JarFileFactory
instanceKlass sun/net/www/protocol/jar/URLJarFile$URLJarFileCloseController
instanceKlass java/net/URLClassLoader$2
instanceKlass org/apache/commons/logging/LogFactory$3
instanceKlass sun/nio/cs/ThreadLocalCoders$Cache
instanceKlass sun/nio/cs/ThreadLocalCoders
instanceKlass java/net/URLClassLoader$3$1
instanceKlass java/util/jar/JarVerifier$3
instanceKlass java/security/CodeSigner
instanceKlass java/util/jar/JarVerifier
instanceKlass sun/misc/CompoundEnumeration
instanceKlass java/net/URLClassLoader$3
instanceKlass sun/misc/URLClassPath$1
instanceKlass java/lang/ClassLoader$2
instanceKlass sun/misc/URLClassPath$2
instanceKlass sun/misc/Launcher$BootClassPathHolder$1
instanceKlass sun/misc/Launcher$BootClassPathHolder
instanceKlass org/apache/commons/logging/LogFactory$4
instanceKlass org/apache/commons/logging/impl/WeakHashtable$Referenced
instanceKlass org/apache/commons/logging/LogFactory$1
instanceKlass org/apache/commons/logging/LogFactory$6
instanceKlass org/apache/commons/logging/LogFactory
instanceKlass org/springframework/beans/factory/config/BeanFactoryPostProcessor
instanceKlass org/springframework/core/env/PropertySource
instanceKlass org/springframework/core/env/ConfigurableEnvironment
instanceKlass org/springframework/core/env/ConfigurablePropertyResolver
instanceKlass org/springframework/core/env/Environment
instanceKlass org/springframework/core/env/PropertyResolver
instanceKlass java/util/EventObject
instanceKlass org/springframework/context/ApplicationContext
instanceKlass org/springframework/core/io/support/ResourcePatternResolver
instanceKlass org/springframework/core/io/ResourceLoader
instanceKlass org/springframework/context/ApplicationEventPublisher
instanceKlass org/springframework/context/MessageSource
instanceKlass org/springframework/beans/factory/HierarchicalBeanFactory
instanceKlass org/springframework/beans/factory/ListableBeanFactory
instanceKlass org/springframework/beans/factory/BeanFactory
instanceKlass org/springframework/core/env/EnvironmentCapable
instanceKlass org/springframework/boot/ApplicationArguments
instanceKlass org/springframework/boot/SpringApplication
instanceKlass java/util/zip/CRC32
instanceKlass java/util/zip/Checksum
instanceKlass sun/misc/ASCIICaseInsensitiveComparator
instanceKlass java/util/jar/Attributes$Name
instanceKlass java/util/jar/Attributes
instanceKlass java/nio/file/attribute/FileTime
instanceKlass java/util/zip/ZipUtils
instanceKlass sun/launcher/LauncherHelper$FXHelper
instanceKlass com/zbkj/admin/CrmebAdminApplication
instanceKlass java/io/FilePermission$1
instanceKlass sun/nio/fs/AbstractPath
instanceKlass sun/net/www/MessageHeader
instanceKlass java/net/URLConnection
instanceKlass java/security/PermissionCollection
instanceKlass sun/nio/ByteBuffered
instanceKlass java/lang/Package
instanceKlass sun/misc/Resource
instanceKlass sun/misc/IOUtils
instanceKlass sun/security/action/GetIntegerAction
instanceKlass sun/security/util/SignatureFileVerifier
instanceKlass sun/misc/ExtensionDependency
instanceKlass com/intellij/rt/debugger/agent/CaptureStorage$9
instanceKlass com/intellij/rt/debugger/agent/CaptureStorage$Callable
instanceKlass com/intellij/rt/debugger/agent/CaptureStorage$4
instanceKlass java/util/LinkedList$Node
instanceKlass java/util/zip/ZStreamRef
instanceKlass java/util/zip/Inflater
instanceKlass java/util/zip/ZipEntry
instanceKlass sun/misc/JarIndex
instanceKlass sun/nio/ch/DirectBuffer
instanceKlass sun/misc/PerfCounter$CoreCounters
instanceKlass sun/misc/Perf
instanceKlass sun/misc/Perf$GetPerfAction
instanceKlass sun/misc/PerfCounter
instanceKlass java/util/zip/ZipCoder
instanceKlass java/util/Deque
instanceKlass java/util/Queue
instanceKlass java/util/jar/JavaUtilJarAccessImpl
instanceKlass sun/misc/JavaUtilJarAccess
instanceKlass sun/misc/FileURLMapper
instanceKlass sun/misc/URLClassPath$JarLoader$1
instanceKlass java/util/zip/ZipFile$1
instanceKlass sun/misc/JavaUtilZipFileAccess
instanceKlass java/util/zip/ZipFile
instanceKlass java/util/zip/ZipConstants
instanceKlass sun/misc/URLClassPath$Loader
instanceKlass sun/misc/URLClassPath$3
instanceKlass sun/net/util/URLUtil
instanceKlass java/net/URLClassLoader$1
instanceKlass java/lang/StringCoding$StringDecoder
instanceKlass java/lang/ThreadLocal$ThreadLocalMap
instanceKlass java/lang/invoke/MethodHandleStatics$1
instanceKlass java/lang/invoke/MethodHandleStatics
instanceKlass java/lang/invoke/MemberName$Factory
instanceKlass java/lang/ClassValue$Version
instanceKlass java/lang/ClassValue$Identity
instanceKlass java/lang/ClassValue
instanceKlass java/lang/invoke/MethodHandleImpl$3
instanceKlass java/lang/invoke/MethodHandleImpl$2
instanceKlass java/util/function/Function
instanceKlass java/lang/invoke/MethodHandleImpl$1
instanceKlass java/lang/invoke/MethodHandleImpl
instanceKlass jdk/jfr/internal/EventWriter
instanceKlass com/intellij/rt/debugger/agent/SpilledVariablesTransformer$SpillingTransformer
instanceKlass com/intellij/rt/debugger/agent/SpilledVariablesTransformer
instanceKlass com/intellij/rt/debugger/agent/CollectionBreakpointInstrumentor$CollectionBreakpointTransformer
instanceKlass com/intellij/rt/debugger/agent/CollectionBreakpointInstrumentor$KnownMethod
instanceKlass com/intellij/rt/debugger/agent/CollectionBreakpointInstrumentor$KnownMethodsSet
instanceKlass java/util/concurrent/locks/AbstractQueuedSynchronizer$Node
instanceKlass java/util/concurrent/locks/AbstractOwnableSynchronizer
instanceKlass com/intellij/rt/debugger/agent/CollectionBreakpointInstrumentor$ConcurrentIdentityHashMap
instanceKlass com/intellij/rt/debugger/agent/CollectionBreakpointInstrumentor
instanceKlass com/intellij/rt/debugger/agent/SuspendHelper$1
instanceKlass com/intellij/rt/debugger/agent/SuspendHelper
instanceKlass com/intellij/rt/debugger/agent/CaptureAgent$CaptureTransformer
instanceKlass com/intellij/rt/debugger/agent/CaptureStorage$ConcurrentIdentityWeakHashMap
instanceKlass org/jetbrains/capture/org/objectweb/asm/AnnotationVisitor
instanceKlass org/jetbrains/capture/org/objectweb/asm/Handler
instanceKlass org/jetbrains/capture/org/objectweb/asm/Edge
instanceKlass java/lang/Void
instanceKlass java/lang/Class$MethodArray
instanceKlass com/intellij/rt/debugger/agent/CaptureStorage
instanceKlass org/jetbrains/capture/org/objectweb/asm/Frame
instanceKlass org/jetbrains/capture/org/objectweb/asm/MethodVisitor
instanceKlass org/jetbrains/capture/org/objectweb/asm/FieldVisitor
instanceKlass org/jetbrains/capture/org/objectweb/asm/Context
instanceKlass org/jetbrains/capture/org/objectweb/asm/Attribute
instanceKlass java/lang/StringCoding
instanceKlass java/nio/charset/StandardCharsets
instanceKlass org/jetbrains/capture/org/objectweb/asm/Symbol
instanceKlass org/jetbrains/capture/org/objectweb/asm/ByteVector
instanceKlass org/jetbrains/capture/org/objectweb/asm/SymbolTable
instanceKlass org/jetbrains/capture/org/objectweb/asm/ClassVisitor
instanceKlass org/jetbrains/capture/org/objectweb/asm/Label
instanceKlass org/jetbrains/capture/org/objectweb/asm/ClassReader
instanceKlass com/intellij/rt/debugger/agent/ClassTransformer
instanceKlass java/util/ArrayList$Itr
instanceKlass org/jetbrains/capture/org/objectweb/asm/Type
instanceKlass com/intellij/rt/debugger/agent/ThrowableTransformer
instanceKlass com/intellij/rt/debugger/agent/CaptureAgent$CoroutineOwnerKeyProvider
instanceKlass com/intellij/rt/debugger/agent/CaptureAgent$FieldKeyProvider
instanceKlass com/intellij/rt/debugger/agent/CaptureAgent$InstrumentPoint
instanceKlass com/intellij/rt/debugger/agent/CaptureAgent$1
instanceKlass com/intellij/rt/debugger/agent/CaptureAgent$ParamKeyProvider
instanceKlass com/intellij/rt/debugger/agent/CaptureAgent$KeyProvider
instanceKlass com/intellij/rt/debugger/agent/CaptureAgent
instanceKlass com/intellij/rt/debugger/agent/StateFlowTransformer
instanceKlass com/intellij/rt/debugger/agent/SharedFlowTransformer
instanceKlass java/lang/instrument/ClassFileTransformer
instanceKlass java/util/Properties$LineReader
instanceKlass sun/instrument/InstrumentationImpl$1
instanceKlass com/intellij/rt/debugger/agent/DebuggerAgent
instanceKlass sun/instrument/TransformerManager$TransformerInfo
instanceKlass sun/instrument/TransformerManager
instanceKlass sun/instrument/InstrumentationImpl
instanceKlass java/lang/instrument/Instrumentation
instanceKlass sun/misc/VMSupport
instanceKlass java/lang/SystemClassLoaderAction
instanceKlass java/util/LinkedHashMap$LinkedHashIterator
instanceKlass sun/misc/Launcher$AppClassLoader$1
instanceKlass sun/misc/URLClassPath
instanceKlass java/security/Principal
instanceKlass java/security/ProtectionDomain$Key
instanceKlass java/security/ProtectionDomain$2
instanceKlass sun/misc/JavaSecurityProtectionDomainAccess
instanceKlass java/security/ProtectionDomain$JavaSecurityAccessImpl
instanceKlass sun/misc/JavaSecurityAccess
instanceKlass sun/net/util/IPAddressUtil
instanceKlass java/net/URLStreamHandler
instanceKlass java/net/Parts
instanceKlass java/util/BitSet
instanceKlass sun/net/www/ParseUtil
instanceKlass java/io/FileInputStream$1
instanceKlass sun/util/locale/LocaleUtils
instanceKlass java/util/Locale$LocaleKey
instanceKlass sun/util/locale/BaseLocale$Key
instanceKlass sun/util/locale/BaseLocale
instanceKlass java/util/concurrent/ConcurrentHashMap$CollectionView
instanceKlass java/util/concurrent/ConcurrentHashMap$CounterCell
instanceKlass java/util/concurrent/ConcurrentHashMap$Node
instanceKlass java/util/concurrent/locks/ReentrantLock
instanceKlass java/util/concurrent/locks/Lock
instanceKlass java/util/concurrent/ConcurrentMap
instanceKlass sun/util/locale/LocaleObjectCache
instanceKlass java/util/Locale
instanceKlass java/lang/reflect/Array
instanceKlass java/nio/charset/CoderResult$Cache
instanceKlass java/nio/charset/CoderResult
instanceKlass java/nio/charset/CharsetDecoder
instanceKlass sun/nio/cs/ArrayDecoder
instanceKlass java/io/Reader
instanceKlass java/lang/Readable
instanceKlass sun/misc/MetaIndex
instanceKlass java/util/StringTokenizer
instanceKlass sun/misc/Launcher$ExtClassLoader$1
instanceKlass java/net/URLClassLoader$7
instanceKlass sun/misc/JavaNetAccess
instanceKlass java/lang/ClassLoader$ParallelLoaders
instanceKlass sun/security/util/Debug
instanceKlass sun/misc/Launcher$Factory
instanceKlass java/net/URLStreamHandlerFactory
instanceKlass java/lang/Compiler$1
instanceKlass java/lang/Compiler
instanceKlass java/lang/System$2
instanceKlass sun/misc/JavaLangAccess
instanceKlass sun/io/Win32ErrorMode
instanceKlass sun/misc/OSEnvironment
instanceKlass java/lang/Integer$IntegerCache
instanceKlass sun/misc/NativeSignalHandler
instanceKlass sun/misc/Signal
instanceKlass java/lang/Terminator$1
instanceKlass sun/misc/SignalHandler
instanceKlass java/lang/Terminator
instanceKlass java/lang/ClassLoader$NativeLibrary
instanceKlass java/io/ExpiringCache$Entry
instanceKlass java/lang/ClassLoader$3
instanceKlass java/nio/file/Path
instanceKlass java/nio/file/Watchable
instanceKlass java/io/ExpiringCache
instanceKlass java/net/URI$Parser
instanceKlass java/net/URI
instanceKlass java/lang/CharacterData
instanceKlass sun/nio/cs/SingleByte
instanceKlass sun/nio/fs/Util
instanceKlass sun/nio/fs/WindowsPathParser$Result
instanceKlass java/lang/Enum
instanceKlass sun/nio/fs/WindowsPathParser
instanceKlass java/util/AbstractList$Itr
instanceKlass java/nio/file/FileSystem
instanceKlass java/nio/file/spi/FileSystemProvider
instanceKlass sun/nio/fs/DefaultFileSystemProvider
instanceKlass java/io/FileSystem
instanceKlass java/io/DefaultFileSystem
instanceKlass java/nio/Bits$1
instanceKlass sun/misc/JavaNioAccess
instanceKlass java/nio/ByteOrder
instanceKlass java/nio/Bits
instanceKlass java/nio/charset/CodingErrorAction
instanceKlass java/nio/charset/CharsetEncoder
instanceKlass sun/nio/cs/ArrayEncoder
instanceKlass sun/reflect/ReflectionFactory$1
instanceKlass java/lang/Class$1
instanceKlass sun/nio/cs/HistoricallyNamedCharset
instanceKlass sun/security/action/GetPropertyAction
instanceKlass java/lang/ThreadLocal
instanceKlass java/nio/charset/spi/CharsetProvider
instanceKlass java/nio/charset/Charset
instanceKlass java/io/Writer
instanceKlass java/util/Arrays
instanceKlass sun/reflect/misc/ReflectUtil
instanceKlass java/lang/reflect/ReflectAccess
instanceKlass sun/reflect/LangReflectAccess
instanceKlass java/lang/reflect/Modifier
instanceKlass sun/reflect/annotation/AnnotationType
instanceKlass java/lang/Class$AnnotationData
instanceKlass sun/reflect/generics/repository/AbstractRepository
instanceKlass java/lang/Class$Atomic
instanceKlass java/lang/Class$ReflectionData
instanceKlass java/lang/Class$3
instanceKlass java/util/concurrent/atomic/AtomicReferenceFieldUpdater$AtomicReferenceFieldUpdaterImpl$1
instanceKlass java/security/PrivilegedExceptionAction
instanceKlass java/util/concurrent/atomic/AtomicReferenceFieldUpdater
instanceKlass java/io/OutputStream
instanceKlass java/io/Flushable
instanceKlass java/io/FileDescriptor$1
instanceKlass sun/misc/JavaIOFileDescriptorAccess
instanceKlass java/io/FileDescriptor
instanceKlass sun/misc/Version
instanceKlass jdk/internal/util/StaticProperty
instanceKlass java/lang/Runtime
instanceKlass java/util/Hashtable$Enumerator
instanceKlass java/util/Iterator
instanceKlass java/util/Enumeration
instanceKlass java/util/Objects
instanceKlass java/util/Collections$SynchronizedCollection
instanceKlass java/lang/Math
instanceKlass java/util/Hashtable$Entry
instanceKlass sun/misc/VM
instanceKlass java/util/HashMap$Node
instanceKlass java/util/Map$Entry
instanceKlass sun/reflect/Reflection
instanceKlass sun/misc/SharedSecrets
instanceKlass java/lang/ref/Reference$1
instanceKlass sun/misc/JavaLangRefAccess
instanceKlass java/lang/ref/ReferenceQueue$Lock
instanceKlass java/util/Collections$UnmodifiableCollection
instanceKlass java/util/AbstractMap
instanceKlass java/util/Set
instanceKlass java/util/Collections
instanceKlass java/lang/ref/Reference$Lock
instanceKlass sun/reflect/ReflectionFactory
instanceKlass java/util/AbstractCollection
instanceKlass java/util/RandomAccess
instanceKlass java/util/List
instanceKlass java/util/Collection
instanceKlass java/lang/Iterable
instanceKlass java/security/cert/Certificate
instanceKlass sun/reflect/ReflectionFactory$GetReflectionFactoryAction
instanceKlass java/security/PrivilegedAction
instanceKlass java/security/AccessController
instanceKlass java/security/Permission
instanceKlass java/security/Guard
instanceKlass java/lang/String$CaseInsensitiveComparator
instanceKlass java/util/Comparator
instanceKlass java/io/ObjectStreamField
instanceKlass java/lang/Number
instanceKlass java/lang/Character
instanceKlass java/lang/Boolean
instanceKlass java/nio/Buffer
instanceKlass java/lang/StackTraceElement
instanceKlass java/security/CodeSource
instanceKlass sun/misc/Launcher
instanceKlass java/util/jar/Manifest
instanceKlass java/net/URL
instanceKlass java/io/File
instanceKlass java/io/InputStream
instanceKlass java/io/Closeable
instanceKlass java/lang/AutoCloseable
instanceKlass sun/misc/Unsafe
instanceKlass java/lang/AbstractStringBuilder
instanceKlass java/lang/Appendable
instanceKlass java/lang/invoke/CallSite
instanceKlass java/lang/invoke/MethodType
instanceKlass java/lang/invoke/LambdaForm
instanceKlass java/lang/invoke/MethodHandleNatives
instanceKlass java/lang/invoke/MemberName
instanceKlass java/lang/invoke/MethodHandle
instanceKlass sun/reflect/CallerSensitive
instanceKlass java/lang/annotation/Annotation
instanceKlass sun/reflect/FieldAccessor
instanceKlass sun/reflect/ConstantPool
instanceKlass sun/reflect/ConstructorAccessor
instanceKlass sun/reflect/MethodAccessor
instanceKlass sun/reflect/MagicAccessorImpl
instanceKlass java/lang/reflect/Parameter
instanceKlass java/lang/reflect/Member
instanceKlass java/lang/reflect/AccessibleObject
instanceKlass java/util/Dictionary
instanceKlass java/util/Map
instanceKlass java/lang/ThreadGroup
instanceKlass java/lang/Thread$UncaughtExceptionHandler
instanceKlass java/lang/Thread
instanceKlass java/lang/Runnable
instanceKlass java/lang/ref/ReferenceQueue
instanceKlass java/lang/ref/Reference
instanceKlass java/security/AccessControlContext
instanceKlass java/security/ProtectionDomain
instanceKlass java/lang/SecurityManager
instanceKlass java/lang/Throwable
instanceKlass java/lang/System
instanceKlass java/lang/ClassLoader
instanceKlass java/lang/Cloneable
instanceKlass java/lang/Class
instanceKlass java/lang/reflect/Type
instanceKlass java/lang/reflect/GenericDeclaration
instanceKlass java/lang/reflect/AnnotatedElement
instanceKlass java/lang/String
instanceKlass java/lang/CharSequence
instanceKlass java/lang/Comparable
instanceKlass java/io/Serializable
ciInstanceKlass java/lang/Object 1 1 78 7 10 10 10 10 8 10 10 10 100 8 10 3 8 10 10 7 1 1 1 1 1 1 1 1 1 1 1 1 1 1 1 1 1 7 1 1 1 1 1 1 7 1 1 7 1 1 1 1 12 12 7 12 12 1 12 7 12 12 1 1 12 1 12 12 1 1 1 1 1 1 1 1 1 1 1 1
ciInstanceKlass java/io/Serializable 1 0 7 100 100 1 1 1 1
ciInstanceKlass java/lang/String 1 1 548 10 8 9 9 10 100 10 10 10 10 100 10 10 10 10 10 100 8 10 10 8 10 10 10 10 10 10 10 10 10 10 10 100 10 10 10 10 10 10 10 10 10 7 10 10 10 100 100 10 10 11 11 10 10 9 11 10 10 10 10 7 3 10 10 10 10 10 10 10 10 10 10 10 10 10 10 10 11 10 10 10 10 10 7 10 10 8 10 10 3 3 7 10 10 10 10 10 11 7 10 10 100 10 10 10 11 11 11 7 3 10 10 10 10 8 8 8 10 10 10 10 10 10 10 10 10 10 10 7 10 10 10 10 8 10 10 8 8 10 10 10 10 7 9 7 10 7 100 100 100 1 1 1 1 1 1 1 1 1 5 0 1 1 1 1 1 1 1 1 1 1 1 1 1 1 100 100 1 100 1 100 1 1 1 1 1 1 1 1 7 1 100 1 1 1 1 100 100 100 1 1 1 1 1 1 1 1 1 1 1 1 1 1 1 1 1 1 1 1 1 1 1 1 1 1 1 1 1 100 1 1 1 1 1 1 1 1 1 1 1 1 1 1 1 1 1 1 1 1 1 1 1 1 1 1 1 1 1 1 1 1 1 1 1 1 100 1 1 1 100 100 1 100 1 1 1 100 1 1 1 1 1 1 1 1 1 1 1 1 1 1 1 1 1 1 1 1 1 1 1 1 1 12 1 12 12 7 12 1 12 12 12 12 1 100 12 12 12 12 12 1 1 7 12 1 12 12 12 12 12 12 12 100 12 12 1 12 12 7 12 100 12 12 12 12 1 12 1 1 12 12 12 12 7 12 12 7 12 12 12 12 12 1 12 12 12 12 12 12 12 12 12 12 12 12 12 12 12 12 12 12 7 12 12 1 12 12 1 12 1 12 12 12 12 7 12 1 12 12 1 12 12 100 12 100 12 12 1 12 12 12 7 12 1 1 1 100 12 12 12 12 12 12 12 12 12 12 12 1 12 12 1 12 1 1 100 12 100 12 100 12 12 1 12 1 12 1 1 1 1 1 1 1 1 1 1 1 1 1 1 1 1 1 1 1 1 1 1 1 1 1 1 1 1 1 1 1 1 1 1 1 1 1 1 1 1 1 1 1 1 1 1 1 1 1 1 1 1 1 1 1 1 1 1 1 1 1 1 1 1 1 1 1 1 1 1 1 1 1 1 1 1 1 1 1 1 1 1 1 1 1 1 1 1 1 1 1 1 1 1 1 1 1 1 1 1 1
staticfield java/lang/String serialPersistentFields [Ljava/io/ObjectStreamField; 0 [Ljava/io/ObjectStreamField;
staticfield java/lang/String CASE_INSENSITIVE_ORDER Ljava/util/Comparator; java/lang/String$CaseInsensitiveComparator
ciInstanceKlass java/lang/Class 1 1 1236 9 9 10 10 10 10 9 9 9 9 7 10 10 8 10 8 8 10 10 10 10 10 10 10 10 10 8 10 8 8 10 11 10 10 10 10 10 9 10 100 10 9 7 7 8 10 10 7 10 10 7 7 10 10 10 10 9 10 7 10 100 10 10 10 9 10 10 10 10 10 7 7 10 10 10 10 10 9 10 7 10 10 10 10 10 10 10 10 10 10 10 10 10 10 10 10 10 10 100 8 10 10 100 10 100 11 10 10 10 10 10 10 10 8 10 10 10 8 9 10 10 10 10 8 10 8 10 10 10 10 8 10 100 9 10 10 10 10 10 100 10 100 10 10 10 10 10 10 10 10 7 10 10 10 10 10 10 10 10 10 10 10 10 10 9 10 9 7 10 9 10 7 10 9 10 10 10 10 10 10 10 8 10 10 9 10 7 9 10 10 7 10 10 10 10 9 10 9 10 10 10 10 9 9 10 9 7 10 7 10 10 11 11 11 7 11 11 9 9 7 7 10 9 9 10 10 9 7 10 10 10 10 10 10 10 10 10 10 10 10 10 10 10 10 10 10 10 10 10 10 10 10 10 8 7 10 8 8 8 8 10 10 9 9 10 7 9 7 10 7 7 10 10 10 8 10 7 10 7 10 100 8 10 7 10 10 11 10 100 10 10 8 8 10 10 9 11 7 11 9 10 10 10 9 9 10 10 10 10 10 11 11 11 11 100 11 10 10 100 11 10 10 10 11 11 7 10 10 9 9 10 10 10 10 7 9 100 7 100 100 1 1 1 1 7 1 1 1 1 1 3 1 3 1 3 1 1 1 1 1 1 1 1 1 1 1 1 1 1 1 1 1 1 1 1 1 1 1 1 1 5 0 1 1 1 1 1 1 1 1 1 1 1 1 1 1 1 1 100 1 1 1 1 1 1 1 1 1 1 1 100 100 100 1 100 1 1 1 7 1 1 1 1 100 1 1 1 1 1 1 100 100 100 1 1 1 1 1 1 1 1 1 1 1 1 1 1 1 1 100 1 1 1 100 1 1 1 1 1 1 1 1 1 1 100 1 1 1 1 100 1 1 1 1 1 1 1 1 1 1 100 100 100 100 7 1 1 1 1 1 1 1 1 100 1 1 1 1 1 1 1 100 1 1 1 1 1 1 1 1 100 1 1 1 1 1 1 1 1 1 1 1 100 1 1 1 1 1 1 1 1 1 1 1 1 1 1 1 1 1 1 1 100 1 1 1 1 1 1 1 1 1 1 100 1 1 1 1 1 1 1 1 1 1 1 1 1 1 1 1 1 1 100 1 1 100 100 1 1 1 1 1 1 1 1 1 1 100 1 1 1 1 1 1 1 1 1 1 1 1 1 1 1 1 1 1 1 100 1 1 1 1 1 1 1 1 1 1 1 1 1 100 1 1 1 1 1 1 1 1 100 1 100 1 1 1 1 1 1 1 1 1 1 1 1 1 1 1 1 1 1 1 1 1 1 1 100 1 1 100 100 1 1 1 1 1 1 1 1 1 1 1 1 1 1 1 1 1 1 1 1 1 12 12 12 12 12 12 12 12 12 12 1 12 1 12 1 1 12 12 12 12 7 12 12 12 12 1 12 1 1 12 12 7 12 7 12 12 7 12 100 12 7 12 100 12 1 12 12 1 1 1 12 12 1 12 7 12 1 1 12 12 12 12 12 1 100 12 12 12 12 12 12 12 12 7 1 1 12 12 7 12 12 12 12 7 12 1 12 12 12 12 12 12 100 12 12 12 12 12 12 7 12 12 12 1 1 12 1 12 1 12 100 12 12 12 100 12 12 1 12 12 12 1 12 12 12 12 12 1 12 1 12 12 12 12 1 12 1 12 12 12 12 12 1 12 1 12 12 12 12 12 12 12 12 1 12 12 12 12 12 12 12 12 12 12 12 12 12 12 1 12 12 1 12 12 100 12 12 12 100 12 12 12 12 1 12 12 12 12 1 12 12 12 1 12 12 7 12 7 12 12 12 12 12 12 12 12 12 12 12 12 1 1 12 7 12 12 7 12 1 12 7 12 12 1 1 12 12 12 12 12 12 1 12 12 12 12 12 12 12 12 12 12 12 12 12 12 12 12 12 12 12 12 1 1 7 1 1 1 1 12 12 12 12 12 1 12 1 1 1 1 12 7 1 12 1 12 1 12 1 1 1 12 7 12 12 1 12 1 1 7 12 12 12 12 1 12 12 100 12 7 12 12 12 12 12 12 12 12 12 12 7 12 12 1 1 12 100 12 12 1 100 12 12 12 12 1 12 12 12 100 12 12 7 12 12 12 1 12 1 1 1 1 1 100 1 1 1 1 1 1 1 1 1 1 1 1 1 1 1 1 1 1 1 1 1 1 1 1 1 1 1 1 1 1 1 1 1 1 1 1 1 1 1 1 1 1 1 1 1 1 1 1 1 1 1 1 1 1 1 1 1 1 1 1 1 1 1 1 1 1 1 1 1 1 1 1 1 1 1 1 1 1 1 1 1 1 1 1 1 1 1 1 1 1 1 1 1 1 1 1 1 1 1 1 1 1 1 1 1 1 1 1 1 1 1 1 1 1 1 1 1 1 1 1 1 1 1 1 1 1 1 1 1 1 1 1 1 1 1 1 1 1 1 1 1 1 1 1 1 1 1 1 1 1 1 1 1 1 1 1 1 1 1 1 1 1 1 1 1 1 1 1 1 1 1 1 1 1 1 1 1 1 1 1 1 1 1 1 1 1 1 1 1 1 1 1 1 1 1 1 1 1 1 1 1 1 1 1 1 1 1 1 1
staticfield java/lang/Class serialPersistentFields [Ljava/io/ObjectStreamField; 0 [Ljava/io/ObjectStreamField;
ciInstanceKlass java/lang/Cloneable 1 0 7 100 100 1 1 1 1
instanceKlass org/springframework/core/DecoratingClassLoader
instanceKlass java/util/ResourceBundle$RBClassLoader
instanceKlass sun/reflect/DelegatingClassLoader
instanceKlass java/security/SecureClassLoader
ciInstanceKlass java/lang/ClassLoader 1 1 848 9 9 9 10 10 10 10 7 10 7 7 7 10 10 9 7 10 9 9 9 9 9 9 10 10 7 10 9 9 7 9 7 10 10 10 10 10 10 10 10 10 7 10 10 10 10 10 10 10 10 10 10 10 10 10 10 10 100 10 100 10 10 10 10 10 100 100 10 8 10 10 10 8 10 100 8 10 10 10 10 10 10 10 10 10 10 10 10 10 10 10 10 10 10 10 10 10 10 10 10 8 11 9 11 10 8 8 10 10 10 10 10 10 10 10 7 7 10 10 10 7 10 10 10 7 10 10 10 10 10 10 7 10 10 10 100 10 10 10 9 9 100 8 10 10 10 7 10 10 100 10 100 10 100 10 10 10 10 10 9 10 10 100 10 7 10 10 10 10 10 10 10 10 11 11 11 100 10 9 10 10 7 8 10 9 8 10 9 8 7 10 10 100 8 10 10 10 8 8 10 10 10 8 8 10 10 7 10 10 10 9 10 10 7 9 10 10 8 8 10 10 10 8 10 10 10 10 9 10 10 10 100 10 10 10 10 9 9 9 9 9 10 7 7 10 1 1 7 1 1 1 1 1 1 1 1 1 1 1 1 1 1 1 1 1 1 1 1 1 1 1 1 1 1 1 1 1 1 1 1 1 1 1 1 1 1 1 1 1 1 1 1 1 1 1 1 1 1 100 1 1 100 100 1 1 1 1 1 1 100 100 100 100 100 1 1 1 1 1 1 100 100 1 1 1 1 100 1 1 1 1 1 1 1 1 1 1 100 1 1 1 1 1 1 1 1 1 1 1 1 1 1 1 1 100 100 1 1 1 1 1 1 1 1 1 1 1 1 1 1 100 1 1 1 1 1 1 1 1 1 1 1 100 100 1 1 1 1 1 100 100 1 1 1 1 1 100 100 1 1 1 1 1 1 1 1 1 1 1 1 100 1 1 1 1 1 1 1 1 100 1 1 100 1 1 1 1 100 100 1 1 1 1 1 1 1 1 1 1 100 1 100 1 1 1 1 1 1 1 1 1 12 12 12 12 7 12 100 12 12 1 1 1 12 12 12 1 12 12 12 12 12 12 12 12 1 12 12 1 12 1 12 12 12 12 12 12 12 12 1 12 7 12 12 12 12 12 12 12 12 12 100 12 7 12 12 12 12 1 12 1 12 7 12 12 12 12 1 1 1 12 12 1 12 1 1 12 12 12 12 7 12 12 12 12 12 12 100 12 12 12 12 12 12 12 12 12 12 7 12 12 1 100 12 12 12 12 1 1 12 12 12 12 12 12 12 12 1 1 12 12 12 1 12 100 12 7 12 1 12 12 12 7 12 100 12 1 12 7 12 1 12 12 12 12 12 1 1 12 12 1 12 12 1 12 1 100 1 12 12 12 12 12 100 12 12 12 1 1 12 12 12 12 12 12 12 100 12 1 12 12 12 12 1 1 12 1 12 12 1 1 12 1 1 12 12 1 1 12 12 100 12 1 1 12 1 12 12 12 12 12 1 12 12 1 1 12 1 12 12 12 12 12 12 12 12 1 12 12 12 12 100 12 12 12 12 12 12 1 1 1 1 1 1 1 1 1 1 1 1 1 1 1 1 1 1 1 1 1 1 1 1 1 1 1 1 1 1 1 1 1 1 1 1 1 1 1 1 1 1 1 1 1 1 1 1 1 1 1 1 1 1 1 1 1 1 1 1 1 1 1 1 1 1 1 1 1 1 1 1 1 1 1 1 1 1 1 1 1 1 1 1 1 1 1 1 1 1 1 1 1 1 1 1 1 1 1 1 1 1 1 1 1 1 1 1 1 1 1 1 1 1 1 1 1 1 1 1 1 1 1 1 1 1 1 1 1 1 1 1 1 1 1 1 1 1 1 1 1 1 1 1 1 1 1 1 1 1 1 1 1 1 1 1 1 1 1
staticfield java/lang/ClassLoader nocerts [Ljava/security/cert/Certificate; 0 [Ljava/security/cert/Certificate;
ciInstanceKlass java/lang/System 1 1 380 10 10 10 10 10 9 7 10 11 10 10 10 100 8 10 10 8 10 100 10 8 10 10 100 10 10 9 10 9 9 7 10 10 10 10 10 10 100 100 8 10 10 7 10 100 8 10 8 10 100 8 10 100 10 8 10 10 10 8 10 10 10 10 10 10 10 10 10 7 7 10 10 100 10 10 8 10 10 7 9 10 7 9 10 9 7 10 8 10 8 8 10 10 10 10 10 10 10 10 7 10 10 10 9 9 9 100 1 1 1 1 1 1 1 1 1 1 1 1 1 1 1 1 1 1 1 1 1 1 1 1 1 1 1 100 100 1 1 1 100 1 100 1 1 1 1 1 100 1 1 1 1 1 1 1 1 1 1 1 1 1 1 1 1 1 1 1 1 1 1 1 1 1 1 1 1 1 1 1 1 1 1 1 1 1 1 1 1 1 1 1 100 1 1 1 1 1 12 12 12 12 12 12 1 7 12 100 12 100 12 12 12 1 1 12 100 12 1 12 1 12 12 100 12 1 12 100 12 12 12 12 12 1 12 12 12 12 12 1 1 1 12 12 1 12 1 1 1 12 1 1 1 1 12 12 7 12 1 12 7 12 12 12 12 12 7 12 12 12 1 1 12 12 1 12 7 12 1 7 12 7 12 1 7 12 12 1 12 12 1 12 1 12 1 1 12 7 12 12 7 12 12 7 12 12 12 1 12 12 12 12 12 1 1 1 1 1 1 1 1 1 1 1 1 1 1 1 1 1 1 1 1 1 1 1 1 1 1 1 1 1 1 1 1 1 1 1 1 1 1 1 1 1 1 1 1 1 1 1 1 1 1 1 1 1 1 1 1 1 1 1 1 1 1 1 1 1 1 1
staticfield java/lang/System in Ljava/io/InputStream; java/io/BufferedInputStream
staticfield java/lang/System out Ljava/io/PrintStream; java/io/PrintStream
staticfield java/lang/System err Ljava/io/PrintStream; java/io/PrintStream
instanceKlass java/lang/Exception
instanceKlass java/lang/Error
ciInstanceKlass java/lang/Throwable 1 1 372 10 9 9 9 9 9 10 9 10 10 100 100 10 8 10 8 10 10 10 100 8 10 10 10 10 8 9 10 100 10 10 100 10 10 11 10 10 10 8 10 10 7 8 8 10 10 8 8 9 10 100 10 11 8 8 10 8 10 8 100 10 9 10 10 7 10 7 10 10 100 8 10 10 10 10 100 10 10 11 11 11 8 8 10 11 10 9 8 7 10 100 8 10 11 8 9 10 9 11 100 10 10 100 100 1 1 1 100 1 100 1 1 1 1 5 0 1 1 1 1 1 1 1 1 1 1 1 1 1 1 1 1 1 1 1 1 1 1 1 1 1 1 1 1 1 1 100 100 1 1 1 1 1 1 1 1 1 1 1 1 100 100 100 1 1 1 1 1 1 1 1 1 1 1 1 1 1 1 1 1 100 100 100 1 100 100 1 1 1 1 1 1 1 1 1 1 1 12 12 12 12 12 12 12 12 12 12 1 1 1 12 1 100 12 12 1 1 12 100 12 12 1 100 12 12 1 12 12 1 100 12 100 12 12 12 12 1 12 12 1 1 1 12 12 1 1 12 100 12 1 12 1 1 12 1 12 1 1 12 12 12 7 12 12 1 12 7 1 1 12 100 12 100 12 1 100 12 12 100 12 100 12 12 1 1 100 12 1 1 12 1 1 12 1 12 100 12 12 12 12 12 1 1 1 1 1 1 1 1 1 1 1 1 1 1 1 1 1 1 1 1 1 1 1 1 1 1 1 1 1 1 1 1 1 1 1 1 1 1 1 1 1 1 1 1 1 1 1 1 1 1 1 1 1 1 1 1 1 1 1 1 1 1 7 1 12 10 1 1 12 10
staticfield java/lang/Throwable UNASSIGNED_STACK [Ljava/lang/StackTraceElement; 0 [Ljava/lang/StackTraceElement;
staticfield java/lang/Throwable SUPPRESSED_SENTINEL Ljava/util/List; java/util/Collections$UnmodifiableRandomAccessList
staticfield java/lang/Throwable EMPTY_THROWABLE_ARRAY [Ljava/lang/Throwable; 0 [Ljava/lang/Throwable;
staticfield java/lang/Throwable $assertionsDisabled Z 1
instanceKlass java/lang/AssertionError
instanceKlass java/util/ServiceConfigurationError
instanceKlass java/lang/VirtualMachineError
instanceKlass java/lang/LinkageError
instanceKlass java/lang/ThreadDeath
ciInstanceKlass java/lang/Error 1 1 30 10 10 10 10 10 100 7 1 1 1 5 0 1 1 1 1 1 1 1 1 1 1 12 12 12 12 12 1 1
ciInstanceKlass java/lang/ThreadDeath 0 0 18 10 100 100 1 1 1 5 0 1 1 1 1 1 1 12 1 1
instanceKlass java/beans/PropertyVetoException
instanceKlass org/springframework/expression/AccessException
instanceKlass org/springframework/validation/BindException
instanceKlass javax/servlet/ServletException
instanceKlass java/util/concurrent/TimeoutException
instanceKlass ch/qos/logback/core/util/PropertySetterException
instanceKlass ch/qos/logback/core/joran/spi/ActionException
instanceKlass javax/xml/bind/JAXBException
instanceKlass javax/xml/parsers/ParserConfigurationException
instanceKlass javax/xml/transform/TransformerException
instanceKlass java/beans/IntrospectionException
instanceKlass org/xml/sax/SAXException
instanceKlass java/lang/CloneNotSupportedException
instanceKlass javax/xml/stream/XMLStreamException
instanceKlass java/text/ParseException
instanceKlass javax/naming/NamingException
instanceKlass java/net/URISyntaxException
instanceKlass ch/qos/logback/core/boolex/EvaluationException
instanceKlass java/security/GeneralSecurityException
instanceKlass ch/qos/logback/core/util/DynamicClassLoadingException
instanceKlass ch/qos/logback/core/util/IncompatibleClassException
instanceKlass ch/qos/logback/core/spi/ScanException
instanceKlass ch/qos/logback/core/joran/spi/JoranException
instanceKlass java/security/PrivilegedActionException
instanceKlass java/io/IOException
instanceKlass java/lang/InterruptedException
instanceKlass java/lang/ReflectiveOperationException
instanceKlass java/lang/RuntimeException
ciInstanceKlass java/lang/Exception 1 1 30 10 10 10 10 10 100 7 1 1 1 5 0 1 1 1 1 1 1 1 1 1 1 12 12 12 12 12 1 1
instanceKlass org/springframework/expression/ExpressionException
instanceKlass org/springframework/boot/autoconfigure/session/NonUniqueSessionRepositoryException
instanceKlass org/springframework/boot/autoconfigure/flyway/FlywayMigrationScriptMissingException
instanceKlass org/springframework/boot/context/properties/source/InvalidConfigurationPropertyValueException
instanceKlass org/springframework/boot/web/server/WebServerException
instanceKlass org/springframework/boot/context/properties/bind/validation/BindValidationException
instanceKlass java/time/DateTimeException
instanceKlass java/nio/file/FileSystemNotFoundException
instanceKlass javax/el/ELException
instanceKlass org/springframework/boot/context/properties/bind/UnboundConfigurationPropertiesException
instanceKlass org/springframework/boot/context/properties/bind/BindException
instanceKlass java/lang/reflect/MalformedParameterizedTypeException
instanceKlass org/yaml/snakeyaml/error/YAMLException
instanceKlass org/apache/logging/log4j/LoggingException
instanceKlass java/util/ConcurrentModificationException
instanceKlass javax/validation/ValidationException
instanceKlass java/util/MissingResourceException
instanceKlass java/lang/UnsupportedOperationException
instanceKlass org/springframework/boot/context/properties/source/InvalidConfigurationPropertyNameException
instanceKlass java/util/NoSuchElementException
instanceKlass java/lang/reflect/UndeclaredThrowableException
instanceKlass org/springframework/core/NestedRuntimeException
instanceKlass java/lang/invoke/WrongMethodTypeException
instanceKlass ch/qos/logback/core/LogbackException
instanceKlass java/lang/IndexOutOfBoundsException
instanceKlass org/apache/commons/logging/LogConfigurationException
instanceKlass java/lang/SecurityException
instanceKlass java/lang/IllegalStateException
instanceKlass java/lang/IllegalArgumentException
instanceKlass java/lang/ArithmeticException
instanceKlass java/lang/NullPointerException
instanceKlass java/lang/IllegalMonitorStateException
instanceKlass java/lang/ArrayStoreException
instanceKlass java/lang/ClassCastException
ciInstanceKlass java/lang/RuntimeException 1 1 30 10 10 10 10 10 100 7 1 1 1 5 0 1 1 1 1 1 1 1 1 1 1 12 12 12 12 12 1 1
ciInstanceKlass java/lang/SecurityManager 0 0 383 9 10 100 9 10 9 100 10 100 8 10 10 10 10 10 10 10 10 10 100 10 10 9 10 10 10 100 8 10 9 9 8 9 100 10 8 10 10 10 100 10 10 100 100 8 10 8 8 8 8 8 8 10 8 8 8 8 8 10 10 8 100 8 10 8 8 8 8 8 10 8 100 8 8 10 8 9 8 9 9 8 10 100 8 10 10 100 10 10 10 8 9 9 100 10 10 10 9 8 8 9 9 100 10 9 8 8 8 10 10 9 100 10 10 100 1 1 1 1 1 1 1 1 1 1 1 1 1 1 1 1 1 1 1 1 1 1 100 1 1 1 100 100 100 1 1 1 1 100 1 1 1 100 1 1 1 1 1 1 1 1 1 1 1 1 1 1 1 1 1 1 100 1 1 1 1 1 1 1 100 1 1 1 1 1 1 1 1 1 1 1 1 1 100 1 1 1 1 1 100 1 1 1 1 1 100 100 1 1 1 1 1 100 1 1 1 1 1 1 1 1 12 12 1 12 12 12 1 100 12 1 1 12 12 12 12 12 12 12 100 12 1 12 100 12 12 100 12 1 1 12 12 1 12 1 1 12 12 12 1 12 1 1 1 12 1 1 1 1 1 1 12 1 1 1 1 1 12 12 1 1 1 1 1 1 1 1 100 12 1 1 1 1 1 100 12 1 12 12 1 12 1 1 12 1 12 12 12 1 12 12 1 12 12 12 12 1 1 12 12 1 12 1 1 1 12 100 12 12 1 12 1 1 1 1 1 1 1 1 1 1 1 1 1 1 1 1 1 1 1 1 1 1 1 1 1 1 1 1 1 1 1 1 1 1 1 1 1 1 1 1 1 1 1 1 1 1 1 1 1 1 1
ciInstanceKlass java/security/ProtectionDomain 1 1 287 9 10 9 7 10 9 9 9 10 7 9 9 7 9 10 7 10 10 10 10 9 10 8 100 8 10 10 10 10 10 8 11 8 10 8 8 10 10 10 10 8 10 8 8 10 9 10 9 10 100 100 10 10 7 10 100 10 10 11 11 11 100 10 10 11 11 10 10 11 10 7 10 10 8 10 7 10 10 7 7 1 1 1 1 1 1 1 1 1 1 1 1 1 1 1 1 1 1 1 1 1 1 1 100 100 100 1 100 1 1 1 1 1 1 1 1 1 1 1 1 1 1 100 100 1 100 100 1 100 100 100 100 100 100 100 1 1 1 1 1 1 12 12 12 1 12 12 12 12 12 1 12 12 1 12 100 12 7 7 12 12 12 100 12 1 1 1 12 12 100 12 12 1 1 12 1 1 12 12 12 12 1 12 1 1 100 12 12 12 12 100 12 1 1 100 12 1 1 12 12 100 12 12 100 12 1 12 12 12 12 100 12 12 12 1 12 7 12 1 7 12 1 12 1 1 1 1 1 1 1 1 1 1 1 1 1 1 1 1 1 1 1 1 1 1 1 1 1 1 1 1 1 1 1 1 1 1 1 1 1 1 1 1 1 1 1 1 1 1 1 1 1 1 1 1 1 1 1 1 1 1 1 1 1 1 1
staticfield java/security/ProtectionDomain debug Lsun/security/util/Debug; null
ciInstanceKlass java/security/AccessControlContext 1 1 313 9 9 10 8 10 10 9 9 9 10 100 100 10 11 11 11 11 7 11 10 10 9 10 11 10 7 100 8 10 10 7 9 9 9 9 9 9 9 10 9 10 10 8 10 10 10 7 10 10 10 10 8 10 8 10 8 8 10 8 10 8 10 10 10 8 8 100 10 10 7 10 8 10 10 10 8 10 10 10 7 10 10 10 10 10 10 10 10 7 1 1 1 1 1 1 1 1 1 1 1 1 1 1 1 1 1 1 1 1 1 1 1 1 1 1 100 100 1 1 100 1 100 100 1 1 1 1 1 1 1 1 100 1 1 1 100 1 1 100 1 1 1 1 1 1 1 1 1 1 1 1 1 1 1 1 1 1 1 1 1 1 1 12 12 7 12 1 7 12 12 12 12 12 100 12 1 12 100 12 12 12 12 1 12 12 100 12 100 12 100 12 100 12 1 1 1 12 12 1 12 12 12 12 12 12 12 7 12 12 12 12 1 12 12 100 12 1 12 100 12 1 100 12 1 100 12 1 1 12 1 12 1 12 12 12 1 1 1 12 12 1 12 1 12 1 12 12 12 1 12 12 12 12 12 12 1 1 1 1 1 1 1 1 1 1 1 1 1 1 1 1 1 1 1 1 1 1 1 1 1 1 1 1 1 1 1 1 1 1 1 1 1 1 1 1 1 1 1 1 1 1 1 1 1 1 1 1 1 1 1 1 1
instanceKlass java/net/URLClassLoader
ciInstanceKlass java/security/SecureClassLoader 1 1 134 10 7 10 9 10 10 9 10 10 10 10 10 7 10 10 7 10 10 10 9 100 10 8 10 10 10 10 8 100 8 10 8 10 10 7 7 1 1 1 1 1 1 1 1 1 1 1 1 1 100 100 100 1 1 1 1 1 1 1 1 1 1 100 100 100 1 1 1 1 12 1 12 12 7 12 100 12 12 12 12 12 12 12 1 12 1 12 12 12 12 1 1 12 12 12 7 12 1 1 1 12 1 12 12 1 1 1 1 1 1 1 1 1 1 1 1 1 1 1 1 1 1 1 1 1 1 1 1 1 1 1 1 1
staticfield java/security/SecureClassLoader debug Lsun/security/util/Debug; null
instanceKlass java/lang/reflect/InvocationTargetException
instanceKlass java/lang/NoSuchFieldException
instanceKlass java/lang/InstantiationException
instanceKlass java/lang/NoSuchMethodException
instanceKlass java/lang/IllegalAccessException
instanceKlass java/lang/ClassNotFoundException
ciInstanceKlass java/lang/ReflectiveOperationException 1 1 27 10 10 10 10 100 7 1 1 1 5 0 1 1 1 1 1 1 1 1 1 12 12 12 12 1 1
ciInstanceKlass java/lang/ClassNotFoundException 1 1 32 100 10 10 9 100 7 1 1 1 5 0 1 1 1 1 1 1 1 1 1 1 1 1 1 1 12 12 12 1 1 1
instanceKlass java/lang/IncompatibleClassChangeError
instanceKlass java/lang/BootstrapMethodError
instanceKlass java/lang/NoClassDefFoundError
ciInstanceKlass java/lang/LinkageError 1 1 24 10 10 10 100 7 1 1 1 5 0 1 1 1 1 1 1 1 1 12 12 12 1 1
ciInstanceKlass java/lang/NoClassDefFoundError 0 0 21 10 10 100 100 1 1 1 5 0 1 1 1 1 1 1 1 12 12 1 1
ciInstanceKlass java/lang/ClassCastException 1 1 21 10 10 100 100 1 1 1 5 0 1 1 1 1 1 1 1 12 12 1 1
ciInstanceKlass java/lang/ArrayStoreException 1 1 21 10 10 100 100 1 1 1 5 0 1 1 1 1 1 1 1 12 12 1 1
instanceKlass java/lang/InternalError
instanceKlass java/lang/StackOverflowError
instanceKlass java/lang/OutOfMemoryError
ciInstanceKlass java/lang/VirtualMachineError 1 1 27 10 10 10 10 100 7 1 1 1 5 0 1 1 1 1 1 1 1 1 1 12 12 12 12 1 1
ciInstanceKlass java/lang/OutOfMemoryError 1 1 21 10 10 100 100 1 1 1 5 0 1 1 1 1 1 1 1 12 12 1 1
ciInstanceKlass java/lang/StackOverflowError 1 1 21 10 10 100 100 1 1 1 5 0 1 1 1 1 1 1 1 12 12 1 1
ciInstanceKlass java/lang/IllegalMonitorStateException 1 1 21 10 10 100 100 1 1 1 5 0 1 1 1 1 1 1 1 12 12 1 1
instanceKlass java/lang/ref/PhantomReference
instanceKlass java/lang/ref/FinalReference
instanceKlass java/lang/ref/WeakReference
instanceKlass java/lang/ref/SoftReference
ciInstanceKlass java/lang/ref/Reference 1 1 146 9 9 7 9 10 100 10 100 10 9 9 10 9 9 100 10 10 10 7 10 10 10 10 7 8 10 7 10 10 10 7 10 10 7 7 1 1 1 1 1 1 1 1 1 1 1 1 1 1 1 1 1 1 1 1 1 1 1 100 100 100 100 100 100 100 1 1 1 1 1 1 1 1 1 1 1 1 1 1 1 1 100 1 1 1 12 12 1 12 12 1 12 1 12 12 7 12 12 12 12 1 12 12 1 12 12 12 7 12 1 1 12 1 12 12 12 1 7 12 1 1 1 1 1 1 1 1 1 1 1 1 1 1 1 1 1 1 1 1 1 1 1 1 1 1
instanceKlass org/springframework/util/ConcurrentReferenceHashMap$SoftEntryReference
instanceKlass java/lang/invoke/LambdaFormEditor$Transform
instanceKlass sun/util/locale/provider/LocaleResources$ResourceReference
instanceKlass java/util/ResourceBundle$BundleReference
instanceKlass sun/util/locale/LocaleObjectCache$CacheEntry
ciInstanceKlass java/lang/ref/SoftReference 1 1 35 10 9 9 10 10 7 7 1 1 1 1 1 1 1 1 1 1 1 1 1 1 100 1 1 1 1 12 12 12 12 12 1 1 1
instanceKlass java/util/logging/LogManager$LoggerWeakRef
instanceKlass java/lang/reflect/WeakCache$CacheValue
instanceKlass java/lang/reflect/Proxy$Key1
instanceKlass java/lang/reflect/WeakCache$CacheKey
instanceKlass java/lang/invoke/MethodType$ConcurrentWeakInternSet$WeakEntry
instanceKlass java/util/ResourceBundle$LoaderReference
instanceKlass org/apache/commons/logging/impl/WeakHashtable$WeakKey
instanceKlass java/lang/ThreadLocal$ThreadLocalMap$Entry
instanceKlass java/lang/ClassValue$Entry
instanceKlass java/util/WeakHashMap$Entry
ciInstanceKlass java/lang/ref/WeakReference 1 1 20 10 10 100 7 1 1 1 1 1 1 1 1 1 1 1 12 12 1 1
instanceKlass java/lang/ref/Finalizer
ciInstanceKlass java/lang/ref/FinalReference 1 1 25 10 100 8 10 100 7 1 1 1 1 1 1 1 1 1 1 1 12 1 1 12 1 1 1
instanceKlass sun/misc/Cleaner
ciInstanceKlass java/lang/ref/PhantomReference 1 1 19 10 100 7 1 1 1 1 1 1 1 1 1 1 1 1 12 1 1
ciInstanceKlass java/lang/ref/Finalizer 1 1 143 10 9 9 9 9 9 10 10 7 10 10 10 10 7 11 100 10 100 10 10 10 100 10 10 7 10 7 10 10 10 10 7 10 7 10 10 10 7 1 1 1 1 1 1 1 1 1 1 1 1 1 1 1 1 1 1 1 100 100 1 1 1 1 1 1 1 1 1 1 1 1 1 1 1 1 100 1 1 1 12 12 12 12 12 12 12 12 1 12 12 12 12 1 7 12 1 12 1 12 100 12 100 12 1 12 12 1 1 12 12 7 12 1 12 1 12 12 12 1 1 1 1 1 1 1 1 1 1 1 1 1 1 1 1 1 1 1 1 1 1 1 1
staticfield java/lang/ref/Finalizer lock Ljava/lang/Object; java/lang/Object
instanceKlass java/lang/ref/ReferenceQueue$Null
ciInstanceKlass java/lang/ref/ReferenceQueue 1 1 133 10 7 10 9 9 9 9 9 9 9 100 10 9 7 10 10 10 100 8 10 10 10 5 0 10 11 7 10 7 10 7 100 1 1 1 1 1 1 1 1 1 1 1 1 1 1 1 1 1 1 1 1 1 1 1 1 100 100 100 100 1 1 1 1 1 1 1 1 100 1 1 1 1 1 1 1 1 12 1 12 12 12 12 7 12 12 12 12 1 12 1 7 12 12 12 1 1 12 100 12 12 12 100 12 1 7 12 1 1 1 1 1 1 1 1 1 1 1 1 1 1 1 1 1 1 1 1 1 1 1 1 1
staticfield java/lang/ref/ReferenceQueue $assertionsDisabled Z 1
instanceKlass org/springframework/context/support/AbstractApplicationContext$1
instanceKlass java/util/logging/LogManager$Cleaner
instanceKlass java/lang/ref/Finalizer$FinalizerThread
instanceKlass java/lang/ref/Reference$ReferenceHandler
ciInstanceKlass java/lang/Thread 1 1 561 9 9 9 9 100 8 10 3 8 3 10 10 100 8 10 9 10 10 10 10 10 10 10 9 10 10 9 10 9 10 9 10 9 10 9 9 10 9 10 9 10 9 100 10 10 9 9 9 7 7 10 8 10 10 10 10 10 100 10 10 10 10 100 11 9 10 10 10 9 10 9 10 100 10 10 100 10 10 11 10 100 10 10 10 7 10 10 10 10 10 10 10 10 10 10 7 8 10 10 10 8 10 8 10 8 8 10 10 7 8 10 9 9 10 10 10 9 10 100 10 11 9 9 10 100 10 11 100 10 10 11 10 100 10 10 10 8 9 10 11 10 11 10 7 8 7 1 1 100 1 100 1 100 1 1 1 1 1 1 1 1 1 1 1 1 1 1 1 1 1 1 1 1 1 1 1 100 1 1 1 1 1 1 1 1 1 1 1 1 1 1 1 3 1 3 1 3 1 1 1 1 1 1 1 1 1 1 1 1 1 1 1 1 1 1 1 1 1 1 1 1 1 100 100 100 100 1 1 1 1 1 1 100 1 1 1 1 100 100 100 100 100 1 1 1 1 1 1 1 1 1 1 1 1 1 1 1 1 1 1 1 1 1 1 1 1 1 1 1 1 1 1 1 1 1 1 1 1 1 1 1 1 1 1 1 1 1 1 1 1 1 1 1 1 1 1 1 100 100 1 1 100 100 1 1 1 1 100 100 1 1 1 1 1 1 1 1 1 1 1 1 1 1 100 1 1 1 1 100 1 1 1 1 1 1 1 1 1 1 1 12 12 12 12 1 1 12 1 12 12 1 1 12 12 7 12 100 12 7 12 12 12 12 12 12 12 12 12 12 12 12 12 7 12 12 12 12 12 7 12 12 12 12 1 12 12 12 12 1 1 1 12 12 12 12 12 1 12 12 12 1 12 7 12 12 12 12 12 100 12 12 1 12 1 12 100 12 12 1 12 12 1 12 12 12 12 12 12 12 12 12 1 1 12 12 1 12 1 1 1 100 12 100 12 1 12 12 12 12 12 12 1 12 100 12 12 12 12 1 12 100 12 1 12 12 12 12 1 12 12 100 12 12 12 12 100 12 12 12 1 1 1 1 1 1 1 1 1 1 1 1 1 1 1 1 1 1 1 1 1 1 1 1 1 1 1 1 1 1 1 1 1 1 1 1 1 1 1 1 1 1 1 1 1 1 1 1 1 1 1 1 1 1 1 1 1 1 1 1 1 1 1 1 1 1 1 1 1 1 1 1 1 1 1 1 1 1 1 1 1
staticfield java/lang/Thread EMPTY_STACK_TRACE [Ljava/lang/StackTraceElement; 0 [Ljava/lang/StackTraceElement;
staticfield java/lang/Thread SUBCLASS_IMPLEMENTATION_PERMISSION Ljava/lang/RuntimePermission; java/lang/RuntimePermission
ciInstanceKlass java/lang/ThreadGroup 1 1 275 10 9 8 9 7 9 9 10 10 10 10 10 9 9 10 10 9 10 9 9 10 100 10 10 10 9 10 10 9 10 10 10 10 10 10 10 10 10 10 10 100 10 10 10 7 10 100 10 9 10 8 10 10 10 10 11 100 9 100 10 8 10 10 8 10 10 10 10 10 8 10 8 10 8 7 100 1 1 1 1 1 1 1 1 1 1 1 1 1 1 1 1 1 1 1 1 1 1 1 1 1 1 1 1 1 1 1 1 1 1 1 1 1 1 1 1 100 100 100 1 1 1 100 1 1 1 1 1 1 1 1 1 1 1 1 1 1 1 1 1 100 1 1 1 1 1 1 1 1 1 1 1 100 1 1 100 1 1 1 1 12 12 1 12 1 12 12 12 12 12 12 12 12 12 12 12 12 100 12 12 12 100 12 12 7 12 100 12 12 12 12 12 12 12 12 12 12 12 12 12 12 1 12 12 1 12 12 12 12 1 100 12 12 12 12 1 12 1 1 12 12 1 12 100 12 100 12 12 100 1 1 12 1 1 1 1 1 1 1 1 1 1 1 1 1 1 1 1 1 1 1 1 1 1 1 1 1 1 1 1 1 1 1 1 1 1 1 1 1 1 1 1 1 1
instanceKlass java/util/Hashtable
ciInstanceKlass java/util/Dictionary 1 1 31 10 100 7 1 1 1 1 1 1 1 1 1 1 1 1 1 1 1 1 1 1 1 1 1 1 1 1 12 1 1
instanceKlass org/apache/commons/logging/impl/WeakHashtable
instanceKlass java/util/Properties
ciInstanceKlass java/util/Hashtable 1 1 453 100 9 9 9 10 10 100 100 10 8 10 10 10 10 10 8 10 9 7 7 4 10 9 4 10 11 10 10 10 100 10 9 10 9 10 10 3 9 9 3 10 10 10 11 11 11 11 7 11 11 10 10 10 9 9 9 100 100 10 10 8 10 10 8 10 8 10 7 10 10 7 10 10 7 10 100 10 10 7 11 11 100 10 10 10 11 100 10 100 11 11 10 10 10 10 10 8 10 100 8 10 4 10 4 10 8 10 10 100 11 10 10 10 10 7 100 100 100 1 1 1 100 1 1 1 1 1 1 1 1 1 1 1 1 1 1 1 1 1 5 0 1 1 1 1 1 1 1 1 1 1 3 1 3 1 3 1 1 1 1 1 100 1 1 1 1 1 1 1 1 1 1 1 1 1 1 1 100 1 1 100 1 1 1 1 1 1 1 1 1 1 1 1 100 1 1 1 100 1 1 100 100 100 1 1 1 1 1 1 1 1 1 1 1 1 100 100 100 1 1 1 1 1 100 1 1 1 100 1 1 1 1 1 1 1 1 100 1 1 1 1 1 1 1 1 1 1 100 1 100 1 1 100 100 1 1 1 1 1 1 1 1 1 1 1 1 1 1 1 1 12 12 12 12 12 1 1 1 12 12 12 12 7 12 1 12 12 1 1 7 12 12 12 12 12 12 12 1 12 7 12 12 12 12 12 12 12 12 12 12 7 12 7 12 12 1 12 12 12 12 12 12 12 1 1 12 1 12 1 1 7 12 1 12 12 1 12 12 1 1 12 1 12 12 1 100 12 100 12 1 100 12 100 12 12 100 12 12 12 100 12 100 12 1 1 12 12 1 12 100 12 1 100 12 12 12 12 1 1 1 1 1 1 1 1 1 1 1 1 1 1 1 1 1 1 1 1 1 1 1 1 1 1 1 1 1 1 1 1 1 1 1 1 1 1 1 1 1 1 1 1 1 1 1 1 1 1 1 1 1 1 1 1 1 1 1 1 1 1 1 1 1 1 1 1 1 1 1 1 1 1 1
instanceKlass org/springframework/core/SortedProperties
ciInstanceKlass java/util/Properties 1 1 273 10 10 9 10 7 10 10 10 10 9 10 100 3 100 8 10 7 10 10 100 10 10 10 10 10 8 10 10 10 10 10 100 100 10 10 100 8 10 10 100 10 10 100 10 10 10 10 11 11 10 10 8 10 10 100 10 10 8 10 100 10 10 10 7 10 10 10 10 8 10 8 10 10 9 7 100 1 1 1 1 1 1 5 0 1 1 1 1 1 1 1 1 1 1 1 1 1 1 1 1 1 1 100 100 100 1 1 1 1 100 1 1 100 100 1 1 100 1 1 1 1 1 100 1 1 100 100 100 1 100 1 1 1 1 1 1 1 1 1 1 1 1 1 1 100 1 1 1 1 1 1 1 1 1 1 1 1 12 12 12 12 1 12 12 12 12 12 12 1 1 1 12 1 12 12 1 12 12 12 12 12 1 12 12 12 12 12 1 1 12 12 1 1 12 12 1 12 1 12 7 12 12 12 12 1 12 100 12 1 12 12 1 12 1 12 12 1 12 12 12 1 100 12 1 100 12 1 1 1 1 1 1 1 1 1 1 1 1 1 1 1 1 1 1 1 1 1 1 1 1 1 1 1 1 1 1 1 1 1 1 1 1 1 1 1 1 1 1 1 1 1 1
staticfield java/util/Properties hexDigit [C 16
instanceKlass java/lang/reflect/Executable
instanceKlass java/lang/reflect/Field
ciInstanceKlass java/lang/reflect/AccessibleObject 1 1 147 10 9 10 10 7 10 7 100 8 10 9 10 100 8 10 11 10 10 10 9 10 10 100 10 10 7 8 10 7 10 10 7 9 7 7 7 1 1 1 1 1 1 1 1 1 1 1 1 1 100 1 1 1 1 1 1 1 1 1 1 1 1 1 1 1 1 1 1 1 1 1 1 1 1 1 100 100 100 1 1 1 1 1 1 1 7 12 12 100 12 12 1 12 1 1 1 12 12 12 1 1 12 12 12 12 12 12 100 12 12 1 12 7 12 1 1 1 1 1 7 12 1 12 1 1 1 1 1 1 1 1 1 1 1 1 1 1 1 1 1 1 1 1 1 1 1
staticfield java/lang/reflect/AccessibleObject ACCESS_PERMISSION Ljava/security/Permission; java/lang/reflect/ReflectPermission
staticfield java/lang/reflect/AccessibleObject reflectionFactory Lsun/reflect/ReflectionFactory; sun/reflect/ReflectionFactory
ciInstanceKlass java/lang/reflect/Field 1 1 372 9 10 10 10 9 10 10 10 10 9 9 9 9 9 9 9 100 8 10 7 10 9 9 10 100 10 10 10 10 10 10 10 100 10 8 10 10 8 10 10 8 10 11 9 10 10 10 10 11 11 11 11 11 11 11 11 11 11 11 11 11 11 11 11 11 11 10 10 9 10 10 10 10 11 10 100 10 10 9 10 11 10 10 9 10 7 100 1 1 1 1 1 1 1 1 1 1 1 1 1 1 1 1 1 1 1 1 1 1 1 1 1 1 1 1 1 1 1 1 1 1 1 1 1 1 1 1 1 1 1 1 1 1 1 1 1 1 1 100 1 1 100 100 1 100 1 1 1 100 1 1 1 1 1 1 1 1 1 1 1 1 1 1 1 1 1 1 1 1 1 1 1 1 1 1 1 1 1 1 1 1 1 1 1 1 1 100 1 1 1 1 1 1 1 1 1 1 1 1 1 100 100 100 1 1 1 1 1 1 1 12 12 100 12 100 12 12 12 12 100 12 12 12 12 12 12 12 12 12 1 1 12 1 12 12 12 12 1 12 12 12 12 12 100 100 12 1 1 12 12 1 12 12 1 100 12 7 12 12 12 12 7 12 12 12 12 12 12 12 12 12 12 12 12 12 12 12 12 12 12 12 12 12 7 12 12 100 12 12 100 12 1 100 12 7 12 12 7 12 7 12 12 12 100 12 100 12 1 1 1 1 1 1 1 1 1 1 1 1 1 1 1 1 1 1 1 1 1 1 1 1 1 1 1 1 1 1 1 1 1 1 1 1 1 1 1 1 1 1 1 1 1 1 1 1 1 1 1 1 1 1 100 1 1 1 1 1 1 1 1 1
ciInstanceKlass java/lang/reflect/Parameter 1 1 215 10 9 9 9 9 9 9 7 10 10 10 100 10 10 11 10 10 10 10 10 8 8 10 10 10 8 10 8 10 10 10 10 10 10 10 10 10 10 11 10 100 10 10 10 10 10 9 7 10 11 11 7 100 1 1 1 1 1 1 1 1 1 1 1 1 1 1 1 1 1 1 1 1 1 1 1 100 1 1 1 1 1 1 100 100 100 1 1 1 1 1 1 1 1 1 100 1 1 1 1 1 1 1 1 1 1 1 1 1 1 1 1 1 1 100 1 1 1 12 12 12 12 12 12 12 1 12 12 7 12 1 12 100 12 12 100 12 12 12 12 1 1 100 12 12 12 1 1 12 12 12 12 12 12 12 7 12 12 7 12 7 12 1 100 12 12 12 12 12 12 1 12 12 1 1 1 1 1 1 1 1 1 1 1 1 1 1 1 1 1 1 1 1 1 1 1 1 1 1 1 1 1 1 1 1 1 1 1 1 1 1 1 1 1
instanceKlass java/lang/reflect/Constructor
instanceKlass java/lang/reflect/Method
ciInstanceKlass java/lang/reflect/Executable 1 1 389 10 10 10 11 10 10 10 8 10 10 10 7 8 7 10 10 10 10 8 10 100 8 10 8 10 10 8 10 10 11 10 8 8 10 10 7 10 100 10 10 10 10 10 10 7 10 10 10 10 10 7 10 7 8 10 10 100 8 10 10 10 10 10 8 8 3 8 9 10 100 8 9 10 10 10 10 10 10 7 10 10 10 10 11 10 7 10 10 9 10 10 10 9 10 10 9 10 9 10 9 7 7 100 100 1 1 1 1 1 1 1 1 1 1 1 1 1 1 1 1 1 1 1 1 1 1 1 1 1 1 1 1 1 1 1 1 1 100 100 100 100 1 1 1 1 1 100 100 100 100 1 1 1 1 1 1 1 1 1 1 1 1 1 1 1 1 1 1 100 1 1 1 1 1 1 100 1 1 1 1 1 1 1 1 1 1 1 1 1 1 1 1 1 1 1 1 1 1 1 1 100 100 100 1 1 1 1 1 1 1 1 1 1 1 12 7 12 12 7 12 7 12 12 12 1 12 12 12 1 1 1 12 12 12 1 12 1 1 12 1 12 100 1 12 12 12 1 1 100 12 12 1 12 1 12 12 7 12 12 12 1 12 12 12 12 7 12 12 1 1 12 12 1 1 12 12 12 12 1 1 1 12 12 1 1 12 12 12 12 12 12 12 1 12 12 7 12 12 7 12 12 1 100 12 12 12 12 12 12 7 12 7 12 12 12 12 12 12 12 1 1 1 1 1 1 1 1 1 1 1 1 1 1 1 1 1 1 1 1 1 1 1 1 1 1 1 1 1 1 1 1 1 1 1 1 1 1 1 1 1 1 1 1 1 1 1 1 1 1 1 1 1 100 1 1 1 1 1 1 1 1 1 1 1 1 1 1 1
ciInstanceKlass java/lang/reflect/Method 1 1 353 9 10 10 9 10 10 10 10 9 9 9 9 9 9 9 9 9 9 9 100 8 10 7 10 9 10 10 7 7 10 10 10 7 10 10 10 10 10 10 10 10 10 10 10 10 10 10 10 10 10 11 9 10 10 10 10 11 10 7 10 10 10 10 9 10 10 10 10 10 11 10 7 100 7 10 8 10 10 10 10 10 10 10 8 7 1 1 1 1 1 1 1 1 1 1 1 1 1 1 1 1 1 1 1 1 1 1 1 1 1 1 1 1 1 1 1 1 1 1 1 1 1 1 1 1 1 1 1 1 1 1 1 1 1 1 1 1 1 1 1 1 1 1 1 1 1 1 1 1 1 1 1 100 1 1 1 1 1 1 1 1 100 1 100 100 1 1 1 1 1 1 1 1 1 1 1 1 1 100 100 1 1 1 1 1 1 1 1 1 1 1 1 1 1 12 7 12 7 12 12 12 12 7 12 12 12 12 12 12 12 12 12 12 12 12 12 1 1 12 1 12 12 12 12 1 1 12 12 7 12 12 7 12 12 12 7 12 12 7 7 12 12 12 12 12 12 12 12 12 7 12 7 12 12 12 12 7 12 12 1 12 12 12 12 12 7 12 12 7 12 7 12 7 12 7 12 7 12 1 1 1 1 12 12 12 12 12 12 1 1 1 1 1 1 1 1 1 1 1 1 1 1 1 1 1 1 1 1 1 1 1 1 1 1 1 1 1 1 1 1 1 1 1 1 1 1 1 1 1 1 1 1 1 1 1 1 1 1 1 1 1 1 1 1 1 1 1 1 1 1 1 1
ciInstanceKlass java/lang/reflect/Constructor 1 1 335 10 10 9 10 10 10 9 10 9 9 9 9 9 9 9 9 100 8 10 7 10 9 10 10 10 10 100 100 10 7 10 10 10 10 10 10 10 10 10 10 10 9 10 10 10 10 100 8 10 11 10 10 10 9 10 10 10 10 10 10 10 10 10 100 8 10 10 10 10 10 10 11 9 10 7 1 1 1 1 1 1 1 1 1 1 1 1 1 1 1 1 1 1 1 1 1 1 1 1 1 1 1 1 1 1 1 1 1 1 1 1 1 1 1 1 1 1 1 1 1 1 1 1 1 1 1 1 1 1 1 1 1 1 1 1 1 1 1 1 1 1 1 1 1 1 100 1 100 100 100 1 1 1 1 1 1 1 1 1 1 1 1 1 1 1 1 1 1 1 1 1 1 1 100 1 1 1 1 1 1 100 12 100 12 12 12 12 100 12 12 12 12 12 12 12 12 12 12 12 1 1 12 1 12 12 12 7 12 12 12 1 1 7 12 12 7 12 12 7 12 12 12 12 100 12 12 12 12 7 12 12 12 12 1 1 12 7 12 12 12 12 12 7 12 12 12 12 12 12 12 12 12 1 1 12 12 12 12 100 12 100 12 100 12 100 12 1 1 1 1 1 1 1 1 1 1 1 1 1 1 1 1 1 1 1 1 1 1 1 1 1 1 1 1 1 1 1 1 1 1 1 1 1 1 1 1 1 1 1 1 1 1 1 1 1 1 1 1 1 1 1 1 1 1 100 1 1 1 1 1 1 1 1 1
instanceKlass sun/reflect/FieldAccessorImpl
instanceKlass sun/reflect/ConstructorAccessorImpl
instanceKlass sun/reflect/MethodAccessorImpl
ciInstanceKlass sun/reflect/MagicAccessorImpl 1 1 13 10 100 7 1 1 1 1 1 1 12 1 1
instanceKlass sun/reflect/GeneratedMethodAccessor2
instanceKlass sun/reflect/GeneratedMethodAccessor1
instanceKlass sun/reflect/DelegatingMethodAccessorImpl
instanceKlass sun/reflect/NativeMethodAccessorImpl
ciInstanceKlass sun/reflect/MethodAccessorImpl 1 1 22 10 100 7 100 1 1 1 1 1 1 1 100 100 1 1 12 1 1 1 1 1
instanceKlass sun/reflect/GeneratedConstructorAccessor8
instanceKlass sun/reflect/GeneratedConstructorAccessor7
instanceKlass sun/reflect/GeneratedConstructorAccessor6
instanceKlass sun/reflect/GeneratedConstructorAccessor5
instanceKlass sun/reflect/GeneratedConstructorAccessor4
instanceKlass sun/reflect/GeneratedConstructorAccessor3
instanceKlass sun/reflect/GeneratedConstructorAccessor2
instanceKlass sun/reflect/BootstrapConstructorAccessorImpl
instanceKlass sun/reflect/GeneratedConstructorAccessor1
instanceKlass sun/reflect/DelegatingConstructorAccessorImpl
instanceKlass sun/reflect/NativeConstructorAccessorImpl
ciInstanceKlass sun/reflect/ConstructorAccessorImpl 1 1 24 10 100 7 100 1 1 1 1 1 1 1 100 100 100 1 1 12 1 1 1 1 1 1
ciInstanceKlass sun/reflect/DelegatingClassLoader 1 1 13 10 100 7 1 1 1 1 1 1 12 1 1
ciInstanceKlass sun/reflect/ConstantPool 1 1 106 10 9 10 10 10 10 10 10 10 10 10 10 10 10 10 10 7 7 8 10 100 1 1 1 1 1 1 1 1 1 1 1 1 1 1 1 1 1 1 1 1 1 1 1 1 1 1 1 1 1 1 1 1 1 1 1 1 1 1 1 1 1 1 1 1 1 1 1 1 1 1 1 1 1 1 1 1 1 1 1 1 12 12 12 12 12 12 12 12 12 12 12 12 12 12 12 12 1 1 7 12 1 1 1 1
instanceKlass sun/reflect/UnsafeFieldAccessorImpl
ciInstanceKlass sun/reflect/FieldAccessorImpl 1 1 56 10 100 7 100 1 1 1 1 1 1 1 100 1 1 1 1 1 1 1 1 1 1 1 1 1 1 1 1 1 1 100 1 1 1 1 1 1 1 1 1 1 1 1 1 1 1 1 1 1 12 1 1 1 1 1
instanceKlass sun/reflect/UnsafeStaticFieldAccessorImpl
ciInstanceKlass sun/reflect/UnsafeFieldAccessorImpl 1 1 233 10 9 10 10 9 10 9 10 10 9 10 10 10 10 100 10 10 10 8 10 10 100 8 10 8 10 8 10 100 10 10 8 10 8 10 8 10 8 10 8 10 8 10 8 10 8 10 8 10 10 8 8 8 8 8 8 10 8 8 8 10 10 7 7 1 1 1 1 1 1 1 1 1 1 1 1 1 100 100 1 1 1 1 1 1 1 1 1 100 100 1 1 1 1 1 1 1 1 1 1 1 1 1 1 1 1 1 1 1 1 1 1 1 1 12 12 7 12 7 12 12 7 12 12 12 12 12 12 100 12 100 12 12 1 12 12 1 12 1 1 12 1 12 1 12 1 12 1 12 1 100 12 1 100 12 1 100 12 1 100 12 1 100 12 1 100 12 1 100 12 1 100 12 12 1 1 1 1 1 1 100 12 1 1 1 12 12 1 1 1 1 1 1 1 1 1 1 1 1 1 1 1 1 1 1 1 1 1 1 1 1 1 1 1 1 1 1 1 1 1 1 1 1 1 1 1 1 1 1 1 1 1
staticfield sun/reflect/UnsafeFieldAccessorImpl unsafe Lsun/misc/Unsafe; sun/misc/Unsafe
instanceKlass sun/reflect/UnsafeQualifiedStaticFieldAccessorImpl
instanceKlass sun/reflect/UnsafeStaticObjectFieldAccessorImpl
ciInstanceKlass sun/reflect/UnsafeStaticFieldAccessorImpl 1 1 38 10 9 10 9 7 7 8 10 7 1 1 1 1 1 1 1 1 1 1 12 12 7 12 12 1 1 7 12 1 1 1 1 1 1 1 1 1
ciInstanceKlass java/lang/annotation/Annotation 1 0 17 100 100 1 1 1 1 1 1 1 1 1 1 1 1 1 1
ciInstanceKlass sun/reflect/CallerSensitive 0 0 17 100 100 100 1 1 1 1 1 1 1 1 1 1 1 1 1
instanceKlass java/lang/invoke/DelegatingMethodHandle
instanceKlass java/lang/invoke/BoundMethodHandle
instanceKlass java/lang/invoke/DirectMethodHandle
ciInstanceKlass java/lang/invoke/MethodHandle 1 1 444 9 10 10 10 9 10 10 10 10 10 10 11 10 10 10 9 10 100 100 10 8 10 10 8 10 10 10 10 10 10 10 10 10 7 10 10 10 8 10 10 10 10 10 8 10 8 10 8 10 9 100 10 9 9 8 10 10 10 10 10 10 10 10 8 10 10 10 10 10 10 9 8 10 10 8 10 10 10 10 10 10 8 10 10 100 9 10 7 10 10 9 10 10 8 9 9 9 10 10 10 10 7 10 10 8 10 10 100 10 100 1 1 1 1 1 1 1 1 1 1 1 1 1 1 1 1 1 1 1 1 1 1 100 1 1 1 1 1 1 1 1 1 1 1 1 1 1 1 100 1 1 1 1 1 1 1 100 100 1 1 1 1 1 100 100 1 1 1 1 1 1 1 1 1 1 1 1 1 1 1 1 1 1 1 1 100 1 1 1 1 1 1 1 1 1 1 1 1 7 1 1 1 1 1 1 1 1 1 1 1 1 1 1 1 1 1 100 1 1 12 12 12 7 12 12 12 7 12 12 100 12 12 12 100 12 12 12 12 12 12 1 1 1 12 12 1 12 12 7 12 12 12 12 12 7 12 7 12 1 12 12 12 1 7 12 12 12 12 12 1 12 1 12 1 100 12 12 1 100 12 100 1 12 12 12 12 12 12 12 12 1 12 12 12 12 12 12 12 1 12 12 1 12 12 7 12 12 12 1 12 12 1 12 1 100 12 12 12 12 12 1 12 12 12 7 12 12 12 12 1 12 12 12 12 1 12 1 1 1 1 1 1 1 1 1 1 1 1 1 1 1 1 1 1 1 1 1 1 1 1 1 1 1 1 1 1 1 1 1 1 1 1 1 1 1 1 1 1 1 1 1 1 1 1 1 1 1 1 1 1 1 1 1 1 1 1 1 1 1 1 1 1 1 1 1 1 1 1 1 1 1 1 1 1 1 1 1 1 1 1 1 1 1 1 1 1 1 1 1 1 1 1 1 1 1 1 1 1 1 1 1 1 1
staticfield java/lang/invoke/MethodHandle FORM_OFFSET J 20
staticfield java/lang/invoke/MethodHandle $assertionsDisabled Z 1
instanceKlass java/lang/invoke/DirectMethodHandle$StaticAccessor
instanceKlass java/lang/invoke/DirectMethodHandle$Constructor
instanceKlass java/lang/invoke/DirectMethodHandle$Special
instanceKlass java/lang/invoke/DirectMethodHandle$Accessor
instanceKlass java/lang/invoke/DirectMethodHandle$Interface
ciInstanceKlass java/lang/invoke/DirectMethodHandle 1 1 712 100 7 7 10 10 10 100 10 10 10 10 10 7 7 10 10 10 10 10 10 10 9 100 10 9 10 10 10 10 10 10 7 10 10 10 10 7 10 7 10 7 10 10 10 7 10 10 7 10 10 10 10 10 10 10 10 8 10 10 10 10 10 9 7 10 10 10 7 10 8 10 10 10 10 10 10 10 10 10 10 10 10 10 10 10 10 10 10 10 8 8 8 8 8 8 8 8 8 8 8 10 10 7 9 7 10 100 10 10 10 10 7 9 10 9 9 9 10 7 10 9 10 10 8 10 10 10 10 9 9 10 10 7 7 7 9 10 10 10 10 9 10 100 10 100 10 10 9 9 10 9 10 10 10 10 10 9 10 10 10 10 9 9 10 10 9 9 9 9 10 9 9 10 10 9 10 9 10 10 7 10 10 10 10 10 8 8 8 9 10 7 10 10 9 9 9 9 9 9 8 8 8 8 10 10 9 9 100 1 7 1 1 1 1 1 1 100 1 1 1 1 7 1 1 1 1 1 1 1 1 1 1 1 1 1 1 1 1 1 1 1 1 1 1 1 1 100 100 100 100 1 1 1 1 1 1 1 1 1 1 100 1 1 1 1 1 1 1 1 1 1 1 1 1 1 100 100 100 1 1 1 1 1 1 1 1 1 1 1 1 100 100 1 1 1 1 7 1 1 1 1 1 1 1 1 1 1 1 1 1 1 1 1 1 1 100 100 1 1 1 1 1 7 1 1 1 1 12 12 12 1 12 12 12 12 12 1 1 12 12 12 12 12 12 12 12 1 12 12 12 12 12 12 12 1 7 12 12 12 12 1 12 1 12 1 12 12 12 1 12 12 1 12 12 12 12 100 12 100 12 12 12 12 12 12 7 12 1 12 7 12 12 1 1 12 12 12 12 12 12 12 12 12 12 12 12 7 12 12 12 12 12 1 1 1 1 1 1 1 1 1 1 1 12 12 1 12 1 12 1 7 12 12 12 12 1 12 12 12 12 12 12 1 12 12 7 12 12 1 12 12 12 12 12 12 7 12 12 1 1 1 12 12 12 12 12 12 12 1 12 1 12 12 12 12 12 12 12 12 12 12 12 12 12 7 12 12 7 12 12 12 12 12 12 12 12 12 12 12 12 12 12 12 12 12 12 12 1 12 12 7 12 12 12 1 1 1 7 12 1 12 12 12 12 12 12 12 12 1 1 1 1 12 12 12 12 1 1 1 1 1 1 1 1 1 1 1 1 1 1 1 1 1 1 1 1 1 1 1 1 1 1 1 1 1 1 1 1 1 1 1 1 1 1 1 1 1 1 1 1 1 1 1 1 1 1 1 1 1 1 1 1 1 1 1 1 1 1 1 1 1 1 1 1 1 1 1 1 1 1 1 1 1 1 1 1 1 1 1 1 1 1 1 1 1 1 1 1 1 1 1 1 1 1 100 1 1 1 1 1 1 1 1 1 1 1 1 1 1 1 1 1 1 1 1 1 1 1 1 1 1 1 1 1 1 1 1 1 1 1 1 1 1 1 1 1 1 1 1 1 1 1 1 1 1 1 1 1 1 1 1 1 1 1 1 1 1 1 1 1 1 1 1 1 1 1 1 1 1 1 1
staticfield java/lang/invoke/DirectMethodHandle IMPL_NAMES Ljava/lang/invoke/MemberName$Factory; java/lang/invoke/MemberName$Factory
staticfield java/lang/invoke/DirectMethodHandle ACCESSOR_FORMS [Ljava/lang/invoke/LambdaForm; 132 [Ljava/lang/invoke/LambdaForm;
staticfield java/lang/invoke/DirectMethodHandle $assertionsDisabled Z 1
ciInstanceKlass java/lang/invoke/MemberName 1 1 654 7 7 100 10 10 10 9 9 10 9 10 10 10 10 10 10 10 9 10 100 7 10 8 10 10 10 10 9 8 10 7 7 10 10 7 7 7 10 9 100 8 10 10 10 10 10 10 10 10 10 8 8 8 10 10 9 3 10 10 10 10 10 10 10 10 10 7 8 10 10 8 9 8 9 10 8 10 10 10 10 10 100 10 10 8 10 10 8 10 10 100 10 10 8 8 10 10 10 10 10 10 10 10 10 3 10 3 10 3 3 3 3 3 3 10 100 10 3 10 3 10 10 10 10 10 10 10 10 10 10 10 10 100 10 10 10 100 10 10 10 10 100 10 10 8 10 10 10 10 10 10 10 10 10 10 10 100 10 100 8 10 10 10 10 10 10 10 8 8 8 8 10 10 10 8 8 10 8 10 10 10 8 8 10 10 8 8 100 10 8 8 8 8 10 7 7 7 10 100 10 7 10 9 10 100 100 7 1 1 1 1 1 1 1 1 1 1 1 1 1 1 1 3 1 3 1 3 1 3 1 3 1 3 1 1 1 1 1 1 1 1 3 1 1 1 1 3 1 1 1 1 1 1 1 1 1 1 1 1 1 1 1 100 100 1 100 1 1 1 1 1 1 1 1 1 1 1 1 1 1 1 1 1 1 1 1 1 1 1 1 1 1 1 1 100 1 1 1 1 1 1 1 1 1 1 1 1 1 1 1 1 1 1 1 1 1 1 1 1 1 1 1 1 1 1 1 1 1 100 100 1 1 1 1 1 100 1 1 1 100 1 1 1 1 1 1 1 1 1 100 1 1 1 1 1 1 1 1 100 1 1 1 1 1 1 1 1 1 100 1 1 1 1 1 100 1 1 1 1 1 1 1 1 1 1 1 1 1 1 7 1 1 12 12 12 12 12 12 12 12 12 12 12 12 12 12 100 12 12 1 1 12 1 12 12 12 12 12 1 100 12 1 1 12 1 1 1 12 12 1 1 12 12 12 12 12 12 12 12 12 1 1 1 100 12 12 12 12 12 12 12 12 12 12 12 1 12 12 100 100 12 1 12 12 12 12 12 1 12 12 1 12 12 1 12 12 1 12 12 1 1 12 12 12 12 12 12 12 12 12 12 12 100 1 1 7 12 12 12 12 12 7 12 12 12 12 12 12 1 12 1 12 12 1 12 100 12 100 12 12 12 12 12 12 12 1 12 1 1 7 12 12 7 12 12 12 1 1 1 1 12 12 12 1 1 12 1 12 12 1 1 12 1 1 1 1 1 1 1 12 1 1 1 1 1 7 12 12 12 1 1 1 1 1 1 1 1 1 1 1 1 1 1 1 1 1 1 1 1 1 1 1 1 1 1 1 1 1 1 1 1 1 1 1 1 1 1 1 1 1 1 1 1 1 1 1 1 1 1 1 1 1 1 1 1 1 1 1 1 1 1 1 1 1 1 1 1 1 1 1 1 1 1 1 1 1 1 1 1 1 1 1 1
staticfield java/lang/invoke/MemberName $assertionsDisabled Z 1
ciInstanceKlass java/lang/invoke/MethodHandleNatives 1 1 442 100 10 9 10 100 10 10 10 10 8 8 8 8 8 8 8 8 8 8 7 10 7 10 10 100 10 10 8 10 8 10 8 10 9 8 10 100 10 100 100 8 7 7 10 10 7 9 10 10 10 7 10 10 10 10 100 10 9 8 10 8 10 8 8 8 100 8 10 10 10 10 10 100 10 10 8 8 10 10 10 8 10 8 8 9 10 10 10 100 100 10 10 10 100 100 10 10 100 10 10 100 100 10 10 10 10 100 10 10 10 10 10 10 10 8 8 100 10 100 10 10 10 10 7 10 10 10 9 10 10 10 1 1 1 1 1 1 1 1 1 1 1 1 1 1 1 1 100 1 1 1 1 1 1 1 1 1 1 1 1 1 1 1 1 1 1 1 1 1 1 1 1 1 1 1 1 1 1 1 1 1 1 1 100 100 100 1 1 100 100 100 100 1 1 100 1 1 100 1 1 1 1 1 1 1 1 1 1 1 1 1 100 100 100 100 1 1 1 100 100 1 1 1 1 1 1 1 1 1 12 12 12 1 12 12 12 1 1 1 1 1 1 1 1 1 1 1 12 1 12 100 12 1 12 1 12 1 12 1 12 100 12 1 100 12 1 12 1 1 1 1 1 12 1 7 12 12 12 7 12 1 12 7 12 12 12 1 100 12 12 1 12 1 12 1 1 1 1 1 12 12 12 12 12 1 12 12 1 1 12 12 1 100 12 1 1 7 12 12 12 12 1 1 12 1 1 1 1 1 100 12 12 1 12 7 12 12 12 12 12 1 1 1 12 1 12 12 12 12 1 12 12 12 12 7 12 12 12 1 1 1 1 1 1 1 1 1 1 1 1 1 1 1 1 1 1 1 1 1 1 1 1 1 1 1 1 1 1 1 1 1 1 1 1 1 1 1 1 1 1 1 1 1 1 1 1 1 1 1 1 1 1 1 100 1 1 1 1 1 1 1 1 1 1 1 1 1 1 1 1 1 1 1 1 1 1 1 1 1 1 1
staticfield java/lang/invoke/MethodHandleNatives COUNT_GWT Z 1
staticfield java/lang/invoke/MethodHandleNatives $assertionsDisabled Z 1
ciInstanceKlass java/lang/invoke/LambdaForm 1 1 986 7 100 9 10 10 9 9 10 100 10 9 10 9 10 7 9 10 9 9 9 10 7 10 10 10 10 10 10 10 9 10 8 10 10 10 10 7 10 10 8 10 10 10 100 8 10 10 10 10 10 7 10 7 10 10 9 9 10 10 100 10 10 10 10 10 10 10 10 10 10 8 10 10 8 8 9 9 9 10 10 10 9 10 10 10 10 10 10 10 10 8 8 8 8 8 8 8 8 10 9 10 10 10 10 10 10 10 7 10 10 9 10 10 10 10 10 10 8 10 100 100 10 10 10 10 11 11 11 7 10 10 10 10 7 10 8 10 10 8 10 10 10 7 10 8 10 9 10 10 8 8 10 10 8 8 8 10 10 9 10 8 8 9 10 10 8 8 8 100 8 100 8 100 8 10 8 10 9 10 10 9 10 10 10 10 10 10 10 10 10 10 8 100 10 10 9 10 8 8 100 8 8 9 8 8 8 10 8 8 8 10 10 8 8 8 10 8 10 8 8 8 8 8 10 10 10 10 10 10 10 10 10 10 10 10 10 10 10 10 10 10 10 9 8 10 11 11 9 9 9 9 9 10 10 8 10 8 9 7 10 100 10 7 10 9 10 10 10 10 9 10 10 9 10 9 10 9 7 9 9 10 100 10 10 10 10 9 100 1 100 1 100 1 1 1 7 1 1 1 1 1 1 1 1 1 1 1 1 1 1 1 1 1 1 1 1 1 3 1 3 1 3 1 1 1 3 1 1 1 7 1 1 1 1 1 1 1 1 1 1 1 1 1 1 1 1 1 1 1 1 100 100 100 1 1 1 1 1 1 100 1 1 1 1 1 1 1 100 100 100 100 1 1 1 1 1 1 1 1 1 1 1 1 1 1 1 1 1 1 1 1 1 1 1 1 1 1 1 1 1 1 1 100 1 1 1 1 100 1 100 100 1 1 1 1 1 1 1 1 1 100 1 1 1 1 1 1 1 100 1 1 1 1 1 1 1 1 1 1 1 1 100 1 1 1 1 1 1 1 1 1 1 1 1 1 1 1 1 1 100 1 1 1 1 100 1 1 1 100 1 1 1 1 1 1 1 1 1 1 1 1 1 1 1 1 1 1 1 1 1 1 1 100 100 100 1 1 1 1 1 1 1 1 1 1 1 1 1 1 1 1 1 1 1 1 1 1 1 1 1 1 100 1 1 12 12 12 12 12 12 1 12 12 12 7 12 12 12 12 12 12 12 1 12 12 100 12 100 12 12 12 12 12 12 1 12 12 12 7 12 1 12 1 12 12 12 1 1 12 12 12 12 12 1 12 1 12 12 12 12 12 12 1 12 12 12 12 12 12 100 12 12 1 12 12 1 1 12 12 12 12 7 12 12 12 7 12 12 12 12 12 12 12 1 1 1 1 1 1 1 1 12 12 12 12 12 12 12 12 12 1 12 12 12 12 12 12 12 7 12 12 1 1 7 12 12 12 7 12 7 12 12 1 12 12 12 12 1 12 1 12 12 1 12 12 1 12 1 12 12 12 12 1 1 12 12 1 1 1 12 12 100 12 12 1 1 12 12 12 1 1 1 1 1 1 1 1 1 12 1 12 7 12 12 12 12 12 12 12 12 12 12 12 12 1 1 12 12 12 12 1 1 1 1 1 12 1 1 1 100 12 1 1 1 12 12 1 1 1 12 1 12 1 1 1 1 1 12 12 12 7 12 12 12 12 12 12 12 12 12 12 12 12 12 12 12 12 1 12 12 12 12 12 12 12 12 12 12 1 12 1 12 1 12 1 12 1 12 12 12 12 12 12 12 7 12 12 12 12 12 12 12 12 1 12 12 12 1 1 1 1 1 1 1 1 1 1 1 1 1 1 1 1 1 1 1 1 1 1 1 1 1 1 1 1 1 1 1 1 1 1 1 1 1 1 1 1 1 1 1 1 1 1 1 1 1 1 1 1 1 1 1 1 1 1 1 1 1 1 1 1 1 1 1 1 1 1 1 1 1 1 1 1 1 1 1 1 1 1 1 1 1 1 1 1 1 1 1 1 1 1 1 1 1 1 1 1 1 1 1 1 1 1 1 1 1 1 1 1 1 1 1 1 1 1 1 1 1 1 1 1 1 1 1 1 1 1 1 1 1 1 1 1 1 1 1 1 1 1 1 1 1 1 1 1 1 1 1 1 1 1 1 1 1 1 1 1 1 1 1 1 1 1 1 1 1 1 1 1 1 1 1 1 1 1
staticfield java/lang/invoke/LambdaForm COMPILE_THRESHOLD I 0
staticfield java/lang/invoke/LambdaForm INTERNED_ARGUMENTS [[Ljava/lang/invoke/LambdaForm$Name; 5 [[Ljava/lang/invoke/LambdaForm$Name;
staticfield java/lang/invoke/LambdaForm IMPL_NAMES Ljava/lang/invoke/MemberName$Factory; java/lang/invoke/MemberName$Factory
staticfield java/lang/invoke/LambdaForm LF_identityForm [Ljava/lang/invoke/LambdaForm; 6 [Ljava/lang/invoke/LambdaForm;
staticfield java/lang/invoke/LambdaForm LF_zeroForm [Ljava/lang/invoke/LambdaForm; 6 [Ljava/lang/invoke/LambdaForm;
staticfield java/lang/invoke/LambdaForm NF_identity [Ljava/lang/invoke/LambdaForm$NamedFunction; 6 [Ljava/lang/invoke/LambdaForm$NamedFunction;
staticfield java/lang/invoke/LambdaForm NF_zero [Ljava/lang/invoke/LambdaForm$NamedFunction; 6 [Ljava/lang/invoke/LambdaForm$NamedFunction;
staticfield java/lang/invoke/LambdaForm DEBUG_NAME_COUNTERS Ljava/util/HashMap; null
staticfield java/lang/invoke/LambdaForm TRACE_INTERPRETER Z 0
staticfield java/lang/invoke/LambdaForm $assertionsDisabled Z 1
ciInstanceKlass java/lang/invoke/MethodType 1 1 603 7 10 10 10 9 10 7 9 9 10 9 8 10 10 9 9 10 7 10 8 10 10 10 100 8 10 100 10 10 10 10 11 9 11 7 10 9 10 10 10 10 10 9 7 10 7 10 10 10 10 10 10 10 10 10 10 8 8 10 9 100 10 10 10 10 10 10 10 10 10 8 10 10 10 10 10 11 10 10 10 10 10 7 10 10 10 10 9 7 10 10 10 10 10 10 10 10 8 8 10 8 10 10 9 10 10 10 10 10 10 10 10 10 10 10 10 9 7 10 10 10 10 10 8 10 11 9 10 10 10 10 10 9 9 10 9 10 10 100 10 7 10 7 9 8 10 10 8 100 100 10 100 1 1 1 1 1 5 0 1 1 1 1 1 1 1 1 1 1 1 1 1 1 1 1 1 1 1 3 1 3 1 3 1 1 1 1 1 1 1 1 1 1 1 1 1 1 1 1 1 100 100 1 1 1 1 1 1 1 1 1 1 1 1 1 1 1 1 1 1 1 1 1 1 1 1 1 1 1 1 1 1 1 1 1 1 1 1 1 1 1 1 1 1 1 1 1 1 1 1 1 1 1 1 1 1 1 1 1 1 1 1 1 1 1 1 1 1 1 1 1 1 1 1 1 1 1 1 1 1 1 1 1 1 1 1 1 1 1 1 1 1 1 1 1 1 1 1 1 1 100 1 1 1 1 100 1 1 1 1 1 1 1 100 1 1 100 1 1 1 1 1 1 100 100 1 100 1 1 1 1 1 100 1 1 100 1 1 1 1 100 1 1 1 12 12 12 12 7 12 12 12 7 12 7 12 1 7 12 12 7 7 12 1 1 12 12 12 1 1 12 1 12 12 12 7 12 12 12 1 7 12 12 12 12 12 12 12 12 1 12 1 12 12 100 12 12 12 12 12 12 12 12 1 1 12 12 1 12 12 12 12 100 12 12 12 1 12 12 7 12 12 12 12 12 12 12 12 12 1 12 12 12 12 1 12 7 12 12 7 12 12 12 1 1 12 1 100 12 12 12 12 12 12 12 12 12 100 12 12 12 12 12 12 1 12 12 12 7 12 12 1 7 12 12 12 12 12 100 12 12 12 12 12 7 12 12 100 12 12 12 1 1 12 12 12 1 1 12 1 1 1 1 1 1 1 1 1 1 1 1 1 1 1 1 1 1 1 1 1 1 1 1 1 1 1 1 1 1 1 1 1 1 1 1 1 1 1 1 1 1 1 1 1 1 1 1 1 1 1 1 1 1 1 1 1 1 1 1 1 1 1 1 1 1 1 1 1 1 1 1 1 1 1 1 1 1 1 1 1 1 1 1 1 1 1 1 1 1 1 1 1 1 1 1 1 1 1 1 1 1 1
staticfield java/lang/invoke/MethodType internTable Ljava/lang/invoke/MethodType$ConcurrentWeakInternSet; java/lang/invoke/MethodType$ConcurrentWeakInternSet
staticfield java/lang/invoke/MethodType NO_PTYPES [Ljava/lang/Class; 0 [Ljava/lang/Class;
staticfield java/lang/invoke/MethodType objectOnlyTypes [Ljava/lang/invoke/MethodType; 20 [Ljava/lang/invoke/MethodType;
staticfield java/lang/invoke/MethodType serialPersistentFields [Ljava/io/ObjectStreamField; 0 [Ljava/io/ObjectStreamField;
staticfield java/lang/invoke/MethodType rtypeOffset J 12
staticfield java/lang/invoke/MethodType ptypesOffset J 16
staticfield java/lang/invoke/MethodType $assertionsDisabled Z 1
ciInstanceKlass java/lang/BootstrapMethodError 0 0 39 10 10 10 10 10 100 100 1 1 1 5 0 1 1 1 1 1 1 1 1 100 100 1 1 12 12 12 100 12 12 1 1 1 1 1 1 1 1
instanceKlass java/lang/invoke/VolatileCallSite
instanceKlass java/lang/invoke/MutableCallSite
instanceKlass java/lang/invoke/ConstantCallSite
ciInstanceKlass java/lang/invoke/CallSite 1 1 322 10 10 9 10 10 100 7 10 7 10 10 10 100 100 10 10 10 8 10 10 10 9 10 10 10 10 100 8 10 10 10 100 10 9 10 10 10 10 9 9 10 10 9 10 10 10 10 10 10 7 10 10 10 10 10 10 7 100 8 10 10 10 10 10 7 100 8 10 10 100 8 10 7 10 10 10 8 10 10 8 10 10 100 10 8 10 10 100 100 10 1 1 1 1 1 1 1 1 1 1 1 1 1 1 1 1 1 1 1 1 1 100 1 1 1 1 1 1 1 1 100 1 1 1 1 1 100 100 100 100 100 100 100 1 1 1 1 1 1 1 1 100 100 1 1 12 12 12 12 12 1 1 12 1 12 12 12 1 1 100 12 12 1 12 12 12 12 12 100 12 12 1 1 12 12 1 12 12 12 12 12 100 12 7 12 12 7 12 12 7 12 12 12 12 12 7 12 12 1 12 12 12 12 12 12 1 1 1 12 12 100 12 12 1 1 1 12 1 1 12 1 12 12 7 12 12 12 12 12 1 12 12 12 1 1 12 1 1 1 1 1 1 1 1 1 1 1 1 1 1 1 1 1 1 1 1 1 1 1 1 1 1 1 1 1 1 1 1 1 1 1 1 1 1 1 1 1 1 1 1 1 1 1 1 1 1 1 1 1 1 1 1 1 1 1 1 1 1 1 1 1 1 1 1 1 1 1 1 1 1 1 1 1 1 1 1 1 1 1 1 1
staticfield java/lang/invoke/CallSite GET_TARGET Ljava/lang/invoke/MethodHandle; java/lang/invoke/DirectMethodHandle
staticfield java/lang/invoke/CallSite THROW_UCS Ljava/lang/invoke/MethodHandle; java/lang/invoke/MethodHandleImpl$AsVarargsCollector
staticfield java/lang/invoke/CallSite TARGET_OFFSET J 12
ciInstanceKlass java/lang/invoke/ConstantCallSite 1 1 42 10 9 10 100 10 9 100 10 10 7 7 1 1 1 1 1 1 1 1 100 1 1 1 1 1 1 1 12 12 12 1 12 12 1 12 1 1 1 1 1 1
ciInstanceKlass java/lang/invoke/MutableCallSite 0 0 57 10 10 9 10 10 10 9 10 10 100 10 100 100 1 1 1 1 1 1 1 1 1 1 1 1 1 1 1 1 1 1 12 12 12 12 12 12 12 12 100 12 1 12 1 1 1 1 1 1 1 1 1 1 1 1 1
ciInstanceKlass java/lang/invoke/VolatileCallSite 0 0 33 10 10 10 10 10 10 100 100 1 1 1 1 1 1 1 1 1 1 1 12 12 12 12 12 12 1 1 1 1 1 1 1
instanceKlass java/lang/StringBuilder
instanceKlass java/lang/StringBuffer
ciInstanceKlass java/lang/AbstractStringBuilder 1 1 318 7 10 9 9 10 10 10 7 3 10 3 100 10 100 10 10 10 10 100 10 10 10 8 10 10 10 10 10 10 10 10 10 10 10 7 10 11 10 8 100 10 8 10 10 8 8 10 10 11 3 8 10 10 7 5 0 8 10 10 10 10 10 10 10 10 100 10 8 8 10 10 10 8 8 8 10 10 8 10 10 10 10 10 10 10 10 10 10 10 10 10 10 10 7 100 7 1 1 1 1 1 1 1 1 1 1 1 1 1 1 1 1 1 1 1 1 1 1 1 1 1 1 1 1 1 1 1 1 1 1 1 1 1 1 1 1 1 1 1 1 1 1 1 1 1 1 1 1 1 1 1 1 1 1 1 1 1 1 1 1 1 1 1 1 1 1 1 1 1 1 1 1 1 1 1 1 1 1 1 1 1 100 1 1 1 1 1 12 12 12 12 12 7 12 1 12 1 1 12 12 7 12 12 1 12 12 1 12 7 12 12 12 12 12 12 100 1 12 12 1 1 1 12 12 1 1 12 12 1 12 12 1 1 12 12 100 12 12 12 12 12 1 1 1 12 12 12 1 1 1 12 12 1 12 12 12 12 12 12 12 12 12 12 12 12 12 12 12 1 1 1 1 1 1 1 1 1 1 1 1 1 1 1 1 1 1 1 1 1 1 1 1 1 1 1 1 1 1 1 1 1 1 1 1 1 1 1 1 1 1 1 1 1 1 1 1 1
ciInstanceKlass java/lang/StringBuffer 1 1 378 10 10 10 11 10 10 9 9 10 10 9 10 100 10 10 10 10 10 10 10 10 10 10 10 10 10 10 10 10 10 10 10 10 10 10 10 10 10 10 10 10 10 10 10 10 10 10 10 10 10 10 10 10 10 10 10 7 10 10 8 10 8 10 8 10 10 10 10 7 10 100 8 10 10 10 10 10 10 10 10 10 10 10 10 10 10 10 10 10 10 10 10 10 10 10 10 10 10 10 10 10 10 7 10 9 9 9 7 7 100 100 1 1 1 1 1 5 0 1 1 1 1 1 1 1 1 1 1 1 1 1 1 1 1 1 1 1 1 1 1 1 1 1 1 1 1 1 1 1 1 1 1 1 1 1 1 1 1 1 1 1 1 1 1 1 1 1 1 1 1 1 1 1 1 1 1 1 1 1 1 1 1 1 1 1 1 1 1 1 1 1 1 1 1 1 100 1 1 100 100 1 1 1 1 1 1 1 1 1 1 1 1 1 1 1 1 1 1 1 1 1 1 1 1 1 1 1 1 1 1 1 1 1 1 12 12 12 12 12 12 12 12 12 12 1 12 12 12 12 12 12 12 12 12 12 12 12 12 12 12 12 12 12 12 12 12 12 12 12 12 12 12 12 12 12 12 12 12 12 12 12 12 12 12 7 12 1 12 100 12 1 100 12 1 12 1 12 12 100 12 100 12 12 1 1 12 12 12 12 12 12 12 12 12 12 12 12 12 12 12 12 12 12 12 12 12 12 12 12 12 12 12 12 12 12 1 12 7 12 7 12 1 1 1 1 1 1 1 1 1 1 1 1 1 1 1 1 1 1 1 1 1 1 1 1 1 1 1 1 1 1 1 1 1 1 1 1
staticfield java/lang/StringBuffer serialPersistentFields [Ljava/io/ObjectStreamField; 3 [Ljava/io/ObjectStreamField;
ciInstanceKlass java/lang/StringBuilder 1 1 333 10 10 10 11 10 10 10 10 10 10 10 10 10 10 10 10 10 10 10 10 10 10 10 10 10 10 10 10 10 10 10 10 10 10 10 10 10 10 10 10 7 9 9 10 10 10 10 10 10 10 100 100 8 10 10 10 10 10 10 10 10 10 10 10 10 10 10 10 10 10 10 10 10 10 10 10 10 10 10 10 10 10 10 10 10 10 10 10 10 10 10 10 10 10 10 10 10 7 7 100 100 1 1 1 5 0 1 1 1 1 1 1 1 1 1 1 1 1 1 1 1 1 1 1 1 1 1 1 1 1 1 1 1 1 1 1 1 1 1 1 1 1 1 1 1 1 1 1 1 1 1 1 1 1 1 1 100 1 1 1 100 1 1 1 1 1 1 1 1 1 1 1 1 1 1 1 1 1 1 1 1 1 1 1 1 1 1 1 1 1 1 1 1 1 1 1 1 1 1 1 1 1 1 1 1 1 1 1 1 1 1 1 1 1 1 1 12 12 12 12 12 12 12 12 12 12 12 12 12 12 12 12 12 12 12 12 12 12 12 12 12 12 12 12 12 12 12 12 12 12 12 12 12 12 1 12 12 12 100 12 12 12 100 12 12 12 1 1 1 12 12 12 12 12 12 12 12 12 12 12 12 12 12 12 12 12 12 12 12 12 12 12 12 12 12 12 12 12 12 12 12 12 12 12 12 12 12 12 12 12 12 12 1 1 1 1 1 1 1 1 1 1 1 1 1 1 1 1 1 1 1 1
ciInstanceKlass sun/misc/Unsafe 1 1 390 10 10 10 10 100 8 10 9 10 10 10 10 10 10 10 10 10 10 10 10 10 10 10 10 10 10 10 10 10 10 10 10 10 10 10 10 10 10 10 10 100 10 10 7 7 8 10 10 7 10 9 7 9 7 9 7 9 7 9 7 9 7 9 7 9 7 9 10 9 9 9 9 9 9 9 9 9 10 9 7 1 1 1 1 1 3 1 1 1 1 1 1 1 1 1 1 1 1 1 1 1 1 1 1 1 1 1 1 1 1 1 1 1 100 1 1 1 1 1 1 1 1 1 1 1 1 1 1 1 1 1 1 1 1 1 1 1 1 1 1 1 1 1 1 1 1 1 1 1 1 1 1 1 1 1 1 1 1 1 1 1 1 1 1 1 1 1 1 1 1 1 1 1 1 1 1 1 1 1 1 1 1 1 1 1 1 1 1 1 1 1 1 1 1 1 1 1 1 1 1 1 1 1 100 1 1 1 1 1 1 1 1 1 1 1 1 1 1 1 1 1 1 1 1 1 1 1 1 1 1 1 100 1 1 1 1 1 1 1 1 1 1 1 1 1 1 1 1 1 1 1 1 1 1 1 1 1 1 1 1 1 1 1 1 1 1 1 1 1 1 1 1 1 1 1 1 1 1 1 1 1 1 1 1 1 1 12 7 12 7 12 7 12 1 1 12 12 12 12 12 12 12 12 12 12 12 12 12 12 12 12 12 12 12 12 12 12 100 12 100 12 12 12 12 12 12 12 12 12 12 12 1 12 1 1 12 1 12 12 1 12 1 12 1 12 1 12 1 12 1 12 1 12 1 12 12 12 12 12 12 12 12 12 12 12 12 12 1 1 1 1 1 1 1 1 1 1 1 1 1 1 1 1 1 1 1 1 1 1
staticfield sun/misc/Unsafe theUnsafe Lsun/misc/Unsafe; sun/misc/Unsafe
staticfield sun/misc/Unsafe ARRAY_BOOLEAN_BASE_OFFSET I 16
staticfield sun/misc/Unsafe ARRAY_BYTE_BASE_OFFSET I 16
staticfield sun/misc/Unsafe ARRAY_SHORT_BASE_OFFSET I 16
staticfield sun/misc/Unsafe ARRAY_CHAR_BASE_OFFSET I 16
staticfield sun/misc/Unsafe ARRAY_INT_BASE_OFFSET I 16
staticfield sun/misc/Unsafe ARRAY_LONG_BASE_OFFSET I 16
staticfield sun/misc/Unsafe ARRAY_FLOAT_BASE_OFFSET I 16
staticfield sun/misc/Unsafe ARRAY_DOUBLE_BASE_OFFSET I 16
staticfield sun/misc/Unsafe ARRAY_OBJECT_BASE_OFFSET I 16
staticfield sun/misc/Unsafe ARRAY_BOOLEAN_INDEX_SCALE I 1
staticfield sun/misc/Unsafe ARRAY_BYTE_INDEX_SCALE I 1
staticfield sun/misc/Unsafe ARRAY_SHORT_INDEX_SCALE I 2
staticfield sun/misc/Unsafe ARRAY_CHAR_INDEX_SCALE I 2
staticfield sun/misc/Unsafe ARRAY_INT_INDEX_SCALE I 4
staticfield sun/misc/Unsafe ARRAY_LONG_INDEX_SCALE I 8
staticfield sun/misc/Unsafe ARRAY_FLOAT_INDEX_SCALE I 4
staticfield sun/misc/Unsafe ARRAY_DOUBLE_INDEX_SCALE I 8
staticfield sun/misc/Unsafe ARRAY_OBJECT_INDEX_SCALE I 4
staticfield sun/misc/Unsafe ADDRESS_SIZE I 8
instanceKlass sun/nio/ch/ChannelInputStream
instanceKlass com/sun/org/apache/xerces/internal/impl/XMLEntityManager$RewindableInputStream
instanceKlass java/util/zip/ZipFile$ZipFileInputStream
instanceKlass java/io/FilterInputStream
instanceKlass java/io/FileInputStream
instanceKlass java/io/ByteArrayInputStream
ciInstanceKlass java/io/InputStream 1 1 63 10 10 100 10 100 10 10 100 100 5 0 10 8 10 7 100 1 1 1 3 1 1 1 1 1 1 1 1 1 1 100 1 1 100 100 1 1 1 1 1 1 1 1 1 12 12 1 1 12 1 1 100 12 1 12 1 1 1 1 1 1 1
ciInstanceKlass java/io/ByteArrayInputStream 1 1 62 10 9 9 9 9 10 100 10 100 10 10 7 7 1 1 1 1 1 1 1 1 1 1 1 1 1 1 1 1 1 1 1 1 1 1 1 1 1 100 1 1 12 12 12 12 12 100 12 1 1 7 12 1 1 1 1 1 1 1 1 1
ciInstanceKlass java/io/File 1 1 597 9 9 10 9 9 9 10 9 9 100 10 8 10 10 100 10 10 10 10 10 100 8 10 10 8 10 8 10 8 10 8 10 8 10 8 10 8 10 9 10 10 10 10 10 10 10 7 10 10 10 10 10 100 8 10 10 10 8 10 7 10 10 10 10 100 10 100 10 10 10 10 10 8 7 10 100 100 10 10 10 7 10 10 10 10 10 10 10 10 10 10 10 7 100 10 11 11 11 11 100 10 10 10 10 100 11 10 10 10 10 10 10 10 8 10 10 10 10 10 10 10 10 100 8 10 10 10 8 8 10 10 100 8 10 10 10 10 10 10 10 10 8 10 10 9 9 10 9 10 9 10 10 10 10 10 10 9 10 9 9 10 10 10 8 100 7 100 100 100 1 1 7 1 1 1 1 1 1 1 1 1 1 1 1 1 1 1 1 1 1 1 1 1 5 0 1 1 1 1 1 1 1 1 1 100 1 1 1 1 1 100 100 1 1 1 1 100 1 1 1 1 1 1 1 1 1 1 1 1 1 1 1 1 1 1 1 1 1 100 1 100 1 1 1 1 1 1 1 1 1 1 1 1 1 1 1 1 100 1 1 1 100 100 1 100 1 1 100 1 1 1 1 1 1 1 1 1 1 1 1 1 1 1 1 1 100 1 1 1 1 1 1 1 1 1 1 1 100 100 1 1 100 100 100 1 1 100 1 1 1 1 12 12 12 12 12 12 12 12 12 1 1 12 12 1 12 12 12 12 1 1 12 12 1 12 1 12 1 12 1 12 1 12 1 12 1 12 12 12 12 12 12 12 12 12 1 12 12 12 12 12 1 1 12 12 1 12 1 12 12 12 1 1 12 12 12 12 1 1 12 1 1 12 7 12 100 12 1 12 12 12 12 12 12 12 12 100 12 12 12 1 1 100 12 100 12 12 12 1 12 1 100 12 12 12 12 12 12 12 12 1 12 12 12 12 12 12 12 12 1 1 12 12 1 1 12 12 1 1 12 12 12 12 100 12 12 100 12 100 12 12 12 12 7 12 12 12 12 7 12 7 12 7 12 7 12 12 12 12 12 12 12 12 12 12 1 1 1 1 1 1 1 1 1 1 1 1 1 1 1 1 1 1 1 1 1 1 1 1 1 1 1 1 1 1 1 1 1 1 1 1 1 1 1 1 1 1 1 1 1 1 1 1 1 1 1 1 1 1 1 1 1 1 1 1 1 1 1 1 1 1 1 1 1 1 1 1 1 1 1 1 1 1 1 1 1 1 1 1 1 1 1 1 1 1 1 1 1 1 1 1 1 1 1 1 1 1 1 1 1 1 1 1 1 1 1 1 1 1 1 1 1 1 1 1 1
staticfield java/io/File fs Ljava/io/FileSystem; java/io/WinNTFileSystem
staticfield java/io/File separatorChar C 92
staticfield java/io/File separator Ljava/lang/String; "\"
staticfield java/io/File pathSeparatorChar C 59
staticfield java/io/File pathSeparator Ljava/lang/String; ";"
staticfield java/io/File PATH_OFFSET J 16
staticfield java/io/File PREFIX_LENGTH_OFFSET J 12
staticfield java/io/File UNSAFE Lsun/misc/Unsafe; sun/misc/Unsafe
staticfield java/io/File $assertionsDisabled Z 1
instanceKlass sun/misc/Launcher$ExtClassLoader
instanceKlass sun/misc/Launcher$AppClassLoader
ciInstanceKlass java/net/URLClassLoader 1 1 550 9 10 9 10 7 10 9 10 10 10 7 10 10 10 10 10 10 7 10 10 10 7 100 100 8 10 10 10 10 11 11 11 100 11 11 10 11 11 11 10 10 10 7 10 10 7 100 10 7 10 10 10 10 100 7 10 8 10 8 10 10 10 8 8 10 10 10 100 100 8 10 10 10 10 10 10 10 10 10 7 10 10 10 10 10 10 10 10 8 10 11 9 10 9 9 9 9 9 9 10 8 10 7 10 10 7 10 10 7 10 10 10 10 7 10 9 10 8 100 8 10 10 8 10 10 9 10 10 10 10 100 8 10 100 10 10 100 10 10 7 100 10 7 10 10 10 7 1 1 1 1 1 1 1 1 1 1 1 1 1 1 100 100 100 100 1 100 1 1 1 100 1 1 100 100 100 100 100 100 100 100 100 1 1 100 100 100 100 1 1 1 1 1 1 1 100 100 1 1 1 100 1 1 100 1 1 100 1 1 100 100 1 1 1 1 1 1 1 1 1 100 100 100 1 1 1 1 1 1 1 1 1 1 1 1 12 12 12 12 1 12 12 7 12 100 12 7 12 1 12 12 12 12 7 12 1 12 12 12 1 1 1 1 12 12 12 12 100 12 100 12 12 1 12 100 12 12 12 12 12 12 12 1 12 12 1 1 12 1 12 7 12 12 1 1 1 12 1 12 12 1 1 12 12 12 1 1 1 12 12 7 12 7 12 12 12 12 12 12 1 12 7 12 12 12 12 12 7 12 12 1 12 7 12 7 12 7 12 12 12 12 12 12 12 7 12 1 12 1 12 1 12 12 1 12 12 12 12 1 7 12 7 12 12 1 1 1 12 12 1 12 12 12 100 12 12 12 12 1 1 1 12 7 12 1 12 12 1 1 1 12 7 12 1 1 1 1 1 1 1 1 1 1 1 1 1 1 1 1 1 1 1 1 1 1 1 1 1 1 1 1 1 1 1 1 1 1 1 1 1 1 1 1 1 1 1 1 1 1 1 1 1 1 1 1 1 1 1 1 1 1 1 1 1 1 1 1 1 1 1 1 1 1 1 1 1 1 1 1 1 1 1 1 1 1 1 1 1 1 1 1 1 1 1 1 1 1 1 1 1 1 1 1 1 1 1 1 1 1 1 1 1 1 1 1 1 1 1 1 1 1 1 1 1 1 1 1 1 1 1 1 1 1 1 1 1 1 1 1 1 1 1 1 1 1 1 1 1 1 1 1 1 1 1 1 1 1 1 1
ciInstanceKlass java/net/URL 1 1 607 10 10 10 9 9 10 10 10 9 10 8 10 7 10 10 8 10 9 7 8 10 10 8 9 7 10 10 9 10 9 8 9 10 9 10 8 9 10 10 8 10 7 10 10 10 10 10 8 10 10 10 8 9 8 10 10 100 10 10 10 10 9 10 9 10 10 10 10 100 100 10 7 10 10 10 10 10 7 10 10 10 100 10 10 100 8 10 9 10 10 9 10 100 10 10 10 10 10 10 10 10 10 10 10 9 9 100 8 10 10 9 10 10 7 11 7 8 8 10 10 7 8 8 7 10 10 10 10 8 8 10 100 10 10 10 10 10 10 8 10 100 10 8 8 10 8 8 8 8 100 10 9 10 10 10 10 10 10 10 10 10 10 10 10 10 10 10 100 8 10 10 10 10 10 7 10 7 7 10 9 9 100 1 1 1 1 1 5 0 1 1 1 1 1 1 1 1 1 1 1 1 1 1 1 1 1 1 1 1 1 1 1 1 1 1 1 1 1 1 1 1 1 1 1 1 100 100 100 100 1 1 1 100 100 1 1 1 1 1 1 100 100 1 1 1 1 1 1 1 1 1 1 1 1 1 1 1 1 1 1 1 1 1 1 1 100 1 1 1 100 100 100 1 1 1 1 1 1 1 100 1 1 100 100 100 1 1 1 1 100 100 1 100 1 1 1 1 1 1 1 1 1 1 1 1 1 12 12 12 12 12 7 12 12 12 12 12 1 12 1 12 1 12 12 1 1 12 12 1 12 1 12 12 12 12 1 12 12 12 12 1 12 12 7 12 1 12 1 12 12 12 12 12 1 12 12 12 1 12 1 12 12 1 12 12 7 12 12 100 12 100 12 12 12 12 12 100 12 1 1 12 1 12 12 12 12 12 1 12 1 12 12 1 1 100 12 100 12 12 100 12 12 1 12 12 12 12 12 12 12 12 7 12 12 12 12 12 1 1 12 12 12 12 1 100 12 1 1 1 7 12 1 1 1 1 12 12 12 1 1 7 12 1 100 12 12 12 12 100 12 100 12 100 12 1 12 1 12 12 12 12 12 12 12 12 12 12 12 12 12 12 1 1 12 12 100 12 1 1 1 12 7 12 12 1 1 1 1 1 1 1 1 1 1 1 1 1 1 1 1 1 1 1 1 1 1 1 1 1 1 1 1 1 1 1 1 1 1 1 1 1 1 1 1 1 1 1 1 1 1 1 1 1 1 1 1 1 1 1 1 1 1 1 1 1 1 1 1 1 1 1 1 1 1 1 1 1 1 1 1 1 1 1 1 1 1 1 1 1 1 1 1 1 1 1 1 1 1 1 1 1 1 1 1 1 1 1 1 1 1 1 1 1 1 1 1 1 1 1 1 1 1 1 1 1 1
staticfield java/net/URL serialPersistentFields [Ljava/io/ObjectStreamField; 7 [Ljava/io/ObjectStreamField;
ciInstanceKlass java/util/jar/Manifest 1 1 265 10 7 10 9 7 10 9 9 10 10 10 10 10 11 11 10 10 100 100 10 8 10 10 10 10 11 100 10 10 11 11 11 11 100 100 8 10 11 7 8 10 10 10 8 10 10 10 11 10 10 10 8 10 7 10 10 10 100 8 10 10 8 10 10 10 10 11 10 10 10 100 7 10 11 10 11 10 7 100 1 1 1 1 1 1 1 1 1 1 1 1 1 1 1 1 1 1 1 1 1 1 1 1 1 1 1 100 1 1 1 100 100 100 100 100 1 1 1 100 100 100 100 1 1 100 1 1 1 1 1 1 1 1 1 1 12 1 12 1 12 12 12 12 12 12 12 7 12 12 100 12 1 1 1 12 12 12 12 1 12 12 12 100 12 100 12 12 1 1 1 1 12 1 1 12 12 12 1 12 12 12 12 12 12 1 12 1 12 12 12 1 1 12 1 12 100 12 12 12 12 12 7 12 12 1 1 12 12 12 1 1 1 1 1 1 1 1 1 1 1 1 1 1 1 1 1 1 1 1 1 1 1 1 1 1 1 1 1 1 1 1 1 1 1 1 1 1 1 1 1 1 1 1 1 1 1 1 1 1 1 1 1 1 1
ciInstanceKlass sun/misc/Launcher 1 1 234 9 10 10 9 9 10 10 100 100 8 10 10 9 8 10 10 8 10 10 8 10 8 100 10 10 10 100 100 100 100 10 100 10 8 10 10 10 9 7 10 9 10 7 10 10 8 10 10 10 10 10 100 10 7 10 7 10 8 7 100 1 1 7 1 7 1 7 1 1 1 1 1 1 1 1 1 1 1 1 1 1 1 1 1 1 100 100 100 100 100 100 100 100 100 1 1 1 1 1 1 100 1 1 100 1 1 100 1 1 1 1 1 1 1 1 1 12 12 12 12 12 12 12 1 1 1 12 12 12 1 7 12 12 1 7 12 100 12 1 7 12 1 1 100 12 100 12 1 1 1 1 12 1 1 12 12 12 12 1 12 12 12 1 12 1 12 12 12 12 7 12 1 12 1 12 1 1 1 1 1 1 1 1 1 1 1 1 1 1 1 1 1 1 1 1 1 1 1 1 1 1 1 1 1 1 1 1 1 1 1 1 1 1 1 1 1 1 1 1 1 1 1 1 1 1 1 1 1 1 1 1 1 1
ciInstanceKlass sun/misc/Launcher$AppClassLoader 1 1 203 8 10 100 10 7 10 10 7 10 10 10 11 9 10 10 10 10 10 10 10 10 100 10 10 10 7 8 10 10 9 10 100 10 10 10 10 100 10 100 100 10 100 10 10 100 10 7 10 10 7 7 1 1 1 1 1 1 1 1 1 1 1 100 100 1 100 1 1 1 1 100 1 1 1 1 1 1 1 1 100 1 1 1 1 1 7 12 1 12 1 12 7 12 1 12 12 7 12 7 12 12 7 12 7 12 12 12 100 12 12 12 12 1 12 12 12 1 1 7 12 12 100 12 1 12 12 12 1 12 1 1 12 1 12 12 1 12 1 7 12 12 1 1 1 1 1 1 1 1 1 1 1 1 1 1 1 1 1 1 1 1 1 1 1 1 1 1 1 1 1 1 1 1 1 1 1 1 1 1 1 1 1 1 1 1 1 1 1 1 1 1 1 1 1 1 1 1 1 1 1 1 1
staticfield sun/misc/Launcher$AppClassLoader $assertionsDisabled Z 1
ciInstanceKlass sun/misc/Launcher$ExtClassLoader 1 1 243 10 9 7 10 7 10 10 100 10 100 10 10 10 10 10 11 10 8 10 7 9 10 10 7 10 10 7 10 10 8 10 10 10 10 10 7 10 10 10 10 100 10 11 10 10 8 10 10 10 100 10 100 100 10 100 10 10 100 10 10 7 1 1 1 1 1 1 1 1 1 100 100 1 1 100 1 1 1 1 1 1 100 100 100 1 1 100 100 1 1 100 100 100 100 1 1 1 1 1 1 1 12 12 7 1 12 1 12 7 12 1 12 1 12 12 12 12 7 12 7 12 7 12 1 7 12 1 12 12 12 1 12 12 1 12 1 7 12 12 12 12 12 1 12 12 12 12 1 100 12 100 12 12 1 100 12 12 12 1 12 1 1 12 1 12 12 1 12 7 12 1 1 1 1 1 1 1 1 1 1 1 1 1 1 1 1 1 1 1 1 1 1 1 1 1 1 1 1 1 1 1 1 1 1 1 1 1 1 1 1 1 1 1 1 1 1 1 1 1 1 1 1 1 1 1 1 1 1 1 1 1 1 1 1 1 1 1 1 1 1 1 1
ciInstanceKlass java/security/CodeSource 1 1 351 10 9 9 9 9 10 100 10 100 10 7 10 10 10 100 10 10 10 10 10 100 10 10 10 10 10 10 10 10 10 10 10 10 10 8 10 10 10 10 8 10 10 100 10 10 8 10 10 10 8 8 9 100 8 10 10 8 10 8 8 8 10 10 10 10 10 10 100 100 10 10 10 10 10 100 10 10 8 10 10 10 100 10 100 100 8 8 10 10 10 100 10 10 11 10 10 11 10 10 8 100 10 10 100 10 11 11 7 100 1 1 1 5 0 1 1 1 1 1 1 1 1 1 1 1 1 1 1 1 100 100 1 1 1 1 1 1 1 1 1 100 1 1 1 1 1 1 1 100 1 1 100 1 1 100 100 100 1 1 1 100 100 100 100 100 100 100 100 1 1 1 1 12 12 12 12 12 100 12 100 7 12 1 12 12 100 1 12 100 12 12 12 1 12 100 100 12 100 12 12 7 12 12 12 12 1 12 12 12 12 1 12 1 12 1 12 12 12 1 1 12 1 1 12 12 1 12 1 1 1 100 12 12 12 12 12 12 1 1 12 12 12 100 12 12 1 12 1 12 12 12 1 12 1 1 1 1 12 100 12 1 12 12 100 12 12 12 100 1 1 12 12 1 12 12 1 1 1 1 1 1 1 1 1 1 1 1 1 1 1 1 1 1 1 1 1 1 1 1 1 1 1 1 1 1 1 1 1 1 1 1 1 1 1 1 1 1 1 1 1 1 1 1 1 1 1 1 1 1 1 1 1 1 1 1 1 1 1 1 1 1 1 1 1 1 1 1 1 1 1
ciInstanceKlass java/lang/StackTraceElement 1 1 101 10 8 10 7 9 8 9 9 9 100 10 10 10 8 10 8 8 8 10 8 10 8 7 10 10 10 10 7 100 1 1 1 1 1 1 1 1 1 5 0 1 1 1 1 1 1 1 1 1 1 1 1 1 1 100 100 100 1 1 1 1 1 12 1 7 12 1 12 1 12 12 12 1 12 12 1 12 1 1 1 12 1 12 1 1 12 12 12 12 1 1 1 1 1 1 1 1 1 1 1
instanceKlass java/nio/LongBuffer
instanceKlass java/nio/CharBuffer
instanceKlass java/nio/ByteBuffer
ciInstanceKlass java/nio/Buffer 1 1 106 100 10 9 9 100 100 10 8 10 10 10 10 9 10 10 8 8 8 9 10 100 10 100 10 100 10 100 10 7 7 1 1 1 3 1 1 1 1 1 1 1 1 1 1 1 100 1 1 1 1 1 1 1 1 1 1 1 1 1 1 1 1 1 1 1 1 1 1 1 1 1 1 1 1 1 1 12 12 12 1 1 1 12 12 12 12 12 12 12 1 1 1 12 1 1 1 1 1 1 1 1 1 1 1 1
ciInstanceKlass java/lang/Boolean 1 1 112 10 9 10 10 8 10 9 9 8 10 7 10 10 100 100 10 10 8 10 9 7 100 100 1 1 1 1 1 1 1 1 1 1 1 1 5 0 1 1 1 1 1 1 1 1 1 1 1 1 100 1 1 1 100 1 1 1 1 1 1 1 100 1 1 1 1 1 1 1 1 1 1 1 1 1 1 12 12 12 12 1 7 12 12 12 1 12 1 12 7 12 1 1 12 12 1 7 12 12 1 1 1 1 1 1 1 1 1 1 1 1
staticfield java/lang/Boolean TRUE Ljava/lang/Boolean; java/lang/Boolean
staticfield java/lang/Boolean FALSE Ljava/lang/Boolean; java/lang/Boolean
staticfield java/lang/Boolean TYPE Ljava/lang/Class; java/lang/Class
ciInstanceKlass java/lang/Character 1 1 460 7 100 10 9 9 10 10 10 10 3 3 3 3 3 10 10 3 11 11 10 10 100 10 10 3 10 10 10 100 10 10 10 10 10 10 10 10 10 10 10 10 10 10 10 10 10 10 10 10 10 10 10 10 10 10 10 10 10 10 10 10 10 10 10 10 10 10 10 10 5 0 10 10 10 10 10 10 10 10 10 10 9 100 10 10 10 3 10 10 100 10 10 10 10 8 10 9 10 10 10 10 8 10 9 7 100 100 7 1 1 100 1 100 1 100 1 1 1 1 3 1 3 1 1 3 1 3 1 1 1 1 1 1 1 3 1 1 3 1 3 1 3 1 3 1 3 1 3 1 3 1 3 1 3 1 3 1 3 1 3 1 3 1 3 1 3 1 3 1 3 1 3 1 3 1 3 1 3 1 3 1 3 1 3 1 3 1 3 1 3 1 3 1 1 1 1 1 1 1 1 1 1 1 1 1 1 1 1 1 1 1 3 1 1 1 3 1 1 3 1 1 1 1 1 3 1 1 1 5 0 1 1 1 1 1 1 1 1 1 1 1 1 1 1 1 1 1 1 1 1 1 1 1 1 1 1 1 1 1 1 1 1 1 1 1 1 1 1 1 1 1 1 1 1 1 1 1 1 1 1 1 1 1 1 1 1 1 1 1 1 1 1 1 1 1 1 1 1 1 1 1 1 1 1 1 1 1 1 1 1 1 1 1 1 1 1 1 1 1 1 1 1 1 1 1 1 1 1 1 1 1 1 100 100 1 1 1 1 1 1 1 1 12 12 12 12 12 12 100 12 12 12 7 12 12 12 12 1 12 12 12 12 1 12 12 12 12 12 12 7 12 12 12 12 12 12 12 12 12 12 12 12 12 12 12 12 12 12 12 12 12 12 12 12 12 12 12 12 12 12 1 12 12 100 12 12 1 12 12 12 1 100 12 100 12 12 12 7 12 1 12 12 1 1 1 1 1 1 1 1 1 1 1 1 1 1 1 1 1 1 1 1 1 1 1 1 1 1 1 1 1 1 1 1 1 1 1 1 1
staticfield java/lang/Character TYPE Ljava/lang/Class; java/lang/Class
staticfield java/lang/Character $assertionsDisabled Z 1
instanceKlass java/math/BigDecimal
instanceKlass java/math/BigInteger
instanceKlass java/util/concurrent/atomic/AtomicLong
instanceKlass java/util/concurrent/atomic/AtomicInteger
instanceKlass java/lang/Long
instanceKlass java/lang/Integer
instanceKlass java/lang/Short
instanceKlass java/lang/Byte
instanceKlass java/lang/Double
instanceKlass java/lang/Float
ciInstanceKlass java/lang/Number 1 1 34 10 10 100 7 100 1 1 1 5 0 1 1 1 1 1 1 1 1 1 1 1 1 1 1 1 1 1 1 12 12 1 1 1
ciInstanceKlass java/lang/Float 1 1 175 7 100 10 10 100 4 100 10 10 8 8 10 10 10 10 4 4 4 10 9 10 10 10 10 10 10 3 3 3 10 10 10 10 8 10 9 7 100 1 1 1 1 1 4 1 1 1 4 1 1 3 1 3 1 3 1 3 1 1 1 1 1 1 1 5 0 1 1 1 1 1 1 1 1 1 100 1 1 1 1 1 1 1 1 1 1 1 1 1 1 1 1 1 1 1 1 1 1 1 1 1 1 1 1 1 1 1 1 1 1 1 1 1 1 1 1 1 1 1 1 1 1 1 1 1 100 12 100 12 1 1 12 100 12 1 1 100 12 12 12 12 12 12 12 12 12 12 12 12 12 12 12 1 7 12 12 1 1 1 1 1 1 1 1 1 1 1 1 1 1 1 1 1 1
staticfield java/lang/Float TYPE Ljava/lang/Class; java/lang/Class
ciInstanceKlass java/lang/Double 1 1 229 7 100 10 10 10 100 10 10 6 0 8 10 8 10 8 100 6 0 10 5 0 5 0 8 8 10 10 8 10 8 8 8 10 10 10 10 10 10 10 10 6 0 6 0 6 0 10 9 10 10 10 10 5 0 5 0 10 10 10 10 8 10 9 7 100 1 1 1 1 1 6 0 1 1 1 6 0 1 1 3 1 3 1 3 1 3 1 1 1 1 1 1 1 5 0 1 1 1 1 1 1 100 100 1 1 1 100 1 1 1 1 1 1 1 1 1 1 1 1 1 1 1 1 1 1 1 1 1 1 1 1 1 1 1 1 1 1 1 1 1 1 1 1 1 1 1 1 1 1 1 1 1 1 1 1 1 100 12 12 12 1 12 100 12 1 12 1 12 1 1 12 1 1 100 12 100 12 1 12 1 1 1 12 12 12 12 12 12 12 12 12 12 12 12 12 12 12 12 12 1 7 12 12 1 1 1 1 1 1 1 1 1 1 1 1 1 1 1 1 1 1 1 1 1 1 1 1 1
staticfield java/lang/Double TYPE Ljava/lang/Class; java/lang/Class
ciInstanceKlass java/lang/Byte 1 1 153 7 10 9 10 100 100 10 8 10 8 10 10 10 10 10 10 10 10 8 8 10 9 10 10 10 10 5 0 10 8 10 9 7 100 7 1 1 1 1 1 3 1 3 1 1 1 1 1 1 1 3 1 3 1 1 5 0 1 1 1 1 1 1 1 1 1 1 1 1 1 1 1 1 1 1 1 1 1 1 1 1 1 1 1 1 1 1 1 1 1 1 1 1 1 1 1 1 1 1 1 1 1 1 1 1 100 12 12 12 1 1 12 1 12 1 12 12 12 12 12 12 12 12 1 1 12 12 12 12 12 12 1 7 12 12 1 1 1 1 1 1 1 1 1 1 1 1 1 1 1 1 1
staticfield java/lang/Byte TYPE Ljava/lang/Class; java/lang/Class
ciInstanceKlass java/lang/Short 1 1 161 7 100 10 10 100 100 10 8 10 8 10 10 10 10 10 10 9 10 10 10 8 8 10 9 10 10 10 10 3 3 5 0 10 8 10 9 7 100 7 1 1 1 1 1 3 1 3 1 1 1 1 1 1 1 3 1 3 1 1 5 0 1 1 1 1 1 1 1 1 1 1 1 1 1 1 1 1 1 1 1 1 1 1 1 1 1 1 1 1 1 1 1 1 1 1 1 1 1 1 1 1 1 1 1 1 1 1 1 1 1 1 1 100 12 12 1 1 12 1 12 1 12 12 12 12 12 12 12 12 12 12 1 1 12 12 12 12 12 12 1 7 12 12 1 1 1 1 1 1 1 1 1 1 1 1 1 1 1 1 1
staticfield java/lang/Short TYPE Ljava/lang/Class; java/lang/Class
ciInstanceKlass java/lang/Integer 1 1 314 7 100 7 10 9 7 10 10 10 10 10 10 10 10 3 8 10 10 10 3 9 9 3 9 100 8 10 100 10 8 10 10 8 10 8 10 3 10 10 10 10 8 100 10 10 5 0 8 10 10 7 9 9 10 10 9 10 10 10 10 100 100 10 8 8 10 8 8 8 8 8 8 10 10 10 5 0 3 3 3 3 3 10 10 8 10 9 3 3 3 3 3 3 7 100 1 1 1 1 1 1 1 1 1 1 1 1 1 1 1 1 1 1 3 1 3 1 1 5 0 1 1 1 1 1 100 1 1 1 1 1 1 1 1 1 1 1 1 1 1 100 1 1 1 1 1 1 1 1 1 1 1 1 1 1 1 1 1 1 1 1 1 1 1 1 1 1 1 100 1 100 100 1 1 1 1 1 1 1 1 1 1 1 1 1 1 1 1 1 1 1 1 1 1 1 1 1 1 1 1 1 1 1 1 12 12 1 12 12 100 12 12 12 7 12 12 12 1 12 12 12 12 12 12 1 1 12 1 12 1 12 12 1 12 1 12 12 12 12 12 1 1 12 12 1 12 12 1 12 12 12 12 12 12 12 7 12 1 1 12 1 1 12 1 1 1 1 1 1 12 12 12 12 12 1 7 12 12 1 1 1 1 1 1 1 1 1 1 1 1 1 1 1 1 1 1 1 1 1 1 1 1 1 1 1 1 1 1 1 1 1 1 1
staticfield java/lang/Integer TYPE Ljava/lang/Class; java/lang/Class
staticfield java/lang/Integer digits [C 36
staticfield java/lang/Integer DigitTens [C 100
staticfield java/lang/Integer DigitOnes [C 100
staticfield java/lang/Integer sizeTable [I 10
ciInstanceKlass java/lang/Long 1 1 361 7 100 7 10 9 7 10 10 10 10 10 5 0 5 0 100 10 10 10 10 10 10 10 10 10 10 10 10 10 10 10 5 0 8 10 10 10 7 5 0 5 0 9 9 3 3 100 8 10 8 10 8 8 10 5 0 10 10 10 10 8 100 10 10 8 10 8 10 10 5 0 5 0 9 10 8 8 10 8 8 8 8 8 8 10 10 10 10 9 10 10 10 100 100 10 10 10 10 10 5 0 5 0 5 0 5 0 5 0 10 10 10 8 10 9 7 100 7 1 1 1 1 1 1 5 0 1 1 1 1 1 1 1 3 1 3 1 5 0 1 1 1 1 1 100 1 1 1 1 1 1 1 1 1 1 1 1 1 1 1 1 100 1 1 1 1 1 1 1 1 100 100 1 1 1 1 1 1 1 1 1 1 1 1 1 1 1 1 1 1 1 1 1 1 100 1 1 1 1 1 1 1 1 1 1 1 1 1 1 1 1 1 1 1 1 1 1 1 1 1 1 1 1 1 1 1 1 12 12 1 12 12 12 12 12 1 12 12 12 12 12 12 100 12 12 12 12 12 12 100 12 12 12 1 12 12 12 1 12 12 1 1 12 1 12 1 1 12 12 12 12 12 1 1 12 12 1 12 1 12 12 12 12 1 1 12 1 1 1 1 1 1 12 12 12 12 12 12 100 12 1 1 12 12 12 12 12 12 12 1 7 12 12 1 1 1 1 1 1 1 1 1 1 1 1 1 1 1 1 1 1 1 1 1 1 1 1 1 1 1 1 1 1 1 1 1 1 1 1 1 1 1 1 1 1 1 1 1 1 1
staticfield java/lang/Long TYPE Ljava/lang/Class; java/lang/Class
ciInstanceKlass java/lang/NullPointerException 1 1 21 10 10 100 100 1 1 1 5 0 1 1 1 1 1 1 1 12 12 1 1
ciInstanceKlass java/lang/ArithmeticException 1 1 21 10 10 100 100 1 1 1 5 0 1 1 1 1 1 1 1 12 12 1 1
ciInstanceKlass java/util/Collection 1 1 88 10 11 11 11 11 11 10 11 10 7 100 100 1 1 1 1 1 1 1 1 1 1 1 1 1 1 1 1 1 1 1 1 1 1 1 1 1 1 1 1 100 1 1 1 1 1 1 1 1 1 1 1 1 1 1 1 1 100 12 12 100 12 12 100 12 12 100 12 12 7 12 1 1 1 1 1 1 1 1 1 1 1 1 1 1 1 1
ciInstanceKlass java/util/List 1 1 116 10 11 11 11 11 11 11 10 100 10 100 100 100 1 1 1 1 1 1 1 1 1 1 1 1 1 1 1 1 1 1 1 1 1 1 1 1 1 1 1 1 1 1 1 100 1 1 1 100 100 100 1 1 1 1 1 1 1 1 1 1 1 1 1 1 1 1 1 1 1 1 1 1 1 1 1 1 1 1 1 1 100 12 12 100 12 12 100 12 12 12 100 12 1 100 12 1 1 1 1 1 1 1 1 1 1 1 1 1 1 1 1 1 1 1
instanceKlass java/util/TreeMap$Values
instanceKlass java/util/concurrent/ConcurrentSkipListMap$Values
instanceKlass java/util/LinkedHashMap$LinkedValues
instanceKlass java/util/IdentityHashMap$Values
instanceKlass java/util/HashMap$Values
instanceKlass java/util/AbstractQueue
instanceKlass java/util/ArrayDeque
instanceKlass java/util/AbstractSet
instanceKlass java/util/AbstractList
ciInstanceKlass java/util/AbstractCollection 1 1 149 100 10 10 10 11 11 10 7 10 10 10 10 10 7 10 7 3 10 100 8 10 3 100 10 11 11 10 10 10 11 8 100 10 10 8 10 10 7 1 1 1 1 1 1 1 1 1 1 1 1 1 1 1 1 1 1 100 1 1 1 1 1 1 1 1 1 1 1 1 1 1 1 1 1 1 1 1 1 1 100 100 100 1 1 1 1 12 12 12 7 12 12 12 1 100 12 12 12 7 12 7 12 1 100 12 1 12 1 1 12 1 12 12 12 7 12 1 1 12 1 12 12 1 1 1 1 1 1 1 1 1 1 1 1 1 1 1 1 1 1 1 1 1 1 1 1 1 1
instanceKlass java/util/ArrayList$SubList
instanceKlass java/util/Collections$SingletonList
instanceKlass java/util/SubList
instanceKlass java/util/AbstractSequentialList
instanceKlass java/util/Arrays$ArrayList
instanceKlass java/util/Collections$EmptyList
instanceKlass java/util/ArrayList
instanceKlass java/util/Vector
ciInstanceKlass java/util/AbstractList 1 1 172 10 9 10 10 100 10 10 11 11 11 10 10 11 11 11 10 10 11 11 11 7 10 7 10 7 7 10 100 10 100 11 10 10 11 100 10 10 100 10 8 10 10 8 10 7 7 100 1 1 1 1 1 1 1 1 1 1 1 1 1 1 1 1 1 1 1 1 1 1 1 1 1 100 1 1 1 1 100 1 1 1 1 1 1 1 1 1 1 1 100 1 1 100 1 1 100 1 1 1 1 1 1 1 1 1 12 12 12 12 1 12 100 12 12 12 7 12 12 12 12 12 12 12 100 12 7 1 12 1 12 1 1 12 1 1 12 12 1 12 12 1 1 12 12 1 12 1 1 1 1 1 1 1 1 1 1 1 1 1 1 1 1 1 1 1 1 1 1 1 1 1
ciInstanceKlass java/util/ArrayList 1 1 365 100 9 10 7 9 9 100 100 10 8 10 10 10 10 9 11 10 7 7 10 9 10 10 10 10 10 3 10 100 10 3 10 10 10 100 100 10 10 10 10 10 10 10 100 10 10 8 8 10 10 11 10 10 10 100 10 10 10 10 11 10 100 10 7 10 10 7 10 8 8 8 8 8 11 7 10 100 10 11 10 10 11 10 7 100 100 100 100 1 1 1 1 1 1 1 1 5 0 1 1 3 1 1 1 1 1 1 1 1 1 1 1 100 1 1 100 1 1 1 1 1 1 1 1 1 1 1 1 1 1 1 1 1 1 1 1 1 100 1 1 1 1 1 1 1 1 1 1 1 1 1 1 1 100 1 1 1 1 1 1 1 1 1 1 1 1 1 1 1 1 1 1 100 1 1 1 1 100 1 1 100 1 1 1 1 1 1 1 1 1 1 1 1 1 1 1 100 1 1 1 1 1 1 100 100 1 1 1 1 1 1 1 1 1 1 1 1 1 1 12 12 1 12 12 1 1 1 12 12 12 12 12 7 12 12 1 7 12 12 12 12 7 12 12 12 12 1 12 12 12 1 1 12 7 12 12 12 12 12 12 1 12 1 1 7 12 12 12 100 12 12 12 1 100 12 12 100 12 100 12 12 1 12 1 12 12 1 12 1 1 1 1 1 7 12 1 12 1 12 100 12 12 12 100 12 12 1 1 1 1 1 1 1 1 1 1 1 1 1 1 1 1 1 1 1 1 1 1 1 1 1 1 1 1 1 1 1 1 1 1 1 1 1 1 1 1 1 1 1 1 1 1 1 1 1 1 1 1 1 1 1 1 1 1
staticfield java/util/ArrayList EMPTY_ELEMENTDATA [Ljava/lang/Object; 0 [Ljava/lang/Object;
staticfield java/util/ArrayList DEFAULTCAPACITY_EMPTY_ELEMENTDATA [Ljava/lang/Object; 0 [Ljava/lang/Object;
ciInstanceKlass java/util/Set 1 1 50 100 10 100 100 100 1 1 1 1 1 1 1 1 1 1 1 1 1 1 1 1 1 1 1 1 1 1 1 1 1 1 1 1 1 1 1 1 1 1 1 1 1 100 12 1 1 1 1 1
instanceKlass java/util/IdentityHashMap$KeySet
instanceKlass java/util/concurrent/CopyOnWriteArraySet
instanceKlass java/util/concurrent/ConcurrentSkipListMap$EntrySet
instanceKlass java/util/concurrent/ConcurrentSkipListMap$KeySet
instanceKlass java/util/concurrent/ConcurrentSkipListSet
instanceKlass java/util/TreeMap$KeySet
instanceKlass java/util/TreeSet
instanceKlass java/lang/ProcessEnvironment$CheckedKeySet
instanceKlass java/lang/ProcessEnvironment$CheckedEntrySet
instanceKlass java/util/Hashtable$KeySet
instanceKlass java/util/Collections$SingletonSet
instanceKlass java/util/AbstractMap$1
instanceKlass java/util/EnumSet
instanceKlass java/util/HashMap$EntrySet
instanceKlass java/util/IdentityHashMap$EntrySet
instanceKlass sun/util/resources/ParallelListResourceBundle$KeySet
instanceKlass java/util/HashMap$KeySet
instanceKlass java/util/LinkedHashMap$LinkedEntrySet
instanceKlass java/util/LinkedHashMap$LinkedKeySet
instanceKlass java/util/WeakHashMap$KeySet
instanceKlass java/util/Collections$SetFromMap
instanceKlass java/util/HashSet
instanceKlass java/util/Hashtable$EntrySet
instanceKlass java/util/Collections$EmptySet
ciInstanceKlass java/util/AbstractSet 1 1 75 10 7 7 11 10 10 100 100 10 11 11 10 10 11 10 11 11 7 7 1 1 1 1 1 1 1 100 100 100 1 1 100 1 1 1 1 1 1 1 12 1 1 12 12 1 1 12 100 12 12 100 12 100 12 12 12 12 1 1 1 1 1 1 1 1 1 1 1 1 1 1 1 1 1
instanceKlass org/hibernate/validator/internal/util/ConcurrentReferenceHashMap
instanceKlass java/util/concurrent/ConcurrentSkipListMap
instanceKlass java/util/TreeMap$NavigableSubMap
instanceKlass java/util/Collections$SingletonMap
instanceKlass java/util/TreeMap
instanceKlass java/util/EnumMap
instanceKlass org/springframework/util/ConcurrentReferenceHashMap
instanceKlass java/util/IdentityHashMap
instanceKlass java/util/concurrent/ConcurrentHashMap
instanceKlass sun/util/PreHashedMap
instanceKlass java/util/WeakHashMap
instanceKlass java/util/HashMap
instanceKlass java/util/Collections$EmptyMap
ciInstanceKlass java/util/AbstractMap 1 1 161 10 10 10 11 10 11 11 11 7 11 10 11 100 10 11 11 10 11 9 7 10 9 100 10 7 11 11 11 100 100 11 8 100 10 10 8 10 10 10 7 7 100 1 1 100 1 1 1 1 1 1 1 1 1 1 1 1 1 1 1 1 1 1 1 100 1 1 1 1 1 1 1 1 100 100 1 1 1 1 1 100 1 1 100 1 1 1 1 1 100 100 100 1 1 1 100 100 1 1 1 100 1 1 1 1 1 1 12 12 12 7 12 12 7 12 12 1 12 12 12 1 12 12 12 12 1 12 12 1 1 12 12 1 1 12 1 1 12 1 12 12 12 1 1 1 1 1 1 1 1 1 1 1 1 1 1 1 1 1 1
instanceKlass java/lang/ProcessEnvironment
instanceKlass java/util/LinkedHashMap
ciInstanceKlass java/util/HashMap 1 1 511 10 100 10 100 10 100 11 11 11 7 3 10 100 100 10 8 10 10 10 10 10 8 10 9 10 9 4 10 10 11 9 4 10 11 11 11 11 7 11 11 10 10 9 10 9 9 9 10 9 7 10 10 10 10 10 9 10 100 3 7 7 10 10 9 9 10 10 10 10 9 7 10 9 7 10 9 7 10 100 10 11 11 11 100 10 10 100 100 10 10 10 10 10 10 10 8 10 100 10 4 10 4 10 10 10 8 4 10 100 11 10 10 10 10 7 7 100 100 1 1 100 1 100 1 100 1 100 1 100 1 100 1 100 1 100 1 100 1 1 1 1 1 1 1 1 5 0 1 1 3 1 1 1 1 3 1 3 1 3 1 1 1 1 1 1 1 1 1 1 1 1 1 1 1 1 1 1 1 100 100 100 100 1 1 1 1 1 1 1 1 100 1 1 1 1 1 1 100 1 1 1 1 1 1 100 1 1 1 1 1 1 1 1 1 1 1 1 1 1 1 1 1 100 1 1 1 1 1 1 1 1 1 1 100 1 1 1 100 1 1 1 1 1 1 1 1 1 1 1 100 1 1 1 100 1 1 1 1 1 1 1 1 1 1 1 1 1 100 1 1 1 1 1 100 1 1 100 100 100 1 1 1 1 1 1 1 1 1 1 1 1 1 1 1 1 1 1 1 1 1 1 1 7 12 1 12 1 100 12 1 12 12 12 1 12 1 1 1 12 12 12 12 7 12 1 12 12 12 12 12 12 12 12 12 12 7 12 7 12 12 1 12 12 12 12 12 12 12 12 12 12 12 1 12 12 12 12 12 12 12 1 1 12 12 12 12 12 12 12 12 1 12 12 1 12 1 1 7 12 100 12 100 12 1 12 1 1 12 12 12 100 12 12 12 100 12 100 12 1 100 12 12 12 12 1 100 12 1 100 12 12 12 12 1 1 1 1 1 1 1 1 1 1 1 1 1 1 1 1 1 1 1 1 1 1 1 1 1 1 1 1 1 1 1 1 1 1 1 1 1 1 1 1 1 1 1 1 1 1 1 1 1 1 1 1 1 1 1 1 1 1 1 1 1 1 1 1 1 1 1 1 1 1 1 1 1 1 1 1 1 1 1 1 1 1 1 1 1 1 1 1 1 1 1 1 1 1 1 1 1
ciInstanceKlass java/util/Iterator 1 1 45 100 8 10 10 11 11 11 100 100 1 1 1 1 1 1 1 1 1 1 1 1 1 1 1 1 1 1 12 100 12 12 12 100 12 1 1 1 1 1 1 1 1 1 1
ciInstanceKlass java/util/Arrays 1 1 810 10 100 7 10 8 10 10 8 8 10 10 100 10 10 10 10 10 10 10 10 10 7 10 100 10 10 100 10 10 100 10 10 100 10 10 100 10 10 100 10 10 100 10 10 9 10 100 10 10 10 100 10 10 7 10 10 10 10 10 10 10 7 11 10 10 10 10 10 10 10 10 11 10 100 10 10 100 10 10 100 10 10 100 10 10 10 10 10 10 10 10 10 10 10 10 10 10 10 7 10 10 8 7 10 10 10 100 10 100 10 100 10 100 10 100 10 100 10 100 10 100 10 10 9 100 10 10 10 10 10 10 10 10 10 10 8 8 10 10 8 10 10 10 10 100 3 10 100 10 10 11 10 10 10 10 10 10 10 10 10 11 8 10 11 11 11 11 18 11 11 18 11 18 11 18 100 10 10 10 10 10 10 10 10 10 10 10 10 10 10 10 10 10 10 10 10 10 1 1 7 1 100 1 1 1 1 3 1 3 1 1 1 1 1 1 1 1 1 1 1 1 1 1 1 1 1 1 1 1 1 1 1 1 1 1 1 1 1 1 1 100 1 1 1 1 1 1 1 1 1 1 1 1 1 1 1 1 1 1 1 1 1 1 1 1 1 1 1 1 1 1 1 1 1 1 1 1 1 1 1 100 1 1 1 1 100 1 1 1 1 1 1 1 1 1 1 1 1 1 1 1 1 1 1 1 1 1 1 1 1 1 1 1 1 1 1 1 1 1 1 1 1 1 1 1 1 1 1 1 1 1 1 1 1 1 1 1 1 1 1 1 1 1 1 1 1 1 1 1 1 1 1 1 1 1 1 1 1 1 1 1 1 100 1 1 1 1 1 1 1 1 1 1 100 1 1 1 1 1 1 1 1 1 1 1 1 1 100 1 1 1 100 1 1 1 100 1 1 1 1 1 1 1 1 1 1 1 1 1 1 1 1 1 1 1 1 1 1 1 1 1 12 1 1 1 12 12 1 1 12 12 1 12 100 12 12 12 12 12 12 12 12 1 100 12 100 1 1 1 12 12 100 1 1 12 100 1 1 12 100 1 1 12 100 1 1 12 100 1 1 12 100 1 1 12 12 7 12 100 1 1 12 7 12 7 12 1 12 1 12 12 7 12 100 12 12 12 12 1 12 12 7 12 12 12 100 12 12 12 100 12 100 12 100 1 1 12 1 1 12 1 1 12 1 1 12 12 12 12 12 12 12 100 12 12 100 12 12 12 12 12 1 7 12 12 1 1 12 12 12 1 12 1 12 1 12 1 12 1 12 1 12 1 12 1 12 12 12 1 12 12 12 12 12 12 12 12 12 1 1 12 12 1 12 12 12 7 12 1 1 12 100 12 12 12 12 12 12 12 12 12 12 12 1 12 100 12 100 12 12 1 15 16 15 12 12 100 12 15 12 100 12 15 12 100 12 15 12 1 7 12 12 12 12 12 12 12 12 12 12 7 12 12 12 12 12 12 12 12 12 12 12 1 1 1 1 1 1 1 1 1 1 1 1 1 1 1 1 1 1 1 1 1 1 1 100 1 1 1 1 1 1 1 1 1 1 1 1 1 1 1 1 1 1 1 1 1 1 1 1 1 1 1 1 1 1 1 1 1 1 1 1 1 1 1 1 1 1 1 1 1 1 1 1 1 1 1 1 1 1 1 1 1 1 1 1 1 1 1 1 1 1 1 1 1 1 1 1 1 1 1 1 1 1 1 10 10 1 1 1 1 1 1 1 10 1 1 1 1 10 1 1 1 1 10 1 1 1 1 1 1 1 1 1 1 1 1 1 1 1 1 1 1 1 1 100 12 12 12 12 12 1 1 100 1 1 100 1 1
staticfield java/util/Arrays $assertionsDisabled Z 1
instanceKlass java/util/LinkedHashSet
ciInstanceKlass java/util/HashSet 1 1 255 10 7 10 9 11 4 10 10 10 10 7 10 10 11 10 10 10 9 10 10 10 10 7 10 100 100 10 10 10 10 10 10 11 11 10 10 10 100 100 10 8 10 10 10 10 10 10 8 10 4 10 4 10 8 4 10 100 10 11 100 10 100 10 7 10 7 7 100 100 1 1 1 5 0 1 1 1 1 1 1 1 1 1 1 1 1 1 1 1 1 1 1 1 1 1 1 1 1 1 1 1 1 1 1 1 100 1 1 100 1 100 1 1 100 100 100 100 1 1 1 1 1 1 1 12 1 12 7 12 7 12 12 12 12 1 12 12 12 12 12 12 12 12 12 1 1 1 12 100 12 12 12 12 12 100 12 12 12 100 12 12 1 1 1 12 12 12 12 12 100 12 1 12 12 12 1 100 12 100 1 1 1 12 100 12 1 12 1 1 12 1 1 1 1 1 1 1 1 1 1 1 1 1 1 1 1 1 1 1 1 1 1 1 1 1 1 1 1 1 1 1 1 1 1 100 1 1 1 1 1 1 1 1 1 1 1 1 1 1 1 1 1 1 1 100 1 1 1 1 1 1 1 1 1
staticfield java/util/HashSet PRESENT Ljava/lang/Object; java/lang/Object
instanceKlass org/springframework/core/annotation/AnnotationAttributes
instanceKlass org/springframework/core/type/classreading/CachingMetadataReaderFactory$LocalResourceCache
instanceKlass org/springframework/util/LinkedCaseInsensitiveMap$1
instanceKlass com/fasterxml/classmate/util/LRUTypeCache$CacheMap
instanceKlass java/io/ExpiringCache$1
ciInstanceKlass java/util/LinkedHashMap 1 1 234 9 9 9 9 10 7 10 10 9 9 9 10 100 10 10 10 10 9 9 10 10 10 10 10 10 10 10 9 10 9 7 10 9 7 10 9 7 10 100 10 11 100 10 11 7 7 100 100 1 1 100 1 100 1 100 1 1 1 1 1 1 1 1 5 0 1 1 1 1 1 1 1 1 1 1 1 1 100 1 1 1 1 1 1 1 7 1 1 1 1 1 1 1 1 1 1 1 1 1 1 1 1 1 1 1 100 100 1 1 1 100 1 1 1 1 1 1 1 1 100 1 1 1 1 1 1 1 1 100 1 1 1 1 100 1 1 1 100 1 1 1 1 1 1 1 1 1 1 1 1 12 12 12 12 12 1 12 12 12 12 12 12 1 12 12 12 12 12 100 12 12 12 12 12 100 12 12 12 12 12 1 12 12 1 12 1 1 7 12 1 100 12 1 1 1 1 1 1 1 1 1 1 1 1 1 1 1 1 1 1 1 1 1 1 1 1 1 1 1 1 1 1 1 1 1 1 1 1 1 1 1 1 1
instanceKlass org/springframework/core/Constants$ConstantException
instanceKlass java/nio/charset/UnsupportedCharsetException
instanceKlass org/springframework/http/InvalidMediaTypeException
instanceKlass org/springframework/util/InvalidMimeTypeException
instanceKlass java/util/regex/PatternSyntaxException
instanceKlass java/lang/NumberFormatException
ciInstanceKlass java/lang/IllegalArgumentException 1 1 27 10 10 10 10 100 7 1 1 1 5 0 1 1 1 1 1 1 1 1 1 12 12 12 12 1 1
ciInstanceKlass java/lang/reflect/Array 1 1 70 10 10 10 7 100 1 1 1 1 1 1 1 100 1 1 1 100 1 1 1 1 1 100 1 1 1 1 1 1 1 1 1 1 1 1 1 1 1 1 1 1 1 1 1 1 1 1 1 1 1 1 1 1 1 1 1 1 1 1 1 1 12 12 12 1 1 1 1 1
ciInstanceKlass java/util/LinkedHashMap$LinkedKeySet 1 1 103 9 10 9 10 7 10 10 10 10 100 10 100 10 9 9 9 11 9 100 10 7 7 1 1 1 1 1 1 1 1 1 1 1 1 1 1 1 1 1 1 1 1 1 1 1 100 1 1 1 1 12 12 7 12 12 1 1 1 12 12 100 12 12 1 100 12 1 12 12 100 12 100 12 12 1 1 1 1 1 1 1 1 1 1 1 1 1 100 1 1 1 1 1 1 1 1 1 1 1 1 1 1
instanceKlass java/util/LinkedHashMap$LinkedValueIterator
instanceKlass java/util/LinkedHashMap$LinkedEntryIterator
instanceKlass java/util/LinkedHashMap$LinkedKeyIterator
ciInstanceKlass java/util/LinkedHashMap$LinkedHashIterator 1 1 82 9 10 9 9 9 9 9 100 10 100 10 9 100 10 9 10 10 7 7 1 7 1 1 1 1 1 1 1 1 1 1 1 1 1 1 1 1 1 1 1 100 1 1 1 100 1 1 12 12 7 12 12 12 12 12 1 1 12 1 7 12 7 12 12 1 1 1 1 1 1 1 1 1 1 1 1 1 1 1 1 1
ciInstanceKlass java/util/LinkedHashMap$LinkedKeyIterator 1 1 39 9 10 10 10 7 7 100 1 1 1 1 1 1 1 1 1 1 1 1 1 1 1 12 12 12 7 12 100 1 1 1 1 1 1 1 1 1 1
ciInstanceKlass java/util/LinkedHashSet 1 1 58 10 4 11 10 10 100 10 7 7 100 100 100 1 1 1 5 0 1 1 1 1 1 1 1 1 1 1 1 1 1 1 1 12 7 12 7 12 12 1 100 12 1 1 1 1 1 1 1 1 1 1 1 1 1 1 1 1
instanceKlass java/util/HashMap$EntryIterator
instanceKlass java/util/HashMap$KeyIterator
instanceKlass java/util/HashMap$ValueIterator
ciInstanceKlass java/util/HashMap$HashIterator 1 1 84 9 10 9 9 9 9 9 9 9 100 10 100 10 9 100 10 9 10 10 7 7 1 7 1 1 1 1 1 1 1 1 1 1 1 1 1 1 1 1 100 100 100 1 1 1 1 100 1 1 1 1 1 12 12 7 12 12 12 12 12 12 12 1 1 1 12 12 12 1 1 1 1 1 1 1 1 1 1 1 1 1 1 1
ciInstanceKlass java/util/HashMap$KeySet 1 1 99 9 10 9 10 7 10 10 10 10 100 10 100 10 9 9 9 11 9 100 10 7 7 1 1 1 1 1 1 1 1 1 1 1 1 1 1 1 1 1 1 1 1 1 1 1 100 100 1 1 1 1 12 12 7 12 12 1 1 1 12 12 12 12 1 1 12 1 12 12 100 12 100 12 12 1 1 1 1 1 1 1 1 1 1 1 1 1 1 1 1 1 1 1 1 1 1 1 1
ciInstanceKlass java/util/HashMap$KeyIterator 1 1 40 9 10 10 9 7 7 100 1 1 1 1 1 1 1 1 1 1 1 1 1 1 1 12 12 12 7 12 100 1 1 1 1 1 1 1 1 1 1 1
ciInstanceKlass org/springframework/util/Assert 1 1 322 10 100 10 10 8 10 100 10 8 10 8 10 8 10 10 8 10 10 8 10 10 18 10 10 8 10 8 10 10 8 10 11 11 11 10 8 10 8 10 10 8 10 8 10 10 10 10 10 8 10 100 10 10 8 10 10 8 8 10 8 8 10 8 8 8 8 11 100 8 8 7 100 1 1 1 1 1 1 1 1 1 1 1 1 1 1 1 1 1 1 1 1 1 1 1 1 1 1 1 1 1 1 1 1 1 1 1 1 1 1 1 1 1 1 1 1 1 1 1 1 1 1 1 1 1 1 1 1 1 1 100 1 1 1 1 1 1 1 1 1 100 1 1 1 1 1 1 1 1 1 1 1 1 1 1 1 1 1 1 1 1 1 1 1 1 1 1 1 1 1 1 1 1 1 1 100 1 1 1 1 1 1 100 100 1 1 1 1 1 1 1 12 1 12 12 1 12 1 1 12 1 12 1 12 7 12 1 12 12 1 12 12 1 15 16 15 16 12 12 7 12 1 12 1 12 7 12 1 12 100 12 100 12 12 12 1 12 1 7 12 12 1 12 1 12 12 12 12 12 1 12 1 12 1 12 12 1 1 12 1 1 12 1 1 1 1 100 12 1 1 1 1 1 1 1 1 1 10 1 10 1 1 1 1 1 1 1 1 1 1 1 1 1 1 1 1 1 1 1 1 1 1 1 1 1 1 1 1 1 100 12 12 1 1 100 1 1 1 100 1 1
ciInstanceKlass org/springframework/util/ClassUtils 1 1 914 10 9 10 11 10 10 7 7 10 10 10 10 8 10 10 11 7 8 10 10 10 10 10 10 8 10 8 8 10 10 10 7 10 7 10 10 10 10 7 100 8 8 10 10 100 100 8 8 10 8 100 10 8 10 10 9 9 11 10 10 10 10 9 9 8 8 10 8 10 8 10 8 8 8 10 8 10 10 10 100 8 10 11 11 11 10 10 9 11 7 8 10 10 10 10 10 10 10 10 100 10 10 11 10 8 10 10 7 9 11 10 10 10 10 10 8 10 10 10 8 8 10 10 10 8 10 10 10 10 10 10 8 10 10 8 10 10 10 10 7 10 10 10 8 10 8 10 10 10 11 11 7 11 8 10 10 10 10 10 10 10 9 18 11 10 10 10 8 10 10 10 7 10 10 7 10 7 10 7 10 7 9 7 9 7 9 7 9 7 9 7 9 7 9 7 9 7 11 7 11 11 10 11 11 7 7 7 7 7 7 7 7 10 7 7 7 7 7 7 7 7 7 7 7 7 7 7 7 7 7 7 7 7 7 7 7 7 7 7 7 7 7 7 7 7 7 10 1 1 1 1 1 1 1 1 1 1 1 3 1 3 1 3 1 1 1 1 1 1 1 1 1 1 1 1 1 1 1 1 1 1 1 1 1 1 1 1 1 1 1 1 1 1 1 1 1 1 100 100 1 1 1 1 1 1 1 1 100 1 1 1 1 1 1 1 1 1 1 1 1 1 1 100 100 100 1 1 1 1 1 1 1 100 100 1 1 1 1 1 100 1 1 1 1 1 1 1 1 1 1 1 1 1 1 1 1 1 1 1 1 1 1 1 1 1 1 1 1 1 1 1 1 1 1 1 1 1 1 1 1 1 1 1 1 1 1 1 1 1 1 1 1 1 100 100 1 1 1 1 1 1 1 1 1 1 1 1 1 1 1 1 1 1 1 1 1 1 1 1 100 1 1 1 1 1 1 1 1 1 1 1 1 1 1 1 1 1 1 1 1 1 1 1 1 1 1 1 100 1 1 1 1 1 1 1 1 1 1 1 1 1 1 1 1 1 1 100 100 1 1 1 1 1 1 1 1 1 100 1 1 1 1 1 1 1 1 1 1 1 1 1 1 1 1 1 1 100 1 1 1 1 1 1 1 1 1 1 1 1 1 1 1 1 1 1 1 1 1 1 1 1 1 1 1 1 1 1 1 1 1 1 1 12 12 12 12 7 12 12 1 1 12 100 12 12 12 1 7 12 12 12 1 1 12 12 12 12 100 12 12 1 12 1 1 12 12 12 1 12 1 12 12 12 1 1 1 1 12 12 1 1 1 1 1 1 12 1 12 12 12 12 12 12 12 12 12 12 12 1 1 12 1 12 1 12 1 1 1 12 1 7 12 12 100 12 1 1 12 12 12 12 12 12 12 1 12 12 12 12 12 12 12 7 12 1 12 12 12 1 12 100 12 1 12 12 12 12 100 12 12 12 1 12 12 12 1 1 12 12 1 12 12 12 12 12 100 12 1 12 12 1 12 12 12 1 12 12 12 1 12 1 12 12 12 12 1 12 1 12 12 12 12 12 100 12 12 1 15 16 15 16 12 12 12 12 12 1 12 12 12 1 12 12 1 1 1 1 1 1 1 1 1 1 1 1 12 1 12 12 12 12 12 1 1 1 1 1 1 1 1 12 1 1 1 1 1 1 1 1 1 1 1 1 1 1 1 1 1 1 1 1 1 1 1 1 1 1 1 1 1 1 1 1 1 12 1 1 1 1 1 1 1 1 1 1 1 1 1 1 1 1 1 1 1 1 1 1 1 1 1 1 1 1 1 1 1 1 1 1 1 1 1 1 1 1 1 1 1 1 1 1 1 1 1 1 1 1 1 1 1 1 1 1 1 1 1 1 1 1 1 1 1 1 1 1 1 1 1 1 1 1 1 1 1 1 1 1 1 1 1 1 1 1 1 1 1 1 1 1 1 1 1 1 1 1 1 1 1 1 1 1 10 10 1 1 1 1 1 1 1 1 1 1 1 1 1 1 1 1 1 1 1 100 12 12 1 1 100 1 1 100 1 1
staticfield org/springframework/util/ClassUtils EMPTY_CLASS_ARRAY [Ljava/lang/Class; 0 [Ljava/lang/Class;
staticfield org/springframework/util/ClassUtils primitiveWrapperTypeMap Ljava/util/Map; java/util/IdentityHashMap
staticfield org/springframework/util/ClassUtils primitiveTypeToWrapperMap Ljava/util/Map; java/util/IdentityHashMap
staticfield org/springframework/util/ClassUtils primitiveTypeNameMap Ljava/util/Map; java/util/HashMap
staticfield org/springframework/util/ClassUtils commonClassCache Ljava/util/Map; java/util/HashMap
staticfield org/springframework/util/ClassUtils javaLanguageInterfaces Ljava/util/Set; java/util/HashSet
staticfield org/springframework/util/ClassUtils interfaceMethodCache Ljava/util/Map; org/springframework/util/ConcurrentReferenceHashMap
ciInstanceKlass org/springframework/util/StringUtils 1 1 630 10 8 10 11 10 10 11 10 10 10 10 10 10 10 7 10 10 10 10 10 10 10 10 10 10 10 10 10 10 10 8 7 10 10 10 10 10 10 10 10 10 7 8 10 10 8 10 10 7 10 8 8 10 10 10 10 10 10 8 10 100 10 10 100 8 8 10 10 10 10 10 10 10 10 10 8 10 10 8 10 8 100 10 10 8 8 10 10 8 10 8 10 8 10 9 11 7 10 10 10 10 7 10 10 11 11 10 10 100 10 10 100 10 10 10 10 7 10 10 10 10 10 8 10 11 11 11 10 10 10 100 10 10 10 10 10 100 1 1 1 1 1 1 1 1 1 1 3 1 1 1 1 1 1 1 1 1 1 1 1 1 1 1 1 1 1 1 1 1 1 1 1 1 1 1 1 1 1 1 1 1 100 1 1 1 1 1 1 1 1 1 1 1 1 1 1 1 1 1 1 1 1 1 1 1 1 1 1 1 1 1 1 1 1 1 1 1 100 1 1 1 1 100 1 1 1 1 1 1 1 1 1 1 1 1 1 1 1 1 1 1 1 1 1 1 1 1 1 1 1 1 1 1 1 1 100 1 1 1 1 1 1 1 1 1 1 1 1 1 1 1 1 1 100 100 1 1 1 1 1 1 1 1 1 1 1 1 1 1 1 1 1 100 1 1 1 1 1 1 1 1 1 1 1 1 1 100 1 1 1 1 1 1 1 1 1 1 1 1 1 1 1 1 1 1 1 1 1 1 1 1 100 1 1 1 1 1 1 1 1 1 1 1 1 1 1 1 1 1 1 1 100 1 1 1 1 1 1 1 1 100 1 1 1 1 1 1 1 1 1 1 1 1 1 1 1 100 1 1 1 1 1 1 1 1 1 1 1 1 1 100 100 1 1 1 1 1 12 1 12 7 12 12 12 12 7 12 12 12 12 12 1 12 12 12 12 12 12 12 12 12 12 12 12 1 1 12 12 12 12 12 12 12 12 12 1 1 12 12 1 12 12 1 1 1 12 12 12 12 12 12 1 100 12 1 12 1 1 1 12 12 12 12 12 12 12 12 1 12 12 1 12 1 1 12 12 1 1 12 12 1 100 12 1 12 1 7 12 12 7 12 100 12 12 7 12 100 12 1 100 12 12 7 12 12 12 12 1 12 1 12 12 12 1 12 12 12 12 1 12 12 7 12 12 12 12 12 1 12 12 12 12 1 1 1 1 1 1 1 1 1 1 1 1 1 1 1 1 1 1 1 1 1 1 1 1 1 1 1 1 1 1 1 1 1 1 1 1 1 1 1 1 1 1 1 1 1 1 1 1 1 1 1 1 1 1 1 1 1 1 1 1 1 1 1 1 1 1 1 1 1 1 1 1 1 1 1 1 1 1 1 1 1 1 1 1 1 1 1 1 1 1 1 1 1 1 1 1 1
staticfield org/springframework/util/StringUtils EMPTY_STRING_ARRAY [Ljava/lang/String; 0 [Ljava/lang/String;
ciInstanceKlass org/springframework/util/CollectionUtils 1 1 333 10 11 11 10 10 11 10 11 11 100 10 10 11 11 11 10 11 10 10 11 10 10 10 10 100 11 11 11 11 11 100 10 10 10 100 10 10 100 10 8 10 100 11 10 18 11 10 10 10 100 100 1 1 1 1 1 1 1 1 1 1 1 1 1 1 1 1 1 1 1 1 1 1 1 1 1 1 1 1 1 1 1 1 1 1 1 1 1 100 100 100 1 1 1 1 1 1 1 1 1 1 1 1 100 100 1 1 1 1 1 1 1 1 1 1 1 1 1 1 100 1 1 1 1 1 1 1 1 1 1 1 1 1 1 1 1 1 1 1 1 1 100 1 1 1 1 1 1 1 100 1 1 1 1 1 1 1 1 1 1 1 1 1 1 1 1 1 1 1 1 1 1 1 1 100 1 1 1 1 1 1 1 1 1 1 1 1 1 1 1 1 1 1 1 1 1 12 7 12 7 100 12 100 12 12 100 12 100 12 12 1 12 12 12 100 12 12 12 12 12 12 12 100 12 12 12 12 1 12 100 100 12 12 12 1 12 1 12 100 12 1 12 1 100 12 1 100 12 1 15 16 15 16 12 12 12 12 12 1 1 1 1 1 1 1 1 1 1 1 1 1 1 1 1 1 1 1 1 1 1 1 1 1 1 1 1 1 1 1 1 1 1 1 1 1 1 1 1 1 1 1 1 1 1 1 1 1 1 1 1 10 1 10 1 1 1 1 1 1 1 1 100 12 12 1 1 100 1 1 100 1 1
ciInstanceKlass java/lang/invoke/LambdaForm$DMH 1 1 28 1 7 1 100 1 1 1 1 1 1 1 7 1 1 12 10 1 7 1 7 1 1 12 10 1 1 1
ciInstanceKlass org/springframework/core/annotation/MergedAnnotations 1 1 114 9 11 10 11 9 10 11 11 10 10 7 100 100 100 1 1 1 1 1 1 1 1 1 1 1 1 1 1 1 1 1 1 1 1 1 1 1 1 1 1 1 1 1 1 1 1 1 1 1 1 1 1 1 1 1 1 1 1 1 1 1 1 1 1 1 1 1 1 1 1 1 1 1 1 1 1 1 12 12 7 12 12 7 12 7 12 12 12 12 7 12 1 1 1 1 1 1 1 1 1 1 1 1 1 100 1 8 1 1 12 10 1 1
ciInstanceKlass org/springframework/core/annotation/AnnotationFilter 1 1 85 11 11 10 11 7 10 7 8 8 11 9 8 8 9 7 10 9 7 10 9 7 100 1 1 1 1 1 1 1 1 1 1 1 1 1 1 1 1 1 1 1 1 1 1 1 1 1 1 1 1 1 1 1 7 12 12 7 12 12 1 12 1 1 1 12 12 1 1 12 1 12 12 1 12 1 1 1 1 1 1 1 1 1 1
staticfield org/springframework/core/annotation/AnnotationFilter PLAIN Lorg/springframework/core/annotation/AnnotationFilter; org/springframework/core/annotation/PackagesAnnotationFilter
staticfield org/springframework/core/annotation/AnnotationFilter JAVA Lorg/springframework/core/annotation/AnnotationFilter; org/springframework/core/annotation/PackagesAnnotationFilter
staticfield org/springframework/core/annotation/AnnotationFilter ALL Lorg/springframework/core/annotation/AnnotationFilter; org/springframework/core/annotation/AnnotationFilter$1
staticfield org/springframework/core/annotation/AnnotationFilter NONE Lorg/springframework/core/annotation/AnnotationFilter; org/springframework/core/annotation/AnnotationFilter$2
ciInstanceKlass org/springframework/core/annotation/PackagesAnnotationFilter 1 1 101 10 8 10 7 9 8 10 7 10 10 8 10 10 10 9 10 10 7 10 8 10 7 100 1 1 1 1 1 1 1 1 1 1 1 1 1 1 1 1 100 100 1 1 1 1 1 1 1 1 1 1 1 1 1 1 1 12 1 7 12 1 12 1 12 1 12 1 12 7 12 12 12 12 12 1 12 1 100 12 1 1 1 1 1 1 1 1 1 1 1 1 1 1 1 1 1 1 1 1 1
ciInstanceKlass org/springframework/core/annotation/TypeMappedAnnotations 1 1 288 9 9 10 10 9 9 9 9 11 9 10 10 10 11 10 11 7 10 7 10 9 11 10 10 10 10 10 10 11 7 10 10 9 7 10 7 11 11 11 10 10 9 7 10 10 10 10 10 7 10 7 100 100 1 1 100 1 1 1 7 1 1 1 1 1 1 1 1 1 1 100 1 1 1 1 1 1 1 1 1 1 1 1 1 1 1 1 1 1 1 1 1 1 1 1 1 1 1 1 1 1 1 1 1 1 1 1 1 1 1 1 1 1 1 1 1 1 1 100 1 1 1 1 1 1 1 1 1 1 1 1 1 1 1 1 1 1 1 1 1 1 1 1 100 1 1 1 1 1 1 1 1 1 1 1 1 1 1 1 1 1 1 1 1 100 1 1 1 1 1 1 1 1 1 1 1 1 12 12 12 12 12 12 12 12 7 12 7 12 12 12 12 12 12 12 1 12 1 12 12 100 12 12 7 12 12 100 12 100 12 12 1 12 12 12 1 12 1 12 100 12 12 7 12 12 12 1 12 12 7 12 7 12 7 1 7 12 1 1 1 1 1 1 1 1 1 1 1 1 1 1 1 1 1 1 1 1 1 1 1 1 1 1 1 1 1 1 1 1 1 1 1 1 1 1 1 1 1 1 1 1 1 1 1 1 1 1
staticfield org/springframework/core/annotation/TypeMappedAnnotations NONE Lorg/springframework/core/annotation/MergedAnnotations; org/springframework/core/annotation/TypeMappedAnnotations
ciInstanceKlass java/util/function/Supplier 1 0 14 100 100 1 1 1 1 1 1 1 1 1 1 1
ciInstanceKlass com/sun/proxy/$Proxy0 1 1 113 1 1 1 1 1 7 12 10 1 1 1 1 1 1 12 9 1 7 12 9 1 100 1 7 1 1 12 11 1 100 1 1 12 10 1 100 1 100 1 100 1 100 1 12 10 1 1 1 12 9 1 100 1 1 1 12 9 1 7 1 1 1 12 9 1 100 1 12 10 1 1 1 12 9 1 7 1 1 1 8 1 1 12 10 8 1 1 12 10 8 1 8 8 8 8 1 100 1 100 1 12 10 1 12 10 1 100 1 100 10 1 100
ciInstanceKlass java/util/LinkedHashMap$LinkedValues 1 1 89 9 10 9 10 7 10 10 100 10 100 10 9 9 9 11 9 100 10 7 7 1 1 1 1 1 1 1 1 1 1 1 1 1 1 1 1 1 1 1 1 1 1 100 1 1 1 1 12 12 7 12 12 1 1 1 12 12 1 100 12 1 12 12 100 12 100 12 12 1 1 1 1 1 1 1 1 1 1 1 1 1 1 1 1 1 1 1 1
ciInstanceKlass java/util/LinkedHashMap$LinkedValueIterator 1 1 40 9 10 10 9 7 7 100 1 1 1 1 1 1 1 1 1 1 1 1 1 1 1 12 12 12 7 12 100 1 1 1 1 1 1 1 1 1 1 1
ciInstanceKlass org/springframework/core/annotation/AnnotationTypeMapping$MirrorSets$MirrorSet 1 1 163 9 9 9 10 9 10 10 10 10 10 11 10 10 100 10 8 10 10 10 8 100 8 7 10 10 10 10 10 10 7 1 1 1 1 1 7 1 1 1 1 1 1 1 1 1 1 1 1 1 1 1 1 1 1 1 1 1 1 1 1 1 1 1 1 1 1 1 1 1 100 100 100 1 1 1 1 1 1 1 1 1 1 1 1 1 1 1 1 1 1 12 12 12 12 12 7 12 7 12 7 12 12 12 7 12 12 7 12 1 1 12 12 12 1 1 1 1 12 100 12 100 12 100 12 12 1 1 1 1 1 1 1 1 1 1 1 1 1 1 1 1 1 1 1 1 1 1 1 1 1 1 1 1 1 1 1 1 1 1 1 1 1
ciInstanceKlass com/sun/proxy/$Proxy3 1 1 113 1 1 1 1 1 7 12 10 1 1 1 1 1 1 12 9 1 7 12 9 1 100 1 7 1 1 12 11 1 100 1 1 12 10 1 100 1 100 1 100 1 100 1 12 10 1 1 1 12 9 1 100 1 1 1 12 9 1 7 1 1 1 12 9 1 100 1 12 10 1 1 1 12 9 1 100 1 1 1 8 1 1 12 10 8 1 1 12 10 8 1 8 8 8 8 1 100 1 100 1 12 10 1 12 10 1 100 1 100 10 1 100
ciInstanceKlass java/util/function/Consumer 1 1 50 10 18 11 100 100 1 1 1 1 1 1 1 1 1 1 1 1 1 1 1 1 100 12 1 15 16 15 12 12 1 1 1 1 1 10 11 1 100 12 12 1 1 100 1 1 1 100 1 1
ciInstanceKlass java/lang/invoke/LambdaForm$MH 1 1 20 1 7 1 100 1 1 1 1 1 1 1 7 1 1 12 10 1 1 1
ciInstanceKlass org/springframework/boot/context/properties/source/PropertyMapping 1 1 39 10 9 9 10 7 7 1 1 1 1 1 1 1 1 1 1 1 1 1 1 1 1 1 1 1 1 1 12 12 12 7 12 1 1 1 1 1 1
instanceKlass org/springframework/core/type/classreading/SimpleAnnotationMetadataReadingVisitor
instanceKlass org/springframework/core/LocalVariableTableParameterNameDiscoverer$ParameterNameDiscoveringVisitor
ciInstanceKlass org/springframework/asm/ClassVisitor 1 1 155 10 10 100 3 3 3 3 3 100 100 10 8 10 10 10 10 9 9 10 10 100 8 10 10 8 10 10 10 8 10 10 10 8 10 10 10 10 10 10 7 7 1 1 1 1 1 1 1 1 1 1 1 1 1 100 1 1 1 1 1 1 1 1 1 1 1 1 1 1 1 1 1 1 1 1 1 1 1 1 1 1 1 1 1 1 1 1 1 1 1 1 1 1 1 1 1 1 1 1 1 1 1 1 1 1 1 1 1 1 1 1 1 1 1 1 12 12 1 1 1 1 12 12 12 12 12 12 12 12 1 1 12 1 12 12 12 1 12 12 12 1 12 12 12 12 12 12 1 1 1 1 1 1 1
ciInstanceKlass org/springframework/core/type/classreading/SimpleAnnotationMetadataReadingVisitor 1 1 238 100 3 10 8 9 7 9 7 10 9 7 10 9 9 9 10 9 10 9 9 10 100 9 11 18 10 18 10 10 7 18 10 10 7 11 7 11 7 10 9 8 10 9 7 10 10 7 7 1 1 1 1 1 1 1 1 1 1 1 1 1 1 1 1 1 1 1 1 1 1 1 1 1 1 1 1 1 1 1 1 1 1 1 1 1 1 1 1 1 1 1 1 1 1 1 1 1 1 1 1 1 1 1 100 100 1 1 1 1 1 1 1 1 1 1 1 1 1 1 1 100 1 1 1 1 1 1 1 1 12 1 12 1 12 1 12 1 12 12 12 12 12 12 12 12 12 12 1 12 7 12 1 15 16 15 12 7 12 16 15 16 12 7 12 12 1 16 12 7 12 1 7 12 7 12 1 12 12 1 7 12 12 1 12 7 12 1 1 1 1 1 1 1 10 1 10 1 1 1 1 1 1 11 1 1 1 1 1 1 1 1 1 1 1 1 1 1 1 1 1 1 1 1 1 1 1 7 12 12 1 1 100 1 1 100 1 1
instanceKlass org/springframework/asm/MethodWriter
instanceKlass org/springframework/core/type/classreading/SimpleMethodMetadataReadingVisitor
ciInstanceKlass org/springframework/asm/MethodVisitor 1 1 249 10 10 100 3 3 3 3 3 100 100 10 8 10 10 10 10 9 9 100 7 8 10 10 10 10 10 10 10 10 10 10 10 10 10 10 10 10 8 10 10 10 10 100 100 10 100 8 10 10 10 10 10 10 10 10 10 10 10 10 10 7 1 1 1 1 1 1 1 1 1 1 1 1 1 1 1 1 100 1 1 1 1 1 1 1 1 1 1 1 1 1 1 1 1 1 1 1 1 1 1 1 1 1 1 1 1 1 1 1 1 1 1 1 1 1 1 1 1 1 1 1 1 1 1 1 1 1 1 100 1 1 1 1 1 1 1 1 1 1 1 1 1 1 1 1 1 1 1 1 1 1 1 1 1 1 1 1 1 1 1 1 1 1 1 1 1 1 1 1 1 1 1 1 1 1 1 1 1 1 1 1 1 1 1 1 12 12 1 1 1 1 12 12 12 12 12 12 1 1 1 12 12 12 12 12 12 12 12 12 12 12 12 12 12 12 1 12 12 12 12 1 1 12 1 1 12 12 12 12 12 12 12 12 12 12 12 12 12 1 1 1 1 1 1 1 1 1 1
ciInstanceKlass org/springframework/asm/ClassReader 1 1 1083 10 10 10 9 9 10 100 100 100 10 8 10 10 10 10 10 9 7 9 10 9 9 100 9 10 9 10 10 10 8 10 100 8 10 7 10 7 10 10 10 10 10 100 10 10 10 7 10 7 10 9 9 9 10 10 10 100 8 10 8 8 8 8 8 8 8 8 8 3 8 8 10 8 8 8 8 8 8 8 10 9 10 10 10 10 10 10 10 10 9 9 10 10 10 10 10 10 10 10 10 10 10 10 10 10 10 10 10 10 10 10 10 10 10 10 10 8 10 10 10 10 10 10 9 9 9 8 8 8 8 8 8 10 10 7 10 10 10 10 10 10 10 10 10 10 10 10 10 10 100 9 10 10 8 10 8 8 10 10 8 8 9 9 9 9 7 9 9 9 10 100 10 10 10 10 10 10 10 10 10 10 10 10 10 100 10 100 10 10 10 100 10 10 10 10 100 9 9 9 10 10 10 10 9 100 10 10 3 3 3 10 10 10 10 10 10 9 9 10 10 10 10 10 10 10 8 9 10 9 9 9 9 10 10 9 9 9 10 10 5 0 10 10 10 10 10 10 10 10 10 10 10 1 1 1 3 1 3 1 3 1 3 1 3 1 3 1 1 1 1 1 1 1 1 1 1 1 1 1 1 1 1 1 1 1 1 1 1 1 1 1 1 1 1 1 1 1 1 1 1 1 1 1 100 100 100 100 1 1 1 1 1 1 1 1 1 1 1 1 1 1 100 100 100 1 1 1 1 1 1 1 1 1 1 1 1 1 100 100 1 1 1 1 1 1 1 1 1 1 1 1 1 1 1 1 1 1 1 1 1 1 1 1 1 1 1 1 1 1 1 1 1 1 1 1 1 1 1 1 1 1 1 1 1 1 1 1 1 1 1 100 100 100 100 100 1 1 1 1 1 1 1 1 1 1 1 1 1 1 1 1 1 1 1 1 1 1 1 1 1 1 1 1 1 100 1 1 1 1 1 1 1 100 1 1 1 1 1 1 1 100 100 1 1 1 1 1 1 1 1 1 1 1 1 1 1 1 1 1 1 1 1 100 100 1 1 1 1 1 1 1 1 1 1 1 1 1 1 1 1 1 1 1 1 1 1 1 1 1 1 1 1 1 1 1 1 1 1 1 1 1 1 1 1 1 1 1 1 1 1 1 1 1 1 1 1 1 1 1 1 1 1 1 1 1 1 1 1 1 1 1 1 100 100 100 100 1 1 1 1 1 1 1 1 1 1 1 1 1 1 1 100 1 1 1 1 1 1 1 1 1 1 1 1 1 1 1 1 1 1 1 1 1 1 1 1 1 1 1 1 1 1 1 1 1 100 100 100 100 100 100 100 1 1 1 1 1 1 1 1 1 1 1 1 1 1 1 1 1 1 1 1 1 1 1 1 1 1 1 1 1 1 1 1 1 1 1 1 1 1 1 1 1 1 1 1 1 1 1 1 1 1 1 1 1 1 1 1 1 1 1 1 1 1 1 1 1 1 100 1 1 1 1 1 1 12 12 12 12 12 12 1 1 1 1 12 12 12 12 12 12 1 12 12 12 1 12 12 12 12 12 12 1 100 12 1 1 1 1 7 12 12 12 12 12 1 12 12 1 12 1 12 12 12 12 12 12 1 12 1 1 1 1 1 1 1 1 1 12 1 1 1 1 1 1 1 12 12 7 12 12 12 12 12 12 12 12 12 12 12 12 12 12 12 12 12 12 12 12 12 100 12 12 12 12 12 12 12 12 12 100 12 12 12 12 12 12 100 12 12 12 1 1 1 1 12 12 1 12 12 12 7 12 12 12 7 12 12 12 1 12 12 12 12 1 12 12 1 12 12 12 12 1 12 12 12 12 1 12 12 12 12 12 12 12 12 12 12 12 12 12 1 12 1 12 12 12 1 12 12 12 1 12 12 12 12 12 12 12 1 12 12 12 12 100 12 12 100 12 100 12 7 12 12 12 7 12 12 12 12 100 12 100 12 12 12 12 12 12 12 12 12 12 12 12 12 12 12 12 7 12 12 7 12 12 12 12 12 12 1 1 1 1 1 1 1 1 1 1 1 1 1 1 1 1 1 1 1 1 1 1 1 1 1 1 1 1 1 1 1 1 1 1 1 1 1 1 1 1 1 1 1 1 1 1 1 1 1 1 1 1 1 1 1 1 1 1 1 1 1 1 1 1 1 1 1 1 1 1 1 1 1 1 1 1 1 1 1 1 1 1 1 1 1 1 1 1 1 1 1 1 1 1 1 1 1 1 1 1 1 1 1 1 1 1 1 1 1 1 1 1 1 1 1 1 1 1 1 1 1 1 1 1 1 1 1 1 1 1 1 1 1 1 1 1 1 1 1 1 1 1 1 1 1 1 1 1 1 1 1 1 1 1 1 1 1 1 1 1 1 1 1 1 1 1 1 1 1 1 1 1 1 1 1 1 1 1 1 1 1 1 1
ciInstanceKlass org/springframework/asm/Attribute 0 0 145 10 9 100 100 10 9 9 10 100 10 9 10 9 10 10 9 100 10 100 8 8 3 8 10 10 10 9 10 100 100 1 1 1 1 1 1 1 1 1 1 1 1 1 1 1 1 1 1 1 1 1 1 1 1 1 1 1 1 1 1 1 1 1 1 1 1 1 1 1 1 1 1 1 1 100 1 1 1 1 1 1 100 1 1 1 1 1 1 1 1 1 1 1 1 12 12 1 1 12 12 100 12 100 12 1 12 12 12 100 12 12 12 12 1 12 1 1 1 1 12 12 12 12 12 1 1 1 1 1 1 1 1 1 1 1 1 1 1 1 1 1 1 1 1
ciInstanceKlass org/springframework/asm/Context 1 1 43 10 100 7 1 1 1 1 1 1 1 1 1 1 1 1 1 1 1 1 1 1 1 1 1 1 1 1 1 1 1 1 1 1 1 1 1 1 1 1 12 1 1
instanceKlass org/springframework/core/type/classreading/MergedAnnotationReadingVisitor$ArrayVisitor
instanceKlass org/springframework/core/type/classreading/MergedAnnotationReadingVisitor
ciInstanceKlass org/springframework/asm/AnnotationVisitor 1 1 82 10 10 100 3 3 3 3 3 100 100 10 8 10 10 10 10 9 9 10 10 10 10 10 7 7 1 1 1 1 1 1 1 1 1 1 1 1 1 100 1 1 1 1 1 1 1 1 1 1 1 1 1 1 1 1 1 12 12 1 1 1 1 12 12 12 12 12 12 12 12 12 12 12 1 1 1 1 1 1 1 1
ciInstanceKlass org/springframework/core/type/classreading/MergedAnnotationReadingVisitor 1 1 226 10 100 3 10 7 10 9 9 9 9 9 7 10 11 18 10 18 7 18 10 11 11 10 10 10 9 11 7 10 11 10 100 100 7 1 1 1 1 1 1 1 1 1 1 1 1 1 1 1 1 1 1 1 1 1 1 1 1 1 1 1 1 1 1 1 1 1 1 1 1 1 1 1 1 1 1 1 1 1 1 1 1 1 1 1 1 1 1 1 1 100 1 1 1 1 1 1 1 1 1 1 1 100 100 100 100 100 1 1 1 1 1 1 1 1 1 1 1 1 1 1 1 1 1 1 12 1 12 1 12 12 12 12 12 1 12 7 12 1 15 16 15 16 12 12 15 16 1 15 16 12 7 12 7 12 12 7 12 7 12 7 12 12 1 12 7 12 12 1 1 1 1 1 1 1 1 1 1 1 1 1 1 1 10 1 10 1 1 1 10 1 10 1 1 1 1 1 1 1 1 1 1 1 1 1 1 1 1 1 1 1 1 7 12 12 12 12 1 1 100 1 1 100 1 1
ciInstanceKlass org/springframework/asm/Type 1 1 368 10 9 9 9 9 10 10 10 9 9 9 9 9 9 9 9 9 9 9 9 9 9 9 9 9 9 100 10 10 10 10 10 10 7 10 10 10 10 10 10 10 10 10 10 10 10 100 10 8 8 8 8 8 8 8 8 8 100 10 10 10 8 10 10 10 10 10 10 10 10 10 8 10 10 10 10 10 10 100 100 10 8 7 1 1 1 3 1 3 1 3 1 3 1 3 1 3 1 3 1 3 1 3 1 3 1 3 1 3 1 3 1 1 1 1 1 1 1 1 1 1 1 1 1 1 1 1 1 1 1 1 1 1 1 1 1 1 1 1 1 1 1 1 1 1 1 1 1 1 1 1 1 1 1 1 1 1 100 1 1 1 1 1 1 1 1 1 1 1 1 1 1 100 1 1 1 1 1 1 100 1 1 1 1 1 1 1 1 1 1 1 1 100 1 1 1 1 1 1 1 1 100 1 1 1 1 100 1 100 1 1 1 1 1 1 100 1 1 1 1 1 1 1 1 1 1 1 1 1 1 1 1 1 1 1 1 1 1 100 1 1 1 1 1 1 12 12 12 12 12 7 12 12 100 12 100 12 12 100 12 100 12 100 12 100 12 100 12 100 12 100 12 100 12 1 12 12 12 12 12 1 12 12 12 12 12 12 7 12 100 12 12 12 12 12 1 1 1 1 1 1 1 1 1 1 1 12 12 12 1 12 12 12 12 12 12 12 100 1 12 12 12 12 12 12 1 1 1 1 1 1 1 1 1 1 1 1 1 1 1 1 1 1 1 1 1 1 1 1 1 1 1 1 1 1 1 1 1 1 1 1 1 1 1 1 1 1
staticfield org/springframework/asm/Type VOID_TYPE Lorg/springframework/asm/Type; org/springframework/asm/Type
staticfield org/springframework/asm/Type BOOLEAN_TYPE Lorg/springframework/asm/Type; org/springframework/asm/Type
staticfield org/springframework/asm/Type CHAR_TYPE Lorg/springframework/asm/Type; org/springframework/asm/Type
staticfield org/springframework/asm/Type BYTE_TYPE Lorg/springframework/asm/Type; org/springframework/asm/Type
staticfield org/springframework/asm/Type SHORT_TYPE Lorg/springframework/asm/Type; org/springframework/asm/Type
staticfield org/springframework/asm/Type INT_TYPE Lorg/springframework/asm/Type; org/springframework/asm/Type
staticfield org/springframework/asm/Type FLOAT_TYPE Lorg/springframework/asm/Type; org/springframework/asm/Type
staticfield org/springframework/asm/Type LONG_TYPE Lorg/springframework/asm/Type; org/springframework/asm/Type
staticfield org/springframework/asm/Type DOUBLE_TYPE Lorg/springframework/asm/Type; org/springframework/asm/Type
ciInstanceKlass org/springframework/core/type/MethodMetadata 1 0 28 100 100 100 1 1 1 1 1 1 1 1 1 1 1 1 1 1 1 100 1 8 1 1 12 10 1 1
ciInstanceKlass org/springframework/asm/MethodWriter 0 0 828 100 3 10 100 10 9 9 8 10 100 3 9 10 9 9 9 9 9 9 9 10 9 9 10 9 9 100 10 9 10 9 9 9 9 10 9 100 10 9 10 9 9 10 9 9 9 9 10 9 10 9 9 9 100 9 9 100 10 10 10 10 9 100 10 9 10 9 10 10 10 100 8 10 9 9 100 10 10 10 10 9 9 9 9 9 10 9 10 9 10 10 10 9 9 9 10 10 10 10 10 9 100 10 10 100 10 9 9 10 9 9 9 9 10 9 100 9 10 10 10 3 9 9 100 10 9 9 9 9 9 9 10 9 9 10 10 9 8 10 9 9 9 9 10 9 9 10 9 9 10 9 10 3 10 9 10 9 10 10 10 100 10 100 10 3 10 9 9 3 100 10 10 8 10 8 8 8 8 8 8 10 8 10 8 10 10 8 10 8 8 8 10 9 10 10 10 10 10 10 10 10 10 100 1 1 1 3 1 3 1 3 1 3 1 3 1 1 1 1 1 1 1 1 1 1 1 1 1 1 1 1 1 1 1 1 1 1 1 1 1 1 1 1 1 1 1 1 1 1 1 1 1 1 1 1 1 1 1 1 1 1 1 1 1 1 1 1 1 1 1 1 1 1 1 1 1 1 1 1 1 1 1 1 1 1 1 1 1 1 1 1 1 1 100 100 100 100 1 1 1 1 100 1 1 1 1 1 1 1 1 1 1 1 1 1 1 1 1 1 1 1 1 1 1 1 1 1 1 1 1 1 1 1 1 1 1 1 1 1 1 1 1 1 1 1 1 1 1 1 1 1 100 1 1 1 1 1 1 1 1 1 1 1 1 1 1 1 1 1 1 1 1 1 1 1 1 100 1 1 1 1 1 1 1 1 1 1 100 1 1 1 1 1 1 1 1 1 100 1 1 1 1 1 1 1 1 1 1 1 1 1 1 1 100 1 1 1 1 1 1 1 1 1 1 1 1 1 1 1 1 1 1 1 1 1 1 1 1 1 1 1 100 100 1 1 1 1 1 1 1 1 1 1 1 1 1 1 1 1 1 1 1 1 1 1 1 1 1 1 1 1 1 1 1 1 1 100 1 1 1 1 1 1 100 1 1 1 1 1 1 1 1 100 1 100 1 1 1 1 1 1 1 1 1 12 1 12 12 12 12 1 12 100 12 12 12 12 12 12 12 12 12 12 12 100 12 12 12 1 12 12 12 12 12 12 12 12 1 12 12 12 12 12 12 12 12 12 12 12 12 100 12 12 12 12 1 12 12 1 12 12 12 12 12 1 12 12 12 12 12 12 1 1 12 12 12 1 12 12 12 12 12 12 12 100 12 12 12 12 12 12 12 12 12 12 12 12 12 12 12 12 1 12 12 1 12 12 12 12 12 12 12 12 12 12 1 12 12 12 12 12 12 1 12 12 12 12 12 12 12 100 12 12 12 12 12 12 1 12 12 12 12 12 12 12 12 12 12 12 12 12 12 12 12 12 12 12 12 12 1 12 1 12 100 12 12 12 1 12 12 12 1 1 1 12 1 12 1 12 12 1 12 1 1 1 12 12 12 12 12 12 12 12 12 12 12 1 1 1 1 1 1 1 1 1 1 1 1 1 1 1 1 1 1 1 1 1 1 1 1 1 1 1 1 1 1 1 1 1 1 1 1 1 1 1 1 1 1 1 1 1 1 1 1 1 1 1 1 1 1 1 1 1 1 1 1 1 1 1 1 1 1 1 1 1 1 1 1 1 1 1 1 1 1 1 1 1 1 1 1 1 1 1 1 1 1 1 1 1 1 1 1 1 1 1 1 1 1 1 1 1 1 1 1 1 1 1 1 1 1 1 1 1 1 1 1 1 1 1 1 1 1 1 1 1 1 1
ciInstanceKlass org/springframework/core/annotation/MergedAnnotationsCollection 1 1 269 9 10 9 10 8 10 7 11 7 7 8 11 8 10 11 8 11 10 10 10 10 100 10 10 10 10 10 10 10 10 11 10 10 9 10 11 11 11 10 10 11 9 7 10 7 100 1 1 1 1 1 1 1 1 1 1 1 1 1 1 1 1 1 1 1 1 1 1 1 1 100 100 100 1 1 1 1 1 1 1 1 1 1 1 1 1 1 1 1 1 1 1 1 1 1 1 1 1 1 1 1 1 1 100 100 100 1 1 1 1 1 1 1 1 1 1 1 1 1 1 1 1 1 1 1 1 1 1 1 1 1 1 100 1 1 1 1 1 1 1 1 1 1 1 1 1 1 1 1 1 1 1 1 1 1 1 1 12 12 12 12 1 7 12 1 7 12 1 1 12 1 12 12 1 12 12 12 100 12 12 1 12 12 7 12 7 12 12 12 12 12 12 12 7 12 7 12 7 12 7 12 7 12 12 100 12 7 12 12 7 12 1 12 1 1 1 1 1 1 1 1 1 1 1 1 1 1 1 1 1 1 1 1 1 1 1 1 1 1 1 1 1 1 1 1 1 1 1 1 1 1 1 1 1 1 1 1 1 1 1 1 1 1 1 1 1 1 1
ciInstanceKlass org/springframework/core/type/classreading/SimpleAnnotationMetadata 1 1 126 10 9 9 9 9 9 9 9 9 9 100 10 100 10 9 11 10 11 100 10 11 10 7 7 100 1 1 1 1 1 1 1 1 1 1 1 1 1 1 1 1 1 1 1 1 1 1 1 1 1 1 1 1 1 1 1 1 1 1 1 1 1 1 1 1 1 1 1 1 1 1 100 1 1 1 1 1 1 1 1 1 1 1 12 12 12 12 12 12 12 12 12 12 1 100 12 100 12 12 100 12 100 12 1 12 100 12 12 1 1 1 1 1 1 1 1 1 1 1 1 1 1 1 1 1
ciInstanceKlass org/springframework/core/type/classreading/SimpleAnnotationMetadataReadingVisitor$$Lambda$187 1 1 31 1 7 1 7 1 100 1 1 1 1 1 12 10 12 9 1 1 12 10 1 1 1 1 7 1 1 12 10 1 1
ciInstanceKlass org/springframework/core/type/classreading/SimpleAnnotationMetadataReadingVisitor$$Lambda$188 1 1 33 1 7 1 7 1 100 1 1 1 1 1 12 10 12 9 1 1 12 10 1 1 1 1 7 1 7 1 1 12 11 1 1
ciMethod java/lang/Object <init> ()V 4097 1 315154 0 96
ciMethod java/lang/Object getClass ()Ljava/lang/Class; 5121 1 640 0 -1
ciMethod java/lang/String <init> ([CII)V 4097 1 5698 0 -1
ciMethod java/lang/String <init> ([CZ)V 4097 1 11230 0 0
ciMethod java/lang/String equals (Ljava/lang/Object;)Z 4097 23081 40546 0 -1
ciMethod java/lang/String replace (CC)Ljava/lang/String; 1777 65537 904 0 1344
ciMethod java/lang/Class getComponentType ()Ljava/lang/Class; 3097 1 387 0 -1
ciMethod java/lang/System arraycopy (Ljava/lang/Object;ILjava/lang/Object;II)V 23553 1 2944 0 -1
ciMethod java/lang/invoke/DirectMethodHandle internalMemberName (Ljava/lang/Object;)Ljava/lang/Object; 2097 1 29374 0 -1
ciMethod java/util/Collection isEmpty ()Z 0 0 1 0 -1
ciMethod java/util/Collection toArray ([Ljava/lang/Object;)[Ljava/lang/Object; 0 0 1 0 -1
ciMethod java/util/List toArray ([Ljava/lang/Object;)[Ljava/lang/Object; 0 0 1 0 -1
ciMethod java/util/AbstractCollection <init> ()V 2081 1 24776 0 32
ciMethod java/util/AbstractCollection iterator ()Ljava/util/Iterator; 0 0 1 0 -1
ciMethod java/util/AbstractCollection size ()I 0 0 1 0 -1
ciMethod java/util/AbstractCollection toArray ([Ljava/lang/Object;)[Ljava/lang/Object; 1209 19105 260 0 0
ciMethod java/util/AbstractCollection finishToArray ([Ljava/lang/Object;Ljava/util/Iterator;)[Ljava/lang/Object; 0 0 1 0 0
ciMethod java/util/AbstractCollection hugeCapacity (I)I 0 0 1 0 -1
ciMethod java/util/ArrayList isEmpty ()Z 2289 1 12242 0 64
ciMethod java/util/ArrayList toArray ([Ljava/lang/Object;)[Ljava/lang/Object; 137 1 5188 0 1440
ciMethod java/util/Set iterator ()Ljava/util/Iterator; 0 0 1 0 -1
ciMethod java/util/Set add (Ljava/lang/Object;)Z 0 0 1 0 -1
ciMethod java/util/AbstractSet <init> ()V 425 1 6617 0 0
ciMethod java/util/HashMap size ()I 4097 1 512 0 0
ciMethod java/util/HashMap isEmpty ()Z 3145 1 6681 0 0
ciMethod java/util/HashMap keySet ()Ljava/util/Set; 3073 1 1275 0 0
ciMethod java/util/Iterator hasNext ()Z 0 0 1 0 -1
ciMethod java/util/Iterator next ()Ljava/lang/Object; 0 0 1 0 -1
ciMethod java/util/Arrays copyOf ([Ljava/lang/Object;I)[Ljava/lang/Object; 3073 1 7351 0 0
ciMethod java/util/Arrays copyOf ([Ljava/lang/Object;ILjava/lang/Class;)[Ljava/lang/Object; 2081 1 5441 0 -1
ciMethod java/util/HashSet iterator ()Ljava/util/Iterator; 2233 1 1385 0 0
ciMethod java/util/HashSet size ()I 2009 1 251 0 0
ciMethod java/util/HashSet isEmpty ()Z 2049 1 1036 0 0
ciMethod java/util/LinkedHashMap keySet ()Ljava/util/Set; 2137 1 371 0 0
ciMethodData java/lang/Object <init> ()V 2 315154 orig 264 120 1 238 95 0 0 0 0 128 4 145 221 206 2 0 0 32 1 0 0 0 0 0 0 0 0 0 0 0 0 0 0 0 0 0 0 0 0 0 0 0 0 0 0 0 0 0 0 0 0 0 0 0 0 0 0 0 0 0 0 0 0 0 0 0 0 0 0 0 0 0 0 0 0 0 0 0 0 0 0 77 68 79 32 101 120 116 114 97 32 100 97 116 97 32 108 111 99 107 0 0 0 0 0 0 0 0 0 0 0 0 0 0 0 0 0 0 0 0 0 0 0 0 0 0 0 0 0 0 0 0 0 0 0 0 0 0 0 0 0 0 0 0 0 0 0 0 0 0 0 0 0 0 0 0 0 0 0 0 0 0 0 0 0 0 0 0 0 0 0 0 0 0 0 0 0 0 0 0 0 0 0 0 0 0 0 0 0 0 0 0 0 0 0 0 0 0 0 0 0 0 0 0 0 0 0 0 0 0 0 0 0 0 0 0 0 0 2 0 0 145 104 38 0 1 0 0 0 0 0 0 0 0 0 0 0 2 0 0 0 0 0 0 0 0 0 0 0 0 0 0 0 255 255 255 255 0 0 0 0 0 0 0 0 data 0 oops 0
ciMethod java/lang/reflect/Array newInstance (Ljava/lang/Class;I)Ljava/lang/Object; 1057 1 5290 0 352
ciMethod java/lang/reflect/Array newArray (Ljava/lang/Class;I)Ljava/lang/Object; 3089 1 386 0 -1
ciMethod java/util/LinkedHashMap$LinkedKeySet <init> (Ljava/util/LinkedHashMap;)V 409 1 121 0 0
ciMethod java/util/LinkedHashMap$LinkedKeySet iterator ()Ljava/util/Iterator; 2129 1 359 0 0
ciMethod java/util/LinkedHashMap$LinkedKeyIterator <init> (Ljava/util/LinkedHashMap;)V 2129 1 359 0 0
ciMethod java/util/LinkedHashMap$LinkedHashIterator <init> (Ljava/util/LinkedHashMap;)V 4097 1 1491 0 -1
ciMethodData java/lang/String replace (CC)Ljava/lang/String; 2 28957 orig 264 120 1 238 95 0 0 0 0 208 95 145 221 206 2 0 0 136 2 0 0 184 0 0 0 0 0 0 0 0 0 0 0 0 0 0 0 0 0 0 0 0 0 0 0 0 0 0 0 0 0 0 0 0 0 0 0 0 0 0 0 0 0 0 0 0 0 0 0 0 0 0 0 0 0 0 0 0 0 0 0 77 68 79 32 101 120 116 114 97 32 100 97 116 97 32 108 111 99 107 0 0 0 0 0 0 0 0 0 0 0 0 0 0 0 0 0 0 0 0 0 0 0 0 0 0 0 0 0 0 0 0 0 0 0 0 0 0 0 0 0 0 0 0 0 0 0 0 0 0 0 0 0 0 0 0 0 0 0 0 0 0 0 0 0 0 0 0 0 0 0 0 0 0 0 0 0 0 0 0 0 0 0 0 0 0 0 0 0 0 0 0 0 0 0 0 0 0 0 0 0 0 0 0 0 0 0 0 0 0 0 0 0 0 0 0 0 0 32 0 0 81 21 0 0 233 136 2 0 0 0 0 0 0 0 0 0 2 0 0 0 0 0 0 0 0 0 0 0 80 1 0 0 255 255 255 255 7 0 2 0 0 0 0 0 data 42 0x20007 0x0 0x150 0x2aa 0x1a0007 0x17 0x58 0xd75 0x230007 0xae2 0xffffffffffffffe0 0x293 0x260003 0x293 0x18 0x2c0007 0x17 0xd8 0x293 0x3b0007 0x293 0x38 0xa10 0x4b0003 0xa10 0xffffffffffffffe0 0x510007 0x293 0x70 0x3c19 0x620007 0x35c7 0x38 0x652 0x660003 0x652 0x18 0x6f0003 0x3c19 0xffffffffffffffa8 0x790002 0x293 oops 0
ciMethodData java/lang/String <init> ([CZ)V 2 11230 orig 264 120 1 238 95 0 0 0 0 96 60 145 221 206 2 0 0 64 1 0 0 0 0 0 0 0 0 0 0 0 0 0 0 0 0 0 0 0 0 0 0 0 0 0 0 0 0 0 0 0 0 0 0 0 0 0 0 0 0 0 0 0 0 0 0 0 0 0 0 0 0 0 0 0 0 0 0 0 0 0 0 77 68 79 32 101 120 116 114 97 32 100 97 116 97 32 108 111 99 107 0 0 0 0 0 0 0 0 0 0 0 0 0 0 0 0 0 0 0 0 0 0 0 0 0 0 0 0 0 0 0 0 0 0 0 0 0 0 0 0 0 0 0 0 0 0 0 0 0 0 0 0 0 0 0 0 0 0 0 0 0 0 0 0 0 0 0 0 0 0 0 0 0 0 0 0 0 0 0 0 0 0 0 0 0 0 0 0 0 0 0 0 0 0 0 0 0 0 0 0 0 0 0 0 0 0 0 0 0 0 0 0 0 0 0 0 0 0 2 0 0 241 78 1 0 1 0 0 0 0 0 0 0 0 0 0 0 2 0 0 0 0 0 3 0 2 0 0 0 16 0 0 0 255 255 255 255 2 0 1 0 0 0 0 0 data 2 0x10002 0x29de oops 0
ciMethodData java/util/AbstractCollection <init> ()V 2 24776 orig 264 120 1 238 95 0 0 0 0 232 184 157 221 206 2 0 0 48 1 0 0 0 0 0 0 0 0 0 0 0 0 0 0 0 0 0 0 0 0 0 0 0 0 0 0 0 0 0 0 0 0 0 0 0 0 0 0 0 0 0 0 0 0 0 0 0 0 0 0 0 0 0 0 0 0 0 0 0 0 0 0 77 68 79 32 101 120 116 114 97 32 100 97 116 97 32 108 111 99 107 0 0 0 0 0 0 0 0 0 0 0 0 0 0 0 0 0 0 0 0 0 0 0 0 0 0 0 0 0 0 0 0 0 0 0 0 0 0 0 0 0 0 0 0 0 0 0 0 0 0 0 0 0 0 0 0 0 0 0 0 0 0 0 0 0 0 0 0 0 0 0 0 0 0 0 0 0 0 0 0 0 0 0 0 0 0 0 0 0 0 0 0 0 0 0 0 0 0 0 0 0 0 0 0 0 0 0 0 0 0 0 0 0 0 0 0 0 4 1 0 0 33 254 2 0 1 0 0 0 0 0 0 0 0 0 0 0 2 0 0 0 0 0 3 0 2 0 0 0 16 0 0 0 255 255 255 255 2 0 1 0 0 0 0 0 data 2 0x10002 0x5fcc oops 0
ciMethodData java/util/AbstractSet <init> ()V 2 6620 orig 264 120 1 238 95 0 0 0 0 40 242 158 221 206 2 0 0 48 1 0 0 0 0 0 0 0 0 0 0 0 0 0 0 0 0 0 0 0 0 0 0 0 0 0 0 0 0 0 0 0 0 0 0 0 0 0 0 0 0 0 0 0 0 0 0 0 0 0 0 0 0 0 0 0 0 0 0 0 0 0 0 77 68 79 32 101 120 116 114 97 32 100 97 116 97 32 108 111 99 107 0 0 0 0 0 0 0 0 0 0 0 0 0 0 0 0 0 0 0 0 0 0 0 0 0 0 0 0 0 0 0 0 0 0 0 0 0 0 0 0 0 0 0 0 0 0 0 0 0 0 0 0 0 0 0 0 0 0 0 0 0 0 0 0 0 0 0 0 0 0 0 0 0 0 0 0 0 0 0 0 0 0 0 0 0 0 0 0 0 0 0 0 0 0 0 0 0 0 0 0 0 0 0 0 0 0 0 0 0 0 0 0 0 0 0 0 0 53 0 0 0 57 205 0 0 1 0 0 0 0 0 0 0 0 0 0 0 2 0 0 0 0 0 3 0 2 0 0 0 16 0 0 0 255 255 255 255 2 0 1 0 0 0 0 0 data 2 0x10002 0x19aa oops 0
ciMethod java/util/HashMap$HashIterator <init> (Ljava/util/HashMap;)V 3073 2713 1766 0 -1
ciMethod java/util/HashMap$KeySet <init> (Ljava/util/HashMap;)V 1097 1 1028 0 0
ciMethod java/util/HashMap$KeySet iterator ()Ljava/util/Iterator; 3081 1 1348 0 0
ciMethodData java/util/ArrayList toArray ([Ljava/lang/Object;)[Ljava/lang/Object; 2 5188 orig 264 120 1 238 95 0 0 0 0 240 74 158 221 206 2 0 0 64 2 0 0 96 0 0 0 0 0 0 0 0 0 0 0 0 0 0 0 0 0 0 0 0 0 0 0 0 0 0 0 0 0 0 0 0 0 0 0 0 0 0 0 0 0 0 0 0 0 0 0 0 0 0 0 0 0 0 0 0 0 0 0 77 68 79 32 101 120 116 114 97 32 100 97 116 97 32 108 111 99 107 0 0 0 0 0 0 0 0 0 0 0 0 0 0 0 0 0 0 0 0 0 0 0 0 0 0 0 0 0 0 0 0 0 0 0 0 0 0 0 0 0 0 0 0 0 0 0 0 0 0 0 0 0 0 0 0 0 0 0 0 0 0 0 0 0 0 0 0 0 0 0 0 0 0 0 0 0 0 0 0 0 0 0 0 0 0 0 0 0 0 0 0 0 0 0 0 0 0 0 0 0 0 0 0 0 0 0 0 0 0 0 0 0 0 0 0 0 17 0 0 0 153 161 0 0 1 0 0 0 0 0 0 0 0 0 0 0 2 0 0 0 0 0 8 0 2 0 0 0 240 0 0 0 255 255 255 255 7 0 6 0 0 0 0 0 data 30 0x60007 0x5d4 0x90 0xe5d 0x120005 0x135 0x2cee5a7cd40 0xa 0x2cee6f793e0 0xd1e 0x150002 0xe5d 0x180004 0x0 0x2cee6f793e0 0x30 0x2cee5a7ce60 0x26 0x270002 0x5d6 0x300007 0x5d3 0x50 0x1 0x390104 0x0 0x0 0x0 0x0 0x0 oops 4 6 [Lorg/springframework/boot/context/properties/source/PropertyMapping; 8 [Ljava/lang/String; 14 [Ljava/lang/String; 16 [Ljava/lang/Class;
ciMethod org/springframework/util/Assert notNull (Ljava/lang/Object;Ljava/lang/String;)V 2057 1 22567 0 64
ciMethod org/springframework/util/ClassUtils forName (Ljava/lang/String;Ljava/lang/ClassLoader;)Ljava/lang/Class; 2073 1 4756 21 -1
ciMethod org/springframework/util/ClassUtils convertResourcePathToClassName (Ljava/lang/String;)Ljava/lang/String; 2049 1 2654 0 0
ciMethod java/util/HashMap$KeyIterator <init> (Ljava/util/HashMap;)V 2209 1 1349 0 0
ciMethod org/springframework/util/StringUtils toStringArray (Ljava/util/Collection;)[Ljava/lang/String; 2049 1 4421 0 0
ciMethod org/springframework/util/CollectionUtils isEmpty (Ljava/util/Collection;)Z 2057 1 4476 0 0
ciMethod java/lang/invoke/MethodHandle linkToStatic (Ljava/lang/Object;Ljava/lang/invoke/MemberName;)Ljava/lang/Object; 0 0 1 0 -1
ciMethodData java/lang/reflect/Array newInstance (Ljava/lang/Class;I)Ljava/lang/Object; 2 5290 orig 264 120 1 238 95 0 0 0 0 136 166 172 221 206 2 0 0 96 1 0 0 0 0 0 0 0 0 0 0 0 0 0 0 0 0 0 0 0 0 0 0 0 0 0 0 0 0 0 0 0 0 0 0 0 0 0 0 0 0 0 0 0 0 0 0 0 0 0 0 0 0 0 0 0 0 0 0 0 0 0 0 77 68 79 32 101 120 116 114 97 32 100 97 116 97 32 108 111 99 107 0 0 0 0 0 0 0 0 0 0 0 0 0 0 0 0 0 0 0 0 0 0 0 0 0 0 0 0 0 0 0 0 0 0 0 0 0 0 0 0 0 0 0 0 0 0 0 0 0 0 0 0 0 0 0 0 0 0 0 0 0 0 0 0 0 0 0 0 0 0 0 0 0 0 0 0 0 0 0 0 0 0 0 0 0 0 0 0 0 0 0 0 0 0 0 0 0 0 0 0 0 0 0 0 0 0 0 0 0 0 0 0 0 0 0 0 0 132 0 0 0 49 161 0 0 1 0 0 0 0 0 0 0 0 0 0 0 2 0 0 0 0 0 3 0 2 0 0 0 16 0 0 0 255 255 255 255 2 0 2 0 0 0 0 0 data 2 0x20002 0x1426 oops 0
ciMethod java/lang/invoke/LambdaForm$DMH invokeStatic_L_L (Ljava/lang/Object;Ljava/lang/Object;)Ljava/lang/Object; 3777 1 25450 0 -1
ciMethod java/lang/invoke/MethodHandle invokeBasic (Ljava/lang/Object;)Ljava/lang/Object; 0 0 1 0 -1
ciMethod org/springframework/core/annotation/MergedAnnotations of (Ljava/util/Collection;)Lorg/springframework/core/annotation/MergedAnnotations; 2081 1 1836 0 0
ciMethod org/springframework/core/annotation/AnnotationFilter matches (Ljava/lang/String;)Z 0 0 1 0 -1
ciMethod java/util/function/Supplier get ()Ljava/lang/Object; 0 0 1 0 -1
ciMethod java/lang/invoke/LambdaForm$MH linkToTargetMethod (Ljava/lang/Object;Ljava/lang/Object;)Ljava/lang/Object; 3777 1 25450 0 -1
ciMethodData org/springframework/util/Assert notNull (Ljava/lang/Object;Ljava/lang/String;)V 2 22567 orig 264 120 1 238 95 0 0 0 0 104 250 221 221 206 2 0 0 88 1 0 0 0 0 0 0 0 0 0 0 0 0 0 0 0 0 0 0 0 0 0 0 0 0 0 0 0 0 0 0 0 0 0 0 0 0 0 0 0 0 0 0 0 0 0 0 0 0 0 0 0 0 0 0 0 0 0 0 0 0 0 0 77 68 79 32 101 120 116 114 97 32 100 97 116 97 32 108 111 99 107 0 0 0 0 0 0 0 0 0 0 0 0 0 0 0 0 0 0 0 0 0 0 0 0 0 0 0 0 0 0 0 0 0 0 0 0 0 0 0 0 0 0 0 0 0 0 0 0 0 0 0 0 0 0 0 0 0 0 0 0 0 0 0 0 0 0 0 0 0 0 0 0 0 0 0 0 0 0 0 0 0 0 0 0 0 0 0 0 0 0 0 0 0 0 0 0 0 0 0 0 0 0 0 0 0 0 0 0 0 0 0 0 0 0 0 0 0 1 1 0 0 49 185 2 0 1 0 0 0 0 0 0 0 0 0 0 0 2 0 0 0 0 0 5 0 2 0 0 0 48 0 0 0 255 255 255 255 7 0 1 0 0 0 0 0 data 6 0x10007 0x5727 0x30 0x0 0x90002 0x0 oops 0
ciMethodData java/lang/invoke/DirectMethodHandle internalMemberName (Ljava/lang/Object;)Ljava/lang/Object; 2 29374 orig 264 120 1 238 95 0 0 0 0 72 57 150 221 206 2 0 0 120 1 0 0 0 0 0 0 0 0 0 0 0 0 0 0 0 0 0 0 0 0 0 0 0 0 0 0 0 0 0 0 0 0 0 0 0 0 0 0 0 0 0 0 0 0 0 0 0 0 0 0 0 0 0 0 0 0 0 0 0 0 0 0 77 68 79 32 101 120 116 114 97 32 100 97 116 97 32 108 111 99 107 0 0 0 0 0 0 0 0 0 0 0 0 0 0 0 0 0 0 0 0 0 0 0 0 0 0 0 0 0 0 0 0 0 0 0 0 0 0 0 0 0 0 0 0 0 0 0 0 0 0 0 0 0 0 0 0 0 0 0 0 0 0 0 0 0 0 0 0 0 0 0 0 0 0 0 0 0 0 0 0 0 0 0 0 0 0 0 0 0 0 0 0 0 0 0 0 0 0 0 0 0 0 0 0 0 0 0 0 0 0 0 0 0 0 0 0 0 6 1 0 0 193 141 3 0 1 0 0 0 0 0 0 0 0 0 0 0 2 0 0 0 0 0 3 0 2 0 0 0 48 0 0 0 255 255 255 255 4 0 1 0 0 0 0 0 data 6 0x10004 0x0 0x2cedf770fb0 0x11dd 0x0 0x0 oops 1 2 java/lang/invoke/DirectMethodHandle
ciMethodData java/util/ArrayList isEmpty ()Z 2 12242 orig 264 120 1 238 95 0 0 0 0 88 70 158 221 206 2 0 0 88 1 0 0 0 0 0 0 0 0 0 0 0 0 0 0 0 0 0 0 0 0 0 0 0 0 0 0 0 0 0 0 0 0 0 0 0 0 0 0 0 0 0 0 0 0 0 0 0 0 0 0 0 0 0 0 0 0 0 0 0 0 0 0 77 68 79 32 101 120 116 114 97 32 100 97 116 97 32 108 111 99 107 0 0 0 0 0 0 0 0 0 0 0 0 0 0 0 0 0 0 0 0 0 0 0 0 0 0 0 0 0 0 0 0 0 0 0 0 0 0 0 0 0 0 0 0 0 0 0 0 0 0 0 0 0 0 0 0 0 0 0 0 0 0 0 0 0 0 0 0 0 0 0 0 0 0 0 0 0 0 0 0 0 0 0 0 0 0 0 0 0 0 0 0 0 0 0 0 0 0 0 0 0 0 0 0 0 0 0 0 0 0 0 0 0 0 0 0 0 30 1 0 0 161 117 1 0 1 0 0 0 0 0 0 0 0 0 0 0 2 0 0 0 0 0 6 0 2 0 0 0 56 0 0 0 255 255 255 255 7 0 4 0 0 0 0 0 data 7 0x40007 0x2db6 0x38 0xfe 0x80003 0xfe 0x18 oops 0
ciMethodData java/util/HashMap isEmpty ()Z 2 6681 orig 264 120 1 238 95 0 0 0 0 136 233 159 221 206 2 0 0 88 1 0 0 0 0 0 0 0 0 0 0 0 0 0 0 0 0 0 0 0 0 0 0 0 0 0 0 0 0 0 0 0 0 0 0 0 0 0 0 0 0 0 0 0 0 0 0 0 0 0 0 0 0 0 0 0 0 0 0 0 0 0 0 77 68 79 32 101 120 116 114 97 32 100 97 116 97 32 108 111 99 107 0 0 0 0 0 0 0 0 0 0 0 0 0 0 0 0 0 0 0 0 0 0 0 0 0 0 0 0 0 0 0 0 0 0 0 0 0 0 0 0 0 0 0 0 0 0 0 0 0 0 0 0 0 0 0 0 0 0 0 0 0 0 0 0 0 0 0 0 0 0 0 0 0 0 0 0 0 0 0 0 0 0 0 0 0 0 0 0 0 0 0 0 0 0 0 0 0 0 0 0 0 0 0 0 0 0 0 0 0 0 0 0 0 0 0 0 0 137 1 0 0 129 196 0 0 1 0 0 0 0 0 0 0 0 0 0 0 2 0 0 0 0 0 6 0 2 0 0 0 56 0 0 0 255 255 255 255 7 0 4 0 0 0 0 0 data 7 0x40007 0x232 0x38 0x165e 0x80003 0x165e 0x18 oops 0
ciMethodData java/util/HashSet iterator ()Ljava/util/Iterator; 2 1385 orig 264 120 1 238 95 0 0 0 0 96 65 168 221 206 2 0 0 168 1 0 0 0 0 0 0 0 0 0 0 0 0 0 0 0 0 0 0 0 0 0 0 0 0 0 0 0 0 0 0 0 0 0 0 0 0 0 0 0 0 0 0 0 0 0 0 0 0 0 0 0 0 0 0 0 0 0 0 0 0 0 0 77 68 79 32 101 120 116 114 97 32 100 97 116 97 32 108 111 99 107 0 0 0 0 0 0 0 0 0 0 0 0 0 0 0 0 0 0 0 0 0 0 0 0 0 0 0 0 0 0 0 0 0 0 0 0 0 0 0 0 0 0 0 0 0 0 0 0 0 0 0 0 0 0 0 0 0 0 0 0 0 0 0 0 0 0 0 0 0 0 0 0 0 0 0 0 0 0 0 0 0 0 0 0 0 0 0 0 0 0 0 0 0 0 0 0 0 0 0 0 0 0 0 0 0 0 0 0 0 0 0 0 0 0 0 0 0 23 1 0 0 145 34 0 0 1 0 0 0 0 0 0 0 0 0 0 0 2 0 0 0 0 0 3 0 2 0 0 0 96 0 0 0 255 255 255 255 5 0 4 0 0 0 0 0 data 12 0x40005 0x0 0x2cee5e78cb0 0x75 0x2cee5e787d0 0x3dd 0x70005 0x0 0x2cee5e57890 0x75 0x2cee5e57940 0x3dd oops 4 2 java/util/LinkedHashMap 4 java/util/HashMap 8 java/util/LinkedHashMap$LinkedKeySet 10 java/util/HashMap$KeySet
ciMethodData java/util/LinkedHashMap keySet ()Ljava/util/Set; 1 371 orig 264 120 1 238 95 0 0 0 0 168 250 169 221 206 2 0 0 80 1 0 0 0 0 0 0 0 0 0 0 0 0 0 0 0 0 0 0 0 0 0 0 0 0 0 0 0 0 0 0 0 0 0 0 0 0 0 0 0 0 0 0 0 0 0 0 0 0 0 0 0 0 0 0 0 0 0 0 0 0 0 0 77 68 79 32 101 120 116 114 97 32 100 97 116 97 32 108 111 99 107 0 0 0 0 0 0 0 0 0 0 0 0 0 0 0 0 0 0 0 0 0 0 0 0 0 0 0 0 0 0 0 0 0 0 0 0 0 0 0 0 0 0 0 0 0 0 0 0 0 0 0 0 0 0 0 0 0 0 0 0 0 0 0 0 0 0 0 0 0 0 0 0 0 0 0 0 0 0 0 0 0 0 0 0 0 0 0 0 0 0 0 0 0 0 0 0 0 0 0 0 0 0 0 0 0 0 0 0 0 0 0 0 0 0 0 0 0 11 1 0 0 65 3 0 0 1 0 0 0 0 0 0 0 0 0 0 0 2 0 0 0 0 0 6 0 2 0 0 0 48 0 0 0 255 255 255 255 7 0 6 0 0 0 0 0 data 6 0x60007 0x22 0x30 0x46 0xe0002 0x46 oops 0
ciMethodData java/util/LinkedHashMap$LinkedKeySet iterator ()Ljava/util/Iterator; 1 359 orig 264 120 1 238 95 0 0 0 0 232 208 176 221 206 2 0 0 48 1 0 0 0 0 0 0 0 0 0 0 0 0 0 0 0 0 0 0 0 0 0 0 0 0 0 0 0 0 0 0 0 0 0 0 0 0 0 0 0 0 0 0 0 0 0 0 0 0 0 0 0 0 0 0 0 0 0 0 0 0 0 0 77 68 79 32 101 120 116 114 97 32 100 97 116 97 32 108 111 99 107 0 0 0 0 0 0 0 0 0 0 0 0 0 0 0 0 0 0 0 0 0 0 0 0 0 0 0 0 0 0 0 0 0 0 0 0 0 0 0 0 0 0 0 0 0 0 0 0 0 0 0 0 0 0 0 0 0 0 0 0 0 0 0 0 0 0 0 0 0 0 0 0 0 0 0 0 0 0 0 0 0 0 0 0 0 0 0 0 0 0 0 0 0 0 0 0 0 0 0 0 0 0 0 0 0 0 0 0 0 0 0 0 0 0 0 0 0 10 1 0 0 233 2 0 0 1 0 0 0 0 0 0 0 0 0 0 0 2 0 0 0 0 0 3 0 2 0 0 0 16 0 0 0 255 255 255 255 2 0 8 0 0 0 0 0 data 2 0x80002 0x5d oops 0
ciMethodData java/lang/invoke/LambdaForm$DMH invokeStatic_L_L (Ljava/lang/Object;Ljava/lang/Object;)Ljava/lang/Object; 2 25450 orig 264 120 1 238 95 0 0 0 0 248 49 234 221 206 2 0 0 32 2 0 0 96 0 0 0 0 0 0 0 0 0 0 0 0 0 0 0 0 0 0 0 0 0 0 0 0 0 0 0 0 0 0 0 0 0 0 0 0 0 0 0 0 0 0 0 0 0 0 0 0 0 0 0 0 0 0 0 0 0 0 0 77 68 79 32 101 120 116 114 97 32 100 97 116 97 32 108 111 99 107 0 0 0 0 0 0 0 0 0 0 0 0 0 0 0 0 0 0 0 0 0 0 0 0 0 0 0 0 0 0 0 0 0 0 0 0 0 0 0 0 0 0 0 0 0 0 0 0 0 0 0 0 0 0 0 0 0 0 0 0 0 0 0 0 0 0 0 0 0 0 0 0 0 0 0 0 0 0 0 0 0 0 0 0 0 0 0 0 0 0 0 0 0 0 0 0 0 0 0 0 0 0 0 0 0 0 0 0 0 0 0 0 0 0 0 0 0 216 1 0 0 145 12 3 0 1 0 0 0 0 0 0 0 0 0 0 0 2 0 0 0 0 0 3 0 2 0 0 0 160 0 0 0 240 0 0 0 10 0 1 0 0 0 0 0 data 20 0x1000a 0x6192 0x3 0x0 0x2cedf770fb0 0x2cedf7710d0 0x70004 0x0 0x0 0x0 0x0 0x0 0xa000a 0x6192 0x5 0x0 0x2 0x1 0x2cedf7710d0 0x2 oops 0
ciMethodData java/lang/invoke/LambdaForm$MH linkToTargetMethod (Ljava/lang/Object;Ljava/lang/Object;)Ljava/lang/Object; 2 25450 orig 264 120 1 238 95 0 0 0 0 176 189 252 221 206 2 0 0 0 2 0 0 0 0 0 0 0 0 0 0 0 0 0 0 0 0 0 0 0 0 0 0 0 0 0 0 0 0 0 0 0 0 0 0 0 0 0 0 0 0 0 0 0 0 0 0 0 0 0 0 0 0 0 0 0 0 0 0 0 0 0 0 77 68 79 32 101 120 116 114 97 32 100 97 116 97 32 108 111 99 107 0 0 0 0 0 0 0 0 0 0 0 0 0 0 0 0 0 0 0 0 0 0 0 0 0 0 0 0 0 0 0 0 0 0 0 0 0 0 0 0 0 0 0 0 0 0 0 0 0 0 0 0 0 0 0 0 0 0 0 0 0 0 0 0 0 0 0 0 0 0 0 0 0 0 0 0 0 0 0 0 0 0 0 0 0 0 0 0 0 0 0 0 0 0 0 0 0 0 0 0 0 0 0 0 0 0 0 0 0 0 0 0 0 0 0 0 0 216 1 0 0 145 12 3 0 1 0 0 0 0 0 0 0 0 0 0 0 2 0 0 0 0 0 3 0 2 0 0 0 128 0 0 0 208 0 0 0 4 0 1 0 0 0 0 0 data 16 0x10004 0x0 0x2cedf770fb0 0x8bd 0x0 0x0 0x5000b 0x58d5 0x2cedf770fb0 0x8bd 0x0 0x0 0x3 0x1 0x2 0x2 oops 2 2 java/lang/invoke/DirectMethodHandle 8 java/lang/invoke/DirectMethodHandle
ciMethod org/springframework/asm/ClassVisitor visit (IILjava/lang/String;Ljava/lang/String;Ljava/lang/String;[Ljava/lang/String;)V 0 0 1 0 -1
ciMethod org/springframework/asm/ClassVisitor visitSource (Ljava/lang/String;Ljava/lang/String;)V 0 0 1 0 -1
ciMethod org/springframework/asm/ClassVisitor visitNestHost (Ljava/lang/String;)V 0 0 1 0 -1
ciMethod org/springframework/asm/ClassVisitor visitOuterClass (Ljava/lang/String;Ljava/lang/String;Ljava/lang/String;)V 0 0 1 0 -1
ciMethod org/springframework/asm/ClassVisitor visitAnnotation (Ljava/lang/String;Z)Lorg/springframework/asm/AnnotationVisitor; 0 0 1 0 -1
ciMethod org/springframework/asm/ClassVisitor visitTypeAnnotation (ILorg/springframework/asm/TypePath;Ljava/lang/String;Z)Lorg/springframework/asm/AnnotationVisitor; 0 0 1 0 -1
ciMethod org/springframework/asm/ClassVisitor visitAttribute (Lorg/springframework/asm/Attribute;)V 0 0 1 0 -1
ciMethod org/springframework/asm/ClassVisitor visitNestMember (Ljava/lang/String;)V 0 0 1 0 -1
ciMethod org/springframework/asm/ClassVisitor visitPermittedSubtypeExperimental (Ljava/lang/String;)V 0 0 1 0 -1
ciMethod org/springframework/asm/ClassVisitor visitInnerClass (Ljava/lang/String;Ljava/lang/String;Ljava/lang/String;I)V 0 0 1 0 -1
ciMethod org/springframework/asm/ClassVisitor visitField (ILjava/lang/String;Ljava/lang/String;Ljava/lang/String;Ljava/lang/Object;)Lorg/springframework/asm/FieldVisitor; 2057 1 6813 0 -1
ciMethod org/springframework/asm/ClassVisitor visitMethod (ILjava/lang/String;Ljava/lang/String;Ljava/lang/String;[Ljava/lang/String;)Lorg/springframework/asm/MethodVisitor; 0 0 1 0 -1
ciMethod org/springframework/asm/ClassVisitor visitEnd ()V 0 0 1 0 -1
ciMethodData org/springframework/util/CollectionUtils isEmpty (Ljava/util/Collection;)Z 2 4476 orig 264 120 1 238 95 0 0 0 0 232 78 226 221 206 2 0 0 208 1 0 0 80 0 0 0 0 0 0 0 0 0 0 0 0 0 0 0 0 0 0 0 0 0 0 0 0 0 0 0 0 0 0 0 0 0 0 0 0 0 0 0 0 0 0 0 0 0 0 0 0 0 0 0 0 0 0 0 0 0 0 0 77 68 79 32 101 120 116 114 97 32 100 97 116 97 32 108 111 99 107 0 0 0 0 0 0 0 0 0 0 0 0 0 0 0 0 0 0 0 0 0 0 0 0 0 0 0 0 0 0 0 0 0 0 0 0 0 0 0 0 0 0 0 0 0 0 0 0 0 0 0 0 0 0 0 0 0 0 0 0 0 0 0 0 0 0 0 0 0 0 0 0 0 0 0 0 0 0 0 0 0 0 0 0 0 0 0 0 0 0 0 0 0 0 0 0 0 0 0 0 0 0 0 0 0 0 0 0 0 0 0 0 0 0 0 0 0 1 1 0 0 217 131 0 0 1 0 0 0 0 0 0 0 0 0 0 0 2 0 0 0 0 0 9 0 2 0 0 0 136 0 0 0 255 255 255 255 7 0 1 0 0 0 0 0 data 17 0x10007 0x0 0x70 0x107b 0x50005 0x0 0x2cee6ace1c0 0xca1 0x2cee5e74900 0x3da 0xa0007 0xca5 0x38 0x3d6 0xe0003 0x3d6 0x18 oops 2 6 java/util/ArrayList 8 java/util/LinkedHashSet
ciMethodData org/springframework/util/StringUtils toStringArray (Ljava/util/Collection;)[Ljava/lang/String; 2 4421 orig 264 120 1 238 95 0 0 0 0 72 24 226 221 206 2 0 0 240 1 0 0 0 0 0 0 0 0 0 0 0 0 0 0 0 0 0 0 0 0 0 0 0 0 0 0 0 0 0 0 0 0 0 0 0 0 0 0 0 0 0 0 0 0 0 0 0 0 0 0 0 0 0 0 0 0 0 0 0 0 0 0 77 68 79 32 101 120 116 114 97 32 100 97 116 97 32 108 111 99 107 0 0 0 0 0 0 0 0 0 0 0 0 0 0 0 0 0 0 0 0 0 0 0 0 0 0 0 0 0 0 0 0 0 0 0 0 0 0 0 0 0 0 0 0 0 0 0 0 0 0 0 0 0 0 0 0 0 0 0 0 0 0 0 0 0 0 0 0 0 0 0 0 0 0 0 0 0 0 0 0 0 0 0 0 0 0 0 0 0 0 0 0 0 0 0 0 0 0 0 0 0 0 0 0 0 0 0 0 0 0 0 0 0 0 0 0 0 0 1 0 0 41 130 0 0 1 0 0 0 0 0 0 0 0 0 0 0 2 0 0 0 0 0 13 0 2 0 0 0 168 0 0 0 255 255 255 255 2 0 1 0 0 0 0 0 data 21 0x10002 0x1045 0x40007 0x3d6 0x98 0xc6f 0xb0005 0x0 0x2cee6ace1c0 0xc6b 0x2cee5e74900 0x4 0x100004 0x0 0x2cee6f793e0 0xc6f 0x0 0x0 0x130003 0xc6f 0x18 oops 3 8 java/util/ArrayList 10 java/util/LinkedHashSet 14 [Ljava/lang/String;
ciMethodData java/util/AbstractCollection toArray ([Ljava/lang/Object;)[Ljava/lang/Object; 1 3054 orig 264 120 1 238 95 0 0 0 0 136 189 157 221 206 2 0 0 16 5 0 0 56 1 0 0 0 0 0 0 0 0 0 0 0 0 0 0 0 0 0 0 0 0 0 0 0 0 0 0 0 0 0 0 0 0 0 0 0 0 0 0 0 0 0 0 0 0 0 0 0 0 0 0 0 0 0 0 0 0 0 0 77 68 79 32 101 120 116 114 97 32 100 97 116 97 32 108 111 99 107 0 0 0 0 0 0 0 0 0 0 0 0 0 0 0 0 0 0 0 0 0 0 0 0 0 0 0 0 0 0 0 0 0 0 0 0 0 0 0 0 0 0 0 0 0 0 0 0 0 0 0 0 0 0 0 0 0 0 0 0 0 0 0 0 0 0 0 0 0 0 0 0 0 0 0 0 0 0 0 0 0 0 0 0 0 0 0 0 0 0 0 0 0 0 0 0 0 0 0 0 0 0 0 0 0 0 0 0 0 0 0 0 0 0 0 0 0 9 9 0 0 105 3 0 0 209 20 0 0 0 0 0 0 0 0 0 0 2 0 0 0 1 0 21 0 2 0 0 0 192 3 0 0 255 255 255 255 5 0 1 0 0 0 0 0 data 120 0x10005 0x0 0x2cee5e39780 0x53 0x2cee5e74900 0x1a 0x80007 0x6d 0x38 0x0 0xc0003 0x0 0xe8 0x100005 0x4 0x2cee5e39830 0x53 0x2cee5e39950 0x16 0x130005 0x0 0x2cedf6f8050 0x6d 0x0 0x0 0x170002 0x6d 0x1a0004 0x0 0x2cee5e39830 0x53 0x2cee5e39950 0x16 0x1d0004 0x0 0x0 0x0 0x0 0x0 0x220005 0x0 0x2cee5e39780 0x53 0x2cee5e74900 0x1a 0x2e0007 0x6d 0x1e0 0xd7 0x330005 0x0 0x2cee5e39a70 0xbd 0x2cee5e39b20 0x1a 0x380007 0xd7 0x118 0x0 0x3d0007 0x0 0x68 0x0 0x440004 0x0 0x0 0x0 0x0 0x0 0x450003 0x0 0xa8 0x4c0007 0x0 0x30 0x0 0x520002 0x0 0x5c0002 0x0 0x630007 0x0 0x50 0x0 0x6a0004 0x0 0x0 0x0 0x0 0x0 0x720005 0x0 0x2cee5e39a70 0xbd 0x2cee5e39b20 0x1a 0x770004 0x0 0x2cee5e39bd0 0x2f 0x2cee5e39c80 0x2f 0x7b0003 0xd7 0xfffffffffffffe38 0x800005 0x0 0x2cee5e39a70 0x53 0x2cee5e39b20 0x1a 0x850007 0x6d 0x48 0x0 0x8b0002 0x0 0x8e0003 0x0 0x18 oops 17 2 java/util/LinkedHashMap$LinkedValues 4 java/util/LinkedHashSet 15 [Ljava/lang/annotation/Annotation; 17 [Lorg/springframework/core/annotation/AnnotationTypeMapping$MirrorSets$MirrorSet; 21 java/lang/Class 29 [Ljava/lang/annotation/Annotation; 31 [Lorg/springframework/core/annotation/AnnotationTypeMapping$MirrorSets$MirrorSet; 41 java/util/LinkedHashMap$LinkedValues 43 java/util/LinkedHashSet 51 java/util/LinkedHashMap$LinkedValueIterator 53 java/util/LinkedHashMap$LinkedKeyIterator 92 java/util/LinkedHashMap$LinkedValueIterator 94 java/util/LinkedHashMap$LinkedKeyIterator 98 com/sun/proxy/$Proxy0 100 com/sun/proxy/$Proxy3 107 java/util/LinkedHashMap$LinkedValueIterator 109 java/util/LinkedHashMap$LinkedKeyIterator
ciMethod org/springframework/core/type/classreading/SimpleAnnotationMetadataReadingVisitor visit (IILjava/lang/String;Ljava/lang/String;Ljava/lang/String;[Ljava/lang/String;)V 4097 2193 977 0 0
ciMethod org/springframework/core/type/classreading/SimpleAnnotationMetadataReadingVisitor visitOuterClass (Ljava/lang/String;Ljava/lang/String;Ljava/lang/String;)V 17 1 2 0 0
ciMethod org/springframework/core/type/classreading/SimpleAnnotationMetadataReadingVisitor visitInnerClass (Ljava/lang/String;Ljava/lang/String;Ljava/lang/String;I)V 1681 1 210 0 0
ciMethod org/springframework/core/type/classreading/SimpleAnnotationMetadataReadingVisitor visitAnnotation (Ljava/lang/String;Z)Lorg/springframework/asm/AnnotationVisitor; 2049 1 976 0 0
ciMethod org/springframework/core/type/classreading/SimpleAnnotationMetadataReadingVisitor visitEnd ()V 4097 1 986 0 0
ciMethod org/springframework/core/type/classreading/SimpleAnnotationMetadataReadingVisitor toClassName (Ljava/lang/String;)Ljava/lang/String; 2049 1 2654 0 0
ciMethod org/springframework/core/type/classreading/SimpleAnnotationMetadataReadingVisitor isInterface (I)Z 4097 1 977 0 0
ciMethod org/springframework/asm/MethodVisitor visitParameter (Ljava/lang/String;I)V 0 0 1 0 -1
ciMethod org/springframework/asm/MethodVisitor visitAnnotationDefault ()Lorg/springframework/asm/AnnotationVisitor; 57 1 7 0 -1
ciMethod org/springframework/asm/MethodVisitor visitAnnotation (Ljava/lang/String;Z)Lorg/springframework/asm/AnnotationVisitor; 0 0 1 0 -1
ciMethod org/springframework/asm/MethodVisitor visitTypeAnnotation (ILorg/springframework/asm/TypePath;Ljava/lang/String;Z)Lorg/springframework/asm/AnnotationVisitor; 233 1 29 0 -1
ciMethod org/springframework/asm/MethodVisitor visitAttribute (Lorg/springframework/asm/Attribute;)V 0 0 1 0 -1
ciMethod org/springframework/asm/MethodVisitor visitCode ()V 0 0 1 0 -1
ciMethod org/springframework/asm/MethodVisitor visitEnd ()V 0 0 1 0 -1
ciMethod org/springframework/asm/ClassReader accept (Lorg/springframework/asm/ClassVisitor;[Lorg/springframework/asm/Attribute;I)V 1129 16473 972 0 -1
ciMethod org/springframework/asm/ClassReader readModuleAttributes (Lorg/springframework/asm/ClassVisitor;Lorg/springframework/asm/Context;IILjava/lang/String;)V 0 0 1 0 -1
ciMethod org/springframework/asm/ClassReader readRecordComponent (Lorg/springframework/asm/ClassVisitor;Lorg/springframework/asm/Context;I)I 0 0 1 0 -1
ciMethod org/springframework/asm/ClassReader readField (Lorg/springframework/asm/ClassVisitor;Lorg/springframework/asm/Context;I)I 2057 1081 6653 0 -1
ciMethod org/springframework/asm/ClassReader readMethod (Lorg/springframework/asm/ClassVisitor;Lorg/springframework/asm/Context;I)I 1929 8321 10174 0 -1
ciMethod org/springframework/asm/ClassReader readCode (Lorg/springframework/asm/MethodVisitor;Lorg/springframework/asm/Context;I)V 0 0 1 0 -1
ciMethod org/springframework/asm/ClassReader readTypeAnnotationTarget (Lorg/springframework/asm/Context;I)I 33 1 29 0 -1
ciMethod org/springframework/asm/ClassReader readParameterAnnotations (Lorg/springframework/asm/MethodVisitor;Lorg/springframework/asm/Context;IZ)V 617 1681 686 0 -1
ciMethod org/springframework/asm/ClassReader readElementValues (Lorg/springframework/asm/AnnotationVisitor;IZ[C)I 2905 3105 6104 0 10496
ciMethod org/springframework/asm/ClassReader readElementValue (Lorg/springframework/asm/AnnotationVisitor;ILjava/lang/String;[C)I 3105 1 6493 0 -1
ciMethod org/springframework/asm/ClassReader getFirstAttributeOffset ()I 929 33113 741 0 1312
ciMethod org/springframework/asm/ClassReader readAttribute ([Lorg/springframework/asm/Attribute;Ljava/lang/String;II[CI[Lorg/springframework/asm/Label;)Lorg/springframework/asm/Attribute; 0 0 1 0 -1
ciMethod org/springframework/asm/ClassReader readByte (I)I 33 1 29 0 -1
ciMethod org/springframework/asm/ClassReader readUnsignedShort (I)I 3441 1 169830 0 192
ciMethod org/springframework/asm/ClassReader readInt (I)I 2305 1 1351 0 224
ciMethod org/springframework/asm/ClassReader readUTF8 (I[C)Ljava/lang/String; 2201 1 77939 0 896
ciMethod org/springframework/asm/ClassReader readUtf (I[C)Ljava/lang/String; 2545 1 5798 0 640
ciMethod org/springframework/asm/ClassReader readUtf (II[C)Ljava/lang/String; 937 25001 1311 0 2720
ciMethod org/springframework/asm/ClassReader readStringish (I[C)Ljava/lang/String; 905 1 3112 0 0
ciMethod org/springframework/asm/ClassReader readClass (I[C)Ljava/lang/String; 905 1 3112 0 0
ciMethod org/springframework/asm/ClassReader readConst (I[C)Ljava/lang/Object; 49 1 829 0 -1
ciMethod org/springframework/asm/Context <init> ()V 1129 1 972 0 0
ciMethod org/springframework/core/type/classreading/MergedAnnotationReadingVisitor <init> (Ljava/lang/ClassLoader;Ljava/lang/Object;Ljava/lang/Class;Ljava/util/function/Consumer;)V 2161 1 3674 0 -1
ciMethod org/springframework/core/type/classreading/MergedAnnotationReadingVisitor get (Ljava/lang/ClassLoader;Ljava/util/function/Supplier;Ljava/lang/String;ZLjava/util/function/Consumer;)Lorg/springframework/asm/AnnotationVisitor; 2721 1 3635 0 0
ciMethod org/springframework/asm/AnnotationVisitor visitEnd ()V 0 0 1 0 -1
ciMethod org/springframework/asm/Type getType (Ljava/lang/String;)Lorg/springframework/asm/Type; 2089 1 4694 0 -1
ciMethod org/springframework/asm/Type getClassName ()Ljava/lang/String; 3209 1 5544 0 -1
ciMethod org/springframework/core/type/classreading/SimpleAnnotationMetadataReadingVisitor$$Lambda$187 <init> (Lorg/springframework/core/type/classreading/SimpleAnnotationMetadataReadingVisitor;)V 2049 1 976 0 0
ciMethod org/springframework/core/type/classreading/SimpleAnnotationMetadataReadingVisitor$$Lambda$187 get$Lambda (Lorg/springframework/core/type/classreading/SimpleAnnotationMetadataReadingVisitor;)Ljava/util/function/Supplier; 2049 1 976 0 0
ciMethodData org/springframework/core/type/classreading/SimpleAnnotationMetadataReadingVisitor$$Lambda$187 get$Lambda (Lorg/springframework/core/type/classreading/SimpleAnnotationMetadataReadingVisitor;)Ljava/util/function/Supplier; 1 976 orig 264 120 1 238 95 0 0 0 0 192 142 62 229 206 2 0 0 48 1 0 0 0 0 0 0 0 0 0 0 0 0 0 0 0 0 0 0 0 0 0 0 0 0 0 0 0 0 0 0 0 0 0 0 0 0 0 0 0 0 0 0 0 0 0 0 0 0 0 0 0 0 0 0 0 0 0 0 0 0 0 0 77 68 79 32 101 120 116 114 97 32 100 97 116 97 32 108 111 99 107 0 0 0 0 0 0 0 0 0 0 0 0 0 0 0 0 0 0 0 0 0 0 0 0 0 0 0 0 0 0 0 0 0 0 0 0 0 0 0 0 0 0 0 0 0 0 0 0 0 0 0 0 0 0 0 0 0 0 0 0 0 0 0 0 0 0 0 0 0 0 0 0 0 0 0 0 0 0 0 0 0 0 0 0 0 0 0 0 0 0 0 0 0 0 0 0 0 0 0 0 0 0 0 0 0 0 0 0 0 0 0 0 0 0 0 0 0 0 1 0 0 129 22 0 0 1 0 0 0 0 0 0 0 0 0 0 0 2 0 0 0 0 0 3 0 2 0 0 0 16 0 0 0 255 255 255 255 2 0 5 0 0 0 0 0 data 2 0x50002 0x2d0 oops 0
ciMethodData org/springframework/core/type/classreading/SimpleAnnotationMetadataReadingVisitor$$Lambda$187 <init> (Lorg/springframework/core/type/classreading/SimpleAnnotationMetadataReadingVisitor;)V 1 976 orig 264 120 1 238 95 0 0 0 0 40 142 62 229 206 2 0 0 56 1 0 0 0 0 0 0 0 0 0 0 0 0 0 0 0 0 0 0 0 0 0 0 0 0 0 0 0 0 0 0 0 0 0 0 0 0 0 0 0 0 0 0 0 0 0 0 0 0 0 0 0 0 0 0 0 0 0 0 0 0 0 0 77 68 79 32 101 120 116 114 97 32 100 97 116 97 32 108 111 99 107 0 0 0 0 0 0 0 0 0 0 0 0 0 0 0 0 0 0 0 0 0 0 0 0 0 0 0 0 0 0 0 0 0 0 0 0 0 0 0 0 0 0 0 0 0 0 0 0 0 0 0 0 0 0 0 0 0 0 0 0 0 0 0 0 0 0 0 0 0 0 0 0 0 0 0 0 0 0 0 0 0 0 0 0 0 0 0 0 0 0 0 0 0 0 0 0 0 0 0 0 0 0 0 0 0 0 0 0 0 0 0 0 0 0 0 0 0 0 1 0 0 129 22 0 0 1 0 0 0 0 0 0 0 0 0 0 0 2 0 0 0 0 0 0 0 0 0 0 0 16 0 0 0 255 255 255 255 2 0 1 0 0 0 0 0 data 2 0x10002 0x2d0 oops 0
ciMethod org/springframework/core/type/classreading/SimpleAnnotationMetadataReadingVisitor$$Lambda$188 <init> (Ljava/util/List;)V 2049 1 976 0 0
ciMethod org/springframework/core/type/classreading/SimpleAnnotationMetadataReadingVisitor$$Lambda$188 get$Lambda (Ljava/util/List;)Ljava/util/function/Consumer; 2049 1 976 0 0
ciMethodData org/springframework/core/type/classreading/SimpleAnnotationMetadataReadingVisitor$$Lambda$188 get$Lambda (Ljava/util/List;)Ljava/util/function/Consumer; 1 976 orig 264 120 1 238 95 0 0 0 0 208 162 62 229 206 2 0 0 48 1 0 0 0 0 0 0 0 0 0 0 0 0 0 0 0 0 0 0 0 0 0 0 0 0 0 0 0 0 0 0 0 0 0 0 0 0 0 0 0 0 0 0 0 0 0 0 0 0 0 0 0 0 0 0 0 0 0 0 0 0 0 0 77 68 79 32 101 120 116 114 97 32 100 97 116 97 32 108 111 99 107 0 0 0 0 0 0 0 0 0 0 0 0 0 0 0 0 0 0 0 0 0 0 0 0 0 0 0 0 0 0 0 0 0 0 0 0 0 0 0 0 0 0 0 0 0 0 0 0 0 0 0 0 0 0 0 0 0 0 0 0 0 0 0 0 0 0 0 0 0 0 0 0 0 0 0 0 0 0 0 0 0 0 0 0 0 0 0 0 0 0 0 0 0 0 0 0 0 0 0 0 0 0 0 0 0 0 0 0 0 0 0 0 0 0 0 0 0 0 1 0 0 129 22 0 0 1 0 0 0 0 0 0 0 0 0 0 0 2 0 0 0 0 0 0 0 0 0 0 0 16 0 0 0 255 255 255 255 2 0 5 0 0 0 0 0 data 2 0x50002 0x2d0 oops 0
ciMethodData org/springframework/core/type/classreading/SimpleAnnotationMetadataReadingVisitor$$Lambda$188 <init> (Ljava/util/List;)V 1 978 orig 264 120 1 238 95 0 0 0 0 56 162 62 229 206 2 0 0 56 1 0 0 0 0 0 0 0 0 0 0 0 0 0 0 0 0 0 0 0 0 0 0 0 0 0 0 0 0 0 0 0 0 0 0 0 0 0 0 0 0 0 0 0 0 0 0 0 0 0 0 0 0 0 0 0 0 0 0 0 0 0 0 77 68 79 32 101 120 116 114 97 32 100 97 116 97 32 108 111 99 107 0 0 0 0 0 0 0 0 0 0 0 0 0 0 0 0 0 0 0 0 0 0 0 0 0 0 0 0 0 0 0 0 0 0 0 0 0 0 0 0 0 0 0 0 0 0 0 0 0 0 0 0 0 0 0 0 0 0 0 0 0 0 0 0 0 0 0 0 0 0 0 0 0 0 0 0 0 0 0 0 0 0 0 0 0 0 0 0 0 0 0 0 0 0 0 0 0 0 0 0 0 0 0 0 0 0 0 0 0 0 0 0 0 0 0 0 0 0 1 0 0 145 22 0 0 1 0 0 0 0 0 0 0 0 0 0 0 2 0 0 0 0 0 0 0 0 0 0 0 16 0 0 0 255 255 255 255 2 0 1 0 0 0 0 0 data 2 0x10002 0x2d2 oops 0
ciMethod org/springframework/asm/MethodWriter canCopyMethodAttributes (Lorg/springframework/asm/ClassReader;ZZIII)Z 0 0 1 0 -1
ciMethod org/springframework/asm/MethodWriter setMethodAttributesSource (II)V 0 0 1 0 -1
ciMethod org/springframework/core/annotation/MergedAnnotationsCollection <init> (Ljava/util/Collection;)V 2065 6217 1397 0 -1
ciMethod org/springframework/core/annotation/MergedAnnotationsCollection of (Ljava/util/Collection;)Lorg/springframework/core/annotation/MergedAnnotations; 2081 1 1840 0 0
ciMethod org/springframework/core/type/classreading/SimpleAnnotationMetadata <init> (Ljava/lang/String;ILjava/lang/String;Ljava/lang/String;Z[Ljava/lang/String;[Ljava/lang/String;[Lorg/springframework/core/type/MethodMetadata;Lorg/springframework/core/annotation/MergedAnnotations;)V 4097 1 986 0 0
ciMethodData org/springframework/asm/ClassReader readUnsignedShort (I)I 2 169830 orig 264 120 1 238 95 0 0 0 0 64 154 61 229 206 2 0 0 40 1 0 0 0 0 0 0 0 0 0 0 0 0 0 0 0 0 0 0 0 0 0 0 0 0 0 0 0 0 0 0 0 0 0 0 0 0 0 0 0 0 0 0 0 0 0 0 0 0 0 0 0 0 0 0 0 0 0 0 0 0 0 0 77 68 79 32 101 120 116 114 97 32 100 97 116 97 32 108 111 99 107 0 0 0 0 0 0 0 0 0 0 0 0 0 0 0 0 0 0 0 0 0 0 0 0 0 0 0 0 0 0 0 0 0 0 0 0 0 0 0 0 0 0 0 0 0 0 0 0 0 0 0 0 0 0 0 0 0 0 0 0 0 0 0 0 0 0 0 0 0 0 0 0 0 0 0 0 0 0 0 0 0 0 0 0 0 0 0 0 0 0 0 0 0 0 0 0 0 0 0 0 0 0 0 0 0 0 0 0 0 0 0 0 0 0 0 0 0 172 1 0 0 193 173 20 0 1 0 0 0 0 0 0 0 0 0 0 0 2 0 0 0 0 0 3 0 1 0 0 0 0 0 0 0 255 255 255 255 0 0 0 0 0 0 0 0 data 0 oops 0
ciMethodData org/springframework/asm/ClassReader readUTF8 (I[C)Ljava/lang/String; 2 77939 orig 264 120 1 238 95 0 0 0 0 184 157 61 229 206 2 0 0 248 1 0 0 80 0 0 0 0 0 0 0 0 0 0 0 0 0 0 0 0 0 0 0 0 0 0 0 0 0 0 0 0 0 0 0 0 0 0 0 0 0 0 0 0 0 0 0 0 0 0 0 0 0 0 0 0 0 0 0 0 0 0 0 77 68 79 32 101 120 116 114 97 32 100 97 116 97 32 108 111 99 107 0 0 0 0 0 0 0 0 0 0 0 0 0 0 0 0 0 0 0 0 0 0 0 0 0 0 0 0 0 0 0 0 0 0 0 0 0 0 0 0 0 0 0 0 0 0 0 0 0 0 0 0 0 0 0 0 0 0 0 0 0 0 0 0 0 0 0 0 0 0 0 0 0 0 0 0 0 0 0 0 0 0 0 0 0 0 0 0 0 0 0 0 0 0 0 0 0 0 0 0 0 0 0 0 0 0 0 0 0 0 0 0 0 0 0 0 0 19 1 0 0 1 123 9 0 1 0 0 0 0 0 0 0 0 0 0 0 2 0 0 0 0 0 8 0 2 0 0 0 160 0 0 0 255 255 255 255 5 0 2 0 0 0 0 0 data 20 0x20005 0x0 0x2cee710aa50 0x12f60 0x0 0x0 0x70007 0x4 0x40 0x12f5c 0xb0007 0x12f58 0x20 0x4 0x130005 0x25 0x2cee710aa50 0x12f33 0x0 0x0 oops 2 2 org/springframework/asm/ClassReader 16 org/springframework/asm/ClassReader
ciMethodData org/springframework/asm/ClassReader readUtf (I[C)Ljava/lang/String; 2 5798 orig 264 120 1 238 95 0 0 0 0 208 158 61 229 206 2 0 0 232 1 0 0 0 0 0 0 0 0 0 0 0 0 0 0 0 0 0 0 0 0 0 0 0 0 0 0 0 0 0 0 0 0 0 0 0 0 0 0 0 0 0 0 0 0 0 0 0 0 0 0 0 0 0 0 0 0 0 0 0 0 0 0 77 68 79 32 101 120 116 114 97 32 100 97 116 97 32 108 111 99 107 0 0 0 0 0 0 0 0 0 0 0 0 0 0 0 0 0 0 0 0 0 0 0 0 0 0 0 0 0 0 0 0 0 0 0 0 0 0 0 0 0 0 0 0 0 0 0 0 0 0 0 0 0 0 0 0 0 0 0 0 0 0 0 0 0 0 0 0 0 0 0 0 0 0 0 0 0 0 0 0 0 0 0 0 0 0 0 0 0 0 0 0 0 0 0 0 0 0 0 0 0 0 0 0 0 0 0 0 0 0 0 0 0 0 0 0 0 62 1 0 0 65 171 0 0 1 0 0 0 0 0 0 0 0 0 0 0 2 0 0 0 0 0 5 0 2 0 0 0 144 0 0 0 255 255 255 255 7 0 8 0 0 0 0 0 data 18 0x80007 0x93f 0x20 0xc29 0x220005 0x0 0x2cee710aa50 0x93f 0x0 0x0 0x260002 0x93f 0x2a0004 0x0 0x2cedf6f7fc0 0x93f 0x0 0x0 oops 2 6 org/springframework/asm/ClassReader 14 java/lang/String
ciMethodData org/springframework/asm/ClassReader readInt (I)I 2 1351 orig 264 120 1 238 95 0 0 0 0 248 155 61 229 206 2 0 0 40 1 0 0 0 0 0 0 0 0 0 0 0 0 0 0 0 0 0 0 0 0 0 0 0 0 0 0 0 0 0 0 0 0 0 0 0 0 0 0 0 0 0 0 0 0 0 0 0 0 0 0 0 0 0 0 0 0 0 0 0 0 0 0 77 68 79 32 101 120 116 114 97 32 100 97 116 97 32 108 111 99 107 0 0 0 0 0 0 0 0 0 0 0 0 0 0 0 0 0 0 0 0 0 0 0 0 0 0 0 0 0 0 0 0 0 0 0 0 0 0 0 0 0 0 0 0 0 0 0 0 0 0 0 0 0 0 0 0 0 0 0 0 0 0 0 0 0 0 0 0 0 0 0 0 0 0 0 0 0 0 0 0 0 0 0 0 0 0 0 0 0 0 0 0 0 0 0 0 0 0 0 0 0 0 0 0 0 0 0 0 0 0 0 0 0 0 0 0 0 32 1 0 0 57 33 0 0 1 0 0 0 0 0 0 0 0 0 0 0 2 0 0 0 0 0 3 0 1 0 0 0 0 0 0 0 255 255 255 255 0 0 0 0 0 0 0 0 data 0 oops 0
ciMethodData java/util/HashMap$KeySet iterator ()Ljava/util/Iterator; 1 1348 orig 264 120 1 238 95 0 0 0 0 176 0 216 221 206 2 0 0 48 1 0 0 0 0 0 0 0 0 0 0 0 0 0 0 0 0 0 0 0 0 0 0 0 0 0 0 0 0 0 0 0 0 0 0 0 0 0 0 0 0 0 0 0 0 0 0 0 0 0 0 0 0 0 0 0 0 0 0 0 0 0 0 77 68 79 32 101 120 116 114 97 32 100 97 116 97 32 108 111 99 107 0 0 0 0 0 0 0 0 0 0 0 0 0 0 0 0 0 0 0 0 0 0 0 0 0 0 0 0 0 0 0 0 0 0 0 0 0 0 0 0 0 0 0 0 0 0 0 0 0 0 0 0 0 0 0 0 0 0 0 0 0 0 0 0 0 0 0 0 0 0 0 0 0 0 0 0 0 0 0 0 0 0 0 0 0 0 0 0 0 0 0 0 0 0 0 0 0 0 0 0 0 0 0 0 0 0 0 0 0 0 0 0 0 0 0 0 0 129 1 0 0 25 30 0 0 1 0 0 0 0 0 0 0 0 0 0 0 2 0 0 0 0 0 3 0 2 0 0 0 16 0 0 0 255 255 255 255 2 0 8 0 0 0 0 0 data 2 0x80002 0x3c3 oops 0
ciMethodData java/util/HashMap keySet ()Ljava/util/Set; 1 1276 orig 264 120 1 238 95 0 0 0 0 64 247 159 221 206 2 0 0 80 1 0 0 0 0 0 0 0 0 0 0 0 0 0 0 0 0 0 0 0 0 0 0 0 0 0 0 0 0 0 0 0 0 0 0 0 0 0 0 0 0 0 0 0 0 0 0 0 0 0 0 0 0 0 0 0 0 0 0 0 0 0 0 77 68 79 32 101 120 116 114 97 32 100 97 116 97 32 108 111 99 107 0 0 0 0 0 0 0 0 0 0 0 0 0 0 0 0 0 0 0 0 0 0 0 0 0 0 0 0 0 0 0 0 0 0 0 0 0 0 0 0 0 0 0 0 0 0 0 0 0 0 0 0 0 0 0 0 0 0 0 0 0 0 0 0 0 0 0 0 0 0 0 0 0 0 0 0 0 0 0 0 0 0 0 0 0 0 0 0 0 0 0 0 0 0 0 0 0 0 0 0 0 0 0 0 0 0 0 0 0 0 0 0 0 0 0 0 0 128 1 0 0 225 27 0 0 1 0 0 0 0 0 0 0 0 0 0 0 2 0 0 0 0 0 6 0 2 0 0 0 48 0 0 0 255 255 255 255 7 0 6 0 0 0 0 0 data 6 0x60007 0x0 0x30 0x37c 0xe0002 0x37c oops 0
ciMethodData java/util/HashMap$KeySet <init> (Ljava/util/HashMap;)V 1 1029 orig 264 120 1 238 95 0 0 0 0 224 254 215 221 206 2 0 0 56 1 0 0 0 0 0 0 0 0 0 0 0 0 0 0 0 0 0 0 0 0 0 0 0 0 0 0 0 0 0 0 0 0 0 0 0 0 0 0 0 0 0 0 0 0 0 0 0 0 0 0 0 0 0 0 0 0 0 0 0 0 0 0 77 68 79 32 101 120 116 114 97 32 100 97 116 97 32 108 111 99 107 0 0 0 0 0 0 0 0 0 0 0 0 0 0 0 0 0 0 0 0 0 0 0 0 0 0 0 0 0 0 0 0 0 0 0 0 0 0 0 0 0 0 0 0 0 0 0 0 0 0 0 0 0 0 0 0 0 0 0 0 0 0 0 0 0 0 0 0 0 0 0 0 0 0 0 0 0 0 0 0 0 0 0 0 0 0 0 0 0 0 0 0 0 0 0 0 0 0 0 0 0 0 0 0 0 0 0 0 0 0 0 0 0 0 0 0 0 137 0 0 0 225 27 0 0 1 0 0 0 0 0 0 0 0 0 0 0 2 0 0 0 0 0 0 0 0 0 0 0 16 0 0 0 255 255 255 255 2 0 6 0 0 0 0 0 data 2 0x60002 0x37c oops 0
ciMethodData java/util/HashSet isEmpty ()Z 1 1036 orig 264 120 1 238 95 0 0 0 0 144 66 168 221 206 2 0 0 120 1 0 0 0 0 0 0 0 0 0 0 0 0 0 0 0 0 0 0 0 0 0 0 0 0 0 0 0 0 0 0 0 0 0 0 0 0 0 0 0 0 0 0 0 0 0 0 0 0 0 0 0 0 0 0 0 0 0 0 0 0 0 0 77 68 79 32 101 120 116 114 97 32 100 97 116 97 32 108 111 99 107 0 0 0 0 0 0 0 0 0 0 0 0 0 0 0 0 0 0 0 0 0 0 0 0 0 0 0 0 0 0 0 0 0 0 0 0 0 0 0 0 0 0 0 0 0 0 0 0 0 0 0 0 0 0 0 0 0 0 0 0 0 0 0 0 0 0 0 0 0 0 0 0 0 0 0 0 0 0 0 0 0 0 0 0 0 0 0 0 0 0 0 0 0 0 0 0 0 0 0 0 0 0 0 0 0 0 0 0 0 0 0 0 0 0 0 0 0 0 1 0 0 97 24 0 0 1 0 0 0 0 0 0 0 0 0 0 0 2 0 0 0 0 0 7 0 2 0 0 0 48 0 0 0 255 255 255 255 5 0 4 0 0 0 0 0 data 6 0x40005 0x0 0x2cee5e78cb0 0x30c 0x0 0x0 oops 1 2 java/util/LinkedHashMap
ciMethodData org/springframework/asm/ClassReader readClass (I[C)Ljava/lang/String; 2 3112 orig 264 120 1 238 95 0 0 0 0 72 162 61 229 206 2 0 0 64 1 0 0 0 0 0 0 0 0 0 0 0 0 0 0 0 0 0 0 0 0 0 0 0 0 0 0 0 0 0 0 0 0 0 0 0 0 0 0 0 0 0 0 0 0 0 0 0 0 0 0 0 0 0 0 0 0 0 0 0 0 0 0 77 68 79 32 101 120 116 114 97 32 100 97 116 97 32 108 111 99 107 0 0 0 0 0 0 0 0 0 0 0 0 0 0 0 0 0 0 0 0 0 0 0 0 0 0 0 0 0 0 0 0 0 0 0 0 0 0 0 0 0 0 0 0 0 0 0 0 0 0 0 0 0 0 0 0 0 0 0 0 0 0 0 0 0 0 0 0 0 0 0 0 0 0 0 0 0 0 0 0 0 0 0 0 0 0 0 0 0 0 0 0 0 0 0 0 0 0 0 0 0 0 0 0 0 0 0 0 0 0 0 0 0 0 0 0 0 113 0 0 0 185 93 0 0 1 0 0 0 0 0 0 0 0 0 0 0 2 0 0 0 0 0 10 0 2 0 0 0 16 0 0 0 255 255 255 255 2 0 3 0 0 0 0 0 data 2 0x30002 0xbb7 oops 0
ciMethodData org/springframework/asm/ClassReader readStringish (I[C)Ljava/lang/String; 2 3112 orig 264 120 1 238 95 0 0 0 0 136 161 61 229 206 2 0 0 184 1 0 0 0 0 0 0 0 0 0 0 0 0 0 0 0 0 0 0 0 0 0 0 0 0 0 0 0 0 0 0 0 0 0 0 0 0 0 0 0 0 0 0 0 0 0 0 0 0 0 0 0 0 0 0 0 0 0 0 0 0 0 0 77 68 79 32 101 120 116 114 97 32 100 97 116 97 32 108 111 99 107 0 0 0 0 0 0 0 0 0 0 0 0 0 0 0 0 0 0 0 0 0 0 0 0 0 0 0 0 0 0 0 0 0 0 0 0 0 0 0 0 0 0 0 0 0 0 0 0 0 0 0 0 0 0 0 0 0 0 0 0 0 0 0 0 0 0 0 0 0 0 0 0 0 0 0 0 0 0 0 0 0 0 0 0 0 0 0 0 0 0 0 0 0 0 0 0 0 0 0 0 0 0 0 0 0 0 0 0 0 0 0 0 0 0 0 0 0 113 0 0 0 185 93 0 0 1 0 0 0 0 0 0 0 0 0 0 0 2 0 0 0 0 0 9 0 2 0 0 0 96 0 0 0 255 255 255 255 5 0 7 0 0 0 0 0 data 12 0x70005 0x0 0x2cee710aa50 0xbb7 0x0 0x0 0xc0005 0x0 0x2cee710aa50 0xbb7 0x0 0x0 oops 2 2 org/springframework/asm/ClassReader 8 org/springframework/asm/ClassReader
ciMethodData org/springframework/core/annotation/MergedAnnotations of (Ljava/util/Collection;)Lorg/springframework/core/annotation/MergedAnnotations; 2 1840 orig 264 120 1 238 95 0 0 0 0 200 179 241 221 206 2 0 0 88 1 0 0 0 0 0 0 0 0 0 0 0 0 0 0 0 0 0 0 0 0 0 0 0 0 0 0 0 0 0 0 0 0 0 0 0 0 0 0 0 0 0 0 0 0 0 0 0 0 0 0 0 0 0 0 0 0 0 0 0 0 0 0 77 68 79 32 101 120 116 114 97 32 100 97 116 97 32 108 111 99 107 0 0 0 0 0 0 0 0 0 0 0 0 0 0 0 0 0 0 0 0 0 0 0 0 0 0 0 0 0 0 0 0 0 0 0 0 0 0 0 0 0 0 0 0 0 0 0 0 0 0 0 0 0 0 0 0 0 0 0 0 0 0 0 0 0 0 0 0 0 0 0 0 0 0 0 0 0 0 0 0 0 0 0 0 0 0 0 0 0 0 0 0 0 0 0 0 0 0 0 0 0 0 0 0 0 0 0 0 0 0 0 0 0 0 0 0 0 4 1 0 0 97 49 0 0 1 0 0 0 0 0 0 0 0 0 0 0 2 0 0 0 0 0 9 0 2 0 0 0 16 0 0 0 255 255 255 255 2 0 1 0 0 0 0 0 data 2 0x10002 0x62c oops 0
ciMethodData org/springframework/core/type/classreading/SimpleAnnotationMetadataReadingVisitor visitAnnotation (Ljava/lang/String;Z)Lorg/springframework/asm/AnnotationVisitor; 1 976 orig 264 120 1 238 95 0 0 0 0 120 171 57 229 206 2 0 0 248 1 0 0 0 0 0 0 0 0 0 0 0 0 0 0 0 0 0 0 0 0 0 0 0 0 0 0 0 0 0 0 0 0 0 0 0 0 0 0 0 0 0 0 0 0 0 0 0 0 0 0 0 0 0 0 0 0 0 0 0 0 0 0 77 68 79 32 101 120 116 114 97 32 100 97 116 97 32 108 111 99 107 0 0 0 0 0 0 0 0 0 0 0 0 0 0 0 0 0 0 0 0 0 0 0 0 0 0 0 0 0 0 0 0 0 0 0 0 0 0 0 0 0 0 0 0 0 0 0 0 0 0 0 0 0 0 0 0 0 0 0 0 0 0 0 0 0 0 0 0 0 0 0 0 0 0 0 0 0 0 0 0 0 0 0 0 0 0 0 0 0 0 0 0 0 0 0 0 0 0 0 0 0 0 0 0 0 0 0 0 0 0 0 0 0 0 0 0 0 0 1 0 0 129 22 0 0 1 0 0 0 0 0 0 0 0 0 0 0 2 0 0 0 0 0 3 0 2 0 0 0 160 0 0 0 255 255 255 255 10 0 5 0 0 0 0 0 data 20 0x5000a 0x2d0 0x3 0x0 0x2cee710c7f0 0x2cee6ace110 0x110005 0x0 0x2cee6ace1c0 0x2d0 0x0 0x0 0x15000a 0x2d0 0x3 0x0 0x2cee6ace1c0 0x2cee6ace2a0 0x1a0002 0x2d0 oops 1 8 java/util/ArrayList
ciMethodData org/springframework/asm/ClassReader getFirstAttributeOffset ()I 2 21089 orig 264 120 1 238 95 0 0 0 0 72 147 61 229 206 2 0 0 120 3 0 0 48 1 0 0 0 0 0 0 0 0 0 0 0 0 0 0 0 0 0 0 0 0 0 0 0 0 0 0 0 0 0 0 0 0 0 0 0 0 0 0 0 0 0 0 0 0 0 0 0 0 0 0 0 0 0 0 0 0 0 0 77 68 79 32 101 120 116 114 97 32 100 97 116 97 32 108 111 99 107 0 0 0 0 0 0 0 0 0 0 0 0 0 0 0 0 0 0 0 0 0 0 0 0 0 0 0 0 0 0 0 0 0 0 0 0 0 0 0 0 0 0 0 0 0 0 0 0 0 0 0 0 0 0 0 0 0 0 0 0 0 0 0 0 0 0 0 0 0 0 0 0 0 0 0 0 0 0 0 0 0 0 0 0 0 0 0 0 0 0 0 0 0 0 0 0 0 0 0 0 0 0 0 0 0 0 0 0 0 0 0 0 0 0 0 0 0 43 16 0 0 137 19 0 0 177 17 2 0 0 0 0 0 0 0 0 0 2 0 0 0 4 0 15 0 2 0 0 0 48 2 0 0 255 255 255 255 5 0 15 0 0 0 0 0 data 70 0xf0005 0x0 0x2cee710aa50 0x271 0x0 0x0 0x180005 0x0 0x2cee710aa50 0x271 0x0 0x0 0x230007 0x271 0xd0 0x47e 0x2b0005 0x0 0x2cee710aa50 0x47e 0x0 0x0 0x360007 0x47e 0x68 0x3ef 0x400005 0x0 0x2cee710aa50 0x3ef 0x0 0x0 0x460003 0x3ef 0xffffffffffffffb0 0x490003 0x47e 0xffffffffffffff48 0x4e0005 0x0 0x2cee710aa50 0x271 0x0 0x0 0x590007 0x271 0xd0 0x1439 0x610005 0x0 0x2cee710aa50 0x1439 0x0 0x0 0x6e0007 0x1439 0x68 0x2590 0x780005 0x0 0x2cee710aa50 0x2590 0x0 0x0 0x7e0003 0x2590 0xffffffffffffffb0 0x810003 0x1439 0xffffffffffffff48 oops 7 2 org/springframework/asm/ClassReader 8 org/springframework/asm/ClassReader 18 org/springframework/asm/ClassReader 28 org/springframework/asm/ClassReader 40 org/springframework/asm/ClassReader 50 org/springframework/asm/ClassReader 60 org/springframework/asm/ClassReader
ciMethodData org/springframework/core/type/classreading/SimpleAnnotationMetadataReadingVisitor toClassName (Ljava/lang/String;)Ljava/lang/String; 2 2654 orig 264 120 1 238 95 0 0 0 0 64 176 57 229 206 2 0 0 96 1 0 0 0 0 0 0 0 0 0 0 0 0 0 0 0 0 0 0 0 0 0 0 0 0 0 0 0 0 0 0 0 0 0 0 0 0 0 0 0 0 0 0 0 0 0 0 0 0 0 0 0 0 0 0 0 0 0 0 0 0 0 0 77 68 79 32 101 120 116 114 97 32 100 97 116 97 32 108 111 99 107 0 0 0 0 0 0 0 0 0 0 0 0 0 0 0 0 0 0 0 0 0 0 0 0 0 0 0 0 0 0 0 0 0 0 0 0 0 0 0 0 0 0 0 0 0 0 0 0 0 0 0 0 0 0 0 0 0 0 0 0 0 0 0 0 0 0 0 0 0 0 0 0 0 0 0 0 0 0 0 0 0 0 0 0 0 0 0 0 0 0 0 0 0 0 0 0 0 0 0 0 0 0 0 0 0 0 0 0 0 0 0 0 0 0 0 0 0 0 1 0 0 241 74 0 0 1 0 0 0 0 0 0 0 0 0 0 0 2 0 0 0 0 0 7 0 2 0 0 0 16 0 0 0 255 255 255 255 2 0 1 0 0 0 0 0 data 2 0x10002 0x95e oops 0
ciMethodData org/springframework/util/ClassUtils convertResourcePathToClassName (Ljava/lang/String;)Ljava/lang/String; 2 2654 orig 264 120 1 238 95 0 0 0 0 88 109 222 221 206 2 0 0 136 1 0 0 0 0 0 0 0 0 0 0 0 0 0 0 0 0 0 0 0 0 0 0 0 0 0 0 0 0 0 0 0 0 0 0 0 0 0 0 0 0 0 0 0 0 0 0 0 0 0 0 0 0 0 0 0 0 0 0 0 0 0 0 77 68 79 32 101 120 116 114 97 32 100 97 116 97 32 108 111 99 107 0 0 0 0 0 0 0 0 0 0 0 0 0 0 0 0 0 0 0 0 0 0 0 0 0 0 0 0 0 0 0 0 0 0 0 0 0 0 0 0 0 0 0 0 0 0 0 0 0 0 0 0 0 0 0 0 0 0 0 0 0 0 0 0 0 0 0 0 0 0 0 0 0 0 0 0 0 0 0 0 0 0 0 0 0 0 0 0 0 0 0 0 0 0 0 0 0 0 0 0 0 0 0 0 0 0 0 0 0 0 0 0 0 0 0 0 0 0 1 0 0 241 74 0 0 1 0 0 0 0 0 0 0 0 0 0 0 2 0 0 0 0 0 0 0 0 0 0 0 64 0 0 0 255 255 255 255 2 0 3 0 0 0 0 0 data 8 0x30002 0x95e 0xb0005 0x0 0x2cedf6f7fc0 0x95e 0x0 0x0 oops 1 4 java/lang/String
ciMethodData org/springframework/asm/ClassReader accept (Lorg/springframework/asm/ClassVisitor;[Lorg/springframework/asm/Attribute;I)V 2 20974 orig 264 120 1 238 95 0 0 0 0 240 52 58 229 206 2 0 0 200 24 0 0 144 22 0 0 0 0 0 0 0 0 0 0 0 0 0 0 0 0 0 0 0 0 0 0 0 0 0 0 0 0 0 0 0 0 0 0 0 0 0 0 0 0 0 0 0 0 0 0 0 0 0 0 0 0 0 0 0 0 0 0 77 68 79 32 101 120 116 114 97 32 100 97 116 97 32 108 111 99 107 0 0 0 0 0 0 0 0 0 0 0 0 0 0 0 0 0 0 0 0 0 0 0 0 0 0 0 0 0 0 0 0 0 0 0 0 0 0 0 0 0 0 0 0 0 0 0 0 0 0 0 0 0 0 0 0 0 0 0 0 0 0 0 0 0 0 0 0 0 0 0 0 0 0 0 0 0 0 0 0 0 0 0 0 0 0 0 0 0 0 0 0 0 0 0 0 0 0 0 0 0 0 0 0 0 0 0 0 0 0 0 0 0 0 0 0 0 7 8 0 0 249 25 0 0 153 78 2 0 0 0 0 0 0 0 0 0 2 0 0 0 13 0 39 1 2 0 0 0 56 23 0 0 255 255 255 255 2 0 4 0 0 0 0 0 data 743 0x40002 0x33f 0x300005 0x0 0x2cee710aa50 0x33f 0x0 0x0 0x3c0005 0x0 0x2cee710aa50 0x33f 0x0 0x0 0x480005 0x0 0x2cee710aa50 0x33f 0x0 0x0 0x530005 0x0 0x2cee710aa50 0x33f 0x0 0x0 0x660007 0x33f 0x98 0x282 0x720005 0x0 0x2cee710aa50 0x282 0x0 0x0 0x750004 0x0 0x2cedf6f7fc0 0x282 0x0 0x0 0x7c0003 0x282 0xffffffffffffff80 0xb30005 0xc 0x2cee710aa50 0x333 0x0 0x0 0xbd0005 0x0 0x2cee710aa50 0x33f 0x0 0x0 0xc40007 0x33f 0x918 0x800 0xcc0005 0x0 0x2cee710aa50 0x800 0x0 0x0 0xd60005 0x0 0x2cee710aa50 0x800 0x0 0x0 0xe20005 0x18 0x2cedf6f7fc0 0x7e8 0x0 0x0 0xe50007 0x4c1 0x68 0x33f 0xed0005 0x0 0x2cee710aa50 0x33f 0x0 0x0 0xf20003 0x33f 0x800 0xf90005 0xc 0x2cedf6f7fc0 0x4b5 0x0 0x0 0xfc0007 0x40f 0x38 0xb2 0x1030003 0xb2 0x798 0x10a0005 0xc 0x2cedf6f7fc0 0x403 0x0 0x0 0x10d0007 0x40d 0x38 0x2 0x1140003 0x2 0x730 0x11b0005 0xc 0x2cedf6f7fc0 0x401 0x0 0x0 0x11e0007 0x40d 0x68 0x0 0x1260005 0x0 0x0 0x0 0x0 0x0 0x12b0003 0x0 0x698 0x1320005 0xc 0x2cedf6f7fc0 0x401 0x0 0x0 0x1350007 0x40d 0x38 0x0 0x13c0003 0x0 0x630 0x1430005 0xc 0x2cedf6f7fc0 0x401 0x0 0x0 0x1460007 0x40d 0x38 0x0 0x14d0003 0x0 0x5c8 0x1540005 0xc 0x2cedf6f7fc0 0x401 0x0 0x0 0x1570007 0x22d 0x68 0x1e0 0x15f0005 0x0 0x2cee710aa50 0x1e0 0x0 0x0 0x1640003 0x1e0 0x530 0x16b0005 0xc 0x2cedf6f7fc0 0x221 0x0 0x0 0x16e0007 0xa5 0x38 0x188 0x1750003 0x188 0x4c8 0x17c0005 0x0 0x2cedf6f7fc0 0xa5 0x0 0x0 0x17f0007 0xa5 0x38 0x0 0x1860003 0x0 0x460 0x18d0005 0x0 0x2cedf6f7fc0 0xa5 0x0 0x0 0x1900007 0xa5 0x38 0x0 0x19a0003 0x0 0x3f8 0x1a10005 0x0 0x2cedf6f7fc0 0xa5 0x0 0x0 0x1a40007 0xa5 0x38 0x0 0x1af0003 0x0 0x390 0x1b60005 0x0 0x2cedf6f7fc0 0xa5 0x0 0x0 0x1b90007 0xa5 0x48 0x0 0x1c50002 0x0 0x1ca0003 0x0 0x318 0x1d10005 0x0 0x2cedf6f7fc0 0xa5 0x0 0x0 0x1d40007 0xa5 0x38 0x0 0x1db0003 0x0 0x2b0 0x1e20005 0x0 0x2cedf6f7fc0 0xa5 0x0 0x0 0x1e50007 0xa5 0x38 0x0 0x1ec0003 0x0 0x248 0x1f30005 0x0 0x2cedf6f7fc0 0xa5 0x0 0x0 0x1f60007 0xa5 0x38 0x0 0x1fd0003 0x0 0x1e0 0x2040005 0x0 0x2cedf6f7fc0 0xa5 0x0 0x0 0x2070007 0xa5 0x38 0x0 0x20e0003 0x0 0x178 0x2150005 0x0 0x2cedf6f7fc0 0xa5 0x0 0x0 0x2180007 0xa5 0x68 0x0 0x2200005 0x0 0x0 0x0 0x0 0x0 0x2250003 0x0 0xe0 0x22c0005 0x0 0x2cedf6f7fc0 0xa5 0x0 0x0 0x22f0007 0xa5 0x38 0x0 0x2360003 0x0 0x78 0x23d0005 0x0 0x2cedf6f7fc0 0xa5 0x0 0x0 0x2400007 0xa5 0x30 0x0 0x24f0002 0x0 0x2690003 0x800 0xfffffffffffff700 0x2770005 0x0 0x2cee710aa50 0x33f 0x0 0x0 0x2840005 0x0 0x2cee710c7f0 0x33f 0x0 0x0 0x28a0007 0x33f 0x90 0x0 0x28f0007 0x0 0x40 0x0 0x2940007 0x0 0x50 0x0 0x29c0005 0x0 0x0 0x0 0x0 0x0 0x2a10007 0x33f 0x30 0x0 0x2ae0002 0x0 0x2b30007 0x33f 0x50 0x0 0x2b90005 0x0 0x0 0x0 0x0 0x0 0x2be0007 0x33d 0x180 0x2 0x2c60005 0x0 0x2cee710aa50 0x2 0x0 0x0 0x2d00005 0x0 0x2cee710aa50 0x2 0x0 0x0 0x2d70007 0x1 0x38 0x1 0x2db0003 0x1 0x48 0x2e80005 0x0 0x2cee710aa50 0x1 0x0 0x0 0x2ef0007 0x1 0x38 0x1 0x2f30003 0x1 0x48 0x3020005 0x0 0x2cee710aa50 0x1 0x0 0x0 0x30e0005 0x0 0x2cee710c7f0 0x2 0x0 0x0 0x3130007 0x1b7 0xf8 0x188 0x3190005 0x0 0x2cee710aa50 0x188 0x0 0x0 0x3290007 0x188 0xa8 0x226 0x3310005 0x0 0x2cee710aa50 0x226 0x0 0x0 0x33e0005 0x0 0x2cee710c7f0 0x226 0x0 0x0 0x3460002 0x226 0x34b0003 0x226 0xffffffffffffff70 0x3500007 0x33f 0xf8 0x0 0x3560005 0x0 0x0 0x0 0x0 0x0 0x3660007 0x0 0xa8 0x0 0x36e0005 0x0 0x0 0x0 0x0 0x0 0x37b0005 0x0 0x0 0x0 0x0 0x0 0x3830002 0x0 0x3880003 0x0 0xffffffffffffff70 0x38d0007 0x33f 0x108 0x0 0x3930005 0x0 0x0 0x0 0x0 0x0 0x3a30007 0x0 0xb8 0x0 0x3ab0002 0x0 0x3b50005 0x0 0x0 0x0 0x0 0x0 0x3cc0005 0x0 0x0 0x0 0x0 0x0 0x3d40002 0x0 0x3d90003 0x0 0xffffffffffffff60 0x3de0007 0x33f 0x108 0x0 0x3e40005 0x0 0x0 0x0 0x0 0x0 0x3f40007 0x0 0xb8 0x0 0x3fc0002 0x0 0x4060005 0x0 0x0 0x0 0x0 0x0 0x41d0005 0x0 0x0 0x0 0x0 0x0 0x4250002 0x0 0x42a0003 0x0 0xffffffffffffff60 0x42f0007 0x33f 0x68 0x0 0x4420005 0x0 0x0 0x0 0x0 0x0 0x4490003 0x0 0xffffffffffffffb0 0x44e0007 0x33f 0xe8 0x0 0x4540005 0x0 0x0 0x0 0x0 0x0 0x4640007 0x0 0x98 0x0 0x46d0005 0x0 0x0 0x0 0x0 0x0 0x4700005 0x0 0x0 0x0 0x0 0x0 0x4760003 0x0 0xffffffffffffff80 0x47b0007 0x33f 0xe8 0x0 0x4810005 0x0 0x0 0x0 0x0 0x0 0x4910007 0x0 0x98 0x0 0x49a0005 0x0 0x0 0x0 0x0 0x0 0x49d0005 0x0 0x0 0x0 0x0 0x0 0x4a30003 0x0 0xffffffffffffff80 0x4a80007 0x28d 0x178 0xb2 0x4ae0005 0x0 0x2cee710aa50 0xb2 0x0 0x0 0x4be0007 0xb2 0x128 0xc5 0x4c70005 0x0 0x2cee710aa50 0xc5 0x0 0x0 0x4d10005 0x0 0x2cee710aa50 0xc5 0x0 0x0 0x4db0005 0x0 0x2cee710aa50 0xc5 0x0 0x0 0x4e40005 0x0 0x2cee710aa50 0xc5 0x0 0x0 0x4e70005 0x0 0x2cee710c7f0 0xc5 0x0 0x0 0x4ed0003 0xc5 0xfffffffffffffef0 0x4f20007 0x33f 0x98 0x0 0x4f80005 0x0 0x0 0x0 0x0 0x0 0x5050007 0x0 0x48 0x0 0x50e0002 0x0 0x5130003 0x0 0xffffffffffffffd0 0x5190005 0x0 0x2cee710aa50 0x33f 0x0 0x0 0x5260007 0x33e 0x48 0x18d7 0x52f0002 0x18d7 0x5340003 0x18d6 0xffffffffffffffd0 0x53a0005 0x0 0x2cee710aa50 0x33e 0x0 0x0 0x5470007 0x33e 0x48 0x2390 0x5500002 0x2390 0x5550003 0x2390 0xffffffffffffffd0 0x5590005 0x0 0x2cee710c7f0 0x33e 0x0 0x0 oops 50 4 org/springframework/asm/ClassReader 10 org/springframework/asm/ClassReader 16 org/springframework/asm/ClassReader 22 org/springframework/asm/ClassReader 32 org/springframework/asm/ClassReader 38 java/lang/String 47 org/springframework/asm/ClassReader 53 org/springframework/asm/ClassReader 63 org/springframework/asm/ClassReader 69 org/springframework/asm/ClassReader 75 java/lang/String 85 org/springframework/asm/ClassReader 94 java/lang/String 107 java/lang/String 120 java/lang/String 139 java/lang/String 152 java/lang/String 165 java/lang/String 175 org/springframework/asm/ClassReader 184 java/lang/String 197 java/lang/String 210 java/lang/String 223 java/lang/String 236 java/lang/String 251 java/lang/String 264 java/lang/String 277 java/lang/String 290 java/lang/String 303 java/lang/String 322 java/lang/String 335 java/lang/String 350 org/springframework/asm/ClassReader 356 org/springframework/core/type/classreading/SimpleAnnotationMetadataReadingVisitor 400 org/springframework/asm/ClassReader 406 org/springframework/asm/ClassReader 419 org/springframework/asm/ClassReader 432 org/springframework/asm/ClassReader 438 org/springframework/core/type/classreading/SimpleAnnotationMetadataReadingVisitor 448 org/springframework/asm/ClassReader 458 org/springframework/asm/ClassReader 464 org/springframework/core/type/classreading/SimpleAnnotationMetadataReadingVisitor 647 org/springframework/asm/ClassReader 657 org/springframework/asm/ClassReader 663 org/springframework/asm/ClassReader 669 org/springframework/asm/ClassReader 675 org/springframework/asm/ClassReader 681 org/springframework/core/type/classreading/SimpleAnnotationMetadataReadingVisitor 709 org/springframework/asm/ClassReader 724 org/springframework/asm/ClassReader 739 org/springframework/core/type/classreading/SimpleAnnotationMetadataReadingVisitor
ciMethodData org/springframework/asm/Context <init> ()V 1 972 orig 264 120 1 238 95 0 0 0 0 8 217 61 229 206 2 0 0 48 1 0 0 0 0 0 0 0 0 0 0 0 0 0 0 0 0 0 0 0 0 0 0 0 0 0 0 0 0 0 0 0 0 0 0 0 0 0 0 0 0 0 0 0 0 0 0 0 0 0 0 0 0 0 0 0 0 0 0 0 0 0 0 77 68 79 32 101 120 116 114 97 32 100 97 116 97 32 108 111 99 107 0 0 0 0 0 0 0 0 0 0 0 0 0 0 0 0 0 0 0 0 0 0 0 0 0 0 0 0 0 0 0 0 0 0 0 0 0 0 0 0 0 0 0 0 0 0 0 0 0 0 0 0 0 0 0 0 0 0 0 0 0 0 0 0 0 0 0 0 0 0 0 0 0 0 0 0 0 0 0 0 0 0 0 0 0 0 0 0 0 0 0 0 0 0 0 0 0 0 0 0 0 0 0 0 0 0 0 0 0 0 0 0 0 0 0 0 0 141 0 0 0 249 25 0 0 1 0 0 0 0 0 0 0 0 0 0 0 2 0 0 0 0 0 0 0 0 0 0 0 16 0 0 0 255 255 255 255 2 0 1 0 0 0 0 0 data 2 0x10002 0x33f oops 0
ciMethodData org/springframework/core/type/classreading/SimpleAnnotationMetadataReadingVisitor visit (IILjava/lang/String;Ljava/lang/String;Ljava/lang/String;[Ljava/lang/String;)V 1 977 orig 264 120 1 238 95 0 0 0 0 240 167 57 229 206 2 0 0 96 2 0 0 96 0 0 0 0 0 0 0 0 0 0 0 0 0 0 0 0 0 0 0 0 0 0 0 0 0 0 0 0 0 0 0 0 0 0 0 0 0 0 0 0 0 0 0 0 0 0 0 0 0 0 0 0 0 0 0 0 0 0 0 77 68 79 32 101 120 116 114 97 32 100 97 116 97 32 108 111 99 107 0 0 0 0 0 0 0 0 0 0 0 0 0 0 0 0 0 0 0 0 0 0 0 0 0 0 0 0 0 0 0 0 0 0 0 0 0 0 0 0 0 0 0 0 0 0 0 0 0 0 0 0 0 0 0 0 0 0 0 0 0 0 0 0 0 0 0 0 0 0 0 0 0 0 0 0 0 0 0 0 0 0 0 0 0 0 0 0 0 0 0 0 0 0 0 0 0 0 0 0 0 0 0 0 0 0 0 0 0 0 0 0 0 0 0 0 0 0 2 0 0 137 14 0 0 185 11 0 0 0 0 0 0 0 0 0 0 2 0 0 0 1 0 30 0 2 0 0 0 232 0 0 0 255 255 255 255 2 0 3 0 0 0 0 0 data 29 0x30002 0x1d1 0x100007 0x0 0x60 0x1d1 0x150002 0x1d1 0x180007 0x56 0x30 0x17b 0x1f0002 0x17b 0x370007 0x1d1 0x78 0x176 0x460002 0x176 0x490004 0x0 0x2cedf6f7fc0 0x176 0x0 0x0 0x4d0003 0x176 0xffffffffffffffa0 oops 1 22 java/lang/String
ciMethodData org/springframework/core/type/classreading/SimpleAnnotationMetadataReadingVisitor isInterface (I)Z 1 978 orig 264 120 1 238 95 0 0 0 0 200 177 57 229 206 2 0 0 96 1 0 0 0 0 0 0 0 0 0 0 0 0 0 0 0 0 0 0 0 0 0 0 0 0 0 0 0 0 0 0 0 0 0 0 0 0 0 0 0 0 0 0 0 0 0 0 0 0 0 0 0 0 0 0 0 0 0 0 0 0 0 0 77 68 79 32 101 120 116 114 97 32 100 97 116 97 32 108 111 99 107 0 0 0 0 0 0 0 0 0 0 0 0 0 0 0 0 0 0 0 0 0 0 0 0 0 0 0 0 0 0 0 0 0 0 0 0 0 0 0 0 0 0 0 0 0 0 0 0 0 0 0 0 0 0 0 0 0 0 0 0 0 0 0 0 0 0 0 0 0 0 0 0 0 0 0 0 0 0 0 0 0 0 0 0 0 0 0 0 0 0 0 0 0 0 0 0 0 0 0 0 0 0 0 0 0 0 0 0 0 0 0 0 0 0 0 0 0 0 2 0 0 145 14 0 0 1 0 0 0 0 0 0 0 0 0 0 0 2 0 0 0 0 0 6 0 2 0 0 0 56 0 0 0 255 255 255 255 7 0 5 0 0 0 0 0 data 7 0x50007 0x17c 0x38 0x56 0x90003 0x56 0x18 oops 0
ciMethodData org/springframework/core/type/classreading/SimpleAnnotationMetadataReadingVisitor visitEnd ()V 1 986 orig 264 120 1 238 95 0 0 0 0 224 173 57 229 206 2 0 0 216 1 0 0 0 0 0 0 0 0 0 0 0 0 0 0 0 0 0 0 0 0 0 0 0 0 0 0 0 0 0 0 0 0 0 0 0 0 0 0 0 0 0 0 0 0 0 0 0 0 0 0 0 0 0 0 0 0 0 0 0 0 0 0 77 68 79 32 101 120 116 114 97 32 100 97 116 97 32 108 111 99 107 0 0 0 0 0 0 0 0 0 0 0 0 0 0 0 0 0 0 0 0 0 0 0 0 0 0 0 0 0 0 0 0 0 0 0 0 0 0 0 0 0 0 0 0 0 0 0 0 0 0 0 0 0 0 0 0 0 0 0 0 0 0 0 0 0 0 0 0 0 0 0 0 0 0 0 0 0 0 0 0 0 0 0 0 0 0 0 0 0 0 0 0 0 0 0 0 0 0 0 0 0 0 0 0 0 0 0 0 0 0 0 0 0 0 0 0 0 0 2 0 0 209 14 0 0 1 0 0 0 0 0 0 0 0 0 0 0 2 0 0 0 0 0 21 0 2 0 0 0 144 0 0 0 255 255 255 255 2 0 4 0 0 0 0 0 data 18 0x40002 0x1da 0x100005 0x0 0x2cee6ace1c0 0x1da 0x0 0x0 0x150004 0x0 0x2cee5e8a240 0x1da 0x0 0x0 0x1d0002 0x1da 0x410002 0x1da oops 2 4 java/util/ArrayList 10 [Lorg/springframework/core/type/MethodMetadata;
compile org/springframework/asm/ClassReader accept (Lorg/springframework/asm/ClassVisitor;[Lorg/springframework/asm/Attribute;I)V -1 4 inline 138 0 -1 org/springframework/asm/ClassReader accept (Lorg/springframework/asm/ClassVisitor;[Lorg/springframework/asm/Attribute;I)V 1 4 org/springframework/asm/Context <init> ()V 2 1 java/lang/Object <init> ()V 1 48 org/springframework/asm/ClassReader readUnsignedShort (I)I 1 60 org/springframework/asm/ClassReader readClass (I[C)Ljava/lang/String; 2 3 org/springframework/asm/ClassReader readStringish (I[C)Ljava/lang/String; 3 7 org/springframework/asm/ClassReader readUnsignedShort (I)I 3 12 org/springframework/asm/ClassReader readUTF8 (I[C)Ljava/lang/String; 4 2 org/springframework/asm/ClassReader readUnsignedShort (I)I 4 19 org/springframework/asm/ClassReader readUtf (I[C)Ljava/lang/String; 5 34 org/springframework/asm/ClassReader readUnsignedShort (I)I 1 72 org/springframework/asm/ClassReader readClass (I[C)Ljava/lang/String; 2 3 org/springframework/asm/ClassReader readStringish (I[C)Ljava/lang/String; 3 7 org/springframework/asm/ClassReader readUnsignedShort (I)I 3 12 org/springframework/asm/ClassReader readUTF8 (I[C)Ljava/lang/String; 4 2 org/springframework/asm/ClassReader readUnsignedShort (I)I 4 19 org/springframework/asm/ClassReader readUtf (I[C)Ljava/lang/String; 5 34 org/springframework/asm/ClassReader readUnsignedShort (I)I 1 83 org/springframework/asm/ClassReader readUnsignedShort (I)I 1 114 org/springframework/asm/ClassReader readClass (I[C)Ljava/lang/String; 2 3 org/springframework/asm/ClassReader readStringish (I[C)Ljava/lang/String; 3 7 org/springframework/asm/ClassReader readUnsignedShort (I)I 3 12 org/springframework/asm/ClassReader readUTF8 (I[C)Ljava/lang/String; 4 2 org/springframework/asm/ClassReader readUnsignedShort (I)I 4 19 org/springframework/asm/ClassReader readUtf (I[C)Ljava/lang/String; 5 34 org/springframework/asm/ClassReader readUnsignedShort (I)I 1 179 org/springframework/asm/ClassReader getFirstAttributeOffset ()I 2 15 org/springframework/asm/ClassReader readUnsignedShort (I)I 2 24 org/springframework/asm/ClassReader readUnsignedShort (I)I 2 43 org/springframework/asm/ClassReader readUnsignedShort (I)I 2 64 org/springframework/asm/ClassReader readInt (I)I 2 78 org/springframework/asm/ClassReader readUnsignedShort (I)I 2 97 org/springframework/asm/ClassReader readUnsignedShort (I)I 2 120 org/springframework/asm/ClassReader readInt (I)I 1 189 org/springframework/asm/ClassReader readUnsignedShort (I)I 1 204 org/springframework/asm/ClassReader readUTF8 (I[C)Ljava/lang/String; 2 2 org/springframework/asm/ClassReader readUnsignedShort (I)I 2 19 org/springframework/asm/ClassReader readUtf (I[C)Ljava/lang/String; 3 34 org/springframework/asm/ClassReader readUnsignedShort (I)I 1 214 org/springframework/asm/ClassReader readInt (I)I 1 237 org/springframework/asm/ClassReader readUTF8 (I[C)Ljava/lang/String; 2 2 org/springframework/asm/ClassReader readUnsignedShort (I)I 2 19 org/springframework/asm/ClassReader readUtf (I[C)Ljava/lang/String; 3 34 org/springframework/asm/ClassReader readUnsignedShort (I)I 1 351 org/springframework/asm/ClassReader readUTF8 (I[C)Ljava/lang/String; 2 2 org/springframework/asm/ClassReader readUnsignedShort (I)I 2 19 org/springframework/asm/ClassReader readUtf (I[C)Ljava/lang/String; 3 34 org/springframework/asm/ClassReader readUnsignedShort (I)I 1 631 org/springframework/asm/ClassReader readInt (I)I 1 644 org/springframework/core/type/classreading/SimpleAnnotationMetadataReadingVisitor visit (IILjava/lang/String;Ljava/lang/String;Ljava/lang/String;[Ljava/lang/String;)V 2 3 org/springframework/core/type/classreading/SimpleAnnotationMetadataReadingVisitor toClassName (Ljava/lang/String;)Ljava/lang/String; 3 1 org/springframework/util/ClassUtils convertResourcePathToClassName (Ljava/lang/String;)Ljava/lang/String; 4 3 org/springframework/util/Assert notNull (Ljava/lang/Object;Ljava/lang/String;)V 4 11 java/lang/String replace (CC)Ljava/lang/String; 5 121 java/lang/String <init> ([CZ)V 6 1 java/lang/Object <init> ()V 2 21 org/springframework/core/type/classreading/SimpleAnnotationMetadataReadingVisitor isInterface (I)Z 2 31 org/springframework/core/type/classreading/SimpleAnnotationMetadataReadingVisitor toClassName (Ljava/lang/String;)Ljava/lang/String; 3 1 org/springframework/util/ClassUtils convertResourcePathToClassName (Ljava/lang/String;)Ljava/lang/String; 4 3 org/springframework/util/Assert notNull (Ljava/lang/Object;Ljava/lang/String;)V 4 11 java/lang/String replace (CC)Ljava/lang/String; 5 121 java/lang/String <init> ([CZ)V 6 1 java/lang/Object <init> ()V 2 70 org/springframework/core/type/classreading/SimpleAnnotationMetadataReadingVisitor toClassName (Ljava/lang/String;)Ljava/lang/String; 3 1 org/springframework/util/ClassUtils convertResourcePathToClassName (Ljava/lang/String;)Ljava/lang/String; 4 3 org/springframework/util/Assert notNull (Ljava/lang/Object;Ljava/lang/String;)V 4 11 java/lang/String replace (CC)Ljava/lang/String; 5 121 java/lang/String <init> ([CZ)V 6 1 java/lang/Object <init> ()V 1 710 org/springframework/asm/ClassReader readClass (I[C)Ljava/lang/String; 2 3 org/springframework/asm/ClassReader readStringish (I[C)Ljava/lang/String; 3 7 org/springframework/asm/ClassReader readUnsignedShort (I)I 3 12 org/springframework/asm/ClassReader readUTF8 (I[C)Ljava/lang/String; 4 2 org/springframework/asm/ClassReader readUnsignedShort (I)I 4 19 org/springframework/asm/ClassReader readUtf (I[C)Ljava/lang/String; 5 34 org/springframework/asm/ClassReader readUnsignedShort (I)I 1 720 org/springframework/asm/ClassReader readUnsignedShort (I)I 1 793 org/springframework/asm/ClassReader readUnsignedShort (I)I 1 817 org/springframework/asm/ClassReader readUTF8 (I[C)Ljava/lang/String; 2 2 org/springframework/asm/ClassReader readUnsignedShort (I)I 2 19 org/springframework/asm/ClassReader readUtf (I[C)Ljava/lang/String; 3 34 org/springframework/asm/ClassReader readUnsignedShort (I)I 1 830 org/springframework/core/type/classreading/SimpleAnnotationMetadataReadingVisitor visitAnnotation (Ljava/lang/String;Z)Lorg/springframework/asm/AnnotationVisitor; 2 5 java/lang/invoke/LambdaForm$MH linkToTargetMethod (Ljava/lang/Object;Ljava/lang/Object;)Ljava/lang/Object; 3 5 java/lang/invoke/LambdaForm$DMH invokeStatic_L_L (Ljava/lang/Object;Ljava/lang/Object;)Ljava/lang/Object; 4 1 java/lang/invoke/DirectMethodHandle internalMemberName (Ljava/lang/Object;)Ljava/lang/Object; 4 10 org/springframework/core/type/classreading/SimpleAnnotationMetadataReadingVisitor$$Lambda$187 get$Lambda (Lorg/springframework/core/type/classreading/SimpleAnnotationMetadataReadingVisitor;)Ljava/util/function/Supplier; 5 5 org/springframework/core/type/classreading/SimpleAnnotationMetadataReadingVisitor$$Lambda$187 <init> (Lorg/springframework/core/type/classreading/SimpleAnnotationMetadataReadingVisitor;)V 6 1 java/lang/Object <init> ()V 2 21 java/lang/invoke/LambdaForm$MH linkToTargetMethod (Ljava/lang/Object;Ljava/lang/Object;)Ljava/lang/Object; 3 5 java/lang/invoke/LambdaForm$DMH invokeStatic_L_L (Ljava/lang/Object;Ljava/lang/Object;)Ljava/lang/Object; 4 1 java/lang/invoke/DirectMethodHandle internalMemberName (Ljava/lang/Object;)Ljava/lang/Object; 4 10 org/springframework/core/type/classreading/SimpleAnnotationMetadataReadingVisitor$$Lambda$188 get$Lambda (Ljava/util/List;)Ljava/util/function/Consumer; 5 5 org/springframework/core/type/classreading/SimpleAnnotationMetadataReadingVisitor$$Lambda$188 <init> (Ljava/util/List;)V 6 1 java/lang/Object <init> ()V 1 1198 org/springframework/asm/ClassReader readUnsignedShort (I)I 1 1223 org/springframework/asm/ClassReader readClass (I[C)Ljava/lang/String; 2 3 org/springframework/asm/ClassReader readStringish (I[C)Ljava/lang/String; 3 7 org/springframework/asm/ClassReader readUnsignedShort (I)I 3 12 org/springframework/asm/ClassReader readUTF8 (I[C)Ljava/lang/String; 4 2 org/springframework/asm/ClassReader readUnsignedShort (I)I 4 19 org/springframework/asm/ClassReader readUtf (I[C)Ljava/lang/String; 5 34 org/springframework/asm/ClassReader readUnsignedShort (I)I 1 1233 org/springframework/asm/ClassReader readClass (I[C)Ljava/lang/String; 2 3 org/springframework/asm/ClassReader readStringish (I[C)Ljava/lang/String; 3 7 org/springframework/asm/ClassReader readUnsignedShort (I)I 3 12 org/springframework/asm/ClassReader readUTF8 (I[C)Ljava/lang/String; 4 2 org/springframework/asm/ClassReader readUnsignedShort (I)I 4 19 org/springframework/asm/ClassReader readUtf (I[C)Ljava/lang/String; 5 34 org/springframework/asm/ClassReader readUnsignedShort (I)I 1 1243 org/springframework/asm/ClassReader readUTF8 (I[C)Ljava/lang/String; 2 2 org/springframework/asm/ClassReader readUnsignedShort (I)I 2 19 org/springframework/asm/ClassReader readUtf (I[C)Ljava/lang/String; 3 34 org/springframework/asm/ClassReader readUnsignedShort (I)I 1 1252 org/springframework/asm/ClassReader readUnsignedShort (I)I 1 1305 org/springframework/asm/ClassReader readUnsignedShort (I)I 1 1338 org/springframework/asm/ClassReader readUnsignedShort (I)I 1 1369 org/springframework/core/type/classreading/SimpleAnnotationMetadataReadingVisitor visitEnd ()V 2 4 org/springframework/util/StringUtils toStringArray (Ljava/util/Collection;)[Ljava/lang/String; 3 1 org/springframework/util/CollectionUtils isEmpty (Ljava/util/Collection;)Z 4 5 java/util/ArrayList isEmpty ()Z 4 5 java/util/HashSet isEmpty ()Z 5 4 java/util/HashMap isEmpty ()Z 3 11 java/util/ArrayList toArray ([Ljava/lang/Object;)[Ljava/lang/Object; 3 11 java/util/AbstractCollection toArray ([Ljava/lang/Object;)[Ljava/lang/Object; 4 1 java/util/HashSet size ()I 5 4 java/util/HashMap size ()I 4 23 java/lang/reflect/Array newInstance (Ljava/lang/Class;I)Ljava/lang/Object; 4 34 java/util/HashSet iterator ()Ljava/util/Iterator; 5 4 java/util/HashMap keySet ()Ljava/util/Set; 6 14 java/util/HashMap$KeySet <init> (Ljava/util/HashMap;)V 7 6 java/util/AbstractSet <init> ()V 8 1 java/util/AbstractCollection <init> ()V 9 1 java/lang/Object <init> ()V 5 4 java/util/LinkedHashMap keySet ()Ljava/util/Set; 5 7 java/util/HashMap$KeySet iterator ()Ljava/util/Iterator; 5 7 java/util/LinkedHashMap$LinkedKeySet iterator ()Ljava/util/Iterator; 2 29 org/springframework/core/annotation/MergedAnnotations of (Ljava/util/Collection;)Lorg/springframework/core/annotation/MergedAnnotations;
