JvmtiExport can_access_local_variables 1
JvmtiExport can_hotswap_or_post_breakpoint 1
JvmtiExport can_post_on_exceptions 1
# 516 ciObject found
instanceKlass org/springframework/transaction/interceptor/TransactionInterceptor$$Lambda$1033
instanceKlass org/mybatis/spring/SqlSessionUtils$$Lambda$1032
instanceKlass com/baomidou/mybatisplus/core/MybatisDefaultParameterHandler$$Lambda$1031
instanceKlass org/mybatis/spring/SqlSessionUtils$$Lambda$1030
instanceKlass com/zbkj/service/service/impl/StatisticsTaskServiceImpl$$Lambda$1029
instanceKlass com/zbkj/service/service/impl/StatisticsTaskServiceImpl$$Lambda$1028
instanceKlass org/springframework/transaction/support/TransactionSynchronizationAdapter
instanceKlass com/zbkj/service/service/impl/MerchantDailyStatementServiceImpl$$Lambda$1027
instanceKlass org/mybatis/spring/SqlSessionUtils$$Lambda$1026
instanceKlass com/zbkj/service/service/impl/StatisticsTaskServiceImpl$$Lambda$1025
instanceKlass com/zbkj/service/service/impl/MerchantServiceImpl$$Lambda$1024
instanceKlass com/zbkj/service/service/impl/MerchantServiceImpl$$Lambda$1023
instanceKlass com/zbkj/service/service/impl/MerchantServiceImpl$$Lambda$1022
instanceKlass com/zbkj/service/service/impl/RefundOrderManagerServiceImpl$$Lambda$1021
instanceKlass com/zbkj/service/service/impl/RefundOrderManagerServiceImpl$$Lambda$1020
instanceKlass com/zbkj/service/service/impl/RefundOrderManagerServiceImpl$$Lambda$1019
instanceKlass com/zbkj/service/service/impl/RefundOrderManagerServiceImpl$$Lambda$1018
instanceKlass com/zbkj/service/service/impl/RechargeOrderServiceImpl$$Lambda$1017
instanceKlass com/zbkj/service/service/impl/RefundOrderManagerServiceImpl$$Lambda$1016
instanceKlass org/springframework/core/convert/support/GenericConversionService$1
instanceKlass com/zbkj/service/service/impl/ProductRelationServiceImpl$$Lambda$1015
instanceKlass com/zbkj/service/service/impl/ProductRelationServiceImpl$$Lambda$1014
instanceKlass cn/hutool/core/util/CharsetUtil
instanceKlass cn/hutool/core/text/StrFormatter
instanceKlass cn/hutool/core/util/ArrayUtil
instanceKlass com/zbkj/service/service/impl/StatisticsTaskServiceImpl$$Lambda$1013
instanceKlass com/zbkj/service/service/impl/StatisticsTaskServiceImpl$$Lambda$1012
instanceKlass com/zbkj/service/service/impl/ProductServiceImpl$$Lambda$1011
instanceKlass com/zbkj/service/service/impl/ProductServiceImpl$$Lambda$1010
instanceKlass com/zbkj/service/service/impl/ProductServiceImpl$$Lambda$1009
instanceKlass java/math/BigDecimal$StringBuilderHelper
instanceKlass com/zbkj/service/service/impl/PlatformDailyStatementServiceImpl$$Lambda$1008
instanceKlass com/zbkj/service/service/impl/ProductRelationServiceImpl$$Lambda$1007
instanceKlass com/zbkj/service/service/impl/OrderServiceImpl$$Lambda$1006
instanceKlass com/zbkj/service/service/impl/OrderServiceImpl$$Lambda$1005
instanceKlass com/zbkj/service/service/impl/OrderServiceImpl$$Lambda$1004
instanceKlass com/zbkj/service/service/impl/OrderServiceImpl$$Lambda$1003
instanceKlass com/zbkj/service/service/impl/MerchantServiceImpl$$Lambda$1002
instanceKlass org/springframework/data/redis/serializer/SerializationUtils
instanceKlass org/springframework/data/redis/connection/jedis/JedisStringCommands
instanceKlass com/zbkj/service/service/impl/MerchantServiceImpl$$Lambda$1001
instanceKlass com/zbkj/service/service/impl/MerchantServiceImpl$$Lambda$1000
instanceKlass org/springframework/data/redis/core/AbstractOperations$ValueDeserializingRedisCallback
instanceKlass com/zbkj/service/service/impl/ProductServiceImpl$$Lambda$999
instanceKlass com/zbkj/service/service/impl/ProductServiceImpl$$Lambda$998
instanceKlass cn/hutool/core/date/format/FastDateParser$TimeZoneStrategy$TzInfo
instanceKlass java/util/Collections$UnmodifiableList$1
instanceKlass sun/util/locale/provider/CalendarNameProviderImpl$LengthBasedComparator
instanceKlass sun/util/locale/provider/CalendarDataUtility$CalendarFieldValueNamesMapGetter
instanceKlass cn/hutool/core/date/format/FastDatePrinter$TimeZoneDisplayKey
instanceKlass cn/hutool/core/date/format/FastDatePrinter$TimeZoneNameRule
instanceKlass cn/hutool/core/date/format/FastDatePrinter$StringLiteral
instanceKlass cn/hutool/core/date/format/FastDatePrinter$TextField
instanceKlass cn/hutool/core/date/DatePattern
instanceKlass ch/qos/logback/core/rolling/helper/FileFilterUtil$3
instanceKlass ch/qos/logback/core/util/ExecutorServiceUtil$1
instanceKlass ch/qos/logback/core/util/ExecutorServiceUtil
instanceKlass ch/qos/logback/core/rolling/helper/TimeBasedArchiveRemover$ArhiveRemoverRunnable
instanceKlass org/apache/http/pool/AbstractConnPool$3
instanceKlass org/apache/http/pool/AbstractConnPool$4
instanceKlass org/apache/commons/pool2/impl/LinkedBlockingDeque$Node
instanceKlass org/springframework/data/redis/connection/jedis/JedisClientUtils$$Lambda$997
instanceKlass redis/clients/jedis/Response
instanceKlass redis/clients/jedis/Queable
instanceKlass redis/clients/jedis/Builder
instanceKlass org/springframework/data/redis/connection/jedis/JedisClientUtils
instanceKlass org/springframework/data/redis/connection/jedis/JedisListCommands
instanceKlass org/springframework/data/redis/connection/Subscription
instanceKlass redis/clients/jedis/BinaryJedisPubSub
instanceKlass org/springframework/data/redis/connection/FutureResult
instanceKlass org/apache/commons/pool2/impl/BaseGenericObjectPool$IdentityWrapper
instanceKlass org/apache/commons/pool2/impl/NoOpCallStack
instanceKlass org/apache/commons/pool2/impl/CallStack
instanceKlass org/springframework/transaction/support/CallbackPreferringPlatformTransactionManager
instanceKlass com/zbkj/service/service/impl/UserServiceImpl$$Lambda$996
instanceKlass com/zbkj/service/service/impl/OrderServiceImpl$$Lambda$995
instanceKlass com/zbkj/service/service/impl/OrderServiceImpl$$Lambda$994
instanceKlass org/apache/commons/pool2/impl/DefaultPooledObject
instanceKlass com/zbkj/common/constants/OrderConstants
instanceKlass com/zbkj/service/service/impl/OrderServiceImpl$$Lambda$993
instanceKlass com/mysql/cj/protocol/result/AbstractResultsetRow$1
instanceKlass org/apache/ibatis/executor/keygen/Jdbc3KeyGenerator$$Lambda$992
instanceKlass org/apache/ibatis/executor/keygen/Jdbc3KeyGenerator$$Lambda$991
instanceKlass org/apache/ibatis/executor/keygen/Jdbc3KeyGenerator$$Lambda$989
instanceKlass org/apache/ibatis/executor/keygen/Jdbc3KeyGenerator$$Lambda$988
instanceKlass org/apache/ibatis/executor/keygen/Jdbc3KeyGenerator$$Lambda$990
instanceKlass org/apache/ibatis/executor/keygen/Jdbc3KeyGenerator$KeyAssigner
instanceKlass com/zbkj/service/service/impl/OrderServiceImpl$$Lambda$987
instanceKlass com/zbkj/service/service/impl/OrderServiceImpl$$Lambda$986
instanceKlass com/baomidou/mybatisplus/core/conditions/AbstractWrapper$$Lambda$984
instanceKlass com/zbkj/service/service/impl/OrderServiceImpl$$Lambda$985
instanceKlass cn/hutool/core/date/format/FastDateParser$StrategyAndWidth
instanceKlass com/mysql/cj/protocol/a/SqlTimestampValueEncoder$1
instanceKlass java/io/Console
instanceKlass cn/hutool/core/date/format/FastDateParser$StrategyParser
instanceKlass redis/clients/jedis/Protocol
instanceKlass com/mysql/cj/util/TimeUtil
instanceKlass org/springframework/boot/CommandLineRunner
instanceKlass cn/hutool/core/date/format/FastDateParser$1
instanceKlass org/springframework/boot/ApplicationRunner
instanceKlass io/micrometer/core/instrument/binder/tomcat/TomcatMetrics$$Lambda$983
instanceKlass io/micrometer/core/instrument/binder/tomcat/TomcatMetrics$$Lambda$982
instanceKlass io/micrometer/core/instrument/binder/tomcat/TomcatMetrics$$Lambda$981
instanceKlass io/micrometer/core/instrument/binder/tomcat/TomcatMetrics$$Lambda$980
instanceKlass io/micrometer/core/instrument/binder/tomcat/TomcatMetrics$$Lambda$979
instanceKlass io/micrometer/core/instrument/binder/tomcat/TomcatMetrics$$Lambda$978
instanceKlass io/micrometer/core/instrument/binder/tomcat/TomcatMetrics$$Lambda$977
instanceKlass io/micrometer/core/instrument/binder/tomcat/TomcatMetrics$$Lambda$976
instanceKlass com/baomidou/mybatisplus/core/MybatisDefaultParameterHandler$$Lambda$975
instanceKlass com/baomidou/mybatisplus/core/MybatisDefaultParameterHandler$$Lambda$974
instanceKlass com/baomidou/mybatisplus/core/MybatisDefaultParameterHandler$$Lambda$973
instanceKlass io/micrometer/core/instrument/binder/tomcat/TomcatMetrics$$Lambda$970
instanceKlass com/baomidou/mybatisplus/core/MybatisDefaultParameterHandler$$Lambda$972
instanceKlass com/baomidou/mybatisplus/core/MybatisDefaultParameterHandler$$Lambda$971
instanceKlass javax/management/NotificationBroadcasterSupport$ListenerInfo
instanceKlass com/sun/jmx/interceptor/DefaultMBeanServerInterceptor$ListenerWrapper
instanceKlass io/micrometer/core/instrument/binder/tomcat/TomcatMetrics$$Lambda$969
instanceKlass io/micrometer/core/instrument/binder/tomcat/TomcatMetrics$1
instanceKlass redis/clients/jedis/commands/ProtocolCommand
instanceKlass cn/hutool/core/date/format/FastDateParser$Strategy
instanceKlass io/micrometer/core/instrument/binder/tomcat/TomcatMetrics$$Lambda$968
instanceKlass org/apache/ibatis/reflection/ParamNameUtil$$Lambda$967
instanceKlass redis/clients/jedis/Connection
instanceKlass cn/hutool/core/util/ObjectUtil
instanceKlass org/apache/ibatis/reflection/ParamNameUtil
instanceKlass cn/hutool/core/date/format/FastDatePrinter$TwoDigitNumberField
instanceKlass cn/hutool/core/date/format/FastDatePrinter$TwoDigitMonthField
instanceKlass redis/clients/jedis/commands/Commands
instanceKlass cn/hutool/core/lang/Filter
instanceKlass cn/hutool/core/date/format/FastDatePrinter$CharacterLiteral
instanceKlass org/springframework/util/ConcurrentReferenceHashMap$EntryIterator
instanceKlass cn/hutool/core/lang/Editor
instanceKlass cn/hutool/core/collection/CollUtil$Hash
instanceKlass cn/hutool/core/date/format/FastDatePrinter$PaddedNumberField
instanceKlass cn/hutool/core/collection/CollUtil
instanceKlass com/zbkj/service/service/impl/SystemConfigServiceImpl$$Lambda$966
instanceKlass com/zbkj/service/service/impl/SystemConfigServiceImpl$$Lambda$964
instanceKlass com/zbkj/service/service/groupbuy/impl/GroupBuyRecordServiceImpl$$Lambda$965
instanceKlass org/springframework/beans/CachedIntrospectionResults$$Lambda$963
instanceKlass cn/hutool/core/date/format/FastDatePrinter$NumberRule
instanceKlass org/springframework/beans/CachedIntrospectionResults$$Lambda$962
instanceKlass org/springframework/beans/CachedIntrospectionResults$$Lambda$961
instanceKlass cn/hutool/core/date/format/FastDatePrinter$Rule
instanceKlass com/baomidou/mybatisplus/core/conditions/AbstractLambdaWrapper$$Lambda$960
instanceKlass java/lang/invoke/LambdaForm$DMH
instanceKlass com/zbkj/service/service/impl/SystemConfigServiceImpl$$Lambda$959
instanceKlass cn/hutool/core/date/format/AbstractDateBasic
instanceKlass com/zbkj/service/service/impl/SystemConfigServiceImpl$$Lambda$958
instanceKlass com/zbkj/service/service/impl/SystemConfigServiceImpl$$Lambda$957
instanceKlass org/apache/ibatis/plugin/Invocation
instanceKlass org/springframework/boot/web/embedded/tomcat/TomcatWebServer$$Lambda$956
instanceKlass org/springframework/boot/web/embedded/tomcat/TomcatWebServer$$Lambda$955
instanceKlass com/zbkj/service/service/impl/UserBrokerageRecordServiceImpl$$Lambda$953
instanceKlass org/springframework/boot/web/embedded/tomcat/TomcatWebServer$$Lambda$954
instanceKlass cn/hutool/core/date/format/FormatCache$MultipartKey
instanceKlass com/zbkj/common/constants/BrokerageRecordConstants
instanceKlass com/zbkj/service/service/impl/UserBrokerageRecordServiceImpl$$Lambda$952
instanceKlass com/zbkj/service/service/impl/UserBrokerageRecordServiceImpl$$Lambda$951
instanceKlass org/springframework/data/redis/core/RedisConnectionUtils
instanceKlass cn/hutool/core/lang/Assert
instanceKlass com/zbkj/service/service/impl/UserBrokerageRecordServiceImpl$$Lambda$950
instanceKlass org/springframework/data/redis/core/DefaultListOperations$$Lambda$948
instanceKlass org/springframework/data/redis/core/DefaultListOperations$$Lambda$947
instanceKlass org/springframework/data/redis/core/DefaultListOperations$$Lambda$945
instanceKlass org/springframework/data/redis/core/DefaultListOperations$$Lambda$949
instanceKlass org/springframework/data/redis/core/DefaultListOperations$$Lambda$946
instanceKlass org/springframework/data/redis/core/DefaultListOperations$$Lambda$944
instanceKlass com/zbkj/service/service/impl/MerchantBalanceRecordServiceImpl$$Lambda$943
instanceKlass com/zbkj/service/service/impl/MerchantBalanceRecordServiceImpl$$Lambda$942
instanceKlass com/zbkj/service/service/impl/MerchantBalanceRecordServiceImpl$$Lambda$941
instanceKlass com/zbkj/service/service/impl/MerchantBalanceRecordServiceImpl$$Lambda$940
instanceKlass org/apache/ibatis/plugin/Plugin$$Lambda$938
instanceKlass org/apache/ibatis/plugin/Plugin$$Lambda$939
instanceKlass org/apache/ibatis/plugin/Plugin$$Lambda$937
instanceKlass cn/hutool/core/date/format/FormatCache
instanceKlass org/apache/catalina/TrackedWebResource
instanceKlass com/fasterxml/jackson/databind/jsontype/TypeIdResolver
instanceKlass org/apache/catalina/webresources/AbstractResource
instanceKlass cn/hutool/core/util/CharUtil
instanceKlass org/apache/ibatis/plugin/Signature
instanceKlass org/apache/ibatis/plugin/Intercepts
instanceKlass com/zbkj/service/service/impl/UserServiceImpl$$Lambda$936
instanceKlass com/zbkj/service/service/impl/UserServiceImpl$$Lambda$935
instanceKlass com/zbkj/service/service/impl/UserServiceImpl$$Lambda$934
instanceKlass org/apache/jasper/servlet/JspCServletContext
instanceKlass com/zbkj/service/service/impl/UserIntegralRecordServiceImpl$$Lambda$933
instanceKlass com/zbkj/common/constants/IntegralRecordConstants
instanceKlass org/apache/ibatis/plugin/Plugin
instanceKlass com/fasterxml/jackson/databind/jsontype/TypeSerializer
instanceKlass com/zbkj/service/service/impl/UserIntegralRecordServiceImpl$$Lambda$932
instanceKlass com/zbkj/service/service/impl/UserIntegralRecordServiceImpl$$Lambda$931
instanceKlass com/zbkj/service/service/impl/UserIntegralRecordServiceImpl$$Lambda$930
instanceKlass com/zbkj/common/constants/CouponConstants
instanceKlass com/zbkj/service/service/impl/CouponUserServiceImpl$$Lambda$929
instanceKlass com/zbkj/service/service/groupbuy/impl/GroupBuyRecordServiceImpl$$Lambda$928
instanceKlass org/apache/jasper/compiler/Node$Visitor
instanceKlass org/apache/jasper/compiler/tagplugin/TagPluginContext
instanceKlass org/apache/jasper/compiler/TagPluginManager
instanceKlass org/springframework/cglib/reflect/FastClassEmitter$2
instanceKlass com/fasterxml/jackson/databind/jsontype/TypeDeserializer
instanceKlass com/fasterxml/jackson/databind/jsontype/impl/StdTypeResolverBuilder
instanceKlass com/fasterxml/jackson/databind/introspect/VisibilityChecker$1
instanceKlass org/apache/jasper/EmbeddedServletOptions
instanceKlass org/apache/jasper/Constants
instanceKlass java/text/CalendarBuilder
instanceKlass java/text/ParsePosition
instanceKlass cn/hutool/core/date/format/DateParser
instanceKlass cn/hutool/core/date/DateUtil
instanceKlass com/zbkj/common/utils/CrmebDateUtil
instanceKlass javax/servlet/SingleThreadModel
instanceKlass cn/hutool/core/util/StrUtil
instanceKlass org/springframework/boot/web/embedded/tomcat/TomcatEmbeddedContext$$Lambda$927
instanceKlass org/springframework/boot/web/embedded/tomcat/TomcatEmbeddedContext$$Lambda$926
instanceKlass org/springframework/boot/web/embedded/tomcat/TomcatEmbeddedContext$$Lambda$925
instanceKlass com/zbkj/admin/util/SpringBeanTaskUtil
instanceKlass org/springframework/boot/web/embedded/tomcat/TomcatEmbeddedContext$$Lambda$924
instanceKlass org/apache/coyote/AbstractProtocol$2
instanceKlass cn/hutool/core/date/SystemClock$2
instanceKlass org/apache/coyote/AbstractProtocol$1
instanceKlass cn/hutool/core/date/SystemClock$1
instanceKlass cn/hutool/core/date/SystemClock$InstanceHolder
instanceKlass cn/hutool/core/date/SystemClock
instanceKlass org/apache/tomcat/util/net/Acceptor
instanceKlass org/quartz/PersistJobDataAfterExecution
instanceKlass org/apache/tomcat/util/net/NioEndpoint$Poller
instanceKlass org/springframework/aop/interceptor/AsyncExecutionInterceptor$$Lambda$922
instanceKlass org/springframework/aop/interceptor/AsyncExecutionInterceptor$$Lambda$923
instanceKlass org/apache/tomcat/util/threads/ThreadPoolExecutor$RejectHandler
instanceKlass org/springframework/aop/framework/ReflectiveMethodInvocation
instanceKlass org/springframework/aop/ProxyMethodInvocation
instanceKlass java/nio/channels/spi/AbstractSelector$1
instanceKlass org/apache/tomcat/util/collections/SynchronizedQueue
instanceKlass org/quartz/impl/JobExecutionContextImpl
instanceKlass org/apache/tomcat/util/net/NioBlockingSelector
instanceKlass sun/nio/ch/OptionKey
instanceKlass sun/nio/ch/SocketOptionRegistry$LazyInitialization
instanceKlass sun/nio/ch/SocketOptionRegistry$RegistryKey
instanceKlass sun/nio/ch/SocketOptionRegistry
instanceKlass jdk/net/ExtendedSocketOptions$ExtSocketOption
instanceKlass jdk/net/ExtendedSocketOptions
instanceKlass jdk/net/SocketFlow
instanceKlass sun/net/ExtendedOptionsHelper
instanceKlass sun/net/ExtendedOptionsImpl$$Lambda$921
instanceKlass sun/net/ExtendedOptionsImpl
instanceKlass sun/nio/ch/ExtendedSocketOption$1
instanceKlass sun/nio/ch/ExtendedSocketOption
instanceKlass sun/nio/ch/SocketChannelImpl$DefaultOptionsHolder
instanceKlass java/net/StandardSocketOptions$StdSocketOption
instanceKlass java/net/SocketOption
instanceKlass java/net/StandardSocketOptions
instanceKlass sun/nio/ch/PipeImpl$Initializer$LoopbackConnector
instanceKlass sun/nio/ch/PipeImpl$Initializer
instanceKlass java/nio/channels/Pipe
instanceKlass sun/nio/ch/NativeObject
instanceKlass sun/nio/ch/PollArrayWrapper
instanceKlass sun/nio/ch/WindowsSelectorImpl$FinishLock
instanceKlass sun/nio/ch/WindowsSelectorImpl$StartLock
instanceKlass sun/nio/ch/WindowsSelectorImpl$SubSelector
instanceKlass org/springframework/beans/PropertyMatches
instanceKlass java/nio/channels/SelectionKey
instanceKlass sun/nio/ch/Util$3
instanceKlass org/springframework/beans/MutablePropertyValues$$Lambda$920
instanceKlass org/springframework/beans/PropertyAccessorFactory
instanceKlass java/nio/channels/Selector
instanceKlass org/springframework/scheduling/quartz/QuartzJobBean
instanceKlass java/net/Inet4AddressImpl
instanceKlass java/net/ServerSocket
instanceKlass sun/nio/ch/Net$3
instanceKlass sun/nio/ch/Net$4
instanceKlass sun/nio/ch/Net$1
instanceKlass java/net/ProtocolFamily
instanceKlass sun/nio/ch/Net
instanceKlass sun/nio/ch/SelChImpl
instanceKlass sun/nio/ch/DefaultSelectorProvider
instanceKlass java/nio/channels/spi/SelectorProvider$1
instanceKlass java/nio/channels/spi/SelectorProvider
instanceKlass org/quartz/JobExecutionContext
instanceKlass org/quartz/ExecuteInJTATransaction
instanceKlass org/springframework/context/support/LiveBeansView
instanceKlass org/springframework/context/support/LiveBeansViewMBean
instanceKlass org/quartz/spi/TriggerFiredBundle
instanceKlass org/quartz/impl/jdbcjobstore/JobStoreSupport$45
instanceKlass org/quartz/impl/jdbcjobstore/JobStoreSupport$44
instanceKlass org/springframework/boot/autoconfigure/condition/ConditionEvaluationReport$$Lambda$919
instanceKlass org/springframework/boot/autoconfigure/condition/ConditionEvaluationReport$$Lambda$918
instanceKlass org/quartz/impl/jdbcjobstore/JobStoreSupport$42
instanceKlass org/quartz/impl/jdbcjobstore/JobStoreSupport$41
instanceKlass org/quartz/impl/jdbcjobstore/JobStoreSupport$RecoverMisfiredJobsResult
instanceKlass org/quartz/SimpleTrigger
instanceKlass com/mysql/cj/protocol/a/NativeProtocol$$Lambda$917
instanceKlass org/quartz/utils/ClassUtils
instanceKlass org/quartz/utils/DirtyFlagMap$DirtyFlagMapEntry
instanceKlass org/quartz/utils/DirtyFlagMap$DirtyFlagIterator
instanceKlass org/quartz/utils/DirtyFlagMap$DirtyFlagCollection
instanceKlass java/util/HashMap$UnsafeHolder
instanceKlass java/io/ObjectInputStream$GetField
instanceKlass java/io/SerialCallbackContext
instanceKlass com/zbkj/admin/quartz/QuartzJob
instanceKlass org/quartz/impl/JobDetailImpl
instanceKlass com/mysql/cj/protocol/a/NumberValueEncoder$1
instanceKlass springfox/documentation/schema/Example
instanceKlass com/zbkj/common/response/SeckillTimeIntervalResponse
instanceKlass com/zbkj/common/response/SpreadUserResponse
instanceKlass com/fasterxml/classmate/AnnotationOverrides
instanceKlass com/zbkj/common/vo/PcQuickEntryLinksVo
instanceKlass com/zbkj/common/vo/wxvedioshop/audit/ShopAuditResultResponseVo$ItemData
instanceKlass com/zbkj/common/vo/wxvedioshop/audit/ShopAuditCategoryRequestItemDataVo
instanceKlass com/zbkj/common/vo/wxvedioshop/audit/ShopAuditCategoryRequestItemVo
instanceKlass com/zbkj/common/vo/wxvedioshop/audit/ShopAuditBrandRequestItemDataVo
instanceKlass com/zbkj/common/vo/wxvedioshop/audit/ShopAuditBrandRequestItemVo
instanceKlass com/zbkj/common/vo/wxvedioshop/register/RegisterSceneGroupList$RegisterSceneGroupExtList
instanceKlass com/zbkj/common/vo/wxvedioshop/register/RegisterSceneGroupList
instanceKlass com/zbkj/common/vo/wxvedioshop/register/RegisterCheckAccessInfoItemVo
instanceKlass com/zbkj/common/vo/wxvedioshop/register/RegisterCheckDataItemnVo
instanceKlass com/zbkj/common/response/PaidMemberCardResponse
instanceKlass com/zbkj/common/response/IntegralProductPageResponse
instanceKlass com/google/common/base/Predicates$1
instanceKlass com/zbkj/common/response/ArticleCategoryResponse
instanceKlass com/zbkj/common/response/ActivityStyleResponse
instanceKlass springfox/documentation/builders/ResourceListingBuilder
instanceKlass springfox/documentation/service/ApiListingReference
instanceKlass org/springframework/web/util/HierarchicalUriComponents$PathSegmentComponent
instanceKlass springfox/documentation/spring/web/scanners/ApiDocumentationScanner$2
instanceKlass springfox/documentation/spring/web/scanners/ApiDocumentationScanner$1
instanceKlass springfox/documentation/builders/DocumentationBuilder$1
instanceKlass springfox/documentation/builders/DocumentationBuilder
instanceKlass com/google/common/collect/Multimaps$AsMap$EntrySet$1
instanceKlass springfox/documentation/service/Tags$7
instanceKlass com/zbkj/common/response/ShippingTemplatesRegionResponse
instanceKlass com/fasterxml/jackson/annotation/JacksonInject$Value
instanceKlass java/io/FileFilter
instanceKlass com/google/common/base/Splitter$5
instanceKlass javax/validation/constraints/Size$List
instanceKlass com/zbkj/common/request/wxmplive/goods/WechatLiveGoodsInRoomResponse
instanceKlass com/zbkj/common/response/UserResponse
instanceKlass com/zbkj/common/response/ProductReplyResponse
instanceKlass com/zbkj/common/response/ProductGuaranteeGroupListResponse
instanceKlass javax/validation/constraints/DecimalMax$List
instanceKlass com/zbkj/common/request/ProductAttrValueReviewFreeEditRequest
instanceKlass com/zbkj/common/response/ProductTabsHeaderResponse
instanceKlass com/zbkj/common/response/AdminProductListResponse
instanceKlass springfox/documentation/service/AllowableRangeValues
instanceKlass com/zbkj/common/vo/LogisticsResultListVo
instanceKlass com/zbkj/common/request/MerchantOrderDirectRefundDetailRequest
instanceKlass springfox/documentation/schema/property/OptimizedModelPropertiesProvider$3
instanceKlass springfox/documentation/schema/property/OptimizedModelPropertiesProvider$5
instanceKlass com/zbkj/common/response/ProductRankingResponse
instanceKlass com/zbkj/common/request/groupbuy/GroupBuyActivitySkuRequest
instanceKlass com/zbkj/common/response/groupbuy/GroupBuyActivitySkuResponse
instanceKlass com/zbkj/common/response/groupbuy/GroupBuyActivityProductResponse
instanceKlass com/zbkj/common/response/groupbuy/GroupBuyUserInfo
instanceKlass com/zbkj/common/response/groupbuy/GroupBuyActivityRecordOnProcessItem
instanceKlass com/zbkj/common/response/groupbuy/GroupBuyActivityListHeaderCount
instanceKlass javax/validation/constraints/DecimalMin$List
instanceKlass com/zbkj/common/response/FundsFlowResponse
instanceKlass com/alibaba/fastjson/parser/deserializer/ParseProcess
instanceKlass com/alibaba/fastjson/parser/DefaultJSONParser
instanceKlass com/alibaba/fastjson/serializer/SerializeConfig
instanceKlass com/alibaba/fastjson/parser/ParserConfig
instanceKlass com/alibaba/fastjson/TypeReference
instanceKlass com/alibaba/fastjson/serializer/SerializeFilter
instanceKlass com/zbkj/common/validation/StringContainsValidator
instanceKlass com/zbkj/common/annotation/StringContains
instanceKlass com/zbkj/common/response/CouponUserResponse
instanceKlass com/zbkj/common/vo/CityVo
instanceKlass javax/validation/constraints/Max$List
instanceKlass javax/validation/OverridesAttribute
instanceKlass javax/validation/constraints/Min$List
instanceKlass com/google/common/collect/LinkedListMultimap$NodeIterator
instanceKlass springfox/documentation/swagger/readers/parameter/Examples
instanceKlass com/zbkj/common/vo/CategoryTreeVo
instanceKlass javax/validation/constraints/Pattern$List
instanceKlass org/hibernate/validator/constraints/Range$List
instanceKlass javax/validation/ReportAsSingleViolation
instanceKlass org/hibernate/validator/constraints/Range
instanceKlass com/zbkj/common/response/SystemAdminResponse
instanceKlass com/zbkj/common/response/CdkeyLibraryPageResponse
instanceKlass springfox/documentation/service/ApiListing$1
instanceKlass springfox/documentation/service/Tags$5
instanceKlass springfox/documentation/service/Tags$3
instanceKlass springfox/documentation/service/Tags$4
instanceKlass springfox/documentation/swagger/web/SwaggerApiListingReader$2
instanceKlass springfox/documentation/swagger/web/SwaggerApiListingReader$1
instanceKlass springfox/documentation/spring/web/scanners/ApiListingReader$1
instanceKlass springfox/documentation/service/Tags$6
instanceKlass springfox/documentation/builders/ApiListingBuilder
instanceKlass springfox/documentation/spring/web/scanners/ResourcePathProvider$1
instanceKlass springfox/documentation/spring/web/scanners/ResourcePathProvider
instanceKlass springfox/documentation/spring/web/scanners/ApiListingScanner$1
instanceKlass springfox/documentation/spring/web/scanners/ResourceGroups$1
instanceKlass org/hibernate/validator/constraints/Length$List
instanceKlass javax/validation/constraints/NotEmpty$List
instanceKlass javax/validation/constraints/NotNull$List
instanceKlass springfox/documentation/spring/web/readers/parameter/ModelAttributeParameterExpander$4
instanceKlass springfox/documentation/spring/web/readers/parameter/ModelAttributeParameterExpander$6
instanceKlass org/springframework/core/annotation/AnnotationUtils$$Lambda$916
instanceKlass springfox/documentation/spring/web/readers/parameter/ModelAttributeField$1
instanceKlass springfox/documentation/spring/web/readers/parameter/ModelAttributeParameterMetadataAccessor
instanceKlass springfox/documentation/spring/web/readers/parameter/ModelAttributeParameterExpander$5
instanceKlass springfox/documentation/spring/web/readers/parameter/ModelAttributeParameterExpander$7
instanceKlass com/google/common/base/Predicates$OrPredicate
instanceKlass springfox/documentation/spring/web/readers/parameter/ModelAttributeParameterExpander$10
instanceKlass springfox/documentation/spring/web/readers/parameter/ModelAttributeParameterExpander$12
instanceKlass springfox/documentation/spring/web/readers/parameter/ModelAttributeParameterExpander$11
instanceKlass springfox/documentation/spring/web/readers/parameter/ModelAttributeParameterExpander$9
instanceKlass springfox/documentation/spring/web/readers/parameter/ModelAttributeParameterExpander$8
instanceKlass springfox/documentation/spring/web/readers/parameter/ModelAttributeParameterExpander$2
instanceKlass springfox/documentation/spring/web/readers/parameter/ModelAttributeParameterExpander$3
instanceKlass springfox/documentation/spring/web/readers/parameter/ModelAttributeParameterExpander$13
instanceKlass springfox/documentation/spring/web/readers/parameter/ModelAttributeParameterExpander$1
instanceKlass springfox/documentation/spring/web/readers/parameter/ModelAttributeParameterExpander$14
instanceKlass springfox/documentation/spring/web/readers/parameter/ModelAttributeParameterExpander$15
instanceKlass springfox/documentation/spring/web/readers/parameter/ModelAttributeParameterExpander$16
instanceKlass org/springframework/data/domain/Page
instanceKlass org/springframework/data/domain/Slice
instanceKlass com/fasterxml/jackson/databind/introspect/AnnotationCollector$TwoAnnotations
instanceKlass springfox/documentation/swagger/schema/ApiModelProperties$9
instanceKlass springfox/documentation/swagger/schema/ApiModelProperties$3
instanceKlass springfox/documentation/swagger/schema/ApiModelProperties$7
instanceKlass springfox/documentation/swagger/schema/ApiModelProperties$8
instanceKlass springfox/documentation/swagger/schema/ApiModelProperties$6
instanceKlass springfox/documentation/swagger/schema/ApiModelProperties$4
instanceKlass springfox/documentation/swagger/schema/ApiModelProperties$2
instanceKlass springfox/documentation/service/AllowableListValues
instanceKlass springfox/documentation/swagger/schema/ApiModelProperties$1
instanceKlass springfox/documentation/swagger/schema/ApiModelProperties
instanceKlass javax/validation/constraints/NotBlank$List
instanceKlass com/fasterxml/jackson/databind/introspect/AnnotationCollector$OneAnnotation
instanceKlass com/fasterxml/jackson/annotation/JacksonAnnotationsInside
instanceKlass springfox/documentation/spring/web/paths/OperationPathDecorator$1
instanceKlass org/springframework/web/util/HierarchicalUriComponents$FullPathComponent
instanceKlass org/springframework/web/util/HierarchicalUriComponents$1
instanceKlass org/springframework/util/CollectionUtils$MultiValueMapAdapter
instanceKlass org/springframework/util/CollectionUtils$$Lambda$915
instanceKlass org/springframework/web/util/UriComponents$UriTemplateVariables
instanceKlass org/springframework/web/util/UriComponentsBuilder$FullPathComponentBuilder
instanceKlass org/springframework/web/util/UriComponentsBuilder$PathSegmentComponentBuilder
instanceKlass org/springframework/web/util/HierarchicalUriComponents$PathComponent
instanceKlass org/springframework/web/util/UriComponentsBuilder$CompositePathComponentBuilder
instanceKlass org/springframework/web/util/UriComponentsBuilder$PathComponentBuilder
instanceKlass org/springframework/web/util/UriComponents
instanceKlass springfox/documentation/spring/web/paths/PathMappingAdjuster
instanceKlass springfox/documentation/spring/web/paths/PathMappingDecorator$1
instanceKlass springfox/documentation/spring/web/paths/PathSanitizer$1
instanceKlass springfox/documentation/spring/web/plugins/DocumentationPluginsManager$2
instanceKlass springfox/documentation/spring/web/plugins/DocumentationPluginsManager$1
instanceKlass springfox/documentation/service/Operation$3
instanceKlass springfox/documentation/service/Operation$1
instanceKlass springfox/documentation/service/Operation$2
instanceKlass springfox/documentation/swagger/readers/operation/SwaggerOperationTagsReader$2
instanceKlass springfox/documentation/service/Tags$8
instanceKlass springfox/documentation/swagger/readers/operation/SwaggerOperationTagsReader$1
instanceKlass springfox/documentation/swagger/readers/operation/ResponseHeaders$2
instanceKlass springfox/documentation/swagger/readers/operation/ResponseHeaders$1
instanceKlass springfox/documentation/swagger/readers/operation/ResponseHeaders
instanceKlass springfox/documentation/swagger/readers/operation/OperationAuthReader$2
instanceKlass springfox/documentation/swagger/readers/operation/OperationAuthReader$1
instanceKlass springfox/documentation/spi/service/contexts/OperationContext$1
instanceKlass com/google/common/base/AbstractIterator$1
instanceKlass com/google/common/base/AbstractIterator
instanceKlass com/google/common/base/Splitter$1
instanceKlass com/google/common/base/CharMatcher
instanceKlass com/google/common/base/Splitter$Strategy
instanceKlass com/google/common/base/Splitter
instanceKlass springfox/documentation/swagger/readers/operation/VendorExtensionsReader$2
instanceKlass springfox/documentation/swagger/readers/operation/VendorExtensionsReader$1
instanceKlass springfox/documentation/builders/Parameters$1
instanceKlass springfox/documentation/spring/web/readers/operation/OperationParameterReader$1
instanceKlass springfox/documentation/spring/web/readers/parameter/ParameterTypeDeterminer
instanceKlass springfox/documentation/swagger/readers/parameter/ApiParamParameterBuilder$1
instanceKlass springfox/documentation/spring/web/readers/parameter/ParameterNameReader$5
instanceKlass springfox/documentation/spring/web/readers/parameter/ParameterNameReader$1
instanceKlass springfox/documentation/spring/web/readers/parameter/ParameterNameReader$2
instanceKlass springfox/documentation/spring/web/readers/parameter/ParameterNameReader$3
instanceKlass springfox/documentation/spring/web/readers/parameter/ParameterNameReader$4
instanceKlass org/springframework/web/bind/annotation/RequestHeader
instanceKlass springfox/documentation/spring/web/readers/operation/OperationParameterReader$2
instanceKlass springfox/documentation/spring/web/readers/operation/OperationParameterReader$3
instanceKlass springfox/documentation/builders/Parameters$2
instanceKlass springfox/documentation/builders/Parameters
instanceKlass springfox/documentation/builders/ParameterMerger
instanceKlass springfox/documentation/builders/OperationBuilder$1
instanceKlass springfox/documentation/builders/OperationBuilder
instanceKlass springfox/documentation/schema/DefaultModelDependencyProvider$1
instanceKlass springfox/documentation/schema/DefaultModelDependencyProvider$2
instanceKlass springfox/documentation/schema/DefaultModelDependencyProvider$3
instanceKlass com/fasterxml/jackson/annotation/JsonSubTypes
instanceKlass springfox/documentation/schema/DefaultModelProvider$1
instanceKlass com/google/common/util/concurrent/AbstractFuture$Failure
instanceKlass com/google/common/util/concurrent/AbstractFuture$Cancellation
instanceKlass com/google/common/util/concurrent/AbstractFuture$SetFuture
instanceKlass com/google/common/util/concurrent/Uninterruptibles
instanceKlass com/google/common/collect/SortedIterables
instanceKlass com/google/common/collect/SortedIterable
instanceKlass springfox/documentation/schema/property/OptimizedModelPropertiesProvider$1
instanceKlass springfox/documentation/schema/property/OptimizedModelPropertiesProvider$4
instanceKlass springfox/documentation/schema/ModelReferenceProvider
instanceKlass javax/xml/bind/annotation/XmlAttribute
instanceKlass springfox/documentation/schema/Enums
instanceKlass com/fasterxml/jackson/databind/PropertyMetadata
instanceKlass com/fasterxml/jackson/databind/introspect/POJOPropertyBuilder$7
instanceKlass com/fasterxml/jackson/databind/introspect/POJOPropertyBuilder$6
instanceKlass com/fasterxml/jackson/annotation/JsonPropertyDescription
instanceKlass com/fasterxml/jackson/databind/introspect/POJOPropertyBuilder$5
instanceKlass com/fasterxml/jackson/databind/introspect/POJOPropertyBuilder$4
instanceKlass springfox/documentation/builders/ModelPropertyBuilder
instanceKlass springfox/documentation/schema/property/BeanPropertyDefinitions$2
instanceKlass springfox/documentation/schema/Annotations
instanceKlass springfox/documentation/schema/property/BaseModelProperty
instanceKlass springfox/documentation/schema/property/ModelProperty
instanceKlass springfox/documentation/schema/property/OptimizedModelPropertiesProvider$2
instanceKlass springfox/documentation/schema/property/OptimizedModelPropertiesProvider$6
instanceKlass springfox/documentation/schema/property/bean/Accessors
instanceKlass springfox/documentation/schema/property/bean/AccessorsProvider$1
instanceKlass springfox/documentation/schema/property/BeanPropertyDefinitions$1
instanceKlass springfox/documentation/schema/property/BeanPropertyDefinitions
instanceKlass com/fasterxml/jackson/annotation/JsonPropertyOrder
instanceKlass com/fasterxml/jackson/databind/annotation/JsonNaming
instanceKlass com/fasterxml/jackson/databind/introspect/POJOPropertyBuilder$10
instanceKlass com/fasterxml/jackson/databind/introspect/POJOPropertyBuilder$9
instanceKlass com/fasterxml/jackson/annotation/JacksonInject
instanceKlass com/fasterxml/jackson/databind/type/TypeBindings$AsKey
instanceKlass com/fasterxml/jackson/databind/type/TypeBindings$TypeParamStash
instanceKlass com/fasterxml/jackson/annotation/JsonCreator
instanceKlass com/fasterxml/jackson/annotation/JsonSetter
instanceKlass com/fasterxml/jackson/databind/util/BeanUtil
instanceKlass com/fasterxml/jackson/annotation/JsonAnyGetter
instanceKlass com/fasterxml/jackson/databind/introspect/AnnotatedMethodMap
instanceKlass com/fasterxml/jackson/databind/introspect/AnnotatedMethodCollector$MethodBuilder
instanceKlass com/fasterxml/jackson/databind/introspect/MemberKey
instanceKlass com/zbkj/common/exception/BusinessExceptionAssert
instanceKlass com/zbkj/common/exception/Assert
instanceKlass com/fasterxml/jackson/databind/introspect/POJOPropertyBuilder$Linked
instanceKlass com/fasterxml/jackson/databind/AnnotationIntrospector$ReferenceProperty
instanceKlass com/fasterxml/jackson/databind/introspect/POJOPropertyBuilder$WithMember
instanceKlass com/fasterxml/jackson/annotation/JsonAutoDetect$1
instanceKlass com/fasterxml/jackson/annotation/JsonGetter
instanceKlass com/fasterxml/jackson/annotation/JsonAnySetter
instanceKlass com/fasterxml/jackson/databind/introspect/AnnotatedFieldCollector$FieldBuilder
instanceKlass com/fasterxml/jackson/databind/introspect/TypeResolutionContext$Basic
instanceKlass com/fasterxml/jackson/databind/introspect/AnnotationMap
instanceKlass com/fasterxml/jackson/databind/introspect/CollectorBase
instanceKlass com/fasterxml/jackson/annotation/JsonIdentityInfo
instanceKlass com/fasterxml/jackson/annotation/JsonAutoDetect
instanceKlass com/fasterxml/jackson/databind/introspect/POJOPropertiesCollector
instanceKlass com/fasterxml/jackson/databind/type/ClassStack
instanceKlass springfox/documentation/schema/Types
instanceKlass springfox/documentation/schema/Maps
instanceKlass springfox/documentation/schema/Collections
instanceKlass com/google/common/base/Stopwatch
instanceKlass com/google/common/util/concurrent/AbstractFuture$Waiter
instanceKlass com/google/common/util/concurrent/AbstractFuture$Listener
instanceKlass com/google/common/util/concurrent/AbstractFuture$UnsafeAtomicHelper$1
instanceKlass com/google/common/util/concurrent/AbstractFuture$AtomicHelper
instanceKlass com/google/common/util/concurrent/AbstractFuture
instanceKlass com/google/common/util/concurrent/ListenableFuture
instanceKlass com/google/common/cache/LocalCache$LoadingValueReference
instanceKlass io/swagger/annotations/ApiResponses
instanceKlass springfox/documentation/swagger/annotations/Annotations$1
instanceKlass springfox/documentation/swagger/annotations/Annotations
instanceKlass org/springframework/web/bind/annotation/RequestPart
instanceKlass springfox/documentation/builders/ModelBuilder
instanceKlass springfox/documentation/schema/ResolvedTypes$1
instanceKlass springfox/documentation/schema/ResolvedTypes
instanceKlass springfox/documentation/schema/WildcardType$1
instanceKlass springfox/documentation/spi/schema/AlternateTypeProvider$1
instanceKlass springfox/documentation/spring/web/readers/operation/HandlerMethodResolver$2
instanceKlass springfox/documentation/spi/service/contexts/Orderings$7
instanceKlass springfox/documentation/spi/service/contexts/Orderings$6
instanceKlass com/google/common/collect/AbstractMapBasedMultimap$KeySet$1
instanceKlass springfox/documentation/spring/web/scanners/ResourceGroups$2
instanceKlass springfox/documentation/spring/web/scanners/ResourceGroups
instanceKlass com/google/common/base/Functions
instanceKlass springfox/documentation/builders/ApiDescriptionBuilder
instanceKlass springfox/documentation/spi/service/contexts/OperationModelContextsBuilder
instanceKlass springfox/documentation/spring/web/paths/Paths
instanceKlass springfox/documentation/spring/web/ControllerNamingUtils
instanceKlass springfox/documentation/service/ResourceGroup
instanceKlass springfox/documentation/builders/RequestHandlerSelectors$4
instanceKlass springfox/documentation/builders/RequestHandlerSelectors$3
instanceKlass springfox/documentation/spi/service/contexts/DocumentationContextBuilder$1
instanceKlass springfox/documentation/spi/service/contexts/Orderings$9
instanceKlass springfox/documentation/spring/web/plugins/DefaultRequestHandlerCombiner$1
instanceKlass com/google/common/base/Predicates$InPredicate
instanceKlass com/google/common/base/ExtraObjectsMethodsForWeb
instanceKlass springfox/documentation/spring/web/plugins/PathAndParametersEquivalence$1
instanceKlass com/google/common/base/Platform$JdkPatternCompiler
instanceKlass com/google/common/base/PatternCompiler
instanceKlass com/google/common/base/Platform
instanceKlass com/google/common/base/Strings
instanceKlass springfox/documentation/spring/web/readers/operation/HandlerMethodResolver$3
instanceKlass springfox/documentation/spring/web/readers/operation/HandlerMethodResolver$7
instanceKlass springfox/documentation/spring/web/readers/operation/HandlerMethodResolver$4
instanceKlass springfox/documentation/spring/web/readers/operation/HandlerMethodResolver$5
instanceKlass org/springframework/web/bind/annotation/RequestBody
instanceKlass com/fasterxml/classmate/Annotations
instanceKlass com/fasterxml/classmate/util/MethodKey
instanceKlass com/fasterxml/classmate/ResolvedTypeWithMembers$AnnotationHandler
instanceKlass com/fasterxml/classmate/AnnotationConfiguration
instanceKlass com/fasterxml/classmate/ResolvedTypeWithMembers
instanceKlass com/fasterxml/classmate/members/HierarchicType
instanceKlass com/google/common/base/Equivalence$Wrapper
instanceKlass springfox/documentation/spring/web/plugins/DefaultRequestHandlerCombiner$2
instanceKlass com/google/common/collect/LinkedListMultimap$ValueForKeyIterator
instanceKlass com/google/common/collect/LinkedListMultimap$DistinctKeyIterator
instanceKlass com/google/common/collect/LinkedListMultimap$KeyList
instanceKlass org/springframework/util/MimeType$$Lambda$914
instanceKlass springfox/documentation/spring/web/plugins/DefaultRequestHandlerCombiner
instanceKlass springfox/documentation/swagger/common/SwaggerPluginSupport
instanceKlass springfox/documentation/spring/web/SpringGroupingStrategy
instanceKlass springfox/documentation/spring/web/paths/AbstractPathProvider
instanceKlass org/joda/time/DurationFieldType
instanceKlass org/joda/time/Chronology
instanceKlass springfox/documentation/schema/WildcardType
instanceKlass springfox/documentation/schema/AlternateTypeRules
instanceKlass com/fasterxml/classmate/util/ResolvedTypeKey
instanceKlass springfox/documentation/service/Tags$1
instanceKlass springfox/documentation/service/Tags$2
instanceKlass springfox/documentation/service/Tags
instanceKlass springfox/documentation/spring/web/plugins/DocumentationPluginsBootstrapper$1
instanceKlass springfox/documentation/spring/web/WebMvcRequestHandler
instanceKlass springfox/documentation/spring/web/plugins/WebMvcRequestHandlerProvider$2
instanceKlass springfox/documentation/spring/web/plugins/WebMvcRequestHandlerProvider$1
instanceKlass springfox/documentation/spi/service/contexts/Orderings$8
instanceKlass com/google/common/collect/MultitransformedIterator
instanceKlass com/google/common/collect/Iterables$13
instanceKlass springfox/documentation/spring/web/plugins/DocumentationPluginsBootstrapper$2
instanceKlass com/google/common/collect/TransformedIterator
instanceKlass springfox/documentation/spring/web/plugins/DuplicateGroupsDetector$1
instanceKlass springfox/documentation/spring/web/plugins/DuplicateGroupsDetector$2
instanceKlass com/google/common/collect/AbstractMapBasedMultimap$WrappedCollection$WrappedIterator
instanceKlass com/google/common/collect/AbstractMapBasedMultimap$AsMap$AsMapIterator
instanceKlass com/google/common/collect/MultimapBuilder$ArrayListSupplier
instanceKlass com/google/common/collect/MultimapBuilder$MultimapBuilderWithKeys
instanceKlass com/google/common/collect/MultimapBuilder
instanceKlass com/google/common/collect/ImmutableMultimap$Builder
instanceKlass com/google/common/collect/AbstractMultimap
instanceKlass com/google/common/collect/SortedSetMultimap
instanceKlass com/google/common/collect/SetMultimap
instanceKlass com/google/common/collect/Multimaps
instanceKlass springfox/documentation/spring/web/plugins/DuplicateGroupsDetector$3
instanceKlass springfox/documentation/spring/web/plugins/DuplicateGroupsDetector
instanceKlass springfox/documentation/spi/service/contexts/Orderings$11
instanceKlass springfox/documentation/spi/service/contexts/Orderings$10
instanceKlass org/springframework/context/support/DefaultLifecycleProcessor$LifecycleGroupMember
instanceKlass org/springframework/context/support/DefaultLifecycleProcessor$LifecycleGroup
instanceKlass java/lang/invoke/LambdaForm$MH
instanceKlass java/lang/invoke/LambdaForm$DMH
instanceKlass java/lang/invoke/LambdaForm$DMH
instanceKlass org/springframework/context/support/DefaultLifecycleProcessor$$Lambda$913
instanceKlass java/lang/invoke/LambdaForm$DMH
instanceKlass org/springframework/context/support/DefaultLifecycleProcessor
instanceKlass javax/servlet/descriptor/JspConfigDescriptor
instanceKlass org/springframework/context/expression/AnnotatedElementKey
instanceKlass org/springframework/context/event/ApplicationListenerMethodAdapter
instanceKlass org/springframework/transaction/event/TransactionalEventListener
instanceKlass org/springframework/context/event/EventListenerMethodProcessor$$Lambda$912
instanceKlass org/springframework/boot/actuate/autoconfigure/security/servlet/SecurityRequestMatchersManagementContextConfiguration$MvcRequestMatcherConfiguration$$Lambda$911
instanceKlass org/springframework/boot/autoconfigure/security/servlet/AntPathRequestMatcherProvider
instanceKlass org/springframework/boot/task/TaskSchedulerBuilder$$Lambda$910
instanceKlass org/springframework/boot/task/TaskSchedulerCustomizer
instanceKlass org/springframework/jdbc/core/namedparam/ParsedSql
instanceKlass org/springframework/jdbc/core/PreparedStatementCreatorFactory
instanceKlass org/springframework/jdbc/support/rowset/SqlRowSet
instanceKlass org/springframework/jdbc/core/RowCallbackHandler
instanceKlass org/springframework/jdbc/core/CallableStatementCallback
instanceKlass org/springframework/jdbc/core/ParameterizedPreparedStatementSetter
instanceKlass org/springframework/jdbc/support/KeyHolder
instanceKlass org/springframework/data/keyvalue/core/KeyValuePersistenceExceptionTranslator
instanceKlass org/springframework/data/redis/listener/RedisMessageListenerContainer$SubscriptionTask$SubscriptionPresentCondition
instanceKlass org/springframework/data/redis/listener/RedisMessageListenerContainer$Condition
instanceKlass org/springframework/data/redis/connection/MessageListener
instanceKlass org/springframework/data/redis/listener/RedisMessageListenerContainer$SubscriptionTask
instanceKlass org/springframework/scheduling/SchedulingAwareRunnable
instanceKlass org/springframework/data/redis/listener/RedisMessageListenerContainer
instanceKlass org/springframework/data/redis/core/RedisQueryEngine$RedisCriteriaAccessor
instanceKlass org/springframework/data/keyvalue/core/CriteriaAccessor
instanceKlass org/springframework/data/keyvalue/core/query/KeyValueQuery
instanceKlass org/springframework/data/redis/core/convert/IndexedDataFactoryProvider$IndexedDataFactory
instanceKlass org/springframework/data/redis/core/convert/IndexedDataFactoryProvider
instanceKlass org/springframework/data/redis/connection/RedisGeoCommands$GeoLocation
instanceKlass org/springframework/data/mapping/PropertyHandler
instanceKlass org/springframework/data/redis/core/convert/IndexedData
instanceKlass org/springframework/data/redis/core/convert/PathIndexResolver
instanceKlass org/springframework/data/mapping/context/AbstractMappingContext$$Lambda$909
instanceKlass org/springframework/data/spel/ExtensionAwareEvaluationContextProvider$$Lambda$908
instanceKlass org/springframework/data/spel/ExtensionAwareEvaluationContextProvider
instanceKlass org/springframework/data/redis/core/convert/KeyspaceConfiguration$KeyspaceSettings
instanceKlass org/springframework/data/redis/core/index/IndexDefinition
instanceKlass org/springframework/beans/factory/support/DefaultSingletonBeanRegistry$$Lambda$907
instanceKlass org/springframework/data/mapping/PropertyPath
instanceKlass org/springframework/data/mapping/PersistentPropertyPaths
instanceKlass org/springframework/boot/actuate/web/mappings/servlet/DispatcherServletHandlerMappings
instanceKlass org/springframework/boot/actuate/web/mappings/servlet/DispatcherServletsMappingDescriptionProvider$UrlHandlerMappingDescriptionProvider
instanceKlass org/springframework/boot/actuate/web/mappings/servlet/DispatcherServletsMappingDescriptionProvider$RequestMappingInfoHandlerMappingDescriptionProvider
instanceKlass org/springframework/boot/actuate/web/mappings/servlet/DispatcherServletsMappingDescriptionProvider$HandlerMappingDescriptionProvider
instanceKlass org/springframework/boot/autoconfigure/web/client/RestTemplateAutoConfiguration$$Lambda$906
instanceKlass org/springframework/boot/actuate/metrics/web/client/MetricsClientHttpRequestInterceptor
instanceKlass org/springframework/http/client/ClientHttpRequestInterceptor
instanceKlass org/springframework/boot/autoconfigure/web/client/RestTemplateAutoConfiguration$$Lambda$905
instanceKlass org/springframework/boot/web/client/RestTemplateRequestCustomizer
instanceKlass com/google/gson/ExclusionStrategy
instanceKlass org/springframework/boot/autoconfigure/gson/GsonAutoConfiguration$StandardGsonBuilderCustomizer$$Lambda$904
instanceKlass org/springframework/boot/autoconfigure/gson/GsonAutoConfiguration$StandardGsonBuilderCustomizer$$Lambda$903
instanceKlass org/springframework/boot/autoconfigure/gson/GsonAutoConfiguration$StandardGsonBuilderCustomizer$$Lambda$902
instanceKlass org/springframework/boot/autoconfigure/gson/GsonAutoConfiguration$StandardGsonBuilderCustomizer$$Lambda$901
instanceKlass org/springframework/boot/autoconfigure/gson/GsonAutoConfiguration$StandardGsonBuilderCustomizer$$Lambda$900
instanceKlass org/springframework/boot/autoconfigure/gson/GsonAutoConfiguration$StandardGsonBuilderCustomizer$$Lambda$899
instanceKlass org/springframework/boot/autoconfigure/gson/GsonAutoConfiguration$StandardGsonBuilderCustomizer$$Lambda$898
instanceKlass org/springframework/boot/autoconfigure/gson/GsonAutoConfiguration$StandardGsonBuilderCustomizer$$Lambda$897
instanceKlass org/springframework/boot/autoconfigure/gson/GsonAutoConfiguration$StandardGsonBuilderCustomizer$$Lambda$896
instanceKlass org/springframework/boot/autoconfigure/gson/GsonAutoConfiguration$StandardGsonBuilderCustomizer$$Lambda$895
instanceKlass org/springframework/boot/autoconfigure/gson/GsonAutoConfiguration$StandardGsonBuilderCustomizer$$Lambda$894
instanceKlass org/springframework/boot/autoconfigure/gson/GsonAutoConfiguration$StandardGsonBuilderCustomizer$$Lambda$893
instanceKlass org/springframework/boot/autoconfigure/gson/GsonAutoConfiguration$StandardGsonBuilderCustomizer$$Lambda$892
instanceKlass org/springframework/boot/autoconfigure/gson/GsonAutoConfiguration$StandardGsonBuilderCustomizer$$Lambda$891
instanceKlass org/springframework/boot/autoconfigure/gson/GsonAutoConfiguration$StandardGsonBuilderCustomizer$$Lambda$890
instanceKlass org/springframework/boot/autoconfigure/gson/GsonAutoConfiguration$StandardGsonBuilderCustomizer$$Lambda$889
instanceKlass org/springframework/boot/autoconfigure/gson/GsonAutoConfiguration$StandardGsonBuilderCustomizer$$Lambda$888
instanceKlass org/springframework/boot/context/properties/PropertyMapper$Source$$Lambda$887
instanceKlass org/springframework/boot/autoconfigure/gson/GsonAutoConfiguration$StandardGsonBuilderCustomizer$$Lambda$886
instanceKlass org/springframework/boot/autoconfigure/gson/GsonAutoConfiguration$StandardGsonBuilderCustomizer$$Lambda$885
instanceKlass org/springframework/boot/autoconfigure/gson/GsonAutoConfiguration$StandardGsonBuilderCustomizer$$Lambda$884
instanceKlass org/springframework/boot/autoconfigure/gson/GsonAutoConfiguration$StandardGsonBuilderCustomizer$$Lambda$883
instanceKlass org/springframework/boot/autoconfigure/gson/GsonAutoConfiguration$StandardGsonBuilderCustomizer$$Lambda$882
instanceKlass org/springframework/boot/autoconfigure/gson/GsonAutoConfiguration$$Lambda$881
instanceKlass org/springframework/boot/actuate/metrics/jdbc/DataSourcePoolMetrics$CachingDataSourcePoolMetadataProvider
instanceKlass org/springframework/boot/actuate/metrics/jdbc/DataSourcePoolMetrics
instanceKlass org/springframework/boot/actuate/autoconfigure/metrics/jdbc/DataSourcePoolMetricsAutoConfiguration$DataSourcePoolMetadataMetricsConfiguration$$Lambda$880
instanceKlass org/springframework/boot/actuate/endpoint/web/PathMappedEndpoints$$Lambda$879
instanceKlass org/springframework/boot/actuate/endpoint/web/PathMappedEndpoints$$Lambda$878
instanceKlass org/springframework/boot/actuate/health/AbstractHealthAggregator
instanceKlass org/springframework/boot/actuate/autoconfigure/health/AutoConfiguredReactiveHealthContributorRegistry$$Lambda$877
instanceKlass org/springframework/boot/actuate/autoconfigure/health/AutoConfiguredReactiveHealthContributorRegistry$$Lambda$876
instanceKlass org/springframework/boot/actuate/health/CompositeHealthContributorReactiveAdapter
instanceKlass org/springframework/boot/actuate/health/CompositeReactiveHealthContributor
instanceKlass org/springframework/boot/actuate/health/HealthIndicatorReactiveAdapter
instanceKlass org/springframework/boot/actuate/health/ReactiveHealthIndicator
instanceKlass org/springframework/boot/actuate/autoconfigure/health/ReactiveHealthEndpointConfiguration$$Lambda$875
instanceKlass org/springframework/boot/actuate/autoconfigure/health/ReactiveHealthEndpointConfiguration$$Lambda$874
instanceKlass org/springframework/boot/actuate/autoconfigure/web/servlet/ServletManagementContextAutoConfiguration$$Lambda$873
instanceKlass org/springframework/data/redis/core/types/RedisClientInfo
instanceKlass org/springframework/data/redis/core/script/DefaultScriptExecutor
instanceKlass org/springframework/core/serializer/DefaultDeserializer
instanceKlass org/springframework/core/serializer/Deserializer
instanceKlass org/springframework/core/serializer/support/DeserializingConverter
instanceKlass org/springframework/core/serializer/DefaultSerializer
instanceKlass org/springframework/core/serializer/Serializer
instanceKlass org/springframework/core/serializer/support/SerializingConverter
instanceKlass org/springframework/data/redis/serializer/JdkSerializationRedisSerializer
instanceKlass org/springframework/data/redis/core/BulkMapper
instanceKlass org/springframework/data/redis/core/query/SortQuery
instanceKlass org/springframework/data/redis/core/script/RedisScript
instanceKlass org/springframework/data/redis/connection/SortParameters
instanceKlass org/springframework/data/redis/core/SessionCallback
instanceKlass org/springframework/data/redis/core/StreamObjectMapper$1
instanceKlass org/springframework/data/convert/DefaultTypeMapper$$Lambda$872
instanceKlass org/springframework/data/mapping/Alias
instanceKlass org/springframework/data/mapping/context/AbstractMappingContext$$Lambda$871
instanceKlass org/springframework/data/convert/MappingContextTypeInformationMapper
instanceKlass org/springframework/data/convert/SimpleTypeInformationMapper
instanceKlass org/springframework/data/convert/TypeInformationMapper
instanceKlass org/springframework/data/convert/CustomConversions$$Lambda$870
instanceKlass org/springframework/data/redis/core/convert/DefaultRedisTypeMapper$BucketTypeAliasAccessor
instanceKlass org/springframework/data/convert/TypeAliasAccessor
instanceKlass org/springframework/data/convert/DefaultTypeMapper
instanceKlass org/springframework/data/convert/ClassGeneratingEntityInstantiator$ObjectInstantiator
instanceKlass org/springframework/data/convert/ClassGeneratingEntityInstantiator$ObjectInstantiatorClassGenerator
instanceKlass org/springframework/data/convert/ClassGeneratingEntityInstantiator
instanceKlass org/springframework/data/convert/EntityInstantiator
instanceKlass org/springframework/data/convert/EntityInstantiators
instanceKlass org/springframework/util/comparator/NullSafeComparator
instanceKlass org/springframework/data/redis/hash/ObjectHashMapper$NoOpReferenceResolver
instanceKlass org/springframework/data/redis/hash/ObjectHashMapper$NoOpIndexResolver
instanceKlass org/springframework/data/redis/core/mapping/RedisMappingContext$ConfigAwareTimeToLiveAccessor
instanceKlass org/springframework/data/redis/core/mapping/RedisMappingContext$ConfigAwareKeySpaceResolver
instanceKlass org/springframework/data/mapping/context/PersistentPropertyPathFactory$$Lambda$869
instanceKlass org/springframework/data/mapping/PersistentPropertyPath
instanceKlass org/springframework/data/mapping/context/PersistentPropertyPathFactory
instanceKlass org/springframework/data/spel/EvaluationContextProvider$$Lambda$868
instanceKlass org/springframework/data/mapping/model/ClassGeneratingPropertyAccessorFactory$$Lambda$867
instanceKlass org/springframework/data/mapping/model/ClassGeneratingPropertyAccessorFactory
instanceKlass java/util/WeakHashMap$HashIterator
instanceKlass org/springframework/data/util/Streamable$$Lambda$866
instanceKlass org/springframework/data/convert/ConverterBuilder$ConverterAware
instanceKlass org/springframework/data/convert/ConverterBuilder$WritingConverterAware
instanceKlass org/springframework/data/convert/ConverterBuilder$ReadingConverterAware
instanceKlass org/springframework/data/convert/ConverterBuilder
instanceKlass org/springframework/data/convert/ReadingConverter
instanceKlass org/springframework/data/convert/WritingConverter
instanceKlass org/springframework/data/convert/CustomConversions$$Lambda$865
instanceKlass org/springframework/data/convert/CustomConversions$ConverterRegistration
instanceKlass org/springframework/data/convert/CustomConversions$$Lambda$864
instanceKlass org/springframework/data/convert/CustomConversions$$Lambda$863
instanceKlass org/springframework/data/convert/CustomConversions$$Lambda$862
instanceKlass org/springframework/data/convert/CustomConversions$$Lambda$861
instanceKlass org/springframework/data/convert/CustomConversions$ConversionTargetsCache
instanceKlass org/springframework/data/convert/CustomConversions$StoreConversions
instanceKlass org/springframework/data/mapping/model/SimpleTypeHolder$$Lambda$860
instanceKlass org/springframework/data/redis/core/convert/Jsr310Converters
instanceKlass org/springframework/data/redis/core/convert/BinaryConverters
instanceKlass org/springframework/data/redis/core/convert/BinaryConverters$BytesToEnumConverterFactory
instanceKlass org/springframework/data/redis/core/convert/BinaryConverters$BytesToNumberConverterFactory
instanceKlass org/springframework/data/redis/core/convert/BinaryConverters$StringBasedConverter
instanceKlass org/springframework/data/convert/ThreeTenBackPortConverters
instanceKlass org/springframework/data/convert/Jsr310Converters
instanceKlass org/springframework/data/convert/JodaTimeConverters
instanceKlass org/springframework/data/redis/hash/ObjectHashMapper
instanceKlass org/springframework/data/redis/core/StreamObjectMapper
instanceKlass org/springframework/data/redis/connection/stream/MapRecord
instanceKlass org/springframework/data/redis/connection/stream/Record
instanceKlass org/springframework/data/redis/core/Cursor
instanceKlass org/springframework/data/redis/core/ZSetOperations$TypedTuple
instanceKlass org/springframework/data/redis/core/AbstractOperations
instanceKlass org/springframework/data/redis/serializer/StringRedisSerializer
instanceKlass org/springframework/boot/autoconfigure/data/redis/JedisClientConfigurationBuilderCustomizer
instanceKlass io/lettuce/core/resource/SocketAddressResolver
instanceKlass io/netty/util/internal/ThreadExecutorMap$2
instanceKlass io/netty/util/concurrent/SingleThreadEventExecutor$4
instanceKlass io/netty/util/concurrent/AbstractEventExecutor$LazyRunnable
instanceKlass io/lettuce/core/event/metrics/DefaultCommandLatencyEventPublisher$$Lambda$859
instanceKlass java/lang/invoke/LambdaForm$DMH
instanceKlass io/lettuce/core/event/Event
instanceKlass io/lettuce/core/event/metrics/DefaultCommandLatencyEventPublisher
instanceKlass io/lettuce/core/metrics/DefaultCommandLatencyCollector$$Lambda$858
instanceKlass io/lettuce/core/metrics/CommandLatencyId
instanceKlass io/lettuce/core/protocol/LettuceCharsets
instanceKlass io/lettuce/core/protocol/ProtocolKeyword
instanceKlass io/lettuce/core/metrics/DefaultCommandLatencyCollector$DefaultPauseDetectorWrapper
instanceKlass io/lettuce/core/metrics/DefaultCommandLatencyCollector$PauseDetectorWrapper$1
instanceKlass org/HdrHistogram/EncodableHistogram
instanceKlass org/HdrHistogram/ValueRecorder
instanceKlass io/lettuce/core/internal/LettuceClassUtils
instanceKlass io/lettuce/core/metrics/DefaultCommandLatencyCollector$PauseDetectorWrapper
instanceKlass io/lettuce/core/metrics/DefaultCommandLatencyCollector$Latencies
instanceKlass io/lettuce/core/metrics/DefaultCommandLatencyCollector
instanceKlass io/lettuce/core/metrics/CommandLatencyCollector
instanceKlass io/lettuce/core/metrics/MetricCollector
instanceKlass reactor/util/concurrent/MpscLinkedQueue$LinkedQueueNode
instanceKlass reactor/util/concurrent/Queues$$Lambda$857
instanceKlass reactor/util/concurrent/Queues$$Lambda$856
instanceKlass reactor/util/concurrent/Queues$$Lambda$855
instanceKlass reactor/util/concurrent/Queues$$Lambda$854
instanceKlass reactor/util/concurrent/Queues$$Lambda$853
instanceKlass reactor/util/concurrent/Queues$$Lambda$852
instanceKlass reactor/util/concurrent/Queues$$Lambda$851
instanceKlass reactor/util/concurrent/Queues$ZeroQueue
instanceKlass reactor/util/concurrent/Queues
instanceKlass reactor/core/publisher/FluxCreate$SerializedSink
instanceKlass reactor/core/publisher/Operators$1
instanceKlass reactor/core/Fuseable$ConditionalSubscriber
instanceKlass reactor/core/publisher/OnNextFailureStrategy
instanceKlass reactor/core/publisher/Operators
instanceKlass reactor/util/context/Context0
instanceKlass reactor/util/context/CoreContext
instanceKlass reactor/util/context/Context
instanceKlass reactor/core/Disposables$AlwaysDisposable
instanceKlass reactor/core/Disposable$Composite
instanceKlass reactor/core/Disposable$Swap
instanceKlass reactor/core/Disposables
instanceKlass reactor/core/publisher/OperatorDisposables
instanceKlass reactor/core/publisher/FluxCreate$1
instanceKlass reactor/core/publisher/DirectProcessor$DirectInner
instanceKlass reactor/core/publisher/InnerProducer
instanceKlass reactor/core/publisher/Flux$$Lambda$850
instanceKlass java/lang/invoke/LambdaForm$DMH
instanceKlass reactor/core/publisher/Flux$$Lambda$849
instanceKlass java/lang/invoke/LambdaForm$DMH
instanceKlass java/lang/invoke/LambdaForm$DMH
instanceKlass reactor/core/publisher/Flux$$Lambda$848
instanceKlass reactor/core/publisher/Flux$$Lambda$847
instanceKlass reactor/core/publisher/Flux$$Lambda$846
instanceKlass reactor/util/function/Tuple2
instanceKlass reactor/util/function/Tuples
instanceKlass reactor/core/publisher/FluxSink
instanceKlass reactor/core/scheduler/Scheduler$Worker
instanceKlass reactor/core/scheduler/DelegateServiceScheduler
instanceKlass reactor/util/Loggers$Slf4JLogger
instanceKlass reactor/util/Logger
instanceKlass reactor/util/Loggers$Slf4JLoggerFactory
instanceKlass reactor/util/Loggers$LoggerFactory
instanceKlass reactor/util/Loggers
instanceKlass reactor/core/scheduler/Schedulers$1
instanceKlass reactor/core/scheduler/Schedulers$$Lambda$845
instanceKlass reactor/core/scheduler/Schedulers$$Lambda$844
instanceKlass reactor/core/scheduler/Schedulers$$Lambda$843
instanceKlass reactor/core/scheduler/Schedulers$$Lambda$842
instanceKlass reactor/core/scheduler/Schedulers$$Lambda$841
instanceKlass reactor/core/scheduler/Schedulers$$Lambda$840
instanceKlass reactor/core/scheduler/Schedulers$$Lambda$839
instanceKlass reactor/core/scheduler/Schedulers$$Lambda$838
instanceKlass reactor/core/scheduler/Schedulers$$Lambda$837
instanceKlass reactor/core/scheduler/Schedulers$Factory
instanceKlass reactor/core/scheduler/Scheduler
instanceKlass reactor/core/scheduler/Schedulers
instanceKlass io/lettuce/core/event/DefaultEventBus
instanceKlass io/netty/util/concurrent/FastThreadLocalRunnable
instanceKlass io/netty/util/internal/shaded/org/jctools/util/UnsafeRefArrayAccess
instanceKlass io/netty/util/internal/shaded/org/jctools/util/Pow2
instanceKlass io/netty/util/internal/shaded/org/jctools/util/RangeUtil
instanceKlass io/netty/util/internal/shaded/org/jctools/util/UnsafeAccess
instanceKlass io/netty/util/internal/PlatformDependent$Mpsc$1
instanceKlass io/netty/util/internal/PlatformDependent$Mpsc
instanceKlass io/netty/util/internal/PlatformDependent$4
instanceKlass io/netty/util/internal/CleanerJava6$1
instanceKlass io/netty/util/internal/CleanerJava6
instanceKlass io/netty/util/internal/PlatformDependent$2
instanceKlass io/netty/util/internal/PlatformDependent$1
instanceKlass sun/misc/VMNotification
instanceKlass io/netty/util/internal/PlatformDependent0$5
instanceKlass io/netty/util/internal/PlatformDependent0$4
instanceKlass io/netty/util/internal/PlatformDependent0$3
instanceKlass io/netty/util/internal/PlatformDependent0$2
instanceKlass io/netty/util/internal/ReflectionUtil
instanceKlass io/netty/util/internal/PlatformDependent0$1
instanceKlass io/netty/util/internal/PlatformDependent0
instanceKlass io/netty/util/internal/PlatformDependent$ThreadLocalRandomProvider
instanceKlass io/netty/util/internal/Cleaner
instanceKlass io/netty/util/internal/shaded/org/jctools/queues/SupportsIterator
instanceKlass io/netty/util/internal/shaded/org/jctools/queues/QueueProgressIndicators
instanceKlass io/netty/util/internal/shaded/org/jctools/queues/IndexedQueueSizeUtil$IndexedQueue
instanceKlass io/netty/util/internal/LongCounter
instanceKlass io/netty/util/internal/shaded/org/jctools/queues/MessagePassingQueue
instanceKlass io/netty/util/internal/PlatformDependent
instanceKlass io/netty/util/HashedWheelTimer$HashedWheelBucket
instanceKlass io/netty/util/HashedWheelTimer$Worker
instanceKlass javax/security/cert/Certificate
instanceKlass io/netty/util/AsciiString
instanceKlass io/netty/util/internal/EmptyArrays
instanceKlass io/netty/util/ResourceLeak
instanceKlass io/netty/util/ResourceLeakTracker
instanceKlass io/netty/util/ResourceLeakDetector
instanceKlass io/netty/util/ResourceLeakDetectorFactory
instanceKlass io/netty/util/Timeout
instanceKlass io/netty/util/HashedWheelTimer
instanceKlass io/netty/util/concurrent/MultithreadEventExecutorGroup$1
instanceKlass io/netty/util/concurrent/DefaultEventExecutorChooserFactory$GenericEventExecutorChooser
instanceKlass io/netty/util/internal/ThreadExecutorMap$1
instanceKlass io/netty/util/internal/ThreadExecutorMap$3
instanceKlass io/netty/util/internal/UnpaddedInternalThreadLocalMap
instanceKlass io/netty/util/concurrent/FastThreadLocal
instanceKlass io/netty/util/internal/ThreadExecutorMap
instanceKlass io/netty/util/internal/StringUtil
instanceKlass io/netty/util/concurrent/GlobalEventExecutor$TaskRunner
instanceKlass io/netty/util/concurrent/GlobalEventExecutor$1
instanceKlass io/netty/util/concurrent/PromiseTask$SentinelRunnable
instanceKlass io/netty/util/internal/PriorityQueueNode
instanceKlass io/netty/util/internal/ThrowableUtil
instanceKlass io/netty/util/concurrent/DefaultPromise$CauseHolder
instanceKlass io/netty/util/concurrent/AbstractFuture
instanceKlass io/netty/util/concurrent/EventExecutorChooserFactory$EventExecutorChooser
instanceKlass io/netty/util/concurrent/DefaultEventExecutorChooserFactory
instanceKlass io/netty/util/concurrent/ThreadPerTaskExecutor
instanceKlass io/netty/util/concurrent/RejectedExecutionHandlers$1
instanceKlass io/netty/util/concurrent/RejectedExecutionHandlers
instanceKlass io/netty/util/concurrent/RejectedExecutionHandler
instanceKlass io/netty/util/concurrent/SingleThreadEventExecutor$1
instanceKlass io/netty/util/concurrent/AbstractScheduledEventExecutor$2
instanceKlass io/netty/util/concurrent/AbstractScheduledEventExecutor$1
instanceKlass io/netty/util/concurrent/ThreadProperties
instanceKlass io/netty/util/internal/PriorityQueue
instanceKlass io/netty/util/concurrent/ScheduledFuture
instanceKlass io/netty/util/concurrent/ProgressivePromise
instanceKlass io/netty/util/concurrent/ProgressiveFuture
instanceKlass io/netty/util/concurrent/OrderedEventExecutor
instanceKlass me/chanjar/weixin/common/api/WxMessageInMemoryDuplicateCheckerSingleton$$Lambda$836
instanceKlass io/netty/util/concurrent/DefaultThreadFactory
instanceKlass io/netty/util/concurrent/EventExecutorChooserFactory
instanceKlass io/netty/util/concurrent/FutureListener
instanceKlass io/netty/util/concurrent/GenericFutureListener
instanceKlass io/netty/util/concurrent/AbstractEventExecutorGroup
instanceKlass io/lettuce/core/resource/DefaultEventLoopGroupProvider
instanceKlass io/lettuce/core/tracing/NoOpTracing$1
instanceKlass io/lettuce/core/tracing/Tracing$Endpoint
instanceKlass io/lettuce/core/tracing/TracerProvider
instanceKlass io/lettuce/core/tracing/TraceContextProvider
instanceKlass io/lettuce/core/tracing/Tracing
instanceKlass io/lettuce/core/internal/LettuceAssert
instanceKlass io/lettuce/core/event/DefaultEventPublisherOptions$Builder
instanceKlass io/lettuce/core/event/DefaultEventPublisherOptions
instanceKlass io/lettuce/core/metrics/DefaultCommandLatencyCollectorOptions$Builder
instanceKlass io/lettuce/core/metrics/CommandLatencyCollectorOptions$Builder
instanceKlass io/lettuce/core/metrics/DefaultCommandLatencyCollectorOptions
instanceKlass io/lettuce/core/event/EventPublisherOptions
instanceKlass io/lettuce/core/metrics/CommandLatencyCollectorOptions
instanceKlass io/netty/util/internal/SystemPropertyUtil
instanceKlass io/lettuce/core/resource/DefaultClientResources$$Lambda$835
instanceKlass io/lettuce/core/resource/Delay$StatefulDelay
instanceKlass io/lettuce/core/resource/Delay
instanceKlass io/netty/util/internal/ObjectUtil
instanceKlass io/netty/util/internal/logging/AbstractInternalLogger
instanceKlass io/netty/util/internal/logging/InternalLogger
instanceKlass io/netty/util/internal/logging/InternalLoggerFactory
instanceKlass java/time/Duration$1
instanceKlass org/springframework/boot/convert/DurationStyle$Unit$$Lambda$834
instanceKlass org/springframework/boot/convert/DurationStyle$Unit$$Lambda$833
instanceKlass org/springframework/boot/convert/DurationStyle$Unit$$Lambda$832
instanceKlass org/springframework/boot/convert/DurationStyle$Unit$$Lambda$831
instanceKlass org/springframework/boot/convert/DurationStyle$Unit$$Lambda$830
instanceKlass org/springframework/boot/convert/DurationStyle$Unit$$Lambda$829
instanceKlass org/springframework/boot/convert/DurationStyle$Unit$$Lambda$828
instanceKlass org/springframework/boot/convert/DurationFormat
instanceKlass javax/servlet/AsyncContext
instanceKlass com/github/pagehelper/util/PageObjectUtil
instanceKlass com/github/pagehelper/dialect/AbstractDialect
instanceKlass com/github/pagehelper/Constant
instanceKlass com/github/pagehelper/page/PageAutoDialect
instanceKlass com/github/pagehelper/page/PageParams
instanceKlass com/github/pagehelper/page/PageMethod
instanceKlass com/github/pagehelper/Dialect
instanceKlass com/github/pagehelper/cache/GuavaCache
instanceKlass com/github/pagehelper/util/StringUtil
instanceKlass com/github/pagehelper/cache/Cache
instanceKlass com/github/pagehelper/cache/CacheFactory
instanceKlass com/github/pagehelper/PageInterceptor
instanceKlass org/mybatis/spring/boot/autoconfigure/ConfigurationCustomizer
instanceKlass org/springframework/web/servlet/view/ContentNegotiatingViewResolver$1
instanceKlass javax/servlet/jsp/jstl/core/Config
instanceKlass org/springframework/web/servlet/view/AbstractCachingViewResolver$$Lambda$827
instanceKlass org/springframework/web/servlet/view/AbstractCachingViewResolver$CacheFilter
instanceKlass java/lang/invoke/LambdaForm$DMH
instanceKlass org/springframework/web/servlet/view/AbstractCachingViewResolver$1
instanceKlass org/springframework/web/servlet/view/ViewResolverComposite
instanceKlass org/springframework/web/servlet/config/annotation/UrlBasedViewResolverRegistration
instanceKlass org/springframework/web/servlet/handler/HandlerExceptionResolverComposite
instanceKlass org/springframework/web/method/annotation/ExceptionHandlerMethodResolver$$Lambda$826
instanceKlass org/springframework/web/method/annotation/ExceptionHandlerMethodResolver
instanceKlass org/springframework/web/servlet/function/ServerRequest
instanceKlass org/springframework/web/servlet/handler/SimpleUrlHandlerMapping$$Lambda$825
instanceKlass org/springframework/web/servlet/resource/ResourceHttpRequestHandler$$Lambda$824
instanceKlass org/springframework/web/servlet/resource/DefaultResourceTransformerChain
instanceKlass org/springframework/web/servlet/resource/DefaultResourceResolverChain
instanceKlass org/springframework/web/servlet/resource/AbstractResourceResolver
instanceKlass org/springframework/web/servlet/resource/ResourceResolver
instanceKlass org/springframework/web/servlet/resource/ResourceTransformerChain
instanceKlass org/springframework/web/HttpRequestHandler
instanceKlass org/springframework/web/servlet/function/ServerResponse
instanceKlass java/util/stream/ReduceOps$2ReducingSink
instanceKlass org/springframework/web/servlet/function/support/RouterFunctionMapping$$Lambda$823
instanceKlass org/springframework/boot/autoconfigure/web/servlet/WebMvcAutoConfiguration$EnableWebMvcConfiguration$$Lambda$822
instanceKlass org/springframework/boot/autoconfigure/web/servlet/WebMvcAutoConfiguration$EnableWebMvcConfiguration$$Lambda$821
instanceKlass org/springframework/web/servlet/mvc/method/annotation/ViewNameMethodReturnValueHandler
instanceKlass org/springframework/web/servlet/mvc/method/annotation/AsyncTaskMethodReturnValueHandler
instanceKlass org/springframework/util/concurrent/ListenableFutureCallback
instanceKlass org/springframework/util/concurrent/FailureCallback
instanceKlass org/springframework/util/concurrent/SuccessCallback
instanceKlass org/springframework/web/servlet/mvc/method/annotation/DeferredResultMethodReturnValueHandler
instanceKlass org/springframework/web/servlet/mvc/method/annotation/CallableMethodReturnValueHandler
instanceKlass org/springframework/web/servlet/mvc/method/annotation/HttpHeadersReturnValueHandler
instanceKlass org/springframework/web/servlet/mvc/method/annotation/StreamingResponseBodyReturnValueHandler
instanceKlass org/springframework/web/servlet/mvc/method/annotation/ResponseBodyEmitter
instanceKlass org/springframework/web/servlet/mvc/method/annotation/ReactiveTypeHandler
instanceKlass org/springframework/web/servlet/mvc/method/annotation/ResponseBodyEmitter$Handler
instanceKlass org/springframework/web/servlet/mvc/method/annotation/ResponseBodyEmitterReturnValueHandler
instanceKlass org/springframework/web/servlet/mvc/method/annotation/ViewMethodReturnValueHandler
instanceKlass org/springframework/web/servlet/mvc/method/annotation/ModelAndViewMethodReturnValueHandler
instanceKlass org/springframework/web/servlet/mvc/method/annotation/UriComponentsBuilderMethodArgumentResolver
instanceKlass org/springframework/web/method/annotation/SessionStatusMethodArgumentResolver
instanceKlass org/springframework/web/method/annotation/ErrorsMethodArgumentResolver
instanceKlass org/springframework/web/method/annotation/MapMethodProcessor
instanceKlass org/springframework/web/method/annotation/ModelMethodProcessor
instanceKlass org/springframework/web/servlet/mvc/support/RedirectAttributes
instanceKlass org/springframework/ui/Model
instanceKlass org/springframework/web/servlet/mvc/method/annotation/RedirectAttributesMethodArgumentResolver
instanceKlass org/springframework/web/servlet/mvc/method/annotation/ServletResponseMethodArgumentResolver
instanceKlass javax/servlet/http/PushBuilder
instanceKlass org/springframework/web/servlet/mvc/method/annotation/ServletRequestMethodArgumentResolver
instanceKlass org/springframework/web/method/annotation/RequestHeaderMapMethodArgumentResolver
instanceKlass org/springframework/web/accept/ContentNegotiationManager$$Lambda$820
instanceKlass org/springframework/core/io/support/ResourceRegion
instanceKlass org/springframework/web/servlet/mvc/method/annotation/AbstractMessageConverterMethodArgumentResolver
instanceKlass org/springframework/validation/DataBinder
instanceKlass org/springframework/web/servlet/mvc/method/annotation/MatrixVariableMapMethodArgumentResolver
instanceKlass org/springframework/web/servlet/mvc/method/annotation/PathVariableMapMethodArgumentResolver
instanceKlass org/springframework/web/method/annotation/RequestParamMapMethodArgumentResolver
instanceKlass org/springframework/web/method/annotation/AbstractNamedValueMethodArgumentResolver$NamedValueInfo
instanceKlass org/springframework/web/method/annotation/AbstractNamedValueMethodArgumentResolver
instanceKlass org/springframework/web/servlet/mvc/method/annotation/RequestResponseBodyAdviceChain
instanceKlass org/springframework/web/bind/annotation/InitBinder
instanceKlass org/springframework/core/MethodIntrospector$$Lambda$819
instanceKlass org/springframework/web/method/HandlerTypePredicate$Builder$$Lambda$818
instanceKlass org/springframework/web/method/HandlerTypePredicate$Builder$$Lambda$817
instanceKlass org/springframework/web/method/HandlerTypePredicate$Builder$$Lambda$816
instanceKlass org/springframework/web/method/HandlerTypePredicate$Builder
instanceKlass org/springframework/web/method/HandlerTypePredicate
instanceKlass org/springframework/web/method/ControllerAdviceBean$$Lambda$815
instanceKlass com/google/common/collect/Platform
instanceKlass com/google/common/collect/ImmutableCollection$Builder
instanceKlass com/google/common/base/Predicates$InstanceOfPredicate
instanceKlass org/springframework/web/method/support/HandlerMethodReturnValueHandlerComposite
instanceKlass org/springframework/web/method/support/HandlerMethodArgumentResolverComposite
instanceKlass org/springframework/http/CacheControl
instanceKlass org/springframework/web/method/annotation/SessionAttributesHandler
instanceKlass org/springframework/web/method/ControllerAdviceBean
instanceKlass org/springframework/web/method/annotation/ModelFactory
instanceKlass org/springframework/web/servlet/mvc/method/annotation/AbstractMappingJacksonResponseBodyAdvice
instanceKlass org/springframework/web/servlet/mvc/method/annotation/RequestBodyAdviceAdapter
instanceKlass org/springframework/web/servlet/mvc/method/annotation/RequestBodyAdvice
instanceKlass org/springframework/data/web/PageableDefault
instanceKlass org/springframework/data/web/config/SpringDataWebConfiguration$$Lambda$814
instanceKlass org/springframework/data/domain/AbstractPageRequest
instanceKlass org/springframework/web/method/support/ModelAndViewContainer
instanceKlass org/springframework/data/web/config/SpringDataWebConfiguration$$Lambda$813
instanceKlass org/springframework/data/web/SortDefault
instanceKlass org/springframework/data/web/SortDefault$SortDefaults
instanceKlass org/springframework/data/domain/Sort$Order
instanceKlass org/springframework/data/domain/Sort
instanceKlass org/springframework/security/web/method/annotation/CsrfTokenArgumentResolver
instanceKlass org/springframework/security/web/method/annotation/CurrentSecurityContextArgumentResolver
instanceKlass org/springframework/security/web/bind/support/AuthenticationPrincipalArgumentResolver
instanceKlass org/springframework/security/web/method/annotation/AuthenticationPrincipalArgumentResolver
instanceKlass com/jayway/jsonpath/internal/ParseContextImpl
instanceKlass com/jayway/jsonpath/ParseContext
instanceKlass com/jayway/jsonpath/JsonPath
instanceKlass com/jayway/jsonpath/internal/Utils
instanceKlass net/minidev/json/reader/JsonWriter$WriterByInterface
instanceKlass net/minidev/json/reader/JsonWriter$18
instanceKlass net/minidev/json/reader/JsonWriter$17
instanceKlass net/minidev/json/reader/JsonWriter$16
instanceKlass net/minidev/json/reader/JsonWriter$15
instanceKlass net/minidev/json/reader/JsonWriter$14
instanceKlass net/minidev/json/reader/JsonWriter$13
instanceKlass net/minidev/json/reader/JsonWriter$12
instanceKlass net/minidev/json/reader/JsonWriter$11
instanceKlass net/minidev/json/reader/JsonWriter$10
instanceKlass net/minidev/json/reader/JsonWriter$9
instanceKlass net/minidev/json/reader/JsonWriter$8
instanceKlass net/minidev/json/reader/ArrayWriter
instanceKlass net/minidev/json/reader/BeansWriter
instanceKlass net/minidev/asm/FieldFilter
instanceKlass net/minidev/json/reader/BeansWriterASM
instanceKlass net/minidev/json/reader/JsonWriter$7
instanceKlass net/minidev/json/reader/JsonWriter$6
instanceKlass net/minidev/json/reader/JsonWriter$5
instanceKlass net/minidev/json/reader/JsonWriter$4
instanceKlass net/minidev/json/reader/JsonWriter$3
instanceKlass net/minidev/json/reader/JsonWriter$2
instanceKlass net/minidev/json/reader/JsonWriter$1
instanceKlass net/minidev/json/reader/JsonWriterI
instanceKlass net/minidev/json/reader/JsonWriter
instanceKlass net/minidev/json/JStylerObj$Escape4Web
instanceKlass net/minidev/json/JStylerObj$EscapeLT
instanceKlass net/minidev/json/JStylerObj$MPAgressive
instanceKlass net/minidev/json/JStylerObj$MPTrue
instanceKlass net/minidev/json/JStylerObj$MPSimple
instanceKlass net/minidev/json/JStylerObj
instanceKlass net/minidev/json/JStylerObj$StringProtector
instanceKlass net/minidev/json/JStylerObj$MustProtect
instanceKlass net/minidev/json/JSONStyle
instanceKlass net/minidev/json/JSONValue
instanceKlass com/jayway/jsonpath/spi/json/AbstractJsonProvider
instanceKlass com/jayway/jsonpath/spi/mapper/JsonSmartMappingProvider$1
instanceKlass net/minidev/json/JSONStreamAwareEx
instanceKlass net/minidev/json/JSONStreamAware
instanceKlass net/minidev/json/JSONAwareEx
instanceKlass net/minidev/json/JSONAware
instanceKlass net/minidev/json/writer/JsonReader
instanceKlass net/minidev/json/writer/JsonReaderI
instanceKlass com/jayway/jsonpath/spi/mapper/JsonSmartMappingProvider
instanceKlass com/jayway/jsonpath/spi/json/JsonProvider
instanceKlass com/jayway/jsonpath/internal/DefaultsImpl
instanceKlass com/jayway/jsonpath/Configuration$ConfigurationBuilder
instanceKlass com/jayway/jsonpath/Configuration$Defaults
instanceKlass com/jayway/jsonpath/Configuration
instanceKlass com/jayway/jsonpath/spi/mapper/JacksonMappingProvider
instanceKlass org/springframework/data/web/JsonProjectingMethodInterceptorFactory
instanceKlass com/jayway/jsonpath/spi/mapper/MappingProvider
instanceKlass org/springframework/data/web/config/SpringDataWebConfiguration$$Lambda$812
instanceKlass com/jayway/jsonpath/DocumentContext
instanceKlass com/jayway/jsonpath/WriteContext
instanceKlass com/jayway/jsonpath/ReadContext
instanceKlass org/springframework/boot/autoconfigure/web/servlet/WebMvcAutoConfiguration$WebMvcAutoConfigurationAdapter$$Lambda$811
instanceKlass org/springframework/web/bind/support/DefaultSessionAttributeStore
instanceKlass org/springframework/web/context/request/async/DeferredResultProcessingInterceptor
instanceKlass org/springframework/util/ConcurrencyThrottleSupport
instanceKlass org/springframework/web/servlet/mvc/method/annotation/RequestMappingHandlerAdapter$$Lambda$810
instanceKlass org/springframework/web/servlet/mvc/method/annotation/RequestMappingHandlerAdapter$$Lambda$809
instanceKlass org/springframework/boot/autoconfigure/validation/ValidatorAdapter
instanceKlass org/springframework/validation/beanvalidation/LocalValidatorFactoryBean$$Lambda$808
instanceKlass java/lang/invoke/LambdaForm$DMH
instanceKlass org/springframework/validation/beanvalidation/LocalValidatorFactoryBean$1
instanceKlass org/springframework/validation/beanvalidation/SpringConstraintValidatorFactory
instanceKlass org/springframework/validation/beanvalidation/LocaleContextMessageInterpolator
instanceKlass javax/validation/ConstraintViolation
instanceKlass org/springframework/boot/validation/MessageInterpolatorFactory
instanceKlass org/springframework/boot/task/TaskExecutorBuilder$$Lambda$807
instanceKlass org/springframework/boot/autoconfigure/task/TaskExecutionAutoConfiguration$$Lambda$806
instanceKlass org/springframework/boot/task/TaskExecutorCustomizer
instanceKlass cn/binarywang/wx/miniapp/message/WxMaMessageRouterRule
instanceKlass me/chanjar/weixin/common/api/WxMessageInMemoryDuplicateCheckerSingleton$WxMessageInnerClass
instanceKlass me/chanjar/weixin/common/api/WxMessageInMemoryDuplicateCheckerSingleton$$Lambda$805
instanceKlass me/chanjar/weixin/common/api/WxMessageInMemoryDuplicateCheckerSingleton
instanceKlass me/chanjar/weixin/common/util/LogExceptionHandler
instanceKlass me/chanjar/weixin/common/util/res/StringManager
instanceKlass me/chanjar/weixin/common/session/InternalSession
instanceKlass me/chanjar/weixin/common/session/StandardSessionManager
instanceKlass me/chanjar/weixin/common/session/InternalSessionManager
instanceKlass com/google/common/util/concurrent/ThreadFactoryBuilder$1
instanceKlass java/util/concurrent/Executors$DefaultThreadFactory
instanceKlass com/google/common/util/concurrent/ThreadFactoryBuilder
instanceKlass org/springframework/security/web/servlet/support/csrf/CsrfRequestDataValueProcessor
instanceKlass org/springframework/security/web/access/DefaultWebInvocationPrivilegeEvaluator
instanceKlass org/springframework/security/web/firewall/StrictHttpFirewall$$Lambda$804
instanceKlass javax/servlet/ServletRequestWrapper
instanceKlass org/springframework/security/web/firewall/StrictHttpFirewall
instanceKlass org/springframework/security/web/FilterChainProxy$NullFilterChainValidator
instanceKlass org/springframework/security/web/FilterChainProxy$FilterChainValidator
instanceKlass org/springframework/security/web/DefaultSecurityFilterChain
instanceKlass org/springframework/security/web/SecurityFilterChain
instanceKlass org/springframework/security/web/access/expression/WebExpressionVoter
instanceKlass org/springframework/security/web/access/expression/WebExpressionConfigAttribute
instanceKlass org/springframework/security/web/access/expression/ExpressionBasedFilterInvocationSecurityMetadataSource$$Lambda$803
instanceKlass org/springframework/security/web/access/expression/AbstractVariableEvaluationContextPostProcessor
instanceKlass org/springframework/security/web/access/expression/EvaluationContextPostProcessor
instanceKlass org/springframework/security/web/access/intercept/DefaultFilterInvocationSecurityMetadataSource
instanceKlass org/springframework/security/web/util/matcher/OrRequestMatcher
instanceKlass org/springframework/security/web/authentication/logout/CompositeLogoutHandler
instanceKlass org/springframework/security/web/util/UrlUtils
instanceKlass org/springframework/security/web/authentication/AbstractAuthenticationTargetUrlRequestHandler
instanceKlass org/springframework/security/web/authentication/logout/LogoutSuccessEventPublishingLogoutHandler
instanceKlass org/springframework/security/web/servletapi/HttpServlet3RequestFactory
instanceKlass org/springframework/security/web/DefaultRedirectStrategy
instanceKlass org/springframework/security/web/RedirectStrategy
instanceKlass org/springframework/security/web/authentication/SimpleUrlAuthenticationFailureHandler
instanceKlass org/springframework/security/web/PortMapperImpl
instanceKlass org/springframework/security/web/PortMapper
instanceKlass org/springframework/security/web/PortResolverImpl
instanceKlass org/springframework/security/web/PortResolver
instanceKlass org/springframework/security/web/savedrequest/HttpSessionRequestCache
instanceKlass org/springframework/security/web/access/ExceptionTranslationFilter$DefaultThrowableAnalyzer$$Lambda$802
instanceKlass org/springframework/security/web/util/ThrowableAnalyzer$$Lambda$801
instanceKlass org/springframework/security/web/util/ThrowableAnalyzer$$Lambda$800
instanceKlass org/springframework/security/web/util/ThrowableAnalyzer$$Lambda$799
instanceKlass org/springframework/security/web/util/ThrowableCauseExtractor
instanceKlass org/springframework/security/web/access/AccessDeniedHandlerImpl
instanceKlass org/springframework/security/web/util/ThrowableAnalyzer
instanceKlass org/springframework/security/config/annotation/web/configurers/DefaultLoginPageConfigurer$$Lambda$798
instanceKlass org/springframework/security/web/authentication/WebAuthenticationDetailsSource
instanceKlass org/springframework/security/authentication/AuthenticationDetailsSource
instanceKlass org/springframework/security/authentication/AnonymousAuthenticationProvider
instanceKlass org/springframework/security/web/authentication/session/CompositeSessionAuthenticationStrategy
instanceKlass org/springframework/security/web/savedrequest/NullRequestCache
instanceKlass org/springframework/security/web/context/NullSecurityContextRepository
instanceKlass org/springframework/security/config/annotation/web/builders/WebSecurity$$Lambda$797
instanceKlass org/springframework/security/config/annotation/web/configuration/WebSecurityConfigurerAdapter$$Lambda$796
instanceKlass org/springframework/security/config/annotation/web/configurers/AbstractConfigAttributeRequestMatcherRegistry$UrlMapping
instanceKlass org/springframework/security/access/SecurityConfig
instanceKlass org/springframework/security/config/annotation/web/configurers/ExpressionUrlAuthorizationConfigurer$AuthorizedUrl
instanceKlass org/springframework/security/web/util/matcher/AntPathRequestMatcher$SubpathMatcher
instanceKlass org/springframework/security/config/annotation/web/AbstractRequestMatcherRegistry$RequestMatchers
instanceKlass org/springframework/security/web/access/intercept/FilterInvocationSecurityMetadataSource
instanceKlass org/springframework/security/web/authentication/logout/SecurityContextLogoutHandler
instanceKlass org/springframework/security/web/authentication/logout/LogoutSuccessHandler
instanceKlass org/springframework/security/web/authentication/ui/DefaultLogoutPageGeneratingFilter$$Lambda$795
instanceKlass org/springframework/security/web/util/matcher/AntPathRequestMatcher$SpringAntMatcher
instanceKlass org/springframework/security/web/util/matcher/AntPathRequestMatcher$Matcher
instanceKlass org/springframework/security/web/util/matcher/AntPathRequestMatcher
instanceKlass org/springframework/security/web/util/matcher/RequestVariablesExtractor
instanceKlass org/springframework/security/web/authentication/ui/DefaultLoginPageGeneratingFilter$$Lambda$794
instanceKlass org/springframework/security/web/servletapi/HttpServletRequestFactory
instanceKlass org/springframework/security/core/authority/SimpleGrantedAuthority
instanceKlass org/springframework/security/core/GrantedAuthority
instanceKlass org/springframework/security/core/authority/AuthorityUtils
instanceKlass org/springframework/security/web/context/SecurityContextRepository
instanceKlass org/springframework/security/web/authentication/session/AbstractSessionFixationProtectionStrategy$NullEventPublisher
instanceKlass org/springframework/security/web/authentication/session/AbstractSessionFixationProtectionStrategy
instanceKlass org/springframework/security/web/authentication/AuthenticationFailureHandler
instanceKlass org/springframework/security/web/session/SessionInformationExpiredStrategy
instanceKlass org/springframework/security/core/session/SessionRegistry
instanceKlass org/springframework/security/web/session/InvalidSessionStrategy
instanceKlass org/springframework/security/config/annotation/web/configurers/HeadersConfigurer$FeaturePolicyConfig
instanceKlass org/springframework/security/config/annotation/web/configurers/HeadersConfigurer$ReferrerPolicyConfig
instanceKlass org/springframework/security/config/annotation/web/configurers/HeadersConfigurer$ContentSecurityPolicyConfig
instanceKlass org/springframework/security/config/annotation/web/configurers/HeadersConfigurer$HpkpConfig
instanceKlass org/springframework/security/web/header/writers/frameoptions/XFrameOptionsHeaderWriter
instanceKlass org/springframework/security/config/annotation/web/configurers/HeadersConfigurer$FrameOptionsConfig
instanceKlass org/springframework/security/web/header/writers/HstsHeaderWriter$SecureRequestMatcher
instanceKlass org/springframework/security/web/header/writers/HstsHeaderWriter
instanceKlass org/springframework/security/config/annotation/web/configurers/HeadersConfigurer$HstsConfig
instanceKlass org/springframework/security/web/header/writers/CacheControlHeadersWriter
instanceKlass org/springframework/security/config/annotation/web/configurers/HeadersConfigurer$CacheControlConfig
instanceKlass org/springframework/security/web/header/writers/XXssProtectionHeaderWriter
instanceKlass org/springframework/security/config/annotation/web/configurers/HeadersConfigurer$XXssConfig
instanceKlass org/springframework/security/web/header/Header
instanceKlass org/springframework/security/web/header/writers/StaticHeadersWriter
instanceKlass org/springframework/security/web/header/HeaderWriter
instanceKlass org/springframework/security/config/annotation/web/configurers/HeadersConfigurer$ContentTypeOptionsConfig
instanceKlass org/springframework/security/web/savedrequest/RequestCache
instanceKlass org/springframework/security/web/csrf/CsrfFilter$DefaultRequiresCsrfMatcher
instanceKlass org/springframework/security/web/csrf/HttpSessionCsrfTokenRepository
instanceKlass org/springframework/security/web/csrf/CsrfToken
instanceKlass org/springframework/security/web/csrf/LazyCsrfTokenRepository
instanceKlass org/springframework/security/config/annotation/SecurityConfigurerAdapter$CompositeObjectPostProcessor
instanceKlass org/springframework/security/web/authentication/logout/LogoutHandler
instanceKlass org/springframework/security/web/csrf/CsrfTokenRepository
instanceKlass org/springframework/security/web/authentication/session/SessionAuthenticationStrategy
instanceKlass org/springframework/security/config/annotation/web/builders/FilterComparator$Step
instanceKlass org/springframework/security/config/annotation/web/builders/FilterComparator
instanceKlass org/springframework/security/config/annotation/web/configuration/WebSecurityConfigurerAdapter$UserDetailsServiceDelegator
instanceKlass org/springframework/security/authentication/ProviderManager$NullEventPublisher
instanceKlass org/springframework/security/web/firewall/HttpFirewall
instanceKlass org/springframework/security/web/util/matcher/AnyRequestMatcher
instanceKlass org/springframework/security/config/annotation/web/AbstractRequestMatcherRegistry
instanceKlass org/springframework/security/config/annotation/web/builders/WebSecurity$$Lambda$793
instanceKlass org/springframework/expression/spel/CodeFlow
instanceKlass org/springframework/expression/spel/ast/MethodReference$CachedMethodExecutor
instanceKlass org/springframework/expression/spel/support/ReflectiveMethodExecutor
instanceKlass org/springframework/expression/spel/support/ReflectionHelper$ArgumentsMatchInfo
instanceKlass org/springframework/expression/spel/support/ReflectionHelper
instanceKlass org/springframework/expression/spel/support/ReflectiveMethodResolver$$Lambda$792
instanceKlass org/springframework/expression/MethodExecutor
instanceKlass org/springframework/expression/spel/support/ReflectiveMethodResolver
instanceKlass org/springframework/expression/MethodResolver
instanceKlass org/springframework/expression/spel/ast/MethodReference$MethodValueRef
instanceKlass org/springframework/expression/spel/ExpressionState
instanceKlass org/springframework/expression/common/TemplateAwareExpressionParser$Bracket
instanceKlass org/springframework/security/authentication/ProviderManager
instanceKlass java/util/concurrent/ThreadPoolExecutor$CallerRunsPolicy
instanceKlass springfox/documentation/schema/AlternateTypeRule
instanceKlass springfox/documentation/builders/PathSelectors$1
instanceKlass springfox/documentation/service/SecurityReference
instanceKlass springfox/documentation/service/AuthorizationScope
instanceKlass springfox/documentation/spi/service/contexts/SecurityContextBuilder
instanceKlass springfox/documentation/spi/service/contexts/SecurityContext
instanceKlass com/google/common/primitives/Ints
instanceKlass com/google/common/collect/AbstractIterator$1
instanceKlass com/google/common/collect/Iterators$2
instanceKlass com/google/common/collect/PeekingIterator
instanceKlass com/google/common/collect/Iterators
instanceKlass com/google/common/collect/Iterables
instanceKlass springfox/documentation/service/SecurityScheme$1
instanceKlass springfox/documentation/service/SecurityScheme
instanceKlass springfox/documentation/spring/web/plugins/ApiSelectorBuilder$1
instanceKlass springfox/documentation/builders/PathSelectors$2
instanceKlass springfox/documentation/builders/RequestHandlerSelectors$5
instanceKlass springfox/documentation/spring/web/plugins/ApiSelectorBuilder
instanceKlass springfox/documentation/builders/ApiInfoBuilder
instanceKlass springfox/documentation/builders/PathSelectors
instanceKlass com/google/common/base/Predicates$AndPredicate
instanceKlass springfox/documentation/builders/RequestHandlerSelectors$1
instanceKlass com/google/common/base/Predicates$NotPredicate
instanceKlass com/google/common/base/CommonPattern
instanceKlass com/google/common/base/Predicates
instanceKlass springfox/documentation/builders/RequestHandlerSelectors$2
instanceKlass springfox/documentation/builders/RequestHandlerSelectors
instanceKlass springfox/documentation/schema/DefaultGenericTypeNamingStrategy
instanceKlass springfox/documentation/spring/web/PropertySourcedRequestMappingHandlerMapping$1
instanceKlass springfox/documentation/spring/web/PropertySourcedMapping
instanceKlass springfox/documentation/spring/web/json/Json
instanceKlass springfox/documentation/swagger2/configuration/Swagger2JacksonModule$PropertyExampleSerializerMixin
instanceKlass io/swagger/models/ExternalDocs
instanceKlass springfox/documentation/swagger2/configuration/Swagger2JacksonModule$ResponseSerializer
instanceKlass io/swagger/models/Response
instanceKlass io/swagger/models/SecurityRequirement
instanceKlass springfox/documentation/swagger2/configuration/Swagger2JacksonModule$CustomizedSwaggerSerializer
instanceKlass springfox/documentation/swagger/web/UiConfiguration
instanceKlass springfox/documentation/swagger/web/SecurityConfiguration
instanceKlass springfox/documentation/swagger2/web/Swagger2Controller
instanceKlass springfox/documentation/schema/ClassSupport
instanceKlass springfox/documentation/swagger/web/SwaggerResource
instanceKlass springfox/documentation/builders/ParameterBuilder
instanceKlass io/swagger/annotations/ApiParam
instanceKlass io/swagger/annotations/ApiResponse
instanceKlass springfox/documentation/schema/ModelRef
instanceKlass javax/xml/bind/annotation/XmlType
instanceKlass javax/xml/bind/annotation/XmlRootElement
instanceKlass springfox/documentation/schema/AlternateTypeRuleConvention
instanceKlass springfox/documentation/PathProvider
instanceKlass springfox/documentation/spi/service/contexts/Orderings$3
instanceKlass springfox/documentation/spi/service/contexts/Orderings$4
instanceKlass springfox/documentation/spi/service/contexts/Orderings$5
instanceKlass com/google/common/collect/ObjectArrays
instanceKlass springfox/documentation/spi/service/contexts/Orderings$1
instanceKlass springfox/documentation/spi/service/contexts/Orderings$2
instanceKlass springfox/documentation/spi/service/contexts/Orderings
instanceKlass springfox/documentation/builders/BuilderDefaults
instanceKlass com/google/common/collect/Lists
instanceKlass springfox/documentation/builders/ResponseMessageBuilder
instanceKlass springfox/documentation/service/ResponseMessage
instanceKlass org/springframework/web/util/UriComponentsBuilder
instanceKlass com/google/common/collect/Sets
instanceKlass org/springframework/boot/actuate/endpoint/web/servlet/ControllerEndpointHandlerMapping$$Lambda$791
instanceKlass org/springframework/boot/actuate/endpoint/web/servlet/ControllerEndpointHandlerMapping$$Lambda$790
instanceKlass org/springframework/boot/actuate/endpoint/web/servlet/WebMvcEndpointHandlerMapping$WebMvcLinksHandler
instanceKlass org/springframework/boot/actuate/endpoint/web/servlet/AbstractWebMvcEndpointHandlerMapping$ServletSecurityContext
instanceKlass org/springframework/boot/actuate/endpoint/web/servlet/AbstractWebMvcEndpointHandlerMapping$ServletWebOperationAdapter
instanceKlass org/springframework/boot/actuate/endpoint/web/servlet/AbstractWebMvcEndpointHandlerMapping$OperationHandler
instanceKlass org/springframework/boot/actuate/endpoint/web/annotation/RestControllerEndpoint
instanceKlass org/springframework/boot/actuate/endpoint/web/annotation/ControllerEndpoint
instanceKlass org/springframework/boot/actuate/endpoint/annotation/EndpointDiscoverer$$Lambda$789
instanceKlass org/springframework/boot/actuate/endpoint/annotation/EndpointDiscoverer$$Lambda$788
instanceKlass org/springframework/boot/actuate/endpoint/annotation/EndpointDiscoverer$$Lambda$787
instanceKlass org/springframework/boot/actuate/endpoint/annotation/EndpointDiscoverer$$Lambda$786
instanceKlass org/springframework/boot/actuate/endpoint/annotation/EndpointDiscoverer$$Lambda$785
instanceKlass org/springframework/boot/actuate/endpoint/web/annotation/WebEndpointDiscoverer$$Lambda$784
instanceKlass sun/reflect/annotation/AnnotationSupport
instanceKlass org/springframework/boot/actuate/endpoint/annotation/Selector
instanceKlass org/springframework/boot/actuate/endpoint/invoke/reflect/OperationMethodParameter
instanceKlass org/springframework/boot/actuate/endpoint/web/annotation/DiscoveredWebOperation$$Lambda$783
instanceKlass org/springframework/boot/actuate/endpoint/web/annotation/DiscoveredWebOperation$$Lambda$782
instanceKlass org/springframework/boot/actuate/endpoint/annotation/AbstractDiscoveredOperation
instanceKlass org/springframework/boot/actuate/endpoint/web/WebOperationRequestPredicate
instanceKlass org/springframework/boot/actuate/endpoint/web/annotation/RequestPredicateFactory$$Lambda$781
instanceKlass org/springframework/boot/actuate/endpoint/web/annotation/RequestPredicateFactory$$Lambda$780
instanceKlass org/springframework/boot/actuate/autoconfigure/endpoint/EndpointIdTimeToLivePropertyFunction$$Lambda$779
instanceKlass org/springframework/boot/actuate/endpoint/invoke/reflect/ReflectiveOperationInvoker
instanceKlass org/springframework/boot/actuate/endpoint/invoke/reflect/OperationMethodParameters$$Lambda$778
instanceKlass org/springframework/boot/actuate/endpoint/invoke/reflect/OperationMethodParameters
instanceKlass java/util/EnumMap$EntryIterator$Entry
instanceKlass org/springframework/boot/actuate/endpoint/annotation/DiscoveredOperationsFactory$$Lambda$777
instanceKlass org/springframework/boot/actuate/endpoint/annotation/DiscoveredOperationsFactory$$Lambda$776
instanceKlass org/springframework/boot/actuate/endpoint/annotation/DiscoveredOperationsFactory$$Lambda$775
instanceKlass org/springframework/boot/actuate/endpoint/annotation/EndpointDiscoverer$$Lambda$774
instanceKlass org/springframework/boot/util/LambdaSafe$Callback$$Lambda$773
instanceKlass org/springframework/boot/actuate/endpoint/annotation/EndpointDiscoverer$$Lambda$772
instanceKlass org/springframework/boot/actuate/endpoint/AbstractExposableEndpoint
instanceKlass org/springframework/boot/actuate/endpoint/annotation/DiscoveredEndpoint
instanceKlass org/springframework/boot/actuate/autoconfigure/endpoint/web/WebEndpointAutoConfiguration$$Lambda$771
instanceKlass org/springframework/boot/actuate/endpoint/web/annotation/RequestPredicateFactory
instanceKlass org/springframework/boot/actuate/endpoint/invoke/OperationParameters
instanceKlass org/springframework/boot/actuate/autoconfigure/endpoint/EndpointIdTimeToLivePropertyFunction
instanceKlass org/springframework/boot/actuate/endpoint/invoke/convert/ConversionServiceParameterValueMapper
instanceKlass org/springframework/boot/actuate/endpoint/annotation/EndpointConverter
instanceKlass org/springframework/web/servlet/handler/AbstractHandlerMethodMapping$Match
instanceKlass org/springframework/web/servlet/handler/AbstractHandlerMethodMapping$MappingRegistration
instanceKlass org/springframework/web/servlet/handler/AbstractHandlerMethodMapping$$Lambda$770
instanceKlass org/springframework/util/MimeTypeUtils$$Lambda$769
instanceKlass org/springframework/util/MimeTypeUtils$ConcurrentLruCache
instanceKlass org/springframework/util/MimeTypeUtils
instanceKlass org/springframework/web/servlet/mvc/condition/AbstractMediaTypeExpression
instanceKlass org/springframework/web/servlet/mvc/condition/MediaTypeExpression
instanceKlass org/springframework/web/servlet/mvc/method/RequestMappingInfo$DefaultBuilder
instanceKlass org/springframework/web/servlet/mvc/method/RequestMappingInfo$Builder
instanceKlass org/springframework/core/MethodIntrospector$$Lambda$768
instanceKlass org/springframework/core/MethodIntrospector
instanceKlass org/springframework/web/servlet/handler/AbstractHandlerMethodMapping$$Lambda$767
instanceKlass org/springframework/core/MethodIntrospector$MetadataLookup
instanceKlass org/springframework/web/servlet/handler/RequestMatchResult
instanceKlass org/springframework/web/bind/annotation/CrossOrigin
instanceKlass org/springframework/web/servlet/mvc/method/RequestMappingInfo
instanceKlass org/springframework/web/servlet/config/annotation/InterceptorRegistry$$Lambda$766
instanceKlass org/springframework/web/servlet/config/annotation/InterceptorRegistry$$Lambda$765
instanceKlass org/springframework/web/servlet/handler/HandlerInterceptorAdapter
instanceKlass org/springframework/web/servlet/AsyncHandlerInterceptor
instanceKlass org/springframework/boot/actuate/metrics/web/servlet/LongTaskTimingHandlerInterceptor
instanceKlass org/springframework/web/servlet/config/annotation/InterceptorRegistration
instanceKlass org/springframework/web/servlet/config/annotation/InterceptorRegistry$$Lambda$764
instanceKlass org/springframework/web/servlet/mvc/method/RequestMappingInfo$BuilderConfiguration
instanceKlass org/springframework/web/servlet/mvc/method/RequestMappingInfoHandlerMethodMappingNamingStrategy
instanceKlass org/springframework/web/servlet/handler/AbstractHandlerMethodMapping$MappingRegistry
instanceKlass org/springframework/web/servlet/mvc/method/RequestMappingInfoHandlerMapping$HttpOptionsHandler
instanceKlass org/springframework/core/annotation/AnnotatedElementUtils$$Lambda$763
instanceKlass org/springframework/web/servlet/handler/AbstractHandlerMethodMapping$EmptyHandler
instanceKlass org/springframework/data/repository/support/DomainClassConverter$$Lambda$762
instanceKlass org/springframework/data/repository/support/DomainClassConverter$ToIdConverter
instanceKlass org/springframework/data/repository/support/DomainClassConverter$$Lambda$761
instanceKlass org/springframework/data/repository/support/RepositoryInvoker
instanceKlass org/springframework/data/repository/support/RepositoryInvocationInformation
instanceKlass org/springframework/data/repository/core/RepositoryMetadata
instanceKlass org/springframework/data/repository/support/DefaultRepositoryInvokerFactory
instanceKlass org/springframework/data/repository/support/RepositoryInvokerFactory
instanceKlass org/springframework/data/repository/support/DomainClassConverter$ToEntityConverter
instanceKlass org/springframework/data/repository/support/Repositories
instanceKlass org/springframework/data/repository/support/DomainClassConverter
instanceKlass com/google/common/collect/Ordering
instanceKlass springfox/documentation/spi/service/RequestHandlerCombiner
instanceKlass org/springframework/web/bind/annotation/RequestParam
instanceKlass org/springframework/web/bind/annotation/PathVariable
instanceKlass org/springframework/web/servlet/mvc/condition/NameValueExpression
instanceKlass springfox/documentation/spi/schema/AlternateTypeProvider
instanceKlass springfox/documentation/spring/web/readers/parameter/ExpansionContext
instanceKlass springfox/documentation/spring/web/readers/parameter/ModelAttributeField
instanceKlass springfox/documentation/service/ResolvedMethodParameter
instanceKlass com/google/common/collect/FluentIterable
instanceKlass springfox/documentation/schema/ModelNameContext
instanceKlass springfox/documentation/spi/schema/contexts/ModelPropertyContext
instanceKlass com/fasterxml/classmate/MemberResolver
instanceKlass com/fasterxml/classmate/members/ResolvedMember
instanceKlass com/fasterxml/classmate/GenericType
instanceKlass com/fasterxml/classmate/util/ClassStack
instanceKlass springfox/documentation/spi/schema/contexts/ModelContext
instanceKlass springfox/documentation/RequestHandler
instanceKlass springfox/documentation/RequestHandlerKey
instanceKlass com/google/common/cache/LocalCache$AbstractReferenceEntry
instanceKlass com/google/common/cache/RemovalListener
instanceKlass com/google/common/cache/Weigher
instanceKlass com/google/common/base/Equivalence
instanceKlass com/google/common/base/MoreObjects
instanceKlass com/google/common/cache/LocalCache$StrongValueReference
instanceKlass com/google/common/cache/LocalCache$1
instanceKlass com/google/common/cache/LocalCache$ReferenceEntry
instanceKlass com/google/common/cache/LocalCache$ValueReference
instanceKlass com/google/common/cache/LocalCache$LocalManualCache
instanceKlass com/google/common/cache/CacheBuilder$2
instanceKlass com/google/common/cache/CacheStats
instanceKlass com/google/common/base/Suppliers$SupplierOfInstance
instanceKlass com/google/common/base/Suppliers
instanceKlass com/google/common/cache/CacheBuilder$1
instanceKlass com/google/common/cache/AbstractCache$StatsCounter
instanceKlass com/google/common/cache/LoadingCache
instanceKlass com/google/common/cache/Cache
instanceKlass com/google/common/base/Ticker
instanceKlass com/google/common/cache/CacheBuilder
instanceKlass org/springframework/util/comparator/InvertibleComparator
instanceKlass java/util/function/UnaryOperator
instanceKlass org/springframework/plugin/core/support/AbstractTypeAwareSupport$BeansOfTypeTargetSource
instanceKlass springfox/documentation/spi/service/contexts/OperationContext
instanceKlass springfox/documentation/spi/service/contexts/ParameterContext
instanceKlass springfox/documentation/spi/service/contexts/DocumentationContextBuilder
instanceKlass springfox/documentation/spring/web/plugins/DefaultConfiguration
instanceKlass springfox/documentation/spi/service/contexts/ParameterExpansionContext
instanceKlass springfox/documentation/service/ApiListing
instanceKlass springfox/documentation/spi/service/contexts/ApiListingContext
instanceKlass springfox/documentation/spi/service/contexts/PathContext
instanceKlass springfox/documentation/spi/service/contexts/RequestMappingContext
instanceKlass org/springframework/web/servlet/mvc/condition/AbstractRequestCondition
instanceKlass org/springframework/web/servlet/mvc/condition/RequestCondition
instanceKlass springfox/documentation/spi/service/contexts/ApiSelector
instanceKlass springfox/documentation/spring/web/scanners/ApiListingScanningContext
instanceKlass springfox/documentation/spring/web/scanners/ApiListingReferenceScanResult
instanceKlass springfox/documentation/spi/service/contexts/DocumentationContext
instanceKlass springfox/documentation/service/ObjectVendorExtension
instanceKlass io/swagger/models/License
instanceKlass com/google/common/collect/Hashing
instanceKlass springfox/documentation/swagger2/mappers/BasicAuthFactory
instanceKlass springfox/documentation/swagger2/mappers/ApiKeyAuthFactory
instanceKlass com/google/common/collect/CollectPreconditions
instanceKlass io/swagger/models/auth/SecuritySchemeDefinition
instanceKlass springfox/documentation/swagger2/mappers/OAuth2AuthFactory
instanceKlass springfox/documentation/swagger2/mappers/SecuritySchemeFactory
instanceKlass com/google/common/collect/AbstractMapEntry
instanceKlass com/google/common/collect/ImmutableMap$Builder
instanceKlass springfox/documentation/service/ResourceListing
instanceKlass springfox/documentation/service/Parameter
instanceKlass springfox/documentation/schema/ModelProperty
instanceKlass io/swagger/models/Xml
instanceKlass springfox/documentation/schema/Xml
instanceKlass springfox/documentation/schema/Model
instanceKlass io/swagger/models/RefModel
instanceKlass io/swagger/models/Path
instanceKlass com/google/common/base/Optional
instanceKlass springfox/documentation/service/ApiDescription
instanceKlass io/swagger/models/Contact
instanceKlass springfox/documentation/service/Contact
instanceKlass io/swagger/models/Tag
instanceKlass springfox/documentation/service/Tag
instanceKlass io/swagger/models/Operation
instanceKlass springfox/documentation/service/Operation
instanceKlass io/swagger/models/Info
instanceKlass io/swagger/models/Swagger
instanceKlass springfox/documentation/service/Documentation
instanceKlass java/awt/Color
instanceKlass java/awt/Paint
instanceKlass java/awt/Graphics
instanceKlass com/zbkj/common/utils/ValidateCodeUtil$Validate
instanceKlass com/zbkj/common/vo/ImageMergeUtilVo
instanceKlass com/fasterxml/jackson/databind/jsonschema/JsonSchema
instanceKlass com/fasterxml/jackson/databind/jsonFormatVisitors/JsonFormatVisitorWrapper
instanceKlass com/fasterxml/jackson/databind/jsonFormatVisitors/JsonFormatVisitorWithSerializerProvider
instanceKlass com/fasterxml/jackson/annotation/JsonAutoDetect$Value
instanceKlass com/fasterxml/jackson/databind/MappingIterator
instanceKlass com/fasterxml/jackson/databind/deser/DeserializationProblemHandler
instanceKlass com/fasterxml/jackson/core/io/CharacterEscapes
instanceKlass com/fasterxml/jackson/databind/ObjectWriter
instanceKlass com/fasterxml/jackson/databind/InjectableValues
instanceKlass com/fasterxml/jackson/core/FormatSchema
instanceKlass com/fasterxml/jackson/core/type/TypeReference
instanceKlass org/springframework/http/converter/json/Jackson2ObjectMapperBuilder$$Lambda$760
instanceKlass org/springframework/http/converter/json/Jackson2ObjectMapperBuilder$$Lambda$759
instanceKlass com/fasterxml/jackson/module/paramnames/ParameterExtractor
instanceKlass org/springframework/http/converter/json/Jackson2ObjectMapperBuilder$$Lambda$758
instanceKlass com/fasterxml/jackson/databind/ser/FilterProvider
instanceKlass org/springframework/data/geo/GeoModule$PolygonMixin
instanceKlass org/springframework/data/geo/Polygon
instanceKlass org/springframework/data/geo/GeoModule$CircleMixin
instanceKlass org/springframework/data/geo/Circle
instanceKlass org/springframework/data/geo/GeoModule$BoxMixin
instanceKlass org/springframework/data/geo/Box
instanceKlass org/springframework/data/geo/Shape
instanceKlass org/springframework/data/geo/GeoModule$PointMixin
instanceKlass org/springframework/data/geo/GeoModule$DistanceMixin
instanceKlass org/springframework/data/geo/Distance
instanceKlass org/springframework/boot/jackson/JsonComponent
instanceKlass com/fasterxml/jackson/databind/deser/ValueInstantiator
instanceKlass com/fasterxml/jackson/databind/PropertyNamingStrategy
instanceKlass com/fasterxml/jackson/databind/jsontype/NamedType
instanceKlass com/fasterxml/jackson/module/paramnames/PackageVersion
instanceKlass java/util/EnumMap$EnumMapIterator
instanceKlass org/springframework/boot/autoconfigure/jackson/JacksonAutoConfiguration$Jackson2ObjectMapperBuilderCustomizerConfiguration$StandardJackson2ObjectMapperBuilderCustomizer$$Lambda$757
instanceKlass org/springframework/boot/autoconfigure/jackson/JacksonAutoConfiguration$Jackson2ObjectMapperBuilderCustomizerConfiguration$StandardJackson2ObjectMapperBuilderCustomizer$$Lambda$756
instanceKlass com/zbkj/admin/config/JacksonConfig$$Lambda$755
instanceKlass com/zbkj/common/response/IntegralIntervalResponse
instanceKlass com/zbkj/common/dto/WechatUploadShippingInfoDto
instanceKlass com/zbkj/common/dto/WechatOrderKeyDto
instanceKlass com/zbkj/common/dto/WechatOrderPayerDto
instanceKlass com/zbkj/common/dto/WechatUploadShippingDto
instanceKlass com/zbkj/common/request/WechatPaymentQueryRequest
instanceKlass com/zbkj/common/request/OrderPayRequest
instanceKlass com/zbkj/common/vo/WxPayJsResultVo
instanceKlass com/zbkj/common/response/CashierInfoResponse
instanceKlass com/alipay/api/AlipayResponse
instanceKlass com/zbkj/common/response/PayConfigResponse
instanceKlass com/zbkj/admin/quartz/ScheduleJobEvent
instanceKlass com/zbkj/common/vo/wxvedioshop/ShopAftersaleUpdateVo
instanceKlass com/zbkj/common/vo/wxvedioshop/ShopAftersaleVo
instanceKlass com/zbkj/common/vo/wxvedioshop/ShopAftersaleAddVo
instanceKlass com/zbkj/common/vo/wxvedioshop/order/ShopOrderGetPaymentParamsRequestVo
instanceKlass com/zbkj/common/vo/wxvedioshop/ShopOrderVo
instanceKlass com/zbkj/common/vo/wxvedioshop/ShopOrderPayVo
instanceKlass com/zbkj/common/vo/wxvedioshop/ShopOrderAddResultVo
instanceKlass com/zbkj/common/vo/wxvedioshop/order/ShopOrderAddVo
instanceKlass com/zbkj/common/vo/wxvedioshop/aftersale/AftersaleProductInfoVo
instanceKlass com/zbkj/common/vo/wxvedioshop/order/ShopOrderProductInfoAddVo
instanceKlass com/zbkj/common/request/WechatGenerateUrlLinkRequest
instanceKlass com/zbkj/common/request/WechatReplyRequest
instanceKlass com/zbkj/common/request/WechatReplySearchRequest
instanceKlass com/zbkj/common/vo/QrCodeVo
instanceKlass com/zbkj/common/request/SystemGroupRequest
instanceKlass com/zbkj/common/request/SystemGroupSearchRequest
instanceKlass com/zbkj/common/response/SignConfigResponse
instanceKlass com/zbkj/common/response/SignPageInfoResponse
instanceKlass com/zbkj/common/request/SignConfigRequest
instanceKlass org/quartz/impl/jdbcjobstore/TriggerStatus
instanceKlass com/zbkj/admin/quartz/ScheduleConstants
instanceKlass org/quartz/impl/triggers/AbstractTrigger
instanceKlass org/quartz/impl/triggers/CoreTrigger
instanceKlass org/quartz/TriggerBuilder
instanceKlass org/quartz/impl/jdbcjobstore/TriggerPersistenceDelegate$TriggerPropertyBundle
instanceKlass org/quartz/ValueSet
instanceKlass org/quartz/CronExpression
instanceKlass com/mysql/cj/protocol/WatchableStream
instanceKlass com/mysql/cj/jdbc/Blob
instanceKlass com/mysql/cj/protocol/OutputStreamWatcher
instanceKlass com/mysql/cj/protocol/a/StringValueEncoder$1
instanceKlass org/quartz/impl/jdbcjobstore/SimplePropertiesTriggerPersistenceDelegateSupport
instanceKlass org/quartz/impl/jdbcjobstore/CronTriggerPersistenceDelegate
instanceKlass org/quartz/impl/jdbcjobstore/SimpleTriggerPersistenceDelegate
instanceKlass org/quartz/impl/jdbcjobstore/TriggerPersistenceDelegate
instanceKlass org/quartz/impl/jdbcjobstore/AttributeRestoringConnectionInvocationHandler
instanceKlass org/quartz/impl/jdbcjobstore/JobStoreSupport$12
instanceKlass com/zbkj/admin/service/impl/ScheduleJobServiceImpl$$Lambda$754
instanceKlass org/mybatis/spring/SqlSessionUtils$$Lambda$753
instanceKlass java/util/concurrent/ConcurrentLinkedQueue$Itr
instanceKlass org/apache/ibatis/executor/resultset/DefaultResultSetHandler$UnMappedColumnAutoMapping
instanceKlass org/apache/ibatis/executor/loader/ResultLoaderMap
instanceKlass com/mysql/cj/protocol/InternalTime
instanceKlass org/apache/ibatis/executor/result/DefaultResultContext
instanceKlass org/apache/ibatis/executor/result/DefaultResultHandler
instanceKlass com/mysql/cj/jdbc/result/ResultSetMetaData$1
instanceKlass com/mysql/cj/jdbc/result/ResultSetMetaData
instanceKlass org/apache/ibatis/executor/resultset/ResultSetWrapper
instanceKlass com/mysql/cj/result/DefaultValueFactory
instanceKlass com/mysql/cj/protocol/a/BooleanValueEncoder$1
instanceKlass org/apache/ibatis/executor/statement/StatementUtil
instanceKlass com/mysql/cj/jdbc/ClientPreparedStatement$$Lambda$752
instanceKlass com/mysql/cj/NativeQueryBindValue
instanceKlass com/mysql/cj/BindValue
instanceKlass com/mysql/cj/NativeQueryBindings
instanceKlass com/mysql/cj/QueryInfo
instanceKlass com/mysql/cj/NativeQueryAttributesBindings
instanceKlass com/mysql/cj/QueryAttributesBindings
instanceKlass com/mysql/cj/CancelQueryTask
instanceKlass java/util/TimerTask
instanceKlass com/mysql/cj/AbstractQuery
instanceKlass com/mysql/cj/PreparedQuery
instanceKlass com/mysql/cj/QueryBindings
instanceKlass com/mysql/cj/jdbc/ParameterBindings
instanceKlass com/mysql/cj/jdbc/EscapeProcessor
instanceKlass com/alibaba/druid/pool/DruidPooledPreparedStatement$PreparedStatementKey
instanceKlass org/apache/ibatis/logging/jdbc/BaseJdbcLogger$$Lambda$751
instanceKlass org/apache/ibatis/logging/jdbc/BaseJdbcLogger$$Lambda$750
instanceKlass org/apache/ibatis/logging/jdbc/BaseJdbcLogger$$Lambda$749
instanceKlass java/sql/ParameterMetaData
instanceKlass java/sql/RowId
instanceKlass java/sql/Ref
instanceKlass org/apache/ibatis/logging/jdbc/BaseJdbcLogger
instanceKlass org/mybatis/spring/transaction/SpringManagedTransaction$$Lambda$748
instanceKlass org/apache/ibatis/executor/resultset/DefaultResultSetHandler
instanceKlass org/apache/ibatis/scripting/defaults/DefaultParameterHandler
instanceKlass org/apache/ibatis/executor/statement/BaseStatementHandler
instanceKlass org/apache/ibatis/executor/statement/RoutingStatementHandler$1
instanceKlass org/apache/ibatis/executor/statement/RoutingStatementHandler
instanceKlass org/apache/ibatis/reflection/TypeParameterResolver$GenericArrayTypeImpl
instanceKlass org/apache/ibatis/reflection/TypeParameterResolver$WildcardTypeImpl
instanceKlass org/apache/ibatis/reflection/SystemMetaObject$NullObject
instanceKlass org/apache/ibatis/reflection/SystemMetaObject
instanceKlass com/baomidou/mybatisplus/core/toolkit/ParameterUtils
instanceKlass org/apache/ibatis/reflection/ArrayUtil
instanceKlass org/apache/ibatis/cache/CacheKey
instanceKlass org/apache/ibatis/scripting/xmltags/DynamicSqlSource$$Lambda$747
instanceKlass org/apache/ibatis/type/SimpleTypeRegistry
instanceKlass org/apache/ibatis/scripting/xmltags/TextSqlNode$BindingTokenParser
instanceKlass org/apache/ibatis/ognl/OgnlRuntime$MatchingMethod
instanceKlass com/baomidou/mybatisplus/core/conditions/segments/OrderBySegmentList$$Lambda$746
instanceKlass com/baomidou/mybatisplus/core/conditions/segments/NormalSegmentList$$Lambda$745
instanceKlass org/apache/ibatis/ognl/OgnlOps
instanceKlass org/apache/ibatis/ognl/enhance/OrderedReturn
instanceKlass org/apache/ibatis/ognl/SimpleNode
instanceKlass org/apache/ibatis/ognl/NodeType
instanceKlass org/apache/ibatis/ognl/Token
instanceKlass org/apache/ibatis/ognl/OgnlParserTokenManager
instanceKlass org/apache/ibatis/ognl/JavaCharStream
instanceKlass org/apache/ibatis/ognl/OgnlParser$JJCalls
instanceKlass org/apache/ibatis/ognl/JJTOgnlParserState
instanceKlass org/apache/ibatis/ognl/Node
instanceKlass org/apache/ibatis/ognl/JavaSource
instanceKlass org/apache/ibatis/ognl/OgnlParser
instanceKlass org/apache/ibatis/ognl/OgnlParserConstants
instanceKlass org/apache/ibatis/ognl/OgnlParserTreeConstants
instanceKlass org/apache/ibatis/ognl/DefaultTypeConverter
instanceKlass org/apache/ibatis/ognl/TypeConverter
instanceKlass org/apache/ibatis/ognl/OgnlContext
instanceKlass org/apache/ibatis/ognl/Ognl
instanceKlass org/apache/ibatis/ognl/DefaultClassResolver
instanceKlass org/apache/ibatis/scripting/xmltags/OgnlMemberAccess
instanceKlass org/apache/ibatis/ognl/MemberAccess
instanceKlass org/apache/ibatis/scripting/xmltags/OgnlCache
instanceKlass org/mybatis/spring/SqlSessionUtils$$Lambda$744
instanceKlass org/apache/ibatis/session/ResultContext
instanceKlass org/apache/ibatis/session/defaults/DefaultSqlSession
instanceKlass org/apache/ibatis/cache/TransactionalCacheManager
instanceKlass com/baomidou/mybatisplus/core/executor/MybatisCachingExecutor
instanceKlass org/apache/ibatis/executor/BaseExecutor
instanceKlass org/mybatis/spring/transaction/SpringManagedTransaction
instanceKlass org/mybatis/spring/SqlSessionUtils$$Lambda$743
instanceKlass org/mybatis/spring/SqlSessionUtils
instanceKlass com/baomidou/mybatisplus/core/override/MybatisMapperMethod$1
instanceKlass org/apache/ibatis/annotations/Param
instanceKlass org/apache/ibatis/reflection/ParamNameResolver
instanceKlass org/apache/ibatis/binding/MapperMethod$MethodSignature
instanceKlass org/apache/ibatis/binding/MapperMethod$SqlCommand
instanceKlass com/baomidou/mybatisplus/core/override/MybatisMapperProxy$$Lambda$742
instanceKlass com/baomidou/mybatisplus/core/override/MybatisMapperMethod
instanceKlass com/baomidou/mybatisplus/core/conditions/segments/OrderBySegmentList$$Lambda$741
instanceKlass com/baomidou/mybatisplus/core/toolkit/LambdaUtils$$Lambda$740
instanceKlass sun/misc/ObjectInputFilter$Config$$Lambda$739
instanceKlass sun/misc/ObjectInputFilter
instanceKlass sun/misc/ObjectInputFilter$Config
instanceKlass java/io/ObjectInputStream$ValidationList
instanceKlass java/io/ObjectInputStream$HandleTable$HandleList
instanceKlass java/io/ObjectInputStream$HandleTable
instanceKlass java/io/ObjectStreamClass$6
instanceKlass java/io/ObjectStreamClass$5
instanceKlass java/io/ObjectStreamClass$4
instanceKlass java/io/ObjectStreamClass$MemberSignature
instanceKlass java/io/ObjectStreamClass$2
instanceKlass java/io/ObjectStreamClass$ExceptionInfo
instanceKlass java/io/ObjectStreamClass$ClassDataSlot
instanceKlass java/io/ObjectStreamClass$FieldReflector
instanceKlass java/io/ObjectStreamClass$3
instanceKlass java/io/ObjectStreamClass$EntryFuture
instanceKlass java/io/ObjectStreamClass$Caches
instanceKlass java/io/ObjectStreamClass$1
instanceKlass java/io/ObjectStreamClass
instanceKlass java/io/Bits
instanceKlass java/io/ObjectOutputStream$ReplaceTable
instanceKlass java/io/ObjectOutputStream$HandleTable
instanceKlass com/baomidou/mybatisplus/core/toolkit/SerializationUtils
instanceKlass java/io/ObjectInputStream$$Lambda$738
instanceKlass sun/misc/JavaObjectInputStreamReadString
instanceKlass java/io/ObjectInputStream$$Lambda$737
instanceKlass sun/misc/JavaObjectInputStreamAccess
instanceKlass java/lang/invoke/LambdaForm$DMH
instanceKlass sun/misc/ObjectStreamClassValidator
instanceKlass java/io/ObjectInputStream$1
instanceKlass sun/misc/JavaOISAccess
instanceKlass com/baomidou/mybatisplus/core/toolkit/LambdaUtils$$Lambda$736
instanceKlass com/baomidou/mybatisplus/core/toolkit/LambdaUtils$$Lambda$735
instanceKlass com/baomidou/mybatisplus/core/toolkit/support/SerializedLambda
instanceKlass com/baomidou/mybatisplus/core/conditions/segments/OrderBySegmentList$$Lambda$734
instanceKlass com/baomidou/mybatisplus/core/conditions/AbstractWrapper$$Lambda$733
instanceKlass com/zbkj/admin/service/impl/ScheduleJobServiceImpl$$Lambda$732
instanceKlass com/baomidou/mybatisplus/core/conditions/segments/MatchSegment$$Lambda$731
instanceKlass com/baomidou/mybatisplus/core/conditions/segments/MatchSegment$$Lambda$730
instanceKlass com/baomidou/mybatisplus/core/conditions/segments/MatchSegment$$Lambda$729
instanceKlass com/baomidou/mybatisplus/core/conditions/segments/MatchSegment$$Lambda$728
instanceKlass com/baomidou/mybatisplus/core/conditions/segments/MatchSegment$$Lambda$727
instanceKlass com/baomidou/mybatisplus/core/conditions/segments/MatchSegment$$Lambda$726
instanceKlass com/baomidou/mybatisplus/core/conditions/segments/MatchSegment$$Lambda$725
instanceKlass com/baomidou/mybatisplus/core/conditions/segments/MatchSegment$$Lambda$724
instanceKlass com/baomidou/mybatisplus/core/conditions/segments/MatchSegment$$Lambda$723
instanceKlass com/baomidou/mybatisplus/core/conditions/segments/MatchSegment$$Lambda$722
instanceKlass com/baomidou/mybatisplus/core/conditions/AbstractWrapper$$Lambda$721
instanceKlass com/baomidou/mybatisplus/core/conditions/AbstractWrapper$$Lambda$720
instanceKlass com/zbkj/admin/service/impl/ScheduleJobServiceImpl$$Lambda$719
instanceKlass com/baomidou/mybatisplus/core/toolkit/support/SFunction
instanceKlass com/baomidou/mybatisplus/core/conditions/segments/MergeSegments
instanceKlass com/baomidou/mybatisplus/core/conditions/SharedString
instanceKlass com/baomidou/mybatisplus/core/toolkit/Wrappers
instanceKlass org/springframework/jdbc/datasource/SimpleConnectionHandle
instanceKlass org/springframework/jdbc/datasource/ConnectionHandle
instanceKlass org/springframework/transaction/support/ResourceHolderSupport
instanceKlass org/springframework/transaction/support/ResourceHolder
instanceKlass org/springframework/jdbc/datasource/JdbcTransactionObjectSupport
instanceKlass org/springframework/transaction/support/SmartTransactionObject
instanceKlass org/springframework/transaction/StaticTransactionDefinition
instanceKlass org/quartz/SchedulerMetaData
instanceKlass org/quartz/impl/jdbcjobstore/Util
instanceKlass org/quartz/impl/jdbcjobstore/DBSemaphore
instanceKlass org/quartz/impl/jdbcjobstore/TablePrefixAware
instanceKlass org/springframework/jdbc/support/JdbcUtils$$Lambda$718
instanceKlass org/springframework/jdbc/support/DatabaseMetaDataCallback
instanceKlass java/sql/Types
instanceKlass org/springframework/jdbc/support/JdbcUtils
instanceKlass org/springframework/scheduling/quartz/LocalDataSourceJobStore$2
instanceKlass org/springframework/scheduling/quartz/LocalDataSourceJobStore$1
instanceKlass org/quartz/utils/DBConnectionManager
instanceKlass org/quartz/impl/StdScheduler
instanceKlass org/quartz/core/SchedulerSignalerImpl
instanceKlass org/quartz/core/ExecutingJobsManager
instanceKlass org/quartz/simpl/SimpleJobFactory
instanceKlass org/quartz/core/ListenerManagerImpl
instanceKlass org/quartz/utils/DirtyFlagMap
instanceKlass org/quartz/ListenerManager
instanceKlass org/quartz/core/jmx/QuartzSchedulerMBean
instanceKlass org/quartz/core/QuartzScheduler
instanceKlass org/quartz/core/RemotableQuartzScheduler
instanceKlass java/rmi/Remote
instanceKlass org/quartz/core/QuartzSchedulerResources
instanceKlass org/quartz/listeners/SchedulerListenerSupport
instanceKlass org/quartz/ee/jta/JTAAnnotationAwareJobRunShellFactory
instanceKlass org/quartz/spi/SchedulerPlugin
instanceKlass org/quartz/impl/jdbcjobstore/JobStoreSupport$VoidTransactionCallback
instanceKlass org/quartz/spi/TriggerFiredResult
instanceKlass org/quartz/impl/matchers/StringMatcher
instanceKlass org/quartz/spi/SchedulerSignaler
instanceKlass org/quartz/impl/SchedulerDetailsSetter
instanceKlass org/quartz/impl/DefaultThreadExecutor
instanceKlass org/quartz/impl/jdbcjobstore/StdJDBCDelegate
instanceKlass org/quartz/impl/jdbcjobstore/StdJDBCConstants
instanceKlass org/quartz/impl/jdbcjobstore/DriverDelegate
instanceKlass org/quartz/impl/jdbcjobstore/Semaphore
instanceKlass org/quartz/spi/OperableTrigger
instanceKlass org/quartz/spi/MutableTrigger
instanceKlass org/quartz/impl/jdbcjobstore/JobStoreSupport$TransactionValidator
instanceKlass org/quartz/impl/jdbcjobstore/JobStoreSupport$TransactionCallback
instanceKlass org/quartz/simpl/RAMJobStore
instanceKlass com/sun/beans/finder/InstanceFinder
instanceKlass java/beans/WeakIdentityMap
instanceKlass java/beans/ThreadGroupContext
instanceKlass org/quartz/simpl/SimpleInstanceIdGenerator
instanceKlass org/quartz/spi/InstanceIdGenerator
instanceKlass org/quartz/impl/SchedulerRepository
instanceKlass org/quartz/utils/PropertiesParser
instanceKlass org/quartz/impl/jdbcjobstore/JobStoreSupport
instanceKlass org/quartz/impl/jdbcjobstore/Constants
instanceKlass org/quartz/spi/JobStore
instanceKlass org/quartz/simpl/SimpleThreadPool
instanceKlass org/quartz/spi/ThreadPool
instanceKlass org/springframework/scheduling/quartz/ResourceLoaderClassLoadHelper
instanceKlass org/quartz/Matcher
instanceKlass org/quartz/core/JobRunShellFactory
instanceKlass org/quartz/spi/ThreadExecutor
instanceKlass org/quartz/utils/ConnectionProvider
instanceKlass org/quartz/TriggerListener
instanceKlass org/quartz/JobListener
instanceKlass org/quartz/SchedulerListener
instanceKlass org/springframework/boot/autoconfigure/quartz/QuartzAutoConfiguration$$Lambda$717
instanceKlass org/springframework/boot/autoconfigure/quartz/QuartzAutoConfiguration$JdbcStoreTypeConfiguration$$Lambda$716
instanceKlass org/springframework/boot/autoconfigure/quartz/QuartzAutoConfiguration$$Lambda$715
instanceKlass org/springframework/boot/autoconfigure/quartz/QuartzAutoConfiguration$$Lambda$714
instanceKlass org/quartz/Job
instanceKlass org/springframework/scheduling/quartz/AdaptableJobFactory
instanceKlass org/springframework/scheduling/quartz/SchedulerContextAware
instanceKlass org/quartz/impl/StdSchedulerFactory
instanceKlass org/quartz/SchedulerFactory
instanceKlass org/quartz/spi/ClassLoadHelper
instanceKlass org/quartz/Calendar
instanceKlass org/springframework/jdbc/datasource/SmartDataSource
instanceKlass org/springframework/jdbc/core/JdbcTemplate$CloseSuppressingInvocationHandler
instanceKlass org/springframework/jdbc/datasource/ConnectionProxy
instanceKlass com/alibaba/druid/proxy/jdbc/ConnectionProxy
instanceKlass com/alibaba/druid/proxy/jdbc/WrapperProxy
instanceKlass com/mysql/cj/protocol/NetworkResources
instanceKlass com/mysql/cj/jdbc/ConnectionImpl$$Lambda$713
instanceKlass com/mysql/cj/jdbc/ConnectionImpl$$Lambda$712
instanceKlass com/mysql/cj/jdbc/ConnectionImpl$$Lambda$711
instanceKlass java/sql/ResultSetMetaData
instanceKlass com/mysql/cj/LicenseConfiguration
instanceKlass com/mysql/cj/protocol/InternalDate
instanceKlass com/mysql/cj/result/StringValueFactory
instanceKlass com/mysql/cj/protocol/a/result/AbstractResultsetRows
instanceKlass com/mysql/cj/protocol/result/AbstractResultsetRow
instanceKlass com/mysql/cj/result/DefaultColumnDefinition$1
instanceKlass com/mysql/cj/protocol/a/MysqlTextValueDecoder
instanceKlass com/mysql/cj/protocol/ValueDecoder
instanceKlass com/mysql/cj/protocol/a/AbstractRowFactory
instanceKlass com/mysql/cj/result/DefaultColumnDefinition
instanceKlass com/mysql/cj/result/Field$1
instanceKlass com/mysql/cj/protocol/a/ColumnDefinitionReader$1
instanceKlass java/sql/SQLType
instanceKlass com/mysql/cj/util/LazyString
instanceKlass com/mysql/cj/result/Field
instanceKlass com/mysql/cj/protocol/a/ColumnDefinitionFactory
instanceKlass com/mysql/cj/protocol/a/ResultsetFactory
instanceKlass com/mysql/cj/protocol/a/NativeMessageBuilder
instanceKlass com/mysql/cj/protocol/a/MultiPacketReader
instanceKlass com/mysql/cj/protocol/a/TimeTrackingPacketReader
instanceKlass com/mysql/cj/protocol/a/TimeTrackingPacketSender
instanceKlass com/mysql/cj/protocol/a/NativeServerSessionStateController$NativeServerSessionStateChanges
instanceKlass com/mysql/cj/protocol/a/result/OkPacket
instanceKlass com/mysql/cj/protocol/a/NativeUtils
instanceKlass com/mysql/cj/protocol/a/PacketSplitter
instanceKlass com/mysql/cj/protocol/Security
instanceKlass com/mysql/cj/protocol/a/authentication/AuthenticationFidoClient
instanceKlass com/mysql/cj/protocol/a/authentication/AuthenticationOciClient
instanceKlass com/mysql/cj/protocol/a/authentication/AuthenticationKerberosClient$$Lambda$710
instanceKlass com/mysql/cj/protocol/a/authentication/AuthenticationKerberosClient
instanceKlass com/mysql/cj/protocol/a/authentication/AuthenticationLdapSaslClientPlugin$$Lambda$709
instanceKlass javax/security/auth/callback/CallbackHandler
instanceKlass javax/security/auth/login/Configuration
instanceKlass com/mysql/cj/protocol/a/authentication/AuthenticationLdapSaslClientPlugin
instanceKlass com/mysql/cj/protocol/a/authentication/MysqlOldPasswordPlugin
instanceKlass com/mysql/cj/protocol/a/authentication/Sha256PasswordPlugin
instanceKlass com/mysql/cj/protocol/a/authentication/MysqlClearPasswordPlugin
instanceKlass com/mysql/cj/protocol/a/authentication/MysqlNativePasswordPlugin
instanceKlass com/mysql/cj/protocol/AuthenticationPlugin
instanceKlass com/mysql/cj/protocol/a/NativePacketPayload$1
instanceKlass com/mysql/cj/protocol/a/NativeCapabilities
instanceKlass com/mysql/cj/protocol/a/NativePacketHeader
instanceKlass com/mysql/cj/Collation
instanceKlass java/nio/charset/Charset$ExtendedProviderHolder$1
instanceKlass java/nio/charset/Charset$ExtendedProviderHolder
instanceKlass com/mysql/cj/MysqlCharset$$Lambda$708
instanceKlass com/mysql/cj/MysqlCharset
instanceKlass com/mysql/cj/CharsetMapping
instanceKlass com/mysql/cj/protocol/a/NativeServerSessionStateController
instanceKlass com/mysql/cj/protocol/a/NativeServerSession
instanceKlass com/mysql/cj/protocol/a/BinaryResultsetReader
instanceKlass com/mysql/cj/protocol/a/TextResultsetReader
instanceKlass com/mysql/cj/protocol/a/ResultsetRowReader
instanceKlass com/mysql/cj/protocol/ResultsetRow
instanceKlass com/mysql/cj/protocol/a/ColumnDefinitionReader
instanceKlass com/mysql/cj/protocol/ProtocolEntityReader
instanceKlass com/mysql/cj/protocol/a/NativeAuthenticationProvider$$Lambda$707
instanceKlass com/mysql/cj/callback/MysqlCallbackHandler
instanceKlass com/mysql/cj/callback/MysqlCallback
instanceKlass com/mysql/cj/protocol/a/NativeAuthenticationProvider
instanceKlass com/mysql/cj/protocol/a/SimplePacketReader
instanceKlass com/mysql/cj/protocol/a/SimplePacketSender
instanceKlass com/mysql/cj/protocol/a/NativePacketPayload
instanceKlass com/mysql/cj/log/BaseMetricsHolder
instanceKlass com/mysql/cj/protocol/AbstractProtocol$2
instanceKlass com/mysql/cj/protocol/AbstractProtocol$1
instanceKlass com/mysql/cj/protocol/a/NativeProtocol$$Lambda$706
instanceKlass com/mysql/cj/protocol/a/NativeProtocol$$Lambda$705
instanceKlass com/mysql/cj/protocol/a/NativeProtocol$$Lambda$704
instanceKlass com/mysql/cj/protocol/a/NativeProtocol$$Lambda$703
instanceKlass com/mysql/cj/protocol/a/NativeProtocol$$Lambda$702
instanceKlass com/mysql/cj/protocol/a/NativeProtocol$$Lambda$701
instanceKlass com/mysql/cj/protocol/a/NativeProtocol$$Lambda$700
instanceKlass com/mysql/cj/protocol/a/NativeProtocol$$Lambda$699
instanceKlass com/mysql/cj/protocol/a/NativeProtocol$$Lambda$698
instanceKlass com/mysql/cj/protocol/a/NativeProtocol$$Lambda$697
instanceKlass com/mysql/cj/protocol/a/NativeProtocol$$Lambda$696
instanceKlass com/mysql/cj/protocol/a/NativeProtocol$$Lambda$695
instanceKlass com/mysql/cj/protocol/a/NativeProtocol$$Lambda$694
instanceKlass com/mysql/cj/protocol/a/NativeProtocol$$Lambda$693
instanceKlass com/mysql/cj/protocol/a/NativeProtocol$$Lambda$692
instanceKlass com/mysql/cj/protocol/a/NativeProtocol$$Lambda$691
instanceKlass com/mysql/cj/protocol/a/NativeProtocol$$Lambda$690
instanceKlass com/mysql/cj/protocol/a/NativeProtocol$$Lambda$689
instanceKlass com/mysql/cj/protocol/a/NativeProtocol$$Lambda$688
instanceKlass com/mysql/cj/protocol/a/NativeProtocol$$Lambda$687
instanceKlass com/mysql/cj/protocol/a/NativeProtocol$$Lambda$686
instanceKlass com/mysql/cj/protocol/a/NativeProtocol$$Lambda$685
instanceKlass com/mysql/cj/protocol/a/NativeProtocol$$Lambda$684
instanceKlass com/mysql/cj/protocol/a/NativeProtocol$$Lambda$683
instanceKlass com/mysql/cj/protocol/a/NativeProtocol$$Lambda$682
instanceKlass com/mysql/cj/protocol/a/NativeProtocol$$Lambda$681
instanceKlass com/mysql/cj/protocol/a/NativeProtocol$$Lambda$680
instanceKlass com/mysql/cj/protocol/a/NativeProtocol$$Lambda$679
instanceKlass com/mysql/cj/protocol/a/AbstractValueEncoder
instanceKlass com/mysql/cj/protocol/ValueEncoder
instanceKlass com/mysql/cj/protocol/AuthenticationProvider
instanceKlass com/mysql/cj/MessageBuilder
instanceKlass com/mysql/cj/CharsetSettings
instanceKlass com/mysql/cj/protocol/MessageHeader
instanceKlass com/mysql/cj/protocol/ServerCapabilities
instanceKlass com/mysql/cj/protocol/MessageReader
instanceKlass com/mysql/cj/protocol/MessageSender
instanceKlass com/mysql/cj/protocol/ServerSessionStateController$ServerSessionStateChanges
instanceKlass com/mysql/cj/protocol/ServerSession
instanceKlass com/mysql/cj/protocol/PacketReceivedTimeHolder
instanceKlass com/mysql/cj/protocol/AbstractProtocol
instanceKlass com/mysql/cj/protocol/Protocol$ProtocolEventHandler
instanceKlass com/mysql/cj/conf/RuntimeProperty$RuntimePropertyListener
instanceKlass java/net/Socket$3
instanceKlass java/net/Socket$2
instanceKlass sun/net/NetHooks
instanceKlass sun/net/spi/DefaultProxySelector$3
instanceKlass sun/net/spi/DefaultProxySelector$NonProxyInfo
instanceKlass sun/net/NetProperties$1
instanceKlass sun/net/NetProperties
instanceKlass sun/net/spi/DefaultProxySelector$1
instanceKlass java/net/ProxySelector
instanceKlass java/net/SocksSocketImpl$3
instanceKlass java/net/InetSocketAddress$InetSocketAddressHolder
instanceKlass sun/misc/FloatingDecimal$ASCIIToBinaryBuffer
instanceKlass java/net/PlainSocketImpl$1
instanceKlass java/net/AbstractPlainSocketImpl$1
instanceKlass java/net/SocketImpl
instanceKlass java/net/SocketOptions
instanceKlass java/net/SocksConsts
instanceKlass com/mysql/cj/protocol/StandardSocketFactory
instanceKlass com/mysql/cj/protocol/PacketSentTimeHolder
instanceKlass com/mysql/cj/protocol/SocketFactory
instanceKlass com/mysql/cj/protocol/SocketMetadata
instanceKlass com/mysql/cj/protocol/AbstractSocketConnection
instanceKlass com/mysql/cj/jdbc/ConnectionImpl$$Lambda$678
instanceKlass com/mysql/cj/jdbc/ConnectionImpl$$Lambda$677
instanceKlass com/mysql/cj/NoSubInterceptorWrapper
instanceKlass com/mysql/cj/util/Util$$Lambda$676
instanceKlass com/mysql/cj/util/Util$$Lambda$675
instanceKlass com/mysql/cj/util/Util$$Lambda$674
instanceKlass com/mysql/cj/interceptors/QueryInterceptor
instanceKlass com/mysql/cj/result/Row
instanceKlass com/mysql/cj/jdbc/DatabaseMetaData$IteratorWithCleanup
instanceKlass com/mysql/cj/protocol/ResultsetRows
instanceKlass com/mysql/cj/result/RowList
instanceKlass com/mysql/cj/jdbc/DatabaseMetaData
instanceKlass com/mysql/cj/log/LogFactory
instanceKlass com/mysql/cj/log/NullLogger
instanceKlass com/mysql/cj/protocol/Protocol
instanceKlass com/mysql/cj/protocol/SocketConnection
instanceKlass com/mysql/cj/result/ValueFactory
instanceKlass com/mysql/cj/protocol/Message
instanceKlass com/mysql/cj/DataStoreMetadata
instanceKlass com/mysql/cj/protocol/a/result/NativeResultset
instanceKlass com/mysql/cj/WarningListener
instanceKlass com/mysql/cj/jdbc/result/ResultSetFactory
instanceKlass com/mysql/cj/conf/AbstractRuntimeProperty
instanceKlass com/mysql/cj/PerConnectionLRUFactory
instanceKlass com/mysql/cj/util/PerVmServerConfigCacheFactory
instanceKlass com/mysql/cj/CacheAdapterFactory
instanceKlass com/mysql/cj/conf/AbstractPropertyDefinition
instanceKlass com/mysql/cj/conf/PropertyDefinitions
instanceKlass com/mysql/cj/conf/RuntimeProperty
instanceKlass com/mysql/cj/conf/PropertyDefinition
instanceKlass com/mysql/cj/conf/DefaultPropertySet
instanceKlass com/mysql/cj/conf/HostInfo$$Lambda$673
instanceKlass com/mysql/cj/jdbc/NonRegisteringDriver$1
instanceKlass com/mysql/cj/conf/ConnectionUrl$$Lambda$672
instanceKlass com/mysql/cj/conf/ConnectionUrl$$Lambda$671
instanceKlass com/mysql/cj/conf/ConnectionUrl$$Lambda$670
instanceKlass com/mysql/cj/conf/ConnectionUrl$$Lambda$669
instanceKlass com/mysql/cj/conf/ConnectionUrl$$Lambda$668
instanceKlass com/mysql/cj/Messages
instanceKlass com/mysql/cj/Constants
instanceKlass com/mysql/cj/util/Util
instanceKlass com/mysql/cj/conf/ConnectionUrlParser$Pair
instanceKlass com/mysql/cj/util/StringInspector
instanceKlass com/mysql/cj/conf/ConnectionUrl$$Lambda$667
instanceKlass com/mysql/cj/util/StringUtils
instanceKlass com/mysql/cj/conf/ConnectionUrlParser
instanceKlass com/mysql/cj/conf/ConnectionUrl
instanceKlass com/alibaba/druid/pool/DruidDataSource$1
instanceKlass com/alibaba/druid/stat/JdbcStatementStat
instanceKlass com/alibaba/druid/stat/JdbcStatementStatMBean
instanceKlass com/alibaba/druid/stat/JdbcResultSetStat
instanceKlass com/alibaba/druid/stat/JdbcResultSetStatMBean
instanceKlass com/alibaba/druid/stat/JdbcConnectionStat
instanceKlass com/alibaba/druid/stat/JdbcConnectionStatMBean
instanceKlass com/mysql/cj/CoreSession
instanceKlass com/mysql/cj/conf/HostInfo
instanceKlass com/mysql/cj/conf/DatabaseUrlContainer
instanceKlass com/mysql/cj/jdbc/result/ResultSetInternalMethods
instanceKlass com/mysql/cj/protocol/Resultset
instanceKlass com/mysql/cj/protocol/ResultsetRowsOwner
instanceKlass com/mysql/cj/jdbc/ClientInfoProvider
instanceKlass com/mysql/cj/protocol/ServerSessionStateController
instanceKlass java/sql/Struct
instanceKlass java/sql/Array
instanceKlass com/mysql/cj/ServerVersion
instanceKlass com/mysql/cj/log/StandardLogger
instanceKlass com/mysql/cj/log/Log
instanceKlass java/sql/DatabaseMetaData
instanceKlass com/mysql/cj/exceptions/ExceptionInterceptor
instanceKlass com/mysql/cj/jdbc/result/CachedResultSetMetaData
instanceKlass com/mysql/cj/protocol/ColumnDefinition
instanceKlass com/mysql/cj/protocol/ProtocolEntity
instanceKlass java/sql/Savepoint
instanceKlass java/sql/CallableStatement
instanceKlass com/mysql/cj/jdbc/StatementImpl
instanceKlass com/mysql/cj/jdbc/JdbcPreparedStatement
instanceKlass com/mysql/cj/jdbc/JdbcStatement
instanceKlass com/mysql/cj/Query
instanceKlass java/sql/PreparedStatement
instanceKlass com/mysql/cj/Session
instanceKlass com/mysql/cj/protocol/ProtocolEntityFactory
instanceKlass com/mysql/cj/jdbc/IterateBlock
instanceKlass com/mysql/cj/jdbc/ConnectionImpl
instanceKlass com/mysql/cj/Session$SessionEventListener
instanceKlass com/mysql/cj/jdbc/JdbcConnection
instanceKlass com/mysql/cj/TransactionEventHandler
instanceKlass com/mysql/cj/MysqlConnection
instanceKlass com/alibaba/druid/pool/ValidConnectionCheckerAdapter
instanceKlass com/alibaba/druid/pool/vendor/MySqlExceptionSorter
instanceKlass com/alibaba/druid/util/JdbcUtils
instanceKlass com/alibaba/druid/util/JdbcConstants
instanceKlass com/mysql/cj/jdbc/AbandonedConnectionCleanupThread$$Lambda$666
instanceKlass com/mysql/cj/jdbc/AbandonedConnectionCleanupThread
instanceKlass com/mysql/cj/jdbc/JdbcPropertySet
instanceKlass com/mysql/cj/conf/PropertySet
instanceKlass com/mysql/cj/jdbc/NonRegisteringDriver
instanceKlass java/sql/DriverInfo
instanceKlass com/alibaba/druid/sql/parser/SQLParser
instanceKlass com/alibaba/druid/mock/handler/MySqlMockExecuteHandlerImpl
instanceKlass com/alibaba/druid/mock/handler/MockExecuteHandler
instanceKlass java/sql/SQLXML
instanceKlass java/sql/NClob
instanceKlass java/sql/Blob
instanceKlass java/sql/Clob
instanceKlass com/alibaba/druid/mock/MockDriver
instanceKlass com/alibaba/druid/mock/MockDriverMBean
instanceKlass java/sql/DriverManager$2
instanceKlass java/sql/DriverManager$1
instanceKlass java/sql/DriverManager
instanceKlass com/alibaba/druid/proxy/DruidDriver$1
instanceKlass com/alibaba/druid/proxy/DruidDriver
instanceKlass com/alibaba/druid/proxy/DruidDriverMBean
instanceKlass org/springframework/transaction/support/TransactionSynchronizationUtils$ScopedProxyUnwrapper
instanceKlass org/springframework/core/InfrastructureProxy
instanceKlass org/springframework/aop/scope/ScopedObject
instanceKlass org/springframework/aop/RawTargetAccess
instanceKlass org/springframework/transaction/support/TransactionSynchronizationUtils
instanceKlass org/springframework/transaction/support/TransactionSynchronizationManager
instanceKlass org/springframework/transaction/support/TransactionSynchronization
instanceKlass org/springframework/jdbc/datasource/DataSourceUtils
instanceKlass org/springframework/boot/jdbc/EmbeddedDatabaseConnection$IsEmbedded
instanceKlass org/springframework/jdbc/datasource/init/ResourceDatabasePopulator
instanceKlass org/springframework/boot/context/properties/source/ConfigurationPropertyName$$Lambda$665
instanceKlass org/springframework/boot/autoconfigure/quartz/QuartzDataSource
instanceKlass org/quartz/CronTrigger
instanceKlass org/quartz/utils/Key
instanceKlass com/zbkj/common/request/ScheduleJobRequest
instanceKlass com/zbkj/common/request/ScheduleJobLogSearchRequest
instanceKlass com/zbkj/common/request/UserSpreadPeopleRequest
instanceKlass com/zbkj/common/response/PromotionOrderResponse
instanceKlass com/zbkj/common/response/UserClosingConfigResponse
instanceKlass com/zbkj/common/response/BrokerageRecordDetailResponse
instanceKlass com/zbkj/common/response/UserSpreadPeopleTeamNumResponse
instanceKlass com/zbkj/common/request/BrokerageToYueRequest
instanceKlass com/zbkj/common/request/UserClosingApplyRequest
instanceKlass com/zbkj/common/vo/RetailStoreConfigVo
instanceKlass com/zbkj/common/request/UserUpdateSpreadRequest
instanceKlass com/zbkj/common/request/producttag/ProductTagRequest
instanceKlass com/zbkj/common/request/ProductIdsSearchRequest
instanceKlass com/zbkj/common/request/wxmplive/room/WechatMpLiveRoomReviewRequest
instanceKlass com/zbkj/common/request/wxmplive/goods/WechatLiveGoodsPlatReviewRequest
instanceKlass com/zbkj/common/request/UserTagRequest
instanceKlass com/zbkj/common/vo/PcPhilosophyListVo
instanceKlass com/zbkj/common/vo/PcHomeBannerListVo
instanceKlass com/zbkj/common/request/wxvedio/forregister/ShopRegisterApplySceneRequest
instanceKlass com/zbkj/common/request/wxvedio/forregister/ShopRegisterFinishAccessInfoRequest
instanceKlass com/zbkj/common/vo/wxvedioshop/cat_brand/ShopBrandVo
instanceKlass com/zbkj/common/response/PageLayoutIndexResponse
instanceKlass com/zbkj/common/response/PageLayoutBottomNavigationResponse
instanceKlass com/zbkj/common/vo/SplashAdDataVo
instanceKlass com/zbkj/common/request/SystemFormItemCheckRequest
instanceKlass com/zbkj/common/vo/SplashAdConfigVo
instanceKlass com/zbkj/common/request/NewPeoplePresentRequest
instanceKlass com/zbkj/common/response/BirthdayPresentResponse
instanceKlass com/zbkj/common/response/NewPeoplePresentResponse
instanceKlass com/zbkj/common/request/BirthdayPresentRequest
instanceKlass com/zbkj/common/response/IntegralConfigResponse
instanceKlass com/zbkj/common/vo/CommunityConfigVo
instanceKlass com/zbkj/common/page/CommonPage
instanceKlass com/zbkj/common/response/ArticleResponse
instanceKlass com/zbkj/common/request/ArticleSearchRequest
instanceKlass com/zbkj/common/response/ArticleInfoResponse
instanceKlass com/zbkj/common/request/ArticleRequest
instanceKlass com/zbkj/common/request/ArticleCategoryRequest
instanceKlass com/zbkj/common/request/ActivityStyleUpdateStatusRequest
instanceKlass com/zbkj/common/request/ActivityStyleRequest
instanceKlass com/zbkj/common/request/groupbuy/GroupBuyActivityStatusOnOrOffRequest
instanceKlass com/zbkj/common/vo/wxvedioshop/delivery/DeliveryInfoVo
instanceKlass com/zbkj/common/vo/wxvedioshop/ShopOrderCommonVo
instanceKlass com/zbkj/common/vo/wxvedioshop/delivery/DeliverySendVo
instanceKlass com/zbkj/common/vo/wxvedioshop/delivery/DeliveryCompanyVo
instanceKlass me/chanjar/weixin/common/bean/result/WxMediaUploadResult
instanceKlass com/zbkj/common/request/wxmplive/media/WechatMediaUploadLocalRequest
instanceKlass com/zbkj/common/request/wxmplive/room/WechatLiveRoomSharCode
instanceKlass com/zbkj/common/request/wxmplive/goods/WechatGoodsJSON
instanceKlass cn/binarywang/wx/miniapp/bean/live/WxMaLiveAssistantInfo
instanceKlass com/zbkj/common/request/wxmplive/goods/WechatLiveRoomSearchRequest
instanceKlass com/zbkj/common/request/wxmplive/goods/WechatMpLiveGoodsSortRequest
instanceKlass com/zbkj/common/request/wxmplive/goods/WechatMpLiveGoodsOnSaleRequest
instanceKlass com/zbkj/common/request/wxmplive/goods/WechatMpLiveAddGoodsToRoomRequest
instanceKlass com/zbkj/common/request/wxmplive/room/WechatMpLiveRoomInfoRequest
instanceKlass com/zbkj/common/request/wxmplive/room/WechatMpLiveRoomSearchRequest
instanceKlass com/zbkj/common/request/wxmplive/assistant/WechatMpLiveAddAssistantToRoomRequest
instanceKlass com/zbkj/common/request/wxmplive/goods/WechatLiveGoodsAddRequest
instanceKlass cn/binarywang/wx/miniapp/bean/WxMaJscode2SessionResult
instanceKlass me/chanjar/weixin/common/bean/ToJson
instanceKlass me/chanjar/weixin/common/util/http/RequestExecutor
instanceKlass org/apache/http/HttpHost
instanceKlass org/apache/http/conn/ClientConnectionManager
instanceKlass org/apache/http/impl/client/BasicCredentialsProvider
instanceKlass org/apache/http/cookie/CookieIdentityComparator
instanceKlass org/apache/http/impl/client/BasicCookieStore
instanceKlass org/apache/http/impl/cookie/IgnoreSpecProvider
instanceKlass org/apache/http/impl/cookie/NetscapeDraftSpecProvider
instanceKlass org/apache/http/impl/cookie/RFC6265CookieSpecProvider
instanceKlass org/apache/http/cookie/CookieSpec
instanceKlass org/apache/http/impl/cookie/BasicPathHandler
instanceKlass org/apache/http/cookie/CommonCookieAttributeHandler
instanceKlass org/apache/http/cookie/CookieAttributeHandler
instanceKlass org/apache/http/impl/cookie/DefaultCookieSpecProvider
instanceKlass org/apache/http/cookie/CookieSpecProvider
instanceKlass org/apache/http/impl/client/CookieSpecRegistries
instanceKlass org/apache/http/impl/auth/KerberosSchemeFactory
instanceKlass org/apache/http/impl/auth/SPNegoSchemeFactory
instanceKlass org/apache/http/impl/auth/NTLMSchemeFactory
instanceKlass org/apache/http/impl/auth/DigestSchemeFactory
instanceKlass org/apache/http/auth/AuthScheme
instanceKlass org/apache/http/impl/auth/BasicSchemeFactory
instanceKlass org/apache/http/auth/AuthSchemeProvider
instanceKlass org/apache/http/auth/AuthSchemeFactory
instanceKlass org/apache/http/impl/execchain/RedirectExec
instanceKlass org/apache/http/impl/client/DefaultRedirectStrategy
instanceKlass org/apache/http/impl/conn/DefaultRoutePlanner
instanceKlass org/apache/http/impl/execchain/RetryExec
instanceKlass org/apache/http/impl/execchain/ProtocolExec
instanceKlass org/apache/http/client/entity/DeflateInputStreamFactory
instanceKlass org/apache/http/client/entity/GZIPInputStreamFactory
instanceKlass org/apache/http/client/entity/InputStreamFactory
instanceKlass org/apache/http/client/protocol/ResponseContentEncoding
instanceKlass org/apache/http/client/protocol/ResponseProcessCookies
instanceKlass org/apache/http/client/protocol/RequestAuthCache
instanceKlass org/apache/http/client/protocol/RequestAcceptEncoding
instanceKlass org/apache/http/client/protocol/RequestAddCookies
instanceKlass org/apache/http/protocol/ChainBuilder
instanceKlass org/apache/http/client/protocol/RequestExpectContinue
instanceKlass org/apache/http/client/protocol/RequestClientConnControl
instanceKlass org/apache/http/protocol/RequestContent
instanceKlass org/apache/http/client/protocol/RequestDefaultHeaders
instanceKlass org/apache/http/protocol/HttpProcessorBuilder
instanceKlass org/apache/http/conn/routing/BasicRouteDirector
instanceKlass org/apache/http/impl/auth/HttpAuthenticator
instanceKlass org/apache/http/client/methods/CloseableHttpResponse
instanceKlass org/apache/http/conn/routing/HttpRouteDirector
instanceKlass org/apache/http/conn/routing/RouteInfo
instanceKlass org/apache/http/impl/execchain/MainClientExec
instanceKlass org/apache/http/protocol/RequestUserAgent
instanceKlass org/apache/http/protocol/RequestTargetHost
instanceKlass org/apache/http/protocol/ImmutableHttpProcessor
instanceKlass org/apache/http/util/VersionInfo
instanceKlass org/apache/http/impl/client/DefaultUserTokenHandler
instanceKlass org/apache/http/client/AuthCache
instanceKlass org/apache/http/impl/client/AuthenticationStrategyImpl
instanceKlass org/apache/http/HeaderElementIterator
instanceKlass org/apache/http/impl/client/DefaultConnectionKeepAliveStrategy
instanceKlass org/apache/http/HeaderIterator
instanceKlass org/apache/http/TokenIterator
instanceKlass org/apache/http/impl/DefaultConnectionReuseStrategy
instanceKlass org/apache/http/protocol/HttpRequestExecutor
instanceKlass org/apache/commons/lang3/StringUtils
instanceKlass org/apache/http/client/config/RequestConfig$Builder
instanceKlass org/apache/http/client/config/RequestConfig
instanceKlass org/apache/http/ssl/SSLContextBuilder$TrustManagerDelegate
instanceKlass me/chanjar/weixin/common/util/http/apache/DefaultApacheHttpClientBuilder$1
instanceKlass org/apache/http/conn/ssl/TrustStrategy
instanceKlass javax/net/ssl/KeyManagerFactory$1
instanceKlass javax/net/ssl/KeyManagerFactory
instanceKlass org/apache/http/ssl/SSLContextBuilder
instanceKlass org/apache/http/client/methods/Configurable
instanceKlass org/apache/http/client/CookieStore
instanceKlass org/apache/http/client/RedirectStrategy
instanceKlass org/apache/http/conn/routing/HttpRoutePlanner
instanceKlass org/apache/http/protocol/HttpProcessor
instanceKlass org/apache/http/HttpResponseInterceptor
instanceKlass org/apache/http/HttpRequestInterceptor
instanceKlass org/apache/http/client/UserTokenHandler
instanceKlass org/apache/http/client/AuthenticationStrategy
instanceKlass org/apache/http/conn/ConnectionKeepAliveStrategy
instanceKlass org/apache/http/ConnectionReuseStrategy
instanceKlass org/apache/http/impl/execchain/ClientExecChain
instanceKlass org/apache/http/impl/client/HttpClientBuilder
instanceKlass org/apache/http/impl/client/CloseableHttpClient
instanceKlass org/apache/http/impl/client/HttpClients
instanceKlass org/apache/http/config/SocketConfig$Builder
instanceKlass org/apache/http/config/SocketConfig
instanceKlass org/apache/http/impl/entity/StrictContentLengthStrategy
instanceKlass org/apache/http/impl/entity/LaxContentLengthStrategy
instanceKlass org/apache/http/impl/EnglishReasonPhraseCatalog
instanceKlass org/apache/http/ReasonPhraseCatalog
instanceKlass org/apache/http/impl/DefaultHttpResponseFactory
instanceKlass org/apache/http/Header
instanceKlass org/apache/http/NameValuePair
instanceKlass org/apache/http/ProtocolVersion
instanceKlass org/apache/http/RequestLine
instanceKlass org/apache/http/StatusLine
instanceKlass org/apache/http/message/BasicLineParser
instanceKlass org/apache/http/io/HttpMessageParser
instanceKlass org/apache/http/HttpResponseFactory
instanceKlass org/apache/http/message/LineParser
instanceKlass org/apache/http/impl/conn/DefaultHttpResponseParserFactory
instanceKlass org/apache/http/message/BasicLineFormatter
instanceKlass org/apache/http/io/HttpMessageWriter
instanceKlass org/apache/http/message/LineFormatter
instanceKlass org/apache/http/impl/io/DefaultHttpRequestWriterFactory
instanceKlass org/apache/http/impl/BHttpConnectionBase
instanceKlass org/apache/http/conn/ManagedHttpClientConnection
instanceKlass org/apache/http/HttpInetConnection
instanceKlass org/apache/http/HttpClientConnection
instanceKlass org/apache/http/HttpConnection
instanceKlass org/apache/http/entity/ContentLengthStrategy
instanceKlass org/apache/http/io/HttpMessageParserFactory
instanceKlass org/apache/http/io/HttpMessageWriterFactory
instanceKlass org/apache/http/impl/conn/ManagedHttpClientConnectionFactory
instanceKlass org/apache/http/conn/HttpConnectionFactory
instanceKlass org/apache/http/impl/conn/PoolingHttpClientConnectionManager$InternalConnectionFactory
instanceKlass org/apache/http/pool/RouteSpecificPool
instanceKlass org/apache/http/pool/PoolEntryCallback
instanceKlass org/apache/http/pool/AbstractConnPool
instanceKlass org/apache/http/pool/ConnPool
instanceKlass org/apache/http/impl/conn/PoolingHttpClientConnectionManager$ConfigData
instanceKlass org/apache/http/impl/conn/SystemDefaultDnsResolver
instanceKlass org/apache/http/impl/conn/DefaultSchemePortResolver
instanceKlass org/apache/http/conn/DnsResolver
instanceKlass org/apache/http/conn/SchemePortResolver
instanceKlass org/apache/http/impl/conn/DefaultHttpClientConnectionOperator
instanceKlass org/apache/http/conn/ConnectionRequest
instanceKlass org/apache/http/concurrent/Cancellable
instanceKlass org/apache/http/pool/ConnFactory
instanceKlass org/apache/http/conn/HttpClientConnectionOperator
instanceKlass org/apache/http/pool/PoolEntry
instanceKlass org/apache/http/impl/conn/PoolingHttpClientConnectionManager
instanceKlass org/apache/http/pool/ConnPoolControl
instanceKlass org/apache/http/config/Registry
instanceKlass org/apache/http/util/TextUtils
instanceKlass org/apache/http/config/RegistryBuilder
instanceKlass org/apache/http/conn/socket/PlainConnectionSocketFactory
instanceKlass javax/net/SocketFactory
instanceKlass org/apache/http/conn/util/PublicSuffixMatcher
instanceKlass org/apache/http/conn/util/PublicSuffixList
instanceKlass org/apache/http/Consts
instanceKlass org/apache/http/conn/util/PublicSuffixListParser
instanceKlass org/apache/http/util/Args
instanceKlass org/apache/http/conn/util/PublicSuffixMatcherLoader
instanceKlass org/apache/http/conn/ssl/DefaultHostnameVerifier
instanceKlass javax/net/ssl/X509ExtendedTrustManager
instanceKlass javax/net/ssl/X509TrustManager
instanceKlass javax/net/ssl/TrustManager
instanceKlass sun/security/validator/TrustStoreUtil
instanceKlass java/security/interfaces/ECPublicKey
instanceKlass sun/security/provider/JavaKeyStore$TrustedCertEntry
instanceKlass sun/security/action/OpenFileInputStreamAction
instanceKlass sun/security/provider/KeyStoreDelegator$1
instanceKlass java/security/KeyStoreSpi
instanceKlass java/security/KeyStore$1
instanceKlass java/security/KeyStore
instanceKlass sun/security/ssl/TrustStoreManager$TrustStoreDescriptor$1
instanceKlass sun/security/ssl/TrustStoreManager$TrustStoreDescriptor
instanceKlass sun/security/ssl/TrustStoreManager$TrustAnchorManager
instanceKlass sun/security/ssl/TrustStoreManager
instanceKlass javax/net/ssl/TrustManagerFactorySpi
instanceKlass javax/net/ssl/TrustManagerFactory$1
instanceKlass javax/net/ssl/TrustManagerFactory
instanceKlass javax/net/ssl/X509ExtendedKeyManager
instanceKlass javax/net/ssl/X509KeyManager
instanceKlass javax/net/ssl/KeyManager
instanceKlass sun/security/ssl/SSLSessionContextImpl
instanceKlass javax/net/ssl/SSLSessionContext
instanceKlass sun/security/ssl/EphemeralKeyManager$EphemeralKeyPair
instanceKlass sun/security/ssl/EphemeralKeyManager
instanceKlass sun/security/ssl/SSLContextImpl$CustomizedSSLProtocols
instanceKlass java/security/spec/ECGenParameterSpec
instanceKlass sun/security/util/ECKeySizeParameterSpec
instanceKlass sun/security/util/ECUtil
instanceKlass sun/security/util/SecurityProviderConstants
instanceKlass sun/security/ec/point/Point
instanceKlass java/security/KeyPairGeneratorSpi
instanceKlass javax/crypto/KeyAgreement
instanceKlass sun/security/ssl/JsseJce$EcAvailability
instanceKlass sun/security/ssl/SSLAlgorithmDecomposer$1
instanceKlass sun/security/ssl/SSLCipher$1
instanceKlass sun/security/ssl/SSLCipher$T13GcmWriteCipherGenerator
instanceKlass sun/security/ssl/SSLCipher$T13GcmReadCipherGenerator
instanceKlass sun/security/ssl/SSLCipher$T12GcmWriteCipherGenerator
instanceKlass sun/security/ssl/SSLCipher$T12GcmReadCipherGenerator
instanceKlass javax/crypto/JceSecurityManager$1
instanceKlass sun/security/ssl/SSLCipher$T11BlockWriteCipherGenerator
instanceKlass sun/security/ssl/SSLCipher$T11BlockReadCipherGenerator
instanceKlass sun/security/ssl/SSLCipher$T10BlockWriteCipherGenerator
instanceKlass sun/security/ssl/SSLCipher$T10BlockReadCipherGenerator
instanceKlass javax/crypto/JceSecurity$2
instanceKlass javax/crypto/JarVerifier
instanceKlass javax/crypto/CryptoPolicyParser$CryptoPermissionEntry
instanceKlass javax/crypto/CryptoPolicyParser$GrantEntry
instanceKlass javax/crypto/CryptoPolicyParser
instanceKlass javax/crypto/JceSecurity$1
instanceKlass javax/crypto/JceSecurity
instanceKlass com/sun/crypto/provider/SunJCE$1
instanceKlass javax/crypto/Cipher$Transform
instanceKlass javax/crypto/Cipher
instanceKlass sun/security/krb5/Realm
instanceKlass sun/security/krb5/PrincipalName
instanceKlass sun/security/ssl/JsseJce$1
instanceKlass sun/security/ssl/Utilities
instanceKlass sun/security/ssl/JsseJce
instanceKlass sun/security/ssl/SSLCipher$StreamWriteCipherGenerator
instanceKlass sun/security/ssl/SSLCipher$StreamReadCipherGenerator
instanceKlass sun/security/ssl/SSLCipher$NullWriteCipherGenerator
instanceKlass sun/security/ssl/SSLCipher$WriteCipherGenerator
instanceKlass sun/security/ssl/SSLCipher$NullReadCipherGenerator
instanceKlass sun/security/ssl/SSLCipher$ReadCipherGenerator
instanceKlass sun/security/ssl/SSLAlgorithmConstraints
instanceKlass sun/security/ssl/SSLLogger
instanceKlass sun/security/ssl/SunJSSE$1
instanceKlass sun/security/ec/SunECEntries
instanceKlass sun/nio/fs/WindowsUriSupport
instanceKlass sun/security/ec/SunEC$1
instanceKlass javax/net/ssl/SSLContextSpi
instanceKlass javax/net/ssl/SSLContext
instanceKlass org/apache/http/ssl/SSLContexts
instanceKlass org/apache/http/conn/ssl/AbstractVerifier
instanceKlass org/apache/http/conn/ssl/X509HostnameVerifier
instanceKlass java/net/Socket
instanceKlass org/apache/http/conn/ssl/SSLConnectionSocketFactory
instanceKlass me/chanjar/weixin/common/util/http/apache/DefaultApacheHttpClientBuilder$$Lambda$664
instanceKlass org/apache/http/client/HttpRequestRetryHandler
instanceKlass java/lang/invoke/LambdaForm$DMH
instanceKlass org/apache/http/protocol/HttpContext
instanceKlass me/chanjar/weixin/common/util/http/apache/DefaultApacheHttpClientBuilder$SingletonHolder
instanceKlass org/apache/http/client/CredentialsProvider
instanceKlass org/apache/http/auth/Credentials
instanceKlass org/apache/http/conn/socket/LayeredConnectionSocketFactory
instanceKlass org/apache/http/conn/socket/ConnectionSocketFactory
instanceKlass org/apache/http/ssl/TrustStrategy
instanceKlass me/chanjar/weixin/common/util/http/apache/DefaultApacheHttpClientBuilder
instanceKlass cn/binarywang/wx/miniapp/util/WxMaConfigHolder
instanceKlass com/google/common/base/Joiner$MapJoiner
instanceKlass com/google/common/base/Preconditions
instanceKlass com/google/common/base/Joiner
instanceKlass com/google/common/collect/Multiset
instanceKlass com/google/common/collect/Collections2
instanceKlass com/google/common/collect/ImmutableMap
instanceKlass com/google/common/base/Converter
instanceKlass com/google/common/collect/SortedMapDifference
instanceKlass com/google/common/collect/MapDifference
instanceKlass com/google/common/collect/UnmodifiableIterator
instanceKlass com/google/common/collect/BiMap
instanceKlass com/google/common/collect/Maps
instanceKlass java/util/stream/Collectors$$Lambda$663
instanceKlass com/zbkj/admin/config/WxMaConfiguration$$Lambda$662
instanceKlass com/zbkj/admin/config/WxMaConfiguration$$Lambda$661
instanceKlass com/zbkj/admin/config/WxMaConfiguration$$Lambda$660
instanceKlass com/zbkj/admin/config/WxMaConfiguration$$Lambda$659
instanceKlass cn/binarywang/wx/miniapp/api/impl/WxMaShopPayServiceImpl
instanceKlass cn/binarywang/wx/miniapp/api/impl/WxMaShopCouponServiceImpl
instanceKlass cn/binarywang/wx/miniapp/api/impl/WxMaProductOrderServiceImpl
instanceKlass cn/binarywang/wx/miniapp/api/impl/WxMaProductServiceImpl
instanceKlass cn/binarywang/wx/miniapp/api/impl/WxMaShopSharerServiceImpl
instanceKlass cn/binarywang/wx/miniapp/api/impl/WxMaSafetyRiskControlServiceImpl
instanceKlass cn/binarywang/wx/miniapp/api/impl/WxMaImmediateDeliveryServiceImpl
instanceKlass cn/binarywang/wx/miniapp/api/impl/WxMaMarketingServiceImpl
instanceKlass cn/binarywang/wx/miniapp/api/impl/WxMaDeviceSubscribeServiceImpl
instanceKlass cn/binarywang/wx/miniapp/api/impl/WxMaReimburseInvoiceServiceImpl
instanceKlass cn/binarywang/wx/miniapp/api/impl/WxMaLinkServiceImpl
instanceKlass cn/binarywang/wx/miniapp/api/impl/WxMaShopDeliveryServiceImpl
instanceKlass cn/binarywang/wx/miniapp/api/impl/WxMaShopAfterSaleServiceImpl
instanceKlass cn/binarywang/wx/miniapp/api/impl/WxMaShopAuditServiceImpl
instanceKlass cn/binarywang/wx/miniapp/api/impl/WxMaShopImgServiceImpl
instanceKlass cn/binarywang/wx/miniapp/api/impl/WxMaShopCatServiceImpl
instanceKlass cn/binarywang/wx/miniapp/api/impl/WxMaShopAccountServiceImpl
instanceKlass cn/binarywang/wx/miniapp/api/impl/WxMaShopRegisterServiceImpl
instanceKlass org/apache/commons/lang3/time/FastDateParser$StrategyAndWidth
instanceKlass org/apache/commons/lang3/time/FastDateParser$StrategyParser
instanceKlass org/apache/commons/lang3/time/FastDateParser$1
instanceKlass sun/util/locale/Extension
instanceKlass sun/util/locale/LocaleExtensions
instanceKlass org/apache/commons/lang3/time/FastDateParser$Strategy
instanceKlass org/apache/commons/lang3/time/FastDateParser
instanceKlass org/apache/commons/lang3/time/FastDatePrinter$TwoDigitNumberField
instanceKlass org/apache/commons/lang3/time/FastDatePrinter$TwoDigitMonthField
instanceKlass org/apache/commons/lang3/time/FastDatePrinter$CharacterLiteral
instanceKlass org/apache/commons/lang3/time/FastDatePrinter$PaddedNumberField
instanceKlass org/apache/commons/lang3/time/FastDatePrinter$NumberRule
instanceKlass org/apache/commons/lang3/time/FastDatePrinter$Rule
instanceKlass org/apache/commons/lang3/time/FastDatePrinter
instanceKlass org/apache/commons/lang3/time/FormatCache$MultipartKey
instanceKlass org/apache/commons/lang3/time/FormatCache
instanceKlass org/apache/commons/lang3/time/DatePrinter
instanceKlass org/apache/commons/lang3/time/DateParser
instanceKlass cn/binarywang/wx/miniapp/api/impl/WxMaShopOrderServiceImpl
instanceKlass cn/binarywang/wx/miniapp/api/impl/WxMaShopSpuServiceImpl
instanceKlass cn/binarywang/wx/miniapp/api/impl/WxMaImgProcServiceImpl
instanceKlass cn/binarywang/wx/miniapp/api/impl/WxMaOcrServiceImpl
instanceKlass cn/binarywang/wx/miniapp/api/impl/WxMaLiveMemberServiceImpl
instanceKlass cn/binarywang/wx/miniapp/api/impl/WxMaLiveGoodsServiceImpl
instanceKlass cn/binarywang/wx/miniapp/api/impl/WxMaLiveServiceImpl
instanceKlass cn/binarywang/wx/miniapp/api/impl/WxMaCloudServiceImpl
instanceKlass cn/binarywang/wx/miniapp/api/impl/WxMaSubscribeServiceImpl
instanceKlass cn/binarywang/wx/miniapp/api/impl/WxMaExpressServiceImpl
instanceKlass cn/binarywang/wx/miniapp/api/impl/WxMaPluginServiceImpl
instanceKlass cn/binarywang/wx/miniapp/api/impl/WxMaSecCheckServiceImpl
instanceKlass cn/binarywang/wx/miniapp/api/impl/WxMaRunServiceImpl
instanceKlass cn/binarywang/wx/miniapp/api/impl/WxMaShareServiceImpl
instanceKlass cn/binarywang/wx/miniapp/api/impl/WxMaJsapiServiceImpl
instanceKlass cn/binarywang/wx/miniapp/api/impl/WxMaSettingServiceImpl
instanceKlass cn/binarywang/wx/miniapp/api/impl/WxMaInternetServiceImpl
instanceKlass cn/binarywang/wx/miniapp/api/impl/WxMaCodeServiceImpl
instanceKlass cn/binarywang/wx/miniapp/api/impl/WxMaAnalysisServiceImpl
instanceKlass cn/binarywang/wx/miniapp/api/impl/WxMaSchemeServiceImpl
instanceKlass cn/binarywang/wx/miniapp/api/impl/WxMaQrcodeServiceImpl
instanceKlass cn/binarywang/wx/miniapp/api/impl/WxMaUserServiceImpl
instanceKlass cn/binarywang/wx/miniapp/api/impl/WxMaMediaServiceImpl
instanceKlass cn/binarywang/wx/miniapp/api/impl/WxMaMsgServiceImpl
instanceKlass com/google/gson/internal/bind/ReflectiveTypeAdapterFactory$BoundField
instanceKlass com/google/gson/internal/bind/ReflectiveTypeAdapterFactory
instanceKlass com/google/gson/internal/bind/JsonAdapterAnnotationTypeAdapterFactory
instanceKlass com/google/gson/internal/bind/MapTypeAdapterFactory
instanceKlass com/google/gson/internal/bind/CollectionTypeAdapterFactory
instanceKlass com/google/gson/internal/bind/ArrayTypeAdapter$1
instanceKlass com/google/gson/internal/bind/SqlDateTypeAdapter$1
instanceKlass com/google/gson/internal/bind/TimeTypeAdapter$1
instanceKlass com/google/gson/internal/bind/DateTypeAdapter$1
instanceKlass com/google/gson/internal/bind/ObjectTypeAdapter$1
instanceKlass com/google/gson/internal/bind/TypeAdapters$30
instanceKlass com/google/gson/internal/bind/TypeAdapters$34
instanceKlass com/google/gson/internal/bind/TypeAdapters$26
instanceKlass com/google/gson/internal/bind/TypeAdapters$35
instanceKlass java/util/concurrent/atomic/AtomicIntegerArray
instanceKlass com/google/gson/internal/bind/TypeAdapters$33
instanceKlass com/google/gson/internal/bind/TypeAdapters$32
instanceKlass com/google/gson/internal/bind/TypeAdapters
instanceKlass com/google/gson/internal/JavaVersion
instanceKlass com/google/gson/internal/reflect/ReflectionAccessor
instanceKlass com/google/gson/internal/ObjectConstructor
instanceKlass com/google/gson/internal/ConstructorConstructor
instanceKlass com/google/gson/internal/$Gson$Types
instanceKlass com/google/gson/internal/$Gson$Preconditions
instanceKlass com/google/gson/reflect/TypeToken
instanceKlass org/apache/http/HttpResponse
instanceKlass me/chanjar/weixin/common/util/http/apache/ApacheHttpClientBuilder
instanceKlass cn/binarywang/wx/miniapp/api/WxMaShopPayService
instanceKlass cn/binarywang/wx/miniapp/api/WxMaShopCouponService
instanceKlass cn/binarywang/wx/miniapp/api/WxMaProductOrderService
instanceKlass cn/binarywang/wx/miniapp/api/WxMaProductService
instanceKlass cn/binarywang/wx/miniapp/api/WxMaShopSharerService
instanceKlass cn/binarywang/wx/miniapp/api/WxMaSafetyRiskControlService
instanceKlass cn/binarywang/wx/miniapp/api/WxMaImmediateDeliveryService
instanceKlass cn/binarywang/wx/miniapp/api/WxMaMarketingService
instanceKlass cn/binarywang/wx/miniapp/api/WxMaDeviceSubscribeService
instanceKlass cn/binarywang/wx/miniapp/api/WxMaReimburseInvoiceService
instanceKlass cn/binarywang/wx/miniapp/api/WxMaLinkService
instanceKlass cn/binarywang/wx/miniapp/api/WxMaShopDeliveryService
instanceKlass cn/binarywang/wx/miniapp/api/WxMaShopAfterSaleService
instanceKlass cn/binarywang/wx/miniapp/api/WxMaShopAuditService
instanceKlass cn/binarywang/wx/miniapp/api/WxMaShopImgService
instanceKlass cn/binarywang/wx/miniapp/api/WxMaShopCatService
instanceKlass cn/binarywang/wx/miniapp/api/WxMaShopAccountService
instanceKlass cn/binarywang/wx/miniapp/api/WxMaShopRegisterService
instanceKlass cn/binarywang/wx/miniapp/api/WxMaShopOrderService
instanceKlass cn/binarywang/wx/miniapp/api/WxMaShopSpuService
instanceKlass me/chanjar/weixin/common/service/WxImgProcService
instanceKlass me/chanjar/weixin/common/service/WxOcrService
instanceKlass cn/binarywang/wx/miniapp/api/WxMaLiveMemberService
instanceKlass cn/binarywang/wx/miniapp/api/WxMaLiveGoodsService
instanceKlass cn/binarywang/wx/miniapp/api/WxMaLiveService
instanceKlass cn/binarywang/wx/miniapp/api/WxMaCloudService
instanceKlass cn/binarywang/wx/miniapp/api/WxMaSubscribeService
instanceKlass cn/binarywang/wx/miniapp/api/WxMaExpressService
instanceKlass cn/binarywang/wx/miniapp/api/WxMaPluginService
instanceKlass cn/binarywang/wx/miniapp/api/WxMaSecCheckService
instanceKlass cn/binarywang/wx/miniapp/api/WxMaRunService
instanceKlass cn/binarywang/wx/miniapp/api/WxMaShareService
instanceKlass cn/binarywang/wx/miniapp/api/WxMaJsapiService
instanceKlass cn/binarywang/wx/miniapp/api/WxMaSettingService
instanceKlass cn/binarywang/wx/miniapp/api/WxMaInternetService
instanceKlass cn/binarywang/wx/miniapp/api/WxMaCodeService
instanceKlass cn/binarywang/wx/miniapp/api/WxMaAnalysisService
instanceKlass cn/binarywang/wx/miniapp/api/WxMaSchemeService
instanceKlass cn/binarywang/wx/miniapp/api/WxMaQrcodeService
instanceKlass cn/binarywang/wx/miniapp/api/WxMaUserService
instanceKlass cn/binarywang/wx/miniapp/api/WxMaMediaService
instanceKlass cn/binarywang/wx/miniapp/api/WxMaMsgService
instanceKlass cn/binarywang/wx/miniapp/api/impl/BaseWxMaServiceImpl
instanceKlass me/chanjar/weixin/common/util/http/RequestHttp
instanceKlass cn/binarywang/wx/miniapp/bean/live/WxMaLiveResult$Goods
instanceKlass cn/binarywang/wx/miniapp/bean/live/WxMaLiveResult
instanceKlass com/zbkj/common/request/wxmplive/goods/WechatLiveGoodsEditRequest
instanceKlass com/zbkj/common/request/wxmplive/goods/WechatLiveGoodsSearchRequest
instanceKlass com/zbkj/common/request/wxmplive/assistant/WechatLiveAssistantAddRequest
instanceKlass com/amazonaws/services/s3/AmazonS3
instanceKlass com/amazonaws/services/s3/internal/S3DirectSpi
instanceKlass com/qcloud/cos/COSClient
instanceKlass com/qcloud/cos/COS
instanceKlass com/qcloud/cos/internal/COSDirectSpi
instanceKlass com/zbkj/common/vo/CloudVo
instanceKlass com/qiniu/storage/UploadManager
instanceKlass com/zbkj/common/vo/FileResultVo
instanceKlass com/zbkj/common/request/SeckillProductPriceProRequest
instanceKlass com/zbkj/common/response/SeckillActivityPageResponse
instanceKlass com/zbkj/common/request/SeckillActivityProductRequest
instanceKlass com/zbkj/common/request/SeckillTimeIntervalSearchRequest
instanceKlass com/zbkj/common/request/SeckillTimeIntervalRequest
instanceKlass com/zbkj/common/request/SeckillProductPriceAttrValueRequest
instanceKlass com/zbkj/common/request/SeckillActivitySaveRequest
instanceKlass com/zbkj/common/response/SeckillActivityDetailResponse
instanceKlass com/zbkj/common/request/SeckillActivityProductAttrValueRequest
instanceKlass com/zbkj/common/request/SeckillProductAddRequest
instanceKlass com/zbkj/common/request/SeckillProductBatchRequest
instanceKlass com/zbkj/common/request/SeckillProductPriceRequest
instanceKlass com/zbkj/common/request/ProductRuleRequest
instanceKlass com/zbkj/common/request/ProductRuleSearchRequest
instanceKlass com/zbkj/common/request/ProductGuaranteeGroupAddRequest
instanceKlass com/zbkj/common/request/CopyProductRequest
instanceKlass com/zbkj/common/request/merchant/MerchantProductCategoryRequest
instanceKlass com/zbkj/common/request/merchant/MerchantPrintUpdateStatusRequest
instanceKlass com/zbkj/common/request/merchant/MerchantPrintRequest
instanceKlass com/zbkj/common/request/page/PageLinkRequest
instanceKlass com/zbkj/common/request/page/PageLinkSearchRequest
instanceKlass com/zbkj/common/request/page/PageCategoryRequest
instanceKlass com/zbkj/common/request/page/PageCategorySearchRequest
instanceKlass com/zbkj/common/request/OrderVerificationRequest
instanceKlass sun/font/SunFontManager$$Lambda$658
instanceKlass sun/font/SunFontManager$8
instanceKlass sun/font/FileFont$CreatedFontFileDisposerRecord
instanceKlass sun/font/TrueTypeFont$DirectoryEntry
instanceKlass sun/awt/Win32FontManager$2
instanceKlass sun/font/SunFontManager$3
instanceKlass sun/font/FontFamily
instanceKlass sun/font/CompositeFontDescriptor
instanceKlass sun/font/SunFontManager$FontRegistrationInfo
instanceKlass sun/awt/KeyboardFocusManagerPeerProvider
instanceKlass sun/awt/InputMethodSupport
instanceKlass sun/awt/ComponentFactory
instanceKlass sun/awt/WindowClosingListener
instanceKlass sun/awt/WindowClosingSupport
instanceKlass sun/awt/FontDescriptor
instanceKlass sun/awt/FontConfiguration
instanceKlass sun/font/SunFontManager$2
instanceKlass java/io/RandomAccessFile
instanceKlass sun/font/TrueTypeFont$1
instanceKlass sun/font/TrueTypeFont$TTDisposerRecord
instanceKlass sun/java2d/DisposerRecord
instanceKlass sun/font/Font2DHandle
instanceKlass sun/awt/Win32FontManager$1
instanceKlass sun/font/GlyphList
instanceKlass sun/font/StrikeCache$1
instanceKlass sun/misc/ThreadGroupUtils
instanceKlass sun/java2d/Disposer$$Lambda$657
instanceKlass sun/java2d/Disposer$1
instanceKlass sun/java2d/Disposer
instanceKlass sun/font/StrikeCache
instanceKlass sun/font/FontStrike
instanceKlass sun/font/CharToGlyphMapper
instanceKlass java/awt/geom/Path2D
instanceKlass java/awt/geom/RectangularShape
instanceKlass java/awt/Shape
instanceKlass sun/font/StrikeMetrics
instanceKlass java/awt/geom/Point2D
instanceKlass sun/awt/SunHints$Value
instanceKlass java/awt/RenderingHints$Key
instanceKlass sun/awt/SunHints
instanceKlass java/awt/RenderingHints
instanceKlass java/awt/font/FontRenderContext
instanceKlass sun/font/Font2D
instanceKlass sun/font/FontManagerNativeLibrary$1
instanceKlass sun/font/FontManagerNativeLibrary
instanceKlass sun/font/SunFontManager$1
instanceKlass sun/font/SunFontManager$T1Filter
instanceKlass sun/font/SunFontManager$TTFilter
instanceKlass sun/font/SunFontManager
instanceKlass sun/font/FontManagerForSGE
instanceKlass sun/font/FontManager
instanceKlass sun/java2d/FontSupport
instanceKlass sun/font/FontManagerFactory$1
instanceKlass sun/font/FontUtilities$1
instanceKlass sun/font/FontUtilities
instanceKlass sun/font/FontManagerFactory
instanceKlass java/io/FileOutputStream$1
instanceKlass java/awt/Font$2
instanceKlass sun/nio/fs/WindowsChannelFactory$2
instanceKlass sun/nio/fs/WindowsPath$1
instanceKlass java/nio/file/Paths
instanceKlass java/nio/file/TempFileHelper
instanceKlass java/awt/Font$1
instanceKlass sun/font/AttributeValues
instanceKlass java/awt/geom/AffineTransform
instanceKlass sun/font/FontAccess
instanceKlass java/awt/GraphicsEnvironment$$Lambda$656
instanceKlass java/awt/GraphicsEnvironment
instanceKlass java/awt/Toolkit$1
instanceKlass java/awt/Toolkit$3
instanceKlass java/awt/Toolkit$5
instanceKlass sun/awt/AWTAccessor
instanceKlass java/awt/Toolkit$4
instanceKlass sun/awt/AWTAccessor$ToolkitAccessor
instanceKlass java/awt/Toolkit
instanceKlass java/awt/Font
instanceKlass java/awt/Stroke
instanceKlass com/anji/captcha/service/impl/FrequencyLimitHandler
instanceKlass com/anji/captcha/service/impl/AbstractCaptchaService
instanceKlass com/anji/captcha/service/impl/CaptchaCacheServiceMemImpl
instanceKlass com/zbkj/admin/service/impl/CaptchaCacheServiceRedisImpl
instanceKlass com/anji/captcha/service/impl/CaptchaServiceFactory
instanceKlass com/anji/captcha/model/vo/PointVO
instanceKlass com/anji/captcha/util/JsonUtil
instanceKlass com/anji/captcha/util/ImageUtils
instanceKlass org/springframework/util/Base64Utils
instanceKlass org/springframework/util/FileCopyUtils
instanceKlass com/anji/captcha/util/StringUtils
instanceKlass com/anji/captcha/model/common/ResponseModel
instanceKlass com/anji/captcha/model/vo/CaptchaVO
instanceKlass com/zbkj/admin/vo/ValidateCode
instanceKlass com/zbkj/common/response/MenusResponse
instanceKlass com/zbkj/common/response/AdminLoginPicResponse
instanceKlass com/zbkj/common/response/SystemLoginResponse
instanceKlass com/zbkj/common/response/LoginAdminResponse
instanceKlass com/zbkj/common/request/LoginAdminUpdatePasswordRequest
instanceKlass com/zbkj/common/request/LoginAdminUpdateRequest
instanceKlass com/zbkj/common/request/AjAdminLoginRequest
instanceKlass com/zbkj/common/request/AdminAccountDetectionRequest
instanceKlass com/zbkj/common/request/ProductRankingRequest
instanceKlass com/zbkj/common/response/HomeOperatingDataResponse
instanceKlass com/zbkj/common/response/PlatformHomeRateResponse
instanceKlass com/zbkj/common/response/UserChannelDataResponse
instanceKlass com/zbkj/common/response/HomeOperatingMerDataResponse
instanceKlass com/zbkj/common/response/HomeRateResponse
instanceKlass com/zbkj/common/request/SystemGroupDataRequest
instanceKlass com/zbkj/common/request/SystemGroupDataSearchRequest
instanceKlass com/zbkj/common/response/OrderPayResultResponse
instanceKlass com/zbkj/common/request/UserRechargeRequest
instanceKlass com/zbkj/common/response/RechargePackageResponse
instanceKlass com/zbkj/common/response/PlatformStatementResponse
instanceKlass com/zbkj/common/response/MerchantStatementResponse
instanceKlass com/zbkj/common/response/MerchantClosingPageResponse
instanceKlass com/zbkj/common/response/MerchantClosingInfoResponse
instanceKlass com/zbkj/common/vo/MerchantClosingConfigVo
instanceKlass com/zbkj/common/request/ClosingRemarkRequest
instanceKlass com/zbkj/common/request/UserClosingSearchRequest
instanceKlass com/zbkj/common/response/MerchantClosingBaseInfoResponse
instanceKlass com/zbkj/common/response/MerchantClosingDetailResponse
instanceKlass com/zbkj/common/request/ClosingProofRequest
instanceKlass com/zbkj/common/request/ClosingAuditRequest
instanceKlass com/zbkj/common/request/merchant/MerchantClosingSearchRequest
instanceKlass com/zbkj/common/request/merchant/MerchantClosingApplyRequest
instanceKlass java/lang/ref/ReferenceQueue$1
instanceKlass com/zbkj/common/request/merchant/MerchantExpressRequest
instanceKlass com/zbkj/common/request/MerchantRelateExpressRequest
instanceKlass com/zbkj/common/request/merchant/MerchantElectRequest
instanceKlass com/zbkj/common/response/MerchantDeliveryPersonnelPageResponse
instanceKlass com/zbkj/common/request/MerchantDeliveryPersonnelSaveRequest
instanceKlass com/zbkj/admin/copyright/CopyrightUpdateInfoRequest
instanceKlass com/zbkj/admin/copyright/CopyrightInfoResponse
instanceKlass com/zbkj/common/vo/ChooseProductVo
instanceKlass com/zbkj/common/vo/PcHomeAdvertisementVo
instanceKlass com/zbkj/common/vo/PcQuickEntryVo
instanceKlass com/zbkj/common/vo/PcHomeRecommendedVo
instanceKlass com/zbkj/common/vo/PcHomeBannerVo
instanceKlass com/zbkj/common/vo/PcPhilosophyVo
instanceKlass com/zbkj/common/vo/PcBottomQrCodeVo
instanceKlass com/zbkj/common/vo/MerchantPcBannerVo
instanceKlass com/zbkj/common/vo/PcFriendlyLinkVo
instanceKlass com/zbkj/common/vo/PcHomeNavigationVo
instanceKlass com/zbkj/admin/vo/PcShoppingBaseConfigVo
instanceKlass com/zbkj/common/vo/MerchantPcShoppingConfigVo
instanceKlass com/zbkj/common/request/CategoryRequest
instanceKlass com/zbkj/common/request/CategorySearchRequest
instanceKlass com/zbkj/common/request/SystemAttachmentRemoveRequest
instanceKlass org/springframework/aop/framework/adapter/AfterReturningAdviceInterceptor
instanceKlass org/springframework/aop/framework/InterceptorAndDynamicMethodMatcher
instanceKlass org/springframework/aop/aspectj/annotation/InstantiationModelAwarePointcutAdvisorImpl$2
instanceKlass org/springframework/aop/aspectj/AspectJAopUtils
instanceKlass org/aspectj/util/PartialOrder$SortObject
instanceKlass org/springframework/aop/interceptor/ExposeInvocationInterceptor
instanceKlass org/springframework/security/access/intercept/AbstractSecurityInterceptor$$Lambda$655
instanceKlass org/springframework/security/access/intercept/AbstractSecurityInterceptor$$Lambda$654
instanceKlass org/springframework/security/access/intercept/AbstractSecurityInterceptor$$Lambda$653
instanceKlass org/springframework/security/access/intercept/AbstractSecurityInterceptor$$Lambda$652
instanceKlass org/springframework/security/access/intercept/InterceptorStatusToken
instanceKlass org/springframework/security/access/intercept/AfterInvocationProviderManager$$Lambda$651
instanceKlass org/springframework/security/access/prepost/PostInvocationAdviceProvider
instanceKlass org/springframework/security/access/AfterInvocationProvider
instanceKlass org/springframework/security/access/expression/method/ExpressionBasedPostInvocationAdvice
instanceKlass org/springframework/security/access/intercept/AfterInvocationProviderManager
instanceKlass org/springframework/security/access/vote/AbstractAccessDecisionManager
instanceKlass org/springframework/security/access/vote/AuthenticatedVoter
instanceKlass org/springframework/security/config/core/GrantedAuthorityDefaults
instanceKlass org/springframework/security/access/vote/RoleVoter
instanceKlass org/springframework/security/access/prepost/PreInvocationAuthorizationAdviceVoter
instanceKlass org/springframework/security/access/AccessDecisionVoter
instanceKlass org/springframework/security/access/expression/method/ExpressionBasedPreInvocationAdvice
instanceKlass org/springframework/security/access/intercept/NullRunAsManager
instanceKlass org/springframework/security/access/intercept/AbstractSecurityInterceptor$NoOpAuthenticationManager
instanceKlass org/springframework/context/support/MessageSourceAccessor
instanceKlass org/springframework/security/access/expression/method/AbstractExpressionBasedMethodConfigAttribute
instanceKlass org/springframework/expression/spel/standard/SpelExpression
instanceKlass org/springframework/expression/spel/ast/ValueRef
instanceKlass org/springframework/expression/spel/standard/Token
instanceKlass org/springframework/expression/spel/standard/Tokenizer
instanceKlass java/util/regex/Pattern$CharPropertyNames$CharPropertyFactory
instanceKlass java/util/regex/Pattern$CharPropertyNames
instanceKlass org/springframework/expression/spel/ast/SpelNodeImpl
instanceKlass org/springframework/expression/spel/SpelNode
instanceKlass com/zbkj/common/vo/wxvedioshop/audit/ShopAuditGetMiniAppCertificateRequestVo
instanceKlass com/zbkj/common/vo/wxvedioshop/audit/ShopAuditCategoryRequestVo
instanceKlass com/zbkj/common/vo/wxvedioshop/audit/ShopAuditResultCategoryAndBrandRequestVo
instanceKlass com/zbkj/common/vo/wxvedioshop/BaseResultResponseVo
instanceKlass com/zbkj/common/request/wxvedio/image/ShopUploadImgRequest
instanceKlass com/zbkj/common/vo/wxvedioshop/audit/ShopAuditBrandRequestVo
instanceKlass org/apache/ibatis/annotations/ResultType
instanceKlass com/zbkj/common/vo/wxvedioshop/cat_brand/ShopCatDetailVo
instanceKlass com/zbkj/common/vo/wxvedioshop/cat_brand/SecondCatVo
instanceKlass com/zbkj/common/vo/wxvedioshop/cat_brand/FirstCatVo
instanceKlass com/zbkj/common/request/wxvedio/cat/PayComponentCatPageListRequest
instanceKlass com/zbkj/common/vo/wxvedioshop/cat_brand/ThirdCatVo
instanceKlass com/zbkj/common/vo/wxvedioshop/cat_brand/CatItem
instanceKlass com/zbkj/common/vo/wxvedioshop/ShopSpuListResponseVo
instanceKlass com/zbkj/common/vo/wxvedioshop/ShopSpuListRequestVo
instanceKlass com/zbkj/common/vo/wxvedioshop/cat_brand/ShopAccountUpdateVo
instanceKlass com/zbkj/common/vo/wxvedioshop/ShopSpuVo
instanceKlass com/zbkj/common/vo/wxvedioshop/ShopSpuCommonVo
instanceKlass com/zbkj/common/request/wxvedio/product/PayComponentDraftProductPlatformOperationReviewStatus
instanceKlass com/zbkj/common/request/wxvedio/product/PayComponentDraftProductMerchantOperationReviewStatus
instanceKlass com/zbkj/common/request/wxvedio/product/PayComponentProductAddRequest
instanceKlass com/zbkj/common/request/wxvedio/product/ComponentProductSearchRequest
instanceKlass com/zbkj/common/vo/wxvedioshop/ShopSpuSkuVo
instanceKlass com/zbkj/common/vo/wxvedioshop/ShopSpuAddVo
instanceKlass com/zbkj/common/vo/wxvedioshop/ShopSpuSkuAttrVo
instanceKlass com/zbkj/common/vo/wxvedioshop/ShopSpuAddResponseVo
instanceKlass com/zbkj/common/vo/wxvedioshop/ShopSpuAddSkuResponseVo
instanceKlass com/zbkj/common/response/wxvideo/PayComponentProductResponse
instanceKlass com/zbkj/common/request/CityRegionRequest
instanceKlass com/zbkj/common/request/CitySearchRequest
instanceKlass com/zbkj/common/response/CityResponse
instanceKlass com/zbkj/common/request/CityRegionEditRequest
instanceKlass com/zbkj/common/request/WechatAddressImportRequest
instanceKlass com/zbkj/common/request/UserAddressRequest
instanceKlass com/zbkj/common/request/groupbuy/GroupBuyActivitySearchRequest
instanceKlass com/zbkj/common/request/groupbuy/GroupBuyActivityRequest
instanceKlass com/zbkj/common/response/groupbuy/GroupBuyActivityFrontResponse
instanceKlass com/zbkj/common/response/groupbuy/GroupBuyActivityResponse
instanceKlass com/zbkj/common/request/groupbuy/PatGroupBuyActivitySearchRequest
instanceKlass com/zbkj/common/response/groupbuy/GroupBuyActivityRecordListHeaderCount
instanceKlass com/zbkj/common/request/PreOrderDetailRequest
instanceKlass com/zbkj/common/response/groupbuy/GroupBuyRecordDetailMemberResponse
instanceKlass com/zbkj/common/response/OrderNoResponse
instanceKlass com/zbkj/common/vo/PreOrderInfoVo
instanceKlass com/zbkj/common/request/CreateOrderRequest
instanceKlass com/zbkj/common/request/OrderMerchantRequest
instanceKlass com/zbkj/common/vo/PreMerchantOrderVo
instanceKlass com/zbkj/common/response/groupbuy/GroupBuyRecordDetailResponse
instanceKlass com/zbkj/common/vo/PreOrderInfoDetailVo
instanceKlass com/zbkj/common/response/groupbuy/GroupBuyActivityFrontOrderViewResponse
instanceKlass com/zbkj/common/response/ProductDetailResponse
instanceKlass com/zbkj/common/request/SystemFormAddRequest
instanceKlass com/zbkj/common/response/ProductGuaranteeResponse
instanceKlass com/zbkj/common/request/ProductGuaranteeRequest
instanceKlass com/zbkj/common/response/productTag/ProductTagsForSearchResponse
instanceKlass com/zbkj/common/response/ProductTagsFrontResponse
instanceKlass com/zbkj/common/request/producttag/ProductTagSearchRequest
instanceKlass com/zbkj/common/request/ActivityStyleSearchRequest
instanceKlass com/zbkj/common/request/ProductReplyCommentRequest
instanceKlass com/zbkj/common/response/ProductDetailReplyResponse
instanceKlass com/zbkj/common/response/ProductReplayCountResponse
instanceKlass com/zbkj/common/request/ProductReplyVirtualRequest
instanceKlass org/json/JSONObject
instanceKlass com/zbkj/common/request/ProductRequest
instanceKlass com/zbkj/common/request/BrandCategorySearchRequest
instanceKlass com/zbkj/common/response/ProductBrandResponse
instanceKlass com/zbkj/common/response/ProductBrandListResponse
instanceKlass com/zbkj/common/request/ProductBrandRequest
instanceKlass com/zbkj/common/response/PaidMemberOrderInfoResponse
instanceKlass com/zbkj/common/request/PaidMemberCardSearchRequest
instanceKlass com/zbkj/common/request/PaidMemberCardSaveRequest
instanceKlass com/zbkj/common/request/CommunityTopicSaveRequest
instanceKlass com/zbkj/common/request/CommunityCategorySaveRequest
instanceKlass com/zbkj/common/response/CommunityNotePageDateResponse
instanceKlass com/zbkj/common/vo/ProCategoryCacheVo
instanceKlass com/zbkj/common/request/ProductCategoryRequest
instanceKlass com/zbkj/common/request/UserCollectRequest
instanceKlass com/zbkj/common/response/CartInfoResponse
instanceKlass com/zbkj/common/dto/ProductPriceCalculateDto
instanceKlass com/zbkj/common/request/CartRequest
instanceKlass com/zbkj/common/request/CartNumRequest
instanceKlass com/zbkj/common/request/CartResetRequest
instanceKlass com/zbkj/common/response/CartPriceResponse
instanceKlass com/zbkj/common/response/YlyAccessTokenResponse
instanceKlass com/zbkj/common/vo/PrintContentVo
instanceKlass com/zbkj/common/response/OrderInvoiceResponse
instanceKlass com/zbkj/common/vo/OnePassLogisticsTrackVo
instanceKlass com/zbkj/common/request/page/PageDiyRequest
instanceKlass com/zbkj/common/response/page/PageDiyResponse
instanceKlass com/zbkj/common/request/page/PageDiyEditNameRequest
instanceKlass com/zbkj/common/request/IntegralIntervalAddRequest
instanceKlass com/zbkj/common/request/ShippingTemplatesFreeRequest
instanceKlass com/zbkj/common/request/ShippingTemplatesRegionRequest
instanceKlass com/zbkj/common/response/ShippingTemplatesFreeResponse
instanceKlass com/zbkj/common/response/ShippingTemplatesInfoResponse
instanceKlass com/zbkj/common/request/ShippingTemplatesRequest
instanceKlass com/zbkj/common/request/ShippingTemplatesSearchRequest
instanceKlass com/zbkj/common/request/merchant/manage/MerchantEmployeeRequest
instanceKlass com/zbkj/common/response/employee/EmployeeMerchantActiveResponse
instanceKlass com/zbkj/common/response/MerchantCollectResponse
instanceKlass com/zbkj/common/request/CancelCollectRequest
instanceKlass com/zbkj/common/request/merchant/MerchantApplyAuditRequest
instanceKlass com/zbkj/common/request/merchant/MerchantApplyRemarkRequest
instanceKlass com/zbkj/common/request/merchant/MerchantApplySearchRequest
instanceKlass com/zbkj/common/request/groupbuy/GroupBuyUserSearchRequest
instanceKlass com/zbkj/common/request/PaidMemberBenefitsStatementRequest
instanceKlass com/zbkj/common/vo/PaidMemberBenefitsVo
instanceKlass com/zbkj/common/vo/PaidMemberConfigVo
instanceKlass com/zbkj/common/response/CommunityCommentReplyResponse
instanceKlass com/zbkj/common/request/CommunityReplyAddRequest
instanceKlass com/zbkj/common/request/CommonAuditRequest
instanceKlass com/zbkj/common/request/CommunityNoteCategoryBatchUpdateRequest
instanceKlass com/zbkj/common/request/CommunityNoteSaveRequest
instanceKlass com/zbkj/common/request/CommonStarUpdateRequest
instanceKlass com/zbkj/common/request/CommonForcedDownRequest
instanceKlass com/zbkj/common/response/CommunityNoteDetailResponse
instanceKlass com/zbkj/common/request/SystemUserLevelRuleRequest
instanceKlass com/zbkj/common/request/SystemUserLevelUpdateShowRequest
instanceKlass com/zbkj/common/request/SystemUserLevelRequest
instanceKlass com/zbkj/common/vo/SystemUserLevelConfigVo
instanceKlass cn/hutool/core/date/format/DatePrinter
instanceKlass cn/hutool/core/date/format/DateBasic
instanceKlass com/zbkj/common/request/merchant/MerchantAddressSaveRequest
instanceKlass com/zbkj/common/request/merchant/MerchantAddressSearchRequest
instanceKlass org/springframework/cglib/core/LocalVariablesSorter$1
instanceKlass com/zbkj/common/vo/RefundOrderDetailOrderInfoVo
instanceKlass com/zbkj/common/request/OrderRefundAuditRequest
instanceKlass com/zbkj/common/response/RefundOrderAdminDetailResponse
instanceKlass com/zbkj/common/response/RefundOrderCountItemResponse
instanceKlass com/zbkj/common/request/RefundOrderRemarkRequest
instanceKlass com/zbkj/common/request/RejectReceivingRequest
instanceKlass com/zbkj/common/request/merchant/MerchantTypeRequest
instanceKlass com/zbkj/common/request/merchant/MerchantCategoryRequest
instanceKlass com/zbkj/common/response/MerchantPlatformDetailResponse
instanceKlass com/zbkj/common/request/merchant/MerchantUpdateProductNumRequest
instanceKlass com/zbkj/common/response/ProductAuditSwitchInfoResponse
instanceKlass com/zbkj/common/response/MerchantSettledResponse
instanceKlass com/zbkj/common/vo/MerchantSettlementInfoVo
instanceKlass com/zbkj/common/response/MerchantSearchResponse
instanceKlass com/zbkj/common/response/MerchantPcIndexResponse
instanceKlass com/zbkj/common/response/IndexMerchantResponse
instanceKlass com/zbkj/common/response/MerchantServiceInfoResponse
instanceKlass com/zbkj/common/response/MerchantPageResponse
instanceKlass com/zbkj/common/request/merchant/MerchantUpdatePhoneRequest
instanceKlass com/zbkj/common/response/MerchantTakeTheirResponse
instanceKlass com/zbkj/common/request/merchant/MerchantMoveSearchRequest
instanceKlass com/zbkj/common/response/MerchantIndexInfoResponse
instanceKlass com/zbkj/common/response/MerchantAddressInfoResponse
instanceKlass com/zbkj/common/response/CategoryMerchantResponse
instanceKlass com/zbkj/common/request/merchant/MerchantAddRequest
instanceKlass com/zbkj/common/request/merchant/MerchantSettledApplyRequest
instanceKlass com/zbkj/common/response/MerchantBaseInfoResponse
instanceKlass com/zbkj/common/vo/MerchantConfigInfoVo
instanceKlass com/zbkj/common/response/MerchantDetailResponse
instanceKlass com/zbkj/common/request/merchant/MerchantUpdateRequest
instanceKlass com/zbkj/common/response/MerchantHeaderNumResponse
instanceKlass com/zbkj/common/request/merchant/MerchantSearchRequest
instanceKlass com/zbkj/common/request/ExpressUpdateShowRequest
instanceKlass com/zbkj/common/request/ExpressSearchRequest
instanceKlass com/zbkj/common/request/ExpressUpdateRequest
instanceKlass com/zbkj/common/response/OrderCountItemResponse
instanceKlass com/zbkj/common/response/OrderInfoFrontDataResponse
instanceKlass com/zbkj/common/response/PlatformOrderAdminDetailResponse
instanceKlass com/zbkj/common/response/onepass/ElectrResponse
instanceKlass com/zbkj/common/request/OrderSendRequest
instanceKlass com/zbkj/common/response/OrderAdminDetailResponse
instanceKlass com/zbkj/common/request/OrderInvoiceUpdateRequest
instanceKlass com/zbkj/common/request/MerchantOrderDirectRefundRequest
instanceKlass com/zbkj/common/request/OrderRemarkRequest
instanceKlass com/zbkj/common/vo/LogisticsResultVo
instanceKlass com/zbkj/common/request/SplitOrderSendDetailRequest
instanceKlass com/zbkj/common/request/FundsFlowRequest
instanceKlass com/zbkj/common/vo/CommonSeparateConfigVo
instanceKlass com/zbkj/common/response/WeChatJsSdkConfigResponse
instanceKlass com/zbkj/common/vo/WeChatOauthToken
instanceKlass com/zbkj/common/vo/ProgramTemplateMessageVo
instanceKlass com/zbkj/common/vo/TemplateMessageVo
instanceKlass com/zbkj/common/vo/WeChatAccessTokenVo
instanceKlass com/zbkj/common/response/WechatPublicShareResponse
instanceKlass com/zbkj/common/vo/WeChatMiniAuthorizeVo
instanceKlass com/zbkj/common/vo/WeChatAuthorizeLoginUserInfoVo
instanceKlass com/zbkj/common/response/WechatOpenUploadResponse
instanceKlass com/zbkj/common/vo/WxRefundResponseVo
instanceKlass com/zbkj/common/vo/WxRefundVo
instanceKlass com/zbkj/common/vo/CreateOrderResponseVo
instanceKlass com/zbkj/common/vo/CreateOrderRequestVo
instanceKlass com/zbkj/common/request/NotificationUpdateRequest
instanceKlass com/zbkj/common/response/NotificationInfoResponse
instanceKlass com/zbkj/common/request/NotificationInfoRequest
instanceKlass com/zbkj/common/request/NotificationSearchRequest
instanceKlass com/zbkj/common/vo/OnePassLogisticsQueryVo
instanceKlass com/zbkj/common/vo/OnePassUserInfoVo
instanceKlass org/springframework/http/client/ClientHttpRequestInitializer
instanceKlass org/springframework/core/ParameterizedTypeReference
instanceKlass org/springframework/http/client/ClientHttpResponse
instanceKlass org/springframework/http/HttpEntity
instanceKlass org/springframework/http/HttpHeaders
instanceKlass org/springframework/web/util/UriBuilder
instanceKlass org/springframework/web/util/DefaultUriBuilderFactory
instanceKlass org/springframework/web/util/UriBuilderFactory
instanceKlass com/fasterxml/jackson/core/FormatFeature
instanceKlass org/springframework/http/converter/json/Jackson2ObjectMapperBuilder$CborFactoryInitializer
instanceKlass org/springframework/web/client/RestTemplate$HeadersExtractor
instanceKlass org/springframework/web/client/DefaultResponseErrorHandler
instanceKlass java/net/Proxy
instanceKlass org/springframework/http/client/AsyncClientHttpRequest
instanceKlass org/springframework/http/client/ClientHttpRequest
instanceKlass org/springframework/http/client/SimpleClientHttpRequestFactory
instanceKlass org/springframework/http/client/AsyncClientHttpRequestFactory
instanceKlass com/zbkj/common/vo/OnePassApplicationInfoVo
instanceKlass com/zbkj/common/vo/SendSmsVo
instanceKlass com/zbkj/common/request/PasswordRequest
instanceKlass com/zbkj/common/response/UserInfoResponse
instanceKlass com/zbkj/common/response/employee/FrontMerchantEmployeeResponse
instanceKlass com/zbkj/common/request/UserOperateIntegralRequest
instanceKlass com/zbkj/common/request/UserOperateBalanceRequest
instanceKlass com/zbkj/common/request/RetailStoreSubUserSearchRequest
instanceKlass com/zbkj/common/request/UserUpdateRequest
instanceKlass com/zbkj/common/request/GiftPaidMemberRequest
instanceKlass com/zbkj/common/response/UserLogoffBeforeResponse
instanceKlass com/zbkj/common/request/UserAssignTagRequest
instanceKlass com/zbkj/common/request/UserEditInfoRequest
instanceKlass com/zbkj/common/vo/LoginFrontUserVo
instanceKlass com/zbkj/common/request/UserBindingPhoneUpdateRequest
instanceKlass com/zbkj/common/response/UserAdminDetailResponse
instanceKlass com/zbkj/common/request/CouponRequest
instanceKlass com/zbkj/common/response/CouponInfoResponse
instanceKlass com/zbkj/common/request/CouponBatchSendRequest
instanceKlass com/zbkj/common/response/CouponAdminDetailResponse
instanceKlass com/zbkj/common/request/CouponProductJoinRequest
instanceKlass com/zbkj/common/response/ProductCouponUseResponse
instanceKlass com/zbkj/common/vo/CouponSimpleVo
instanceKlass com/zbkj/common/response/CouponPageResponse
instanceKlass com/zbkj/common/request/CouponFrontSearchRequest
instanceKlass com/zbkj/common/request/CouponDeleteRequest
instanceKlass com/zbkj/common/request/CouponAddRequest
instanceKlass com/zbkj/common/request/CouponUpdateRequest
instanceKlass com/zbkj/common/request/OrderUseCouponRequest
instanceKlass com/zbkj/common/request/CouponUserSearchRequest
instanceKlass com/zbkj/common/request/SystemAdminUpdatePwdRequest
instanceKlass com/zbkj/common/request/SystemAdminAddRequest
instanceKlass com/zbkj/common/request/SystemAdminUpdateRequest
instanceKlass com/zbkj/common/request/SystemAdminRequest
instanceKlass com/zbkj/common/request/SystemMenuSearchRequest
instanceKlass com/zbkj/common/request/SystemMenuRequest
instanceKlass com/zbkj/common/request/SystemRoleStatusRequest
instanceKlass com/zbkj/common/vo/MenuCheckVo
instanceKlass com/zbkj/common/response/RoleInfoResponse
instanceKlass com/zbkj/common/request/SystemRoleRequest
instanceKlass com/zbkj/common/request/SystemRoleSearchRequest
instanceKlass org/springframework/transaction/support/TransactionCallback
instanceKlass org/springframework/transaction/support/AbstractPlatformTransactionManager$SuspendedResourcesHolder
instanceKlass org/springframework/transaction/support/AbstractTransactionStatus
instanceKlass org/springframework/boot/autoconfigure/transaction/TransactionManagerCustomizers$$Lambda$650
instanceKlass org/springframework/boot/autoconfigure/jdbc/DataSourceTransactionManagerAutoConfiguration$DataSourceTransactionManagerConfiguration$$Lambda$649
instanceKlass com/zbkj/common/request/SystemFormTempRequest
instanceKlass com/zbkj/common/request/SystemFormTempSearchRequest
instanceKlass org/springframework/beans/factory/annotation/InitDestroyAnnotationBeanPostProcessor$LifecycleElement
instanceKlass com/zbkj/common/request/SystemConfigAdminRequest
instanceKlass com/zbkj/common/request/SystemFormCheckRequest
instanceKlass com/zbkj/common/request/SaveConfigRequest
instanceKlass com/zbkj/common/request/SystemAttachmentMoveRequest
instanceKlass com/zbkj/common/request/ProductAuditRequest
instanceKlass com/zbkj/common/request/IntegralProductTabsHeaderRequest
instanceKlass com/zbkj/common/response/IntegralProductDetailResponse
instanceKlass com/zbkj/common/request/ProductFreightTemplateRequest
instanceKlass com/zbkj/common/request/ProductAddFeedbackCouponsRequest
instanceKlass com/zbkj/common/request/IntegralProductAddRequest
instanceKlass com/zbkj/common/vo/SimpleProductVo
instanceKlass com/zbkj/common/response/RecommendProductResponse
instanceKlass com/zbkj/common/request/merchant/MerchantProductSearchRequest
instanceKlass com/zbkj/common/request/IntegralProductAttrValueAddRequest
instanceKlass com/zbkj/common/vo/DateLimitUtilVo
instanceKlass com/zbkj/common/request/ProductAnyTimeEditRequest
instanceKlass com/zbkj/common/response/AttrValueResponse
instanceKlass com/zbkj/common/response/ProMerchantProductResponse
instanceKlass com/zbkj/common/response/IntegralProductFrontResponse
instanceKlass com/zbkj/common/request/ProductForceDownRequest
instanceKlass com/zbkj/common/request/ProductPlatUpdateRequest
instanceKlass com/zbkj/common/request/ProductAttrValueAddStockRequest
instanceKlass com/zbkj/common/request/ProductAttrOptionAddRequest
instanceKlass com/zbkj/common/request/ProductAddRequest
instanceKlass com/zbkj/common/request/CommonBatchRequest
instanceKlass com/zbkj/common/request/ProductAttrValueAddRequest
instanceKlass com/zbkj/common/request/ProductAttrAddRequest
instanceKlass com/zbkj/common/request/ProductFrontSearchRequest
instanceKlass com/zbkj/common/request/ProductSetBrokerageRequest
instanceKlass com/zbkj/common/request/ProductDeleteRequest
instanceKlass com/zbkj/common/response/ProductInfoResponse
instanceKlass com/zbkj/common/request/ProductSubmitAuditRequest
instanceKlass com/zbkj/common/request/ProductTabsHeaderRequest
instanceKlass com/zbkj/common/response/ProductResponseForCopyProduct
instanceKlass com/zbkj/common/request/ProductReviewFreeEditRequest
instanceKlass com/zbkj/common/vo/MyRecord
instanceKlass com/zbkj/common/request/ProductAddStockRequest
instanceKlass com/zbkj/common/response/CdkeyLibrarySimpleResponse
instanceKlass com/zbkj/common/request/CdkeyLibrarySaveRequest
instanceKlass com/zbkj/common/vo/CardSecretSimpleVo
instanceKlass com/zbkj/common/request/CardSecretAddRequest
instanceKlass com/zbkj/common/request/CardSecretSaveRequest
instanceKlass org/springframework/web/multipart/MultipartFile
instanceKlass com/zbkj/common/result/CommonResult
instanceKlass com/zbkj/common/request/BatchOperationCommonRequest
instanceKlass com/zbkj/admin/config/WxMaConfiguration$$Lambda$648
instanceKlass com/zbkj/admin/config/WxMaConfiguration$$Lambda$647
instanceKlass com/zbkj/admin/config/WxMaConfiguration$$Lambda$646
instanceKlass com/zbkj/admin/config/WxMaConfiguration$$Lambda$645
instanceKlass com/zbkj/admin/config/WxMaConfiguration$$Lambda$644
instanceKlass cn/binarywang/wx/miniapp/message/WxMaMessageHandler
instanceKlass org/springframework/boot/context/properties/source/ConfigurationPropertyName$$Lambda$643
instanceKlass org/springframework/objenesis/instantiator/sun/SunReflectionFactoryHelper
instanceKlass org/springframework/objenesis/instantiator/sun/SunReflectionFactoryInstantiator
instanceKlass org/springframework/objenesis/strategy/PlatformDescription
instanceKlass org/springframework/cglib/proxy/Enhancer$4
instanceKlass org/springframework/cglib/proxy/Enhancer$3
instanceKlass org/springframework/cglib/proxy/Enhancer$5
instanceKlass org/springframework/aop/ThrowsAdvice
instanceKlass org/springframework/aop/framework/AdvisedSupport$MethodCacheKey
instanceKlass org/springframework/aop/framework/CglibAopProxy$ProxyCallbackFilter
instanceKlass org/springframework/aop/framework/CglibAopProxy$HashCodeInterceptor
instanceKlass org/springframework/aop/framework/CglibAopProxy$EqualsInterceptor
instanceKlass org/springframework/aop/framework/CglibAopProxy$SerializableNoOp
instanceKlass org/springframework/aop/framework/CglibAopProxy$StaticDispatcher
instanceKlass org/springframework/aop/framework/CglibAopProxy$StaticUnadvisedInterceptor
instanceKlass org/springframework/aop/framework/CglibAopProxy$DynamicAdvisedInterceptor
instanceKlass org/springframework/aop/framework/CglibAopProxy$AdvisedDispatcher
instanceKlass org/springframework/aop/framework/CglibAopProxy
instanceKlass org/springframework/aop/target/SingletonTargetSource
instanceKlass org/aspectj/util/PartialOrder
instanceKlass org/springframework/aop/aspectj/autoproxy/AspectJAwareAdvisorAutoProxyCreator$PartiallyComparableAdvisorHolder
instanceKlass org/springframework/transaction/interceptor/RollbackRuleAttribute
instanceKlass org/springframework/core/Constants$$Lambda$642
instanceKlass com/baomidou/mybatisplus/core/override/MybatisMapperProxy
instanceKlass org/apache/ibatis/cursor/Cursor
instanceKlass org/mybatis/spring/SqlSessionTemplate$SqlSessionInterceptor
instanceKlass org/mybatis/spring/MyBatisExceptionTranslator$$Lambda$641
instanceKlass org/mybatis/spring/MyBatisExceptionTranslator
instanceKlass com/baomidou/mybatisplus/core/MybatisPlusVersion
instanceKlass com/baomidou/mybatisplus/extension/toolkit/SqlHelper
instanceKlass org/apache/ibatis/session/defaults/DefaultSqlSessionFactory
instanceKlass com/baomidou/mybatisplus/core/toolkit/IdWorker
instanceKlass org/apache/catalina/webresources/Cache$EvictionOrder
instanceKlass com/baomidou/mybatisplus/core/toolkit/Sequence
instanceKlass com/baomidou/mybatisplus/core/incrementer/DefaultIdentifierGenerator
instanceKlass org/apache/ibatis/session/SqlSessionFactoryBuilder
instanceKlass com/zbkj/common/response/UserSpreadPeopleItemResponse
instanceKlass com/zbkj/common/response/IntegralRecordPageResponse
instanceKlass com/zbkj/common/response/UserSignRecordResponse
instanceKlass com/zbkj/common/response/SeckillProductPageResponse
instanceKlass org/apache/ibatis/annotations/ResultMap
instanceKlass org/apache/ibatis/annotations/SelectKey
instanceKlass org/apache/ibatis/annotations/Options
instanceKlass com/zbkj/common/response/ProductTagTaskItem
instanceKlass com/zbkj/common/response/UserProductRelationResponse
instanceKlass com/zbkj/common/response/ProductMarketingResponse
instanceKlass com/zbkj/common/response/ProductActivityResponse
instanceKlass com/zbkj/common/response/ProductFrontResponse
instanceKlass com/zbkj/common/response/PlatformProductListResponse
instanceKlass org/apache/ibatis/reflection/TypeParameterResolver$ParameterizedTypeImpl
instanceKlass com/zbkj/common/response/MerchantRefundOrderPageResponse
instanceKlass com/zbkj/common/response/PlatformRefundOrderPageResponse
instanceKlass com/zbkj/common/response/RefundOrderResponse
instanceKlass com/zbkj/common/response/RefundOrderInfoResponse
instanceKlass org/apache/ibatis/reflection/invoker/GetFieldInvoker
instanceKlass org/apache/ibatis/reflection/invoker/SetFieldInvoker
instanceKlass com/zbkj/common/response/IntegralOrderPageResponse
instanceKlass com/zbkj/common/response/MerchantOrderPageResponse
instanceKlass com/zbkj/common/response/PlatformOrderPageResponse
instanceKlass com/zbkj/common/response/PaidMemberOrderResponse
instanceKlass com/zbkj/common/response/groupbuy/GroupBuyActivityRecordAdminListResponse
instanceKlass com/zbkj/common/response/groupbuy/GroupBuyActivityProductListForSale
instanceKlass com/zbkj/common/response/CouponUserOrderResponse
instanceKlass com/zbkj/common/response/CommunityReplyPageDateResponse
instanceKlass java/util/AbstractList$1
instanceKlass com/zbkj/common/dto/CommunityNotePageDateDto
instanceKlass org/apache/ibatis/mapping/ResultMapping
instanceKlass org/apache/ibatis/mapping/ResultMapping$Builder
instanceKlass org/apache/ibatis/reflection/MetaClass
instanceKlass com/zbkj/common/response/MerchantClosingPlatformPageResponse
instanceKlass org/apache/ibatis/parsing/PropertyParser$1
instanceKlass org/apache/ibatis/builder/xml/XMLIncludeTransformer$$Lambda$640
instanceKlass org/apache/ibatis/builder/xml/XMLIncludeTransformer
instanceKlass com/sun/org/apache/xerces/internal/impl/dtd/models/MixedContentModel
instanceKlass com/sun/org/apache/xerces/internal/impl/dtd/DTDGrammar$ChildrenList
instanceKlass org/apache/ibatis/session/Configuration$StrictMap$Ambiguity
instanceKlass org/apache/ibatis/executor/keygen/Jdbc3KeyGenerator
instanceKlass com/baomidou/mybatisplus/extension/spring/MybatisSqlSessionFactoryBean$$Lambda$639
instanceKlass com/baomidou/mybatisplus/core/metadata/TableInfo$$Lambda$638
instanceKlass com/baomidou/mybatisplus/core/metadata/TableInfo$$Lambda$637
instanceKlass com/baomidou/mybatisplus/core/metadata/TableInfo$$Lambda$636
instanceKlass com/baomidou/mybatisplus/core/metadata/TableInfo$$Lambda$635
instanceKlass com/baomidou/mybatisplus/core/metadata/TableInfo$$Lambda$634
instanceKlass org/apache/ibatis/builder/StaticSqlSource
instanceKlass org/apache/ibatis/mapping/ParameterMapping
instanceKlass org/apache/ibatis/mapping/ParameterMapping$Builder
instanceKlass org/apache/ibatis/reflection/property/PropertyTokenizer
instanceKlass org/apache/ibatis/reflection/wrapper/BaseWrapper
instanceKlass org/apache/ibatis/reflection/wrapper/ObjectWrapper
instanceKlass org/apache/ibatis/scripting/xmltags/MixedSqlNode$$Lambda$633
instanceKlass org/apache/ibatis/ognl/OgnlRuntime$ArgsCompatbilityReport
instanceKlass org/apache/ibatis/ognl/ObjectMethodAccessor
instanceKlass org/apache/ibatis/ognl/ObjectNullHandler
instanceKlass org/apache/ibatis/ognl/NumberElementsAccessor
instanceKlass org/apache/ibatis/ognl/NumericTypes
instanceKlass org/apache/ibatis/ognl/EnumerationElementsAccessor
instanceKlass org/apache/ibatis/ognl/IteratorElementsAccessor
instanceKlass org/apache/ibatis/ognl/MapElementsAccessor
instanceKlass org/apache/ibatis/ognl/CollectionElementsAccessor
instanceKlass org/apache/ibatis/ognl/ObjectElementsAccessor
instanceKlass org/apache/ibatis/ognl/ArrayElementsAccessor
instanceKlass org/apache/ibatis/ognl/MapPropertyAccessor
instanceKlass org/apache/ibatis/ognl/ObjectPropertyAccessor
instanceKlass java/math/MathContext
instanceKlass org/apache/ibatis/ognl/enhance/LocalReference
instanceKlass org/apache/ibatis/javassist/ClassPath
instanceKlass org/apache/ibatis/ognl/enhance/ExpressionCompiler
instanceKlass org/apache/ibatis/javassist/CtClass
instanceKlass org/apache/ibatis/javassist/ClassPool
instanceKlass org/apache/ibatis/ognl/OgnlRuntime$ClassPropertyMethodCache
instanceKlass org/apache/ibatis/ognl/ObjectArrayPool
instanceKlass org/apache/ibatis/ognl/EvaluationPool
instanceKlass org/apache/ibatis/ognl/internal/Entry
instanceKlass org/apache/ibatis/ognl/internal/ClassCacheImpl
instanceKlass org/apache/ibatis/ognl/ClassResolver
instanceKlass org/apache/ibatis/ognl/MethodAccessor
instanceKlass org/apache/ibatis/ognl/NullHandler
instanceKlass org/apache/ibatis/ognl/ElementsAccessor
instanceKlass org/apache/ibatis/ognl/enhance/OgnlExpressionCompiler
instanceKlass org/apache/ibatis/ognl/internal/ClassCache
instanceKlass org/apache/ibatis/ognl/OgnlRuntime
instanceKlass org/apache/ibatis/scripting/xmltags/DynamicContext$ContextAccessor
instanceKlass org/apache/ibatis/ognl/PropertyAccessor
instanceKlass org/apache/ibatis/scripting/defaults/RawSqlSource
instanceKlass org/apache/ibatis/scripting/xmltags/ForEachSqlNode
instanceKlass org/apache/ibatis/scripting/xmltags/ChooseSqlNode
instanceKlass com/baomidou/mybatisplus/core/metadata/TableInfo$$Lambda$632
instanceKlass com/baomidou/mybatisplus/core/metadata/TableInfo$$Lambda$631
instanceKlass java/lang/invoke/LambdaForm$MH
instanceKlass java/lang/invoke/LambdaForm$DMH
instanceKlass java/lang/invoke/LambdaForm$DMH
instanceKlass com/baomidou/mybatisplus/core/metadata/TableInfo$$Lambda$630
instanceKlass java/lang/invoke/LambdaForm$DMH
instanceKlass org/apache/ibatis/mapping/ResultMap$Builder
instanceKlass org/apache/ibatis/mapping/ParameterMap$Builder
instanceKlass org/apache/ibatis/mapping/MappedStatement$Builder
instanceKlass org/apache/ibatis/scripting/xmltags/DynamicSqlSource
instanceKlass org/apache/ibatis/scripting/xmltags/DynamicContext
instanceKlass org/apache/ibatis/scripting/xmltags/TrimSqlNode
instanceKlass org/apache/ibatis/scripting/xmltags/ExpressionEvaluator
instanceKlass org/apache/ibatis/scripting/xmltags/IfSqlNode
instanceKlass org/apache/ibatis/scripting/xmltags/MixedSqlNode
instanceKlass org/apache/ibatis/scripting/xmltags/StaticTextSqlNode
instanceKlass org/apache/ibatis/scripting/xmltags/TextSqlNode$DynamicCheckerTokenParser
instanceKlass org/apache/ibatis/scripting/xmltags/TextSqlNode
instanceKlass org/apache/ibatis/scripting/xmltags/XMLScriptBuilder$BindHandler
instanceKlass org/apache/ibatis/scripting/xmltags/XMLScriptBuilder$OtherwiseHandler
instanceKlass org/apache/ibatis/scripting/xmltags/XMLScriptBuilder$ChooseHandler
instanceKlass org/apache/ibatis/scripting/xmltags/XMLScriptBuilder$IfHandler
instanceKlass org/apache/ibatis/scripting/xmltags/XMLScriptBuilder$ForEachHandler
instanceKlass org/apache/ibatis/scripting/xmltags/XMLScriptBuilder$SetHandler
instanceKlass org/apache/ibatis/scripting/xmltags/XMLScriptBuilder$WhereHandler
instanceKlass org/apache/ibatis/scripting/xmltags/XMLScriptBuilder$TrimHandler
instanceKlass org/apache/ibatis/scripting/xmltags/XMLScriptBuilder$NodeHandler
instanceKlass com/baomidou/mybatisplus/core/metadata/TableInfo$$Lambda$629
instanceKlass com/baomidou/mybatisplus/core/metadata/TableInfo$$Lambda$628
instanceKlass com/baomidou/mybatisplus/core/toolkit/sql/SqlScriptUtils
instanceKlass com/baomidou/mybatisplus/core/metadata/TableInfo$$Lambda$627
instanceKlass com/baomidou/mybatisplus/core/metadata/TableInfo$$Lambda$626
instanceKlass org/apache/ibatis/executor/keygen/NoKeyGenerator
instanceKlass com/baomidou/mybatisplus/core/injector/AbstractSqlInjector$$Lambda$625
instanceKlass com/baomidou/mybatisplus/core/toolkit/support/ColumnCache
instanceKlass com/baomidou/mybatisplus/core/toolkit/LambdaUtils$$Lambda$624
instanceKlass com/baomidou/mybatisplus/core/toolkit/LambdaUtils
instanceKlass com/baomidou/mybatisplus/core/metadata/TableInfo$$Lambda$623
instanceKlass java/util/stream/ReduceOps$8ReducingSink
instanceKlass java/util/stream/Sink$OfLong
instanceKlass java/util/function/LongConsumer
instanceKlass java/util/concurrent/ForkJoinPool$DefaultCommonPoolForkJoinWorkerThreadFactory
instanceKlass java/util/concurrent/ForkJoinPool$1
instanceKlass java/util/concurrent/ForkJoinPool$DefaultForkJoinWorkerThreadFactory
instanceKlass java/util/concurrent/ForkJoinPool$WorkQueue
instanceKlass java/util/concurrent/ForkJoinPool$ForkJoinWorkerThreadFactory
instanceKlass java/util/concurrent/ForkJoinTask
instanceKlass org/jetbrains/capture/org/objectweb/asm/Opcodes
instanceKlass java/util/stream/LongPipeline$$Lambda$622
instanceKlass java/util/function/LongBinaryOperator
instanceKlass java/lang/invoke/LambdaForm$DMH
instanceKlass java/util/stream/LongStream
instanceKlass java/util/stream/ReferencePipeline$$Lambda$621
instanceKlass com/baomidou/mybatisplus/core/metadata/TableInfoHelper$$Lambda$620
instanceKlass com/baomidou/mybatisplus/annotation/TableLogic
instanceKlass com/baomidou/mybatisplus/annotation/Version
instanceKlass com/baomidou/mybatisplus/core/metadata/TableFieldInfo
instanceKlass com/baomidou/mybatisplus/annotation/TableId
instanceKlass com/baomidou/mybatisplus/core/metadata/TableInfoHelper$$Lambda$619
instanceKlass io/swagger/annotations/ApiModelProperty
instanceKlass com/baomidou/mybatisplus/annotation/TableField
instanceKlass com/baomidou/mybatisplus/core/metadata/TableInfoHelper$$Lambda$618
instanceKlass com/baomidou/mybatisplus/core/toolkit/ReflectionKit$$Lambda$617
instanceKlass com/baomidou/mybatisplus/core/toolkit/ReflectionKit$$Lambda$616
instanceKlass com/baomidou/mybatisplus/core/toolkit/ReflectionKit$$Lambda$615
instanceKlass com/baomidou/mybatisplus/core/toolkit/ReflectionKit$$Lambda$614
instanceKlass com/baomidou/mybatisplus/core/toolkit/ReflectionKit$$Lambda$613
instanceKlass com/baomidou/mybatisplus/core/toolkit/ReflectionKit$$Lambda$612
instanceKlass com/baomidou/mybatisplus/core/toolkit/ClassUtils
instanceKlass org/apache/ibatis/reflection/Reflector$$Lambda$611
instanceKlass org/apache/ibatis/reflection/Reflector$$Lambda$610
instanceKlass org/apache/ibatis/reflection/TypeParameterResolver
instanceKlass org/apache/ibatis/reflection/Reflector$$Lambda$609
instanceKlass org/apache/ibatis/reflection/property/PropertyNamer
instanceKlass org/apache/ibatis/reflection/Reflector$$Lambda$608
instanceKlass org/apache/ibatis/reflection/Reflector$$Lambda$607
instanceKlass org/apache/ibatis/reflection/Reflector$$Lambda$606
instanceKlass org/apache/ibatis/reflection/Reflector$$Lambda$605
instanceKlass org/apache/ibatis/reflection/DefaultReflectorFactory$$Lambda$604
instanceKlass org/apache/ibatis/reflection/invoker/MethodInvoker
instanceKlass org/apache/ibatis/reflection/invoker/Invoker
instanceKlass org/apache/ibatis/reflection/Reflector
instanceKlass com/baomidou/mybatisplus/core/toolkit/StringUtils
instanceKlass com/baomidou/mybatisplus/core/metadata/TableInfoHelper
instanceKlass com/baomidou/mybatisplus/core/toolkit/CollectionUtils
instanceKlass com/baomidou/mybatisplus/core/injector/AbstractMethod
instanceKlass com/baomidou/mybatisplus/core/toolkit/ArrayUtils
instanceKlass com/baomidou/mybatisplus/core/toolkit/Assert
instanceKlass org/apache/ibatis/annotations/Lang
instanceKlass com/baomidou/mybatisplus/annotation/SqlParser
instanceKlass com/baomidou/mybatisplus/core/parser/SqlParserHelper
instanceKlass org/apache/ibatis/annotations/CacheNamespaceRef
instanceKlass org/apache/ibatis/annotations/CacheNamespace
instanceKlass org/apache/ibatis/annotations/DeleteProvider
instanceKlass org/apache/ibatis/annotations/UpdateProvider
instanceKlass org/apache/ibatis/annotations/InsertProvider
instanceKlass org/apache/ibatis/annotations/SelectProvider
instanceKlass org/apache/ibatis/annotations/Delete
instanceKlass org/apache/ibatis/annotations/Insert
instanceKlass org/apache/ibatis/annotations/Select
instanceKlass org/apache/ibatis/builder/annotation/MapperAnnotationBuilder
instanceKlass com/baomidou/mybatisplus/core/override/MybatisMapperProxyFactory
instanceKlass com/sun/org/apache/xpath/internal/XPathVisitor
instanceKlass com/sun/org/apache/xpath/internal/axes/NodeSequence$IteratorCache
instanceKlass com/sun/org/apache/xml/internal/dtm/ref/DTMNodeListBase
instanceKlass com/sun/org/apache/xml/internal/utils/XMLCharacterRecognizer
instanceKlass com/sun/org/apache/xerces/internal/dom/CharacterDataImpl$1
instanceKlass org/apache/ibatis/parsing/GenericTokenParser
instanceKlass org/apache/ibatis/parsing/PropertyParser$VariableTokenHandler
instanceKlass org/apache/ibatis/parsing/TokenHandler
instanceKlass org/apache/ibatis/parsing/PropertyParser
instanceKlass com/sun/org/apache/xerces/internal/dom/NamedNodeMapImpl
instanceKlass org/w3c/dom/NamedNodeMap
instanceKlass com/sun/org/apache/xml/internal/dtm/ref/DTMNodeIterator
instanceKlass org/w3c/dom/traversal/NodeIterator
instanceKlass com/sun/org/apache/xml/internal/dtm/DTMAxisTraverser
instanceKlass com/sun/org/apache/xml/internal/dtm/Axis
instanceKlass com/sun/org/apache/xpath/internal/objects/Comparator
instanceKlass com/sun/org/apache/xml/internal/dtm/ref/dom2dtm/DOM2DTMdefaultNamespaceDeclarationNode
instanceKlass com/sun/org/apache/xml/internal/utils/TreeWalker
instanceKlass com/sun/org/apache/xml/internal/utils/SuballocatedIntVector
instanceKlass com/sun/org/apache/xml/internal/dtm/ref/DTMDefaultBase
instanceKlass com/sun/org/apache/xml/internal/dtm/ref/DTMNodeProxy
instanceKlass org/w3c/dom/DocumentFragment
instanceKlass org/w3c/dom/Comment
instanceKlass org/w3c/dom/ProcessingInstruction
instanceKlass org/w3c/dom/Attr
instanceKlass org/w3c/dom/Text
instanceKlass org/w3c/dom/CharacterData
instanceKlass com/sun/org/apache/xml/internal/dtm/ref/ExpandedNameTable$HashEntry
instanceKlass com/sun/org/apache/xml/internal/dtm/ref/ExtendedType
instanceKlass com/sun/org/apache/xml/internal/dtm/ref/ExpandedNameTable
instanceKlass com/sun/org/apache/xml/internal/dtm/DTM
instanceKlass com/sun/org/apache/xml/internal/utils/XMLStringFactory
instanceKlass com/sun/org/apache/xpath/internal/XPathContext$XPathExpressionContext
instanceKlass com/sun/org/apache/xalan/internal/extensions/ExpressionContext
instanceKlass com/sun/org/apache/xml/internal/utils/NodeVector
instanceKlass com/sun/org/apache/xpath/internal/SourceTreeManager
instanceKlass com/sun/org/apache/xpath/internal/VariableStack
instanceKlass com/sun/org/apache/xml/internal/utils/IntVector
instanceKlass com/sun/org/apache/xml/internal/dtm/DTMManager
instanceKlass com/sun/org/apache/xpath/internal/axes/IteratorPool
instanceKlass com/sun/org/apache/xpath/internal/axes/SubContextList
instanceKlass com/sun/org/apache/xpath/internal/axes/PathComponent
instanceKlass com/sun/org/apache/xml/internal/dtm/DTMIterator
instanceKlass com/sun/org/apache/xpath/internal/axes/WalkerFactory
instanceKlass com/sun/org/apache/xpath/internal/compiler/OpMapVector
instanceKlass com/sun/org/apache/xpath/internal/compiler/Lexer
instanceKlass com/sun/org/apache/xml/internal/utils/ObjectVector
instanceKlass com/sun/org/apache/xpath/internal/compiler/OpMap
instanceKlass com/sun/org/apache/xpath/internal/compiler/XPathParser
instanceKlass com/sun/org/apache/xml/internal/utils/DefaultErrorHandler
instanceKlass com/sun/org/apache/xpath/internal/Expression
instanceKlass com/sun/org/apache/xpath/internal/XPathVisitable
instanceKlass com/sun/org/apache/xpath/internal/ExpressionNode
instanceKlass javax/xml/transform/SourceLocator
instanceKlass com/sun/org/apache/xpath/internal/compiler/FunctionTable
instanceKlass com/sun/org/apache/xpath/internal/XPath
instanceKlass com/sun/org/apache/xpath/internal/ExpressionOwner
instanceKlass javax/xml/namespace/QName$1
instanceKlass javax/xml/namespace/QName
instanceKlass javax/xml/xpath/XPathConstants
instanceKlass org/apache/ibatis/executor/ErrorContext
instanceKlass com/sun/org/apache/xerces/internal/impl/dtd/models/CMStateSet
instanceKlass com/sun/org/apache/xerces/internal/impl/dtd/models/DFAContentModel
instanceKlass com/sun/org/apache/xerces/internal/impl/dtd/models/CMNode
instanceKlass com/sun/org/apache/xerces/internal/dom/DeferredDocumentImpl$RefCount
instanceKlass com/sun/org/apache/xerces/internal/dom/NodeListCache
instanceKlass org/w3c/dom/TypeInfo
instanceKlass org/w3c/dom/Element
instanceKlass org/w3c/dom/DocumentType
instanceKlass com/sun/org/apache/xerces/internal/dom/NodeImpl
instanceKlass org/w3c/dom/events/EventTarget
instanceKlass org/w3c/dom/NodeList
instanceKlass org/w3c/dom/Document
instanceKlass org/w3c/dom/ranges/DocumentRange
instanceKlass org/w3c/dom/events/DocumentEvent
instanceKlass org/w3c/dom/traversal/DocumentTraversal
instanceKlass com/sun/org/apache/xerces/internal/dom/DeferredNode
instanceKlass org/apache/ibatis/parsing/XPathParser$1
instanceKlass javax/xml/parsers/DocumentBuilder
instanceKlass com/sun/org/apache/xpath/internal/jaxp/XPathImpl
instanceKlass javax/xml/xpath/XPath
instanceKlass javax/xml/xpath/XPathFactoryFinder$2
instanceKlass javax/xml/xpath/SecuritySupport$7
instanceKlass javax/xml/xpath/SecuritySupport$2
instanceKlass javax/xml/xpath/XPathFactoryFinder
instanceKlass javax/xml/xpath/SecuritySupport$1
instanceKlass javax/xml/xpath/SecuritySupport
instanceKlass javax/xml/xpath/XPathFactory
instanceKlass org/apache/ibatis/builder/xml/XMLMapperEntityResolver
instanceKlass org/apache/ibatis/parsing/XPathParser
instanceKlass org/mybatis/spring/transaction/SpringManagedTransactionFactory
instanceKlass com/baomidou/mybatisplus/extension/spring/MybatisSqlSessionFactoryBean$$Lambda$603
instanceKlass com/baomidou/mybatisplus/extension/spring/MybatisSqlSessionFactoryBean$$Lambda$602
instanceKlass org/apache/ibatis/type/Alias
instanceKlass com/baomidou/mybatisplus/extension/spring/MybatisSqlSessionFactoryBean$$Lambda$601
instanceKlass com/baomidou/mybatisplus/extension/spring/MybatisSqlSessionFactoryBean$$Lambda$600
instanceKlass com/baomidou/mybatisplus/extension/spring/MybatisSqlSessionFactoryBean$$Lambda$599
instanceKlass com/baomidou/mybatisplus/extension/spring/MybatisSqlSessionFactoryBean$$Lambda$598
instanceKlass com/zbkj/common/model/wechat/video/PayComponentShopBrand
instanceKlass com/zbkj/common/model/wechat/video/PayComponentProductSkuAttr
instanceKlass com/zbkj/common/model/wechat/video/PayComponentProductSku
instanceKlass com/zbkj/common/model/wechat/video/PayComponentProductInfo
instanceKlass com/zbkj/common/model/wechat/video/PayComponentProductAuditInfo
instanceKlass com/zbkj/common/model/wechat/video/PayComponentProduct
instanceKlass com/zbkj/common/model/wechat/video/PayComponentOrderProduct
instanceKlass com/zbkj/common/model/wechat/video/PayComponentOrder
instanceKlass com/zbkj/common/model/wechat/video/PayComponentDraftProduct
instanceKlass com/zbkj/common/model/wechat/video/PayComponentDeliveryCompany
instanceKlass com/zbkj/common/model/wechat/video/PayComponentCat
instanceKlass com/zbkj/common/model/wechat/video/PayComponentCallBackPayResult
instanceKlass com/zbkj/common/model/wechat/video/PayComponentBrand
instanceKlass com/zbkj/common/model/wechat/live/WechatLiveRoom
instanceKlass com/zbkj/common/model/wechat/live/WechatLiveGoods
instanceKlass com/zbkj/common/model/wechat/live/WechatLiveAssistant
instanceKlass com/zbkj/common/model/wechat/WechatUrlLinkRecord
instanceKlass com/zbkj/common/model/wechat/WechatReply
instanceKlass com/zbkj/common/model/wechat/WechatPayInfo
instanceKlass com/zbkj/common/model/wechat/WechatExceptions
instanceKlass com/zbkj/common/model/wechat/WechatCallback
instanceKlass com/zbkj/common/model/user/UserToken
instanceKlass com/zbkj/common/model/user/UserTag
instanceKlass com/zbkj/common/model/user/UserSign
instanceKlass com/zbkj/common/model/user/UserMerchantCollect
instanceKlass com/zbkj/common/model/user/UserLevel
instanceKlass com/zbkj/common/model/user/UserIntegralRecord
instanceKlass com/zbkj/common/model/user/UserExperienceRecord
instanceKlass com/zbkj/common/model/user/UserClosing
instanceKlass com/zbkj/common/model/user/UserBrokerageRecord
instanceKlass com/zbkj/common/model/user/UserBalanceRecord
instanceKlass com/zbkj/common/model/user/UserAddress
instanceKlass com/zbkj/common/model/user/User
instanceKlass com/zbkj/common/model/template/TemplateMessage
instanceKlass com/zbkj/common/model/system/SystemUserLevel
instanceKlass com/zbkj/common/model/system/SystemNotification
instanceKlass com/zbkj/common/model/system/SystemLanguage
instanceKlass com/zbkj/common/model/system/SystemGroupData
instanceKlass com/zbkj/common/model/system/SystemGroup
instanceKlass com/zbkj/common/model/system/SystemFormTemp
instanceKlass com/zbkj/common/model/system/SystemFormDataRecord
instanceKlass com/zbkj/common/model/system/SystemForm
instanceKlass com/zbkj/common/model/system/SystemConfig
instanceKlass com/zbkj/common/model/system/SystemAttachment
instanceKlass com/zbkj/common/model/system/GroupConfig
instanceKlass com/zbkj/common/model/sms/SmsTemplate
instanceKlass com/zbkj/common/model/sgin/UserSignRecord
instanceKlass com/zbkj/common/model/sgin/SignConfig
instanceKlass com/zbkj/common/model/seckill/SeckillTimeInterval
instanceKlass com/zbkj/common/model/seckill/SeckillProduct
instanceKlass com/zbkj/common/model/seckill/SeckillActivityTime
instanceKlass com/zbkj/common/model/seckill/SeckillActivity
instanceKlass com/zbkj/common/model/record/UserVisitRecord
instanceKlass com/zbkj/common/model/record/TradingDayRecord
instanceKlass com/zbkj/common/model/record/ShoppingProductDayRecord
instanceKlass com/zbkj/common/model/record/ProductDayRecord
instanceKlass com/zbkj/common/model/record/MerchantDayRecord
instanceKlass com/zbkj/common/model/record/BrowseRecord
instanceKlass com/zbkj/common/model/product/ProductTag
instanceKlass com/zbkj/common/model/product/ProductRule
instanceKlass com/zbkj/common/model/product/ProductReply
instanceKlass com/zbkj/common/model/product/ProductRelation
instanceKlass com/zbkj/common/model/product/ProductGuaranteeGroup
instanceKlass com/zbkj/common/model/product/ProductGuarantee
instanceKlass com/zbkj/common/model/product/ProductDescription
instanceKlass com/zbkj/common/model/product/ProductCoupon
instanceKlass com/zbkj/common/model/product/ProductCategory
instanceKlass com/zbkj/common/model/product/ProductBrandCategory
instanceKlass com/zbkj/common/model/product/ProductBrand
instanceKlass com/zbkj/common/model/product/ProductAttributeOption
instanceKlass com/zbkj/common/model/product/ProductAttribute
instanceKlass com/zbkj/common/model/product/ProductAttrValue
instanceKlass com/zbkj/common/model/product/ProductAttr
instanceKlass com/zbkj/common/model/product/Product
instanceKlass com/zbkj/common/model/product/MerchantProductGuaranteeGroup
instanceKlass com/zbkj/common/model/page/PageLink
instanceKlass com/zbkj/common/model/page/PageDiy
instanceKlass com/zbkj/common/model/page/PageCategory
instanceKlass com/zbkj/common/model/order/RefundOrderStatus
instanceKlass com/zbkj/common/model/order/RefundOrderInfo
instanceKlass com/zbkj/common/model/order/RefundOrder
instanceKlass com/zbkj/common/model/order/RechargeOrder
instanceKlass com/zbkj/common/model/order/OrderStatus
instanceKlass com/zbkj/common/model/order/OrderProfitSharing
instanceKlass com/zbkj/common/model/order/OrderInvoiceDetail
instanceKlass com/zbkj/common/model/order/OrderInvoice
instanceKlass com/zbkj/common/model/order/OrderDetail
instanceKlass io/micrometer/core/instrument/distribution/HistogramSnapshot
instanceKlass io/micrometer/core/instrument/util/TimeUtils$1
instanceKlass com/zbkj/common/model/order/Order
instanceKlass io/micrometer/core/instrument/util/TimeUtils
instanceKlass io/micrometer/core/instrument/distribution/HistogramGauges$$Lambda$597
instanceKlass io/micrometer/core/instrument/distribution/HistogramGauges$$Lambda$596
instanceKlass io/micrometer/core/instrument/distribution/CountAtBucket
instanceKlass io/micrometer/core/instrument/distribution/HistogramGauges$$Lambda$595
instanceKlass io/micrometer/core/instrument/distribution/HistogramGauges$$Lambda$594
instanceKlass io/micrometer/core/instrument/distribution/HistogramGauges$$Lambda$593
instanceKlass io/micrometer/core/instrument/distribution/ValueAtPercentile
instanceKlass com/zbkj/common/model/order/MerchantOrder
instanceKlass io/micrometer/core/instrument/distribution/HistogramGauges
instanceKlass com/zbkj/common/model/merchant/MerchantType
instanceKlass io/micrometer/core/instrument/distribution/TimeWindowMax
instanceKlass com/zbkj/common/model/merchant/MerchantProductCategory
instanceKlass io/micrometer/core/instrument/distribution/NoopHistogram
instanceKlass io/micrometer/core/instrument/distribution/pause/ClockDriftPauseDetector
instanceKlass io/micrometer/core/instrument/AbstractTimer$$Lambda$592
instanceKlass com/zbkj/common/model/merchant/MerchantPrint
instanceKlass com/zbkj/common/model/merchant/MerchantInfo
instanceKlass org/LatencyUtils/PauseDetector
instanceKlass org/LatencyUtils/IntervalEstimator
instanceKlass com/zbkj/common/model/merchant/MerchantEmployee
instanceKlass io/micrometer/core/instrument/distribution/Histogram
instanceKlass com/zbkj/common/model/merchant/MerchantElect
instanceKlass org/springframework/boot/actuate/autoconfigure/metrics/export/simple/SimplePropertiesConfigAdapter$$Lambda$591
instanceKlass com/zbkj/common/model/merchant/MerchantDeliveryPersonnel
instanceKlass org/springframework/boot/actuate/autoconfigure/metrics/export/simple/SimplePropertiesConfigAdapter$$Lambda$590
instanceKlass io/micrometer/core/instrument/MeterRegistry$$Lambda$589
instanceKlass io/micrometer/core/instrument/MeterRegistry$$Lambda$588
instanceKlass com/zbkj/common/model/merchant/MerchantCategory
instanceKlass io/micrometer/core/instrument/distribution/DistributionStatisticConfig$Builder
instanceKlass com/zbkj/common/model/merchant/MerchantBalanceRecord
instanceKlass sun/management/LazyCompositeData$$Lambda$587
instanceKlass java/util/TreeMap$TreeMapSpliterator
instanceKlass com/zbkj/common/model/merchant/MerchantApply
instanceKlass sun/management/GarbageCollectionNotifInfoCompositeData$1
instanceKlass javax/management/openmbean/TabularDataSupport
instanceKlass com/zbkj/common/model/merchant/MerchantAddress
instanceKlass sun/management/GcInfoCompositeData$2
instanceKlass sun/management/GcInfoCompositeData$1
instanceKlass sun/management/MappedMXBeanType$CompositeDataMXBeanType$2
instanceKlass sun/management/MappedMXBeanType$CompositeDataMXBeanType$1
instanceKlass sun/management/MappedMXBeanType
instanceKlass com/zbkj/common/model/merchant/Merchant
instanceKlass sun/management/LazyCompositeData
instanceKlass com/zbkj/common/model/member/PaidMemberOrder
instanceKlass sun/management/GcInfoBuilder
instanceKlass com/zbkj/common/model/member/PaidMemberCard
instanceKlass com/zbkj/common/model/groupbuy/GroupBuyUser
instanceKlass com/zbkj/common/model/groupbuy/GroupBuyRecord
instanceKlass com/zbkj/common/model/groupbuy/GroupBuyActivitySku
instanceKlass com/zbkj/common/model/groupbuy/GroupBuyActivity
instanceKlass com/zbkj/common/model/express/ShippingTemplatesRegion
instanceKlass com/zbkj/common/model/express/ShippingTemplatesFree
instanceKlass com/zbkj/common/model/express/ShippingTemplates
instanceKlass com/zbkj/common/model/express/MerchantExpress
instanceKlass com/zbkj/common/model/express/Express
instanceKlass com/zbkj/common/model/exception/ExceptionLog
instanceKlass com/zbkj/common/model/coupon/CouponUser
instanceKlass com/zbkj/common/model/coupon/CouponProduct
instanceKlass com/zbkj/common/model/coupon/Coupon
instanceKlass com/zbkj/common/model/community/CommunityTopic
instanceKlass com/zbkj/common/model/community/CommunityReplyLike
instanceKlass com/zbkj/common/model/community/CommunityReply
instanceKlass com/zbkj/common/model/community/CommunityNotesRelation
instanceKlass com/zbkj/common/model/community/CommunityNotesProduct
instanceKlass com/zbkj/common/model/community/CommunityNotes
instanceKlass com/zbkj/common/model/community/CommunityCategory
instanceKlass com/zbkj/common/model/community/CommunityAuthorConcerned
instanceKlass com/zbkj/common/model/closing/MerchantClosingRecord
instanceKlass com/zbkj/common/model/city/CityRegion
instanceKlass com/zbkj/common/model/cdkey/CdkeyLibrary
instanceKlass com/zbkj/common/model/cdkey/CardSecret
instanceKlass com/zbkj/common/model/category/Category
instanceKlass com/zbkj/common/model/cat/Cart
instanceKlass com/zbkj/common/model/bill/UserBill
instanceKlass com/zbkj/common/model/bill/SummaryFinancialStatements
instanceKlass com/zbkj/common/model/bill/PlatformMonthStatement
instanceKlass com/zbkj/common/model/bill/PlatformDailyStatement
instanceKlass com/zbkj/common/model/bill/MerchantMonthStatement
instanceKlass com/zbkj/common/model/bill/MerchantDailyStatement
instanceKlass com/zbkj/common/model/bill/MerchantBill
instanceKlass com/zbkj/common/model/bill/Bill
instanceKlass com/zbkj/common/model/article/ArticleCategory
instanceKlass com/zbkj/common/model/article/Article
instanceKlass com/zbkj/common/model/alipay/AliPayInfo
instanceKlass com/zbkj/common/model/alipay/AliPayCallback
instanceKlass com/zbkj/common/model/admin/SystemRoleMenu
instanceKlass com/zbkj/common/model/admin/SystemRole
instanceKlass com/zbkj/common/model/admin/SystemPermissions
instanceKlass com/zbkj/common/model/admin/SystemMenu
instanceKlass com/zbkj/common/model/admin/SystemAdmin
instanceKlass com/zbkj/common/model/activity/MarketingActivity
instanceKlass com/zbkj/common/model/activity/ActivityProduct
instanceKlass com/zbkj/common/model/acticitystyle/ActivityStyle
instanceKlass com/zbkj/admin/model/ScheduleJobLog
instanceKlass com/zbkj/admin/model/ScheduleJob
instanceKlass com/baomidou/mybatisplus/extension/spring/MybatisSqlSessionFactoryBean$$Lambda$586
instanceKlass com/baomidou/mybatisplus/extension/spring/MybatisSqlSessionFactoryBean$$Lambda$585
instanceKlass com/baomidou/mybatisplus/extension/spring/MybatisSqlSessionFactoryBean$$Lambda$584
instanceKlass com/baomidou/mybatisplus/extension/spring/MybatisSqlSessionFactoryBean$$Lambda$583
instanceKlass com/baomidou/mybatisplus/extension/spring/MybatisSqlSessionFactoryBean$$Lambda$582
instanceKlass com/baomidou/mybatisplus/autoconfigure/MybatisPlusAutoConfiguration$$Lambda$581
instanceKlass com/baomidou/mybatisplus/autoconfigure/MybatisPlusAutoConfiguration$$Lambda$580
instanceKlass com/baomidou/mybatisplus/autoconfigure/MybatisPlusAutoConfiguration$$Lambda$579
instanceKlass com/baomidou/mybatisplus/autoconfigure/MybatisPlusAutoConfiguration$$Lambda$578
instanceKlass com/baomidou/mybatisplus/autoconfigure/MybatisPlusAutoConfiguration$$Lambda$577
instanceKlass java/util/stream/Node$Builder
instanceKlass java/util/stream/Node$OfDouble
instanceKlass java/util/stream/Node$OfLong
instanceKlass java/util/stream/Node$OfInt
instanceKlass java/util/stream/Node$OfPrimitive
instanceKlass java/util/stream/Nodes$EmptyNode
instanceKlass java/util/stream/Node
instanceKlass java/util/stream/Nodes
instanceKlass com/baomidou/mybatisplus/autoconfigure/MybatisPlusProperties$$Lambda$576
instanceKlass com/baomidou/mybatisplus/autoconfigure/MybatisPlusProperties$$Lambda$575
instanceKlass org/apache/ibatis/parsing/XNode
instanceKlass org/apache/ibatis/mapping/SqlSource
instanceKlass org/apache/ibatis/scripting/xmltags/SqlNode
instanceKlass org/apache/ibatis/scripting/LanguageDriverRegistry$$Lambda$574
instanceKlass org/apache/ibatis/executor/loader/cglib/CglibProxyFactory
instanceKlass org/apache/ibatis/logging/nologging/NoLoggingImpl
instanceKlass org/apache/ibatis/logging/jdk14/Jdk14LoggingImpl
instanceKlass org/apache/ibatis/logging/log4j2/Log4j2Impl
instanceKlass org/apache/ibatis/logging/log4j/Log4jImpl
instanceKlass org/apache/ibatis/logging/commons/JakartaCommonsLoggingImpl
instanceKlass org/apache/ibatis/scripting/xmltags/XMLLanguageDriver
instanceKlass org/apache/ibatis/mapping/VendorDatabaseIdProvider
instanceKlass org/apache/ibatis/cache/decorators/WeakCache
instanceKlass org/apache/ibatis/cache/decorators/SoftCache
instanceKlass org/apache/ibatis/cache/decorators/LruCache
instanceKlass org/apache/ibatis/cache/decorators/FifoCache
instanceKlass org/apache/ibatis/cache/impl/PerpetualCache
instanceKlass org/apache/ibatis/datasource/unpooled/UnpooledDataSourceFactory
instanceKlass org/apache/ibatis/datasource/jndi/JndiDataSourceFactory
instanceKlass org/apache/ibatis/datasource/DataSourceFactory
instanceKlass org/apache/ibatis/transaction/managed/ManagedTransactionFactory
instanceKlass org/apache/ibatis/transaction/jdbc/JdbcTransactionFactory
instanceKlass org/apache/ibatis/transaction/TransactionFactory
instanceKlass org/apache/ibatis/session/Configuration$$Lambda$573
instanceKlass java/sql/ResultSet
instanceKlass org/apache/ibatis/type/MappedJdbcTypes
instanceKlass org/apache/ibatis/type/TypeReference
instanceKlass org/apache/ibatis/io/ResolverUtil$Test
instanceKlass org/apache/ibatis/javassist/util/proxy/ProxyFactory$3
instanceKlass org/apache/ibatis/javassist/util/proxy/ProxyFactory$2
instanceKlass org/apache/ibatis/javassist/util/proxy/ProxyFactory$1
instanceKlass org/apache/ibatis/javassist/util/proxy/MethodHandler
instanceKlass org/apache/ibatis/javassist/util/proxy/ProxyFactory$UniqueName
instanceKlass org/apache/ibatis/javassist/util/proxy/ProxyFactory$ClassLoaderProvider
instanceKlass org/apache/ibatis/javassist/util/proxy/ProxyFactory
instanceKlass org/apache/ibatis/io/ClassLoaderWrapper
instanceKlass org/apache/ibatis/io/Resources
instanceKlass org/apache/ibatis/executor/loader/javassist/JavassistProxyFactory
instanceKlass org/apache/ibatis/reflection/wrapper/DefaultObjectWrapperFactory
instanceKlass org/apache/ibatis/reflection/factory/DefaultObjectFactory
instanceKlass org/apache/ibatis/reflection/DefaultReflectorFactory
instanceKlass org/apache/ibatis/logging/stdout/StdOutImpl
instanceKlass org/apache/ibatis/io/VFS
instanceKlass org/apache/ibatis/plugin/InterceptorChain
instanceKlass org/apache/ibatis/type/TypeHandlerRegistry
instanceKlass org/apache/ibatis/type/TypeAliasRegistry
instanceKlass org/apache/ibatis/scripting/LanguageDriverRegistry
instanceKlass org/apache/ibatis/cache/Cache
instanceKlass org/apache/ibatis/mapping/ParameterMap
instanceKlass org/apache/ibatis/mapping/ResultMap
instanceKlass org/apache/ibatis/reflection/MetaObject
instanceKlass org/apache/ibatis/executor/resultset/ResultSetHandler
instanceKlass org/apache/ibatis/executor/statement/StatementHandler
instanceKlass org/apache/ibatis/session/ResultHandler
instanceKlass org/apache/ibatis/session/RowBounds
instanceKlass org/apache/ibatis/builder/annotation/MethodResolver
instanceKlass org/apache/ibatis/builder/ResultMapResolver
instanceKlass org/apache/ibatis/builder/CacheRefResolver
instanceKlass org/apache/ibatis/builder/BaseBuilder
instanceKlass org/apache/ibatis/executor/parameter/ParameterHandler
instanceKlass org/apache/ibatis/mapping/BoundSql
instanceKlass org/apache/ibatis/executor/keygen/KeyGenerator
instanceKlass org/apache/ibatis/transaction/Transaction
instanceKlass org/apache/ibatis/mapping/MappedStatement
instanceKlass org/apache/ibatis/mapping/Environment
instanceKlass org/apache/ibatis/binding/MapperRegistry
instanceKlass org/apache/ibatis/reflection/wrapper/ObjectWrapperFactory
instanceKlass org/apache/ibatis/reflection/factory/ObjectFactory
instanceKlass org/apache/ibatis/reflection/ReflectorFactory
instanceKlass org/apache/ibatis/executor/loader/ProxyFactory
instanceKlass org/apache/ibatis/executor/Executor
instanceKlass com/baomidou/mybatisplus/core/handlers/MetaObjectHandler
instanceKlass com/baomidou/mybatisplus/core/incrementer/IdentifierGenerator
instanceKlass org/springframework/boot/convert/Delimiter
instanceKlass com/baomidou/mybatisplus/core/config/GlobalConfig$DbConfig
instanceKlass com/baomidou/mybatisplus/core/injector/AbstractSqlInjector
instanceKlass com/baomidou/mybatisplus/core/injector/ISqlInjector
instanceKlass com/baomidou/mybatisplus/core/toolkit/GlobalConfigUtils
instanceKlass com/baomidou/mybatisplus/autoconfigure/ConfigurationCustomizer
instanceKlass org/apache/ibatis/mapping/DatabaseIdProvider
instanceKlass org/apache/ibatis/type/TypeHandler
instanceKlass com/baomidou/mybatisplus/core/toolkit/ReflectionKit
instanceKlass com/baomidou/mybatisplus/core/metadata/TableInfo
instanceKlass com/baomidou/mybatisplus/core/toolkit/Constants
instanceKlass com/baomidou/mybatisplus/core/toolkit/StringPool
instanceKlass com/baomidou/mybatisplus/extension/conditions/update/ChainUpdate
instanceKlass com/baomidou/mybatisplus/extension/conditions/query/ChainQuery
instanceKlass com/baomidou/mybatisplus/extension/conditions/ChainWrapper
instanceKlass com/baomidou/mybatisplus/core/metadata/IPage
instanceKlass java/lang/invoke/SerializedLambda
instanceKlass com/github/pagehelper/PageSerializable
instanceKlass com/zbkj/common/model/record/SensitiveMethodLog
instanceKlass org/springframework/beans/factory/SmartFactoryBean
instanceKlass org/springframework/context/weaving/LoadTimeWeaverAware
instanceKlass org/apache/naming/ContextAccessController
instanceKlass org/apache/naming/StringManager
instanceKlass org/apache/naming/ContextBindings
instanceKlass org/apache/catalina/core/StandardServer$2
instanceKlass org/apache/catalina/core/StandardServer$1
instanceKlass org/apache/catalina/core/ContainerBase$ContainerBackgroundProcessor
instanceKlass org/apache/catalina/mapper/WrapperMappingInfo
instanceKlass org/apache/catalina/mapper/Mapper$ContextList
instanceKlass org/apache/tomcat/util/threads/Constants
instanceKlass org/apache/tomcat/util/threads/TaskThread$WrappingRunnable
instanceKlass java/util/concurrent/Executors$RunnableAdapter
instanceKlass java/util/concurrent/Executors
instanceKlass org/apache/catalina/core/ContainerBase$ContainerBackgroundProcessorMonitor
instanceKlass com/alibaba/druid/stat/DruidDataSourceStatManager
instanceKlass com/alibaba/druid/stat/DruidDataSourceStatManagerMBean
instanceKlass com/alibaba/druid/support/http/stat/WebAppStatManager
instanceKlass com/alibaba/druid/util/DruidWebUtils
instanceKlass com/alibaba/druid/filter/stat/StatFilterContext
instanceKlass com/alibaba/druid/support/http/stat/WebSessionStat
instanceKlass com/alibaba/druid/support/http/stat/WebAppStat
instanceKlass org/springframework/boot/actuate/metrics/web/servlet/WebMvcMetricsFilter$TimingContext
instanceKlass org/apache/catalina/core/ApplicationFilterConfig
instanceKlass javax/servlet/HttpConstraintElement
instanceKlass org/apache/tomcat/websocket/server/WsSessionListener
instanceKlass javax/servlet/GenericFilter
instanceKlass org/apache/tomcat/websocket/server/WsWriteTimeout$EndpointComparator
instanceKlass org/apache/tomcat/websocket/server/WsWriteTimeout
instanceKlass org/apache/tomcat/websocket/WsExtension
instanceKlass javax/websocket/Extension
instanceKlass org/apache/tomcat/websocket/Constants
instanceKlass javax/websocket/CloseReason
instanceKlass javax/websocket/CloseReason$CloseCode
instanceKlass javax/websocket/HandshakeResponse
instanceKlass javax/websocket/Session
instanceKlass org/apache/tomcat/websocket/WsRemoteEndpointImplBase
instanceKlass javax/websocket/RemoteEndpoint
instanceKlass javax/websocket/EndpointConfig
instanceKlass org/apache/tomcat/websocket/AsyncChannelWrapper
instanceKlass javax/websocket/Endpoint
instanceKlass org/apache/tomcat/websocket/WsWebSocketContainer
instanceKlass org/apache/tomcat/websocket/BackgroundProcess
instanceKlass javax/servlet/http/HttpSessionIdListener
instanceKlass org/apache/catalina/ContainerServlet
instanceKlass org/springframework/boot/actuate/endpoint/web/ServletEndpointRegistrar$$Lambda$572
instanceKlass org/apache/catalina/core/ApplicationServletRegistration
instanceKlass org/apache/catalina/core/ApplicationFilterRegistration
instanceKlass org/apache/tomcat/util/descriptor/web/Constants
instanceKlass java/util/stream/Collectors$$Lambda$571
instanceKlass java/util/stream/Collectors$$Lambda$570
instanceKlass java/util/stream/Collectors$$Lambda$569
instanceKlass java/util/stream/Collectors$$Lambda$568
instanceKlass java/util/StringJoiner
instanceKlass org/springframework/boot/web/servlet/ServletContextInitializerBeans$$Lambda$567
instanceKlass org/springframework/boot/web/servlet/ServletContextInitializerBeans$$Lambda$566
instanceKlass org/springframework/boot/web/servlet/ServletContextInitializerBeans$ServletListenerRegistrationBeanAdapter
instanceKlass javax/servlet/http/HttpSessionListener
instanceKlass javax/servlet/http/HttpSessionAttributeListener
instanceKlass javax/servlet/ServletRequestAttributeListener
instanceKlass javax/servlet/ServletContextAttributeListener
instanceKlass org/springframework/core/annotation/AnnotationUtils$$Lambda$565
instanceKlass org/springframework/data/redis/serializer/Jackson2JsonRedisSerializer
instanceKlass com/zbkj/common/vo/LoginUserVo
instanceKlass org/springframework/cglib/core/EmitUtils$16
instanceKlass org/springframework/cglib/core/EmitUtils$15
instanceKlass org/springframework/security/config/annotation/web/configuration/WebSecurityConfigurerAdapter$LazyPasswordEncoder
instanceKlass org/springframework/web/accept/MappingMediaTypeFileExtensionResolver$$Lambda$564
instanceKlass org/springframework/web/accept/MappingMediaTypeFileExtensionResolver$$Lambda$563
instanceKlass org/springframework/web/accept/ContentNegotiationManagerFactoryBean$$Lambda$562
instanceKlass java/lang/invoke/LambdaForm$DMH
instanceKlass org/springframework/boot/autoconfigure/web/servlet/WebMvcAutoConfiguration$WebMvcAutoConfigurationAdapter$$Lambda$561
instanceKlass org/springframework/web/accept/MappingMediaTypeFileExtensionResolver
instanceKlass org/springframework/web/accept/ContentNegotiationManagerFactoryBean
instanceKlass org/springframework/boot/autoconfigure/data/web/SpringDataWebAutoConfiguration$$Lambda$560
instanceKlass org/springframework/boot/autoconfigure/data/web/SpringDataWebAutoConfiguration$$Lambda$559
instanceKlass org/springframework/web/servlet/config/annotation/WebMvcConfigurerComposite
instanceKlass org/springframework/boot/autoconfigure/web/ResourceProperties$Cache$Cachecontrol
instanceKlass org/springframework/boot/autoconfigure/web/ResourceProperties$Content
instanceKlass org/springframework/boot/autoconfigure/web/ResourceProperties$Fixed
instanceKlass org/springframework/boot/autoconfigure/web/ResourceProperties$Strategy
instanceKlass org/springframework/boot/autoconfigure/web/servlet/WebMvcRegistrations
instanceKlass org/springframework/security/config/annotation/authentication/configuration/AuthenticationConfiguration$AuthenticationManagerDelegator
instanceKlass org/springframework/security/config/annotation/authentication/configuration/AuthenticationConfiguration$LazyPasswordEncoder
instanceKlass org/springframework/asm/Handle
instanceKlass org/springframework/security/config/annotation/web/configuration/WebSecurityConfigurerAdapter$1
instanceKlass org/springframework/web/accept/HeaderContentNegotiationStrategy
instanceKlass org/springframework/http/server/ServerHttpRequest
instanceKlass org/springframework/http/HttpRequest
instanceKlass org/springframework/http/server/ServerHttpResponse
instanceKlass org/springframework/web/cors/DefaultCorsProcessor
instanceKlass org/springframework/web/cors/UrlBasedCorsConfigurationSource
instanceKlass org/springframework/boot/web/servlet/ServletContextInitializerBeans$FilterRegistrationBeanAdapter
instanceKlass org/springframework/boot/web/servlet/ServletContextInitializerBeans$ServletRegistrationBeanAdapter
instanceKlass org/springframework/boot/web/servlet/ServletContextInitializerBeans$$Lambda$558
instanceKlass org/springframework/boot/actuate/endpoint/web/annotation/ServletEndpoint
instanceKlass org/springframework/boot/actuate/endpoint/annotation/EndpointDiscoverer$$Lambda$557
instanceKlass org/springframework/boot/actuate/endpoint/annotation/EndpointDiscoverer$ExtensionBean$$Lambda$556
instanceKlass org/springframework/boot/actuate/endpoint/web/WebEndpointResponse
instanceKlass java/util/stream/Collectors$$Lambda$555
instanceKlass java/util/stream/Collectors$$Lambda$554
instanceKlass java/util/stream/Collectors$$Lambda$553
instanceKlass org/springframework/boot/actuate/endpoint/annotation/EndpointDiscoverer$$Lambda$552
instanceKlass org/springframework/boot/actuate/info/Info$Builder
instanceKlass org/springframework/boot/actuate/endpoint/annotation/EndpointDiscoverer$$Lambda$551
instanceKlass org/springframework/boot/actuate/endpoint/annotation/EndpointDiscoverer$EndpointBean$$Lambda$550
instanceKlass org/springframework/boot/actuate/health/HealthEndpointSupport$HealthResult
instanceKlass org/springframework/boot/actuate/endpoint/SecurityContext
instanceKlass org/springframework/boot/actuate/autoconfigure/health/AutoConfiguredHealthContributorRegistry$$Lambda$549
instanceKlass org/springframework/boot/actuate/autoconfigure/health/AutoConfiguredHealthContributorRegistry$$Lambda$548
instanceKlass org/springframework/boot/actuate/health/DefaultContributorRegistry$$Lambda$547
instanceKlass org/springframework/boot/actuate/health/HealthContributorNameFactory
instanceKlass org/springframework/boot/actuate/health/DefaultContributorRegistry
instanceKlass org/springframework/boot/actuate/autoconfigure/health/HealthEndpointConfiguration$AdaptedReactiveHealthContributors$$Lambda$546
instanceKlass org/springframework/boot/actuate/autoconfigure/health/HealthEndpointConfiguration$AdaptedReactiveHealthContributors
instanceKlass org/springframework/boot/actuate/health/NamedContributor
instanceKlass org/springframework/boot/actuate/health/NamedContributorsMapAdapter$$Lambda$545
instanceKlass org/springframework/boot/actuate/health/NamedContributorsMapAdapter$$Lambda$544
instanceKlass org/springframework/boot/actuate/health/NamedContributorsMapAdapter
instanceKlass org/springframework/boot/actuate/health/CompositeHealthContributor
instanceKlass org/springframework/boot/actuate/autoconfigure/health/CompositeHealthContributorConfiguration$$Lambda$543
instanceKlass org/apache/commons/pool2/impl/EvictionTimer
instanceKlass com/intellij/rt/debugger/agent/CaptureStorage$8
instanceKlass java/lang/Throwable$PrintStreamOrWriter
instanceKlass org/apache/commons/pool2/impl/AbandonedConfig
instanceKlass org/apache/commons/pool2/impl/DefaultPooledObjectInfo
instanceKlass org/apache/commons/pool2/impl/DefaultPooledObjectInfoMBean
instanceKlass jdk/management/jfr/FlightRecorderMXBeanImpl$MXBeanListener
instanceKlass jdk/jfr/FlightRecorderListener
instanceKlass jdk/jfr/FlightRecorder
instanceKlass jdk/jfr/Recording
instanceKlass javax/management/StandardMBean$MBeanInfoSafeAction
instanceKlass jdk/management/jfr/MBeanUtils
instanceKlass jdk/management/jfr/StreamManager
instanceKlass jdk/management/jfr/ConfigurationInfo
instanceKlass jdk/management/jfr/EventTypeInfo
instanceKlass jdk/management/jfr/RecordingInfo
instanceKlass jdk/management/jfr/SettingDescriptorInfo$1
instanceKlass jdk/management/jfr/SettingDescriptorInfo
instanceKlass jdk/management/jfr/FlightRecorderMXBean
instanceKlass jdk/management/jfr/internal/FlightRecorderMXBeanProvider
instanceKlass sun/management/ExtendedPlatformComponent
instanceKlass sun/management/DiagnosticCommandImpl$Wrapper
instanceKlass sun/management/DiagnosticCommandArgumentInfo
instanceKlass sun/management/DiagnosticCommandInfo
instanceKlass sun/management/DiagnosticCommandImpl$OperationInfoComparator
instanceKlass java/lang/management/ManagementFactory$3
instanceKlass com/sun/management/DiagnosticCommandMBean
instanceKlass com/sun/management/VMOption
instanceKlass sun/management/HotSpotDiagnostic
instanceKlass com/sun/management/HotSpotDiagnosticMXBean
instanceKlass javax/management/MBeanInfo$ArrayGettersSafeAction
instanceKlass javax/management/openmbean/OpenMBeanOperationInfo
instanceKlass sun/management/ManagementFactoryHelper$PlatformLoggingImpl
instanceKlass sun/management/ManagementFactoryHelper$LoggingMXBean
instanceKlass java/util/logging/LoggingMXBean
instanceKlass java/lang/management/PlatformLoggingMXBean
instanceKlass java/lang/management/LockInfo
instanceKlass javax/management/DescriptorKey
instanceKlass com/sun/management/GcInfo
instanceKlass jdk/Exported
instanceKlass com/sun/jmx/mbeanserver/PerInterface$MethodAndSig
instanceKlass sun/management/CompilationImpl
instanceKlass sun/management/VMManagementImpl$1
instanceKlass java/lang/management/CompilationMXBean
instanceKlass com/sun/jmx/mbeanserver/WeakIdentityHashMap
instanceKlass com/sun/jmx/mbeanserver/MXBeanLookup
instanceKlass com/sun/jmx/mbeanserver/PerInterface$InitMaps
instanceKlass com/sun/jmx/mbeanserver/PerInterface
instanceKlass javax/management/openmbean/OpenMBeanAttributeInfo
instanceKlass javax/management/openmbean/OpenMBeanParameterInfo
instanceKlass com/sun/jmx/mbeanserver/MBeanIntrospector$MBeanInfoMaker
instanceKlass com/sun/jmx/mbeanserver/MBeanAnalyzer$MBeanVisitor
instanceKlass com/sun/jmx/mbeanserver/MBeanAnalyzer$AttrMethods
instanceKlass com/sun/jmx/mbeanserver/MXBeanMapping
instanceKlass javax/management/openmbean/TabularData
instanceKlass javax/management/openmbean/OpenType
instanceKlass com/sun/jmx/mbeanserver/MXBeanMappingFactory
instanceKlass com/sun/jmx/mbeanserver/ConvertingMethod
instanceKlass com/sun/jmx/mbeanserver/MBeanAnalyzer$MethodOrder
instanceKlass com/sun/jmx/mbeanserver/MBeanAnalyzer
instanceKlass com/sun/jmx/mbeanserver/MBeanIntrospector
instanceKlass javax/management/MXBean
instanceKlass com/sun/jmx/mbeanserver/MBeanSupport
instanceKlass com/sun/jmx/mbeanserver/DescriptorCache
instanceKlass javax/management/JMX
instanceKlass javax/management/StandardMBean
instanceKlass java/lang/management/ManagementFactory$2
instanceKlass sun/management/Util
instanceKlass com/sun/jmx/mbeanserver/JmxMBeanServer$3
instanceKlass javax/management/ObjectInstance
instanceKlass com/sun/jmx/mbeanserver/NamedObject
instanceKlass com/sun/jmx/interceptor/DefaultMBeanServerInterceptor$ResourceContext$1
instanceKlass com/sun/jmx/interceptor/DefaultMBeanServerInterceptor$ResourceContext
instanceKlass com/sun/jmx/mbeanserver/Repository$RegistrationContext
instanceKlass com/sun/jmx/mbeanserver/DynamicMBean2
instanceKlass com/sun/jmx/defaults/JmxProperties
instanceKlass com/sun/jmx/mbeanserver/Introspector
instanceKlass com/sun/jmx/mbeanserver/JmxMBeanServer$2
instanceKlass com/sun/jmx/interceptor/DefaultMBeanServerInterceptor
instanceKlass com/sun/jmx/interceptor/MBeanServerInterceptor
instanceKlass com/sun/jmx/mbeanserver/Repository
instanceKlass com/sun/jmx/mbeanserver/JmxMBeanServer$1
instanceKlass com/sun/jmx/mbeanserver/SecureClassLoaderRepository
instanceKlass com/sun/jmx/mbeanserver/MBeanInstantiator
instanceKlass com/sun/jmx/mbeanserver/ClassLoaderRepositorySupport$LoaderEntry
instanceKlass com/sun/jmx/mbeanserver/ClassLoaderRepositorySupport
instanceKlass com/sun/jmx/mbeanserver/ModifiableClassLoaderRepository
instanceKlass javax/management/loading/ClassLoaderRepository
instanceKlass javax/management/ImmutableDescriptor
instanceKlass javax/management/Descriptor
instanceKlass javax/management/MBeanInfo
instanceKlass javax/management/MBeanServerDelegate
instanceKlass javax/management/MBeanServerDelegateMBean
instanceKlass com/sun/jmx/mbeanserver/JmxMBeanServer
instanceKlass com/sun/jmx/mbeanserver/SunJmxMBeanServer
instanceKlass javax/management/MBeanServerBuilder
instanceKlass javax/management/MBeanServerFactory
instanceKlass org/apache/commons/pool2/impl/BaseGenericObjectPool$StatsStore
instanceKlass redis/clients/jedis/HostAndPort
instanceKlass org/apache/commons/pool2/PooledObject
instanceKlass redis/clients/jedis/JedisFactory
instanceKlass org/springframework/data/redis/connection/jedis/JedisConnectionFactory$$Lambda$542
instanceKlass org/springframework/data/redis/connection/jedis/JedisConnectionFactory$$Lambda$541
instanceKlass org/springframework/data/redis/connection/jedis/JedisConnectionFactory$$Lambda$540
instanceKlass org/apache/commons/pool2/PooledObjectFactory
instanceKlass org/springframework/data/redis/connection/ClusterCommandExecutor
instanceKlass redis/clients/jedis/util/ShardInfo
instanceKlass redis/clients/jedis/BinaryJedisCluster
instanceKlass redis/clients/jedis/commands/JedisClusterBinaryScriptingCommands
instanceKlass redis/clients/jedis/commands/MultiKeyBinaryJedisClusterCommands
instanceKlass redis/clients/jedis/commands/BinaryJedisClusterCommands
instanceKlass redis/clients/jedis/commands/JedisClusterScriptingCommands
instanceKlass redis/clients/jedis/commands/MultiKeyJedisClusterCommands
instanceKlass redis/clients/jedis/commands/JedisClusterCommands
instanceKlass org/springframework/data/redis/connection/jedis/JedisConnectionFactory$MutableJedisClientConfiguration
instanceKlass org/springframework/data/redis/connection/RedisStandaloneConfiguration$$Lambda$539
instanceKlass org/springframework/data/redis/connection/jedis/JedisConverters$4
instanceKlass org/springframework/data/redis/connection/jedis/JedisConverters$3
instanceKlass org/springframework/data/redis/connection/jedis/JedisConverters$$Lambda$538
instanceKlass org/springframework/data/geo/Point
instanceKlass redis/clients/jedis/GeoCoordinate
instanceKlass org/springframework/data/redis/connection/jedis/JedisConverters$$Lambda$537
instanceKlass org/springframework/data/redis/connection/jedis/JedisConverters$2
instanceKlass org/springframework/data/redis/connection/jedis/JedisConverters$1
instanceKlass org/springframework/data/redis/connection/jedis/JedisConverters$$Lambda$536
instanceKlass org/springframework/data/redis/connection/RedisNode
instanceKlass org/springframework/data/redis/connection/NamedNode
instanceKlass redis/clients/jedis/util/SafeEncoder
instanceKlass org/springframework/data/redis/connection/jedis/JedisConverters$$Lambda$535
instanceKlass redis/clients/jedis/Tuple
instanceKlass org/springframework/data/redis/connection/convert/MapConverter
instanceKlass org/springframework/data/redis/connection/convert/SetConverter
instanceKlass org/springframework/data/redis/connection/jedis/JedisConverters$$Lambda$534
instanceKlass org/springframework/data/redis/connection/convert/ListConverter
instanceKlass org/springframework/data/redis/connection/jedis/JedisConverters$$Lambda$533
instanceKlass org/springframework/data/redis/connection/convert/StringToRedisClientInfoConverter
instanceKlass org/springframework/data/redis/connection/jedis/JedisExceptionConverter
instanceKlass org/springframework/data/redis/connection/convert/Converters$$Lambda$532
instanceKlass org/springframework/data/redis/connection/convert/Converters$1
instanceKlass org/springframework/data/redis/connection/convert/StringToDataTypeConverter
instanceKlass org/springframework/data/redis/connection/convert/LongToBooleanConverter
instanceKlass org/springframework/data/redis/connection/convert/StringToPropertiesConverter
instanceKlass org/springframework/data/redis/connection/RedisZSetCommands$Tuple
instanceKlass org/springframework/data/geo/Metric
instanceKlass org/springframework/data/redis/connection/convert/Converters
instanceKlass org/springframework/data/redis/PassThroughExceptionTranslationStrategy
instanceKlass org/springframework/data/redis/connection/ClusterNodeResourceProvider
instanceKlass org/springframework/data/redis/ExceptionTranslationStrategy
instanceKlass org/springframework/data/redis/connection/ClusterTopologyProvider
instanceKlass org/springframework/data/redis/connection/RedisClusterConnection
instanceKlass org/springframework/data/redis/connection/RedisClusterServerCommands
instanceKlass org/springframework/data/redis/connection/RedisClusterCommands
instanceKlass org/springframework/data/redis/connection/RedisSentinelConnection
instanceKlass org/springframework/data/redis/connection/RedisSentinelCommands
instanceKlass redis/clients/jedis/util/Pool
instanceKlass org/springframework/data/redis/connection/jedis/JedisConnectionFactory
instanceKlass org/springframework/data/redis/connection/jedis/DefaultJedisClientConfiguration
instanceKlass org/apache/commons/pool2/impl/DefaultEvictionPolicy
instanceKlass org/apache/commons/pool2/impl/EvictionPolicy
instanceKlass org/springframework/data/redis/connection/jedis/JedisClientConfiguration$DefaultJedisClientConfigurationBuilder
instanceKlass org/springframework/data/redis/connection/jedis/JedisClientConfiguration$JedisSslClientConfigurationBuilder
instanceKlass org/springframework/data/redis/connection/jedis/JedisClientConfiguration$JedisPoolingClientConfigurationBuilder
instanceKlass org/springframework/data/redis/connection/jedis/JedisClientConfiguration$JedisClientConfigurationBuilder
instanceKlass org/springframework/data/redis/connection/jedis/JedisClientConfiguration
instanceKlass org/springframework/data/redis/connection/RedisPassword$$Lambda$531
instanceKlass org/springframework/data/redis/connection/RedisPassword$$Lambda$530
instanceKlass org/springframework/data/redis/connection/RedisPassword$$Lambda$529
instanceKlass org/springframework/data/redis/connection/RedisStandaloneConfiguration$$Lambda$528
instanceKlass org/springframework/data/redis/connection/RedisPassword
instanceKlass org/springframework/core/convert/support/StringToNumberConverterFactory$StringToNumber
instanceKlass org/springframework/boot/jdbc/DataSourceUnwrapper$DelegatingDataSourceUnwrapper
instanceKlass org/springframework/jdbc/datasource/DelegatingDataSource
instanceKlass org/springframework/boot/jdbc/DataSourceUnwrapper
instanceKlass org/springframework/boot/jdbc/metadata/CompositeDataSourcePoolMetadataProvider
instanceKlass java/lang/invoke/LambdaForm$Hidden
instanceKlass org/springframework/boot/autoconfigure/jdbc/metadata/DataSourcePoolMetadataProvidersConfiguration$HikariPoolDataSourceMetadataProviderConfiguration$$Lambda$527
instanceKlass org/springframework/jdbc/config/SortedResourcesFactoryBean$$Lambda$526
instanceKlass org/springframework/beans/factory/config/AbstractFactoryBean
instanceKlass org/springframework/jdbc/core/ConnectionCallback
instanceKlass org/springframework/boot/autoconfigure/jdbc/DataSourceInitializer
instanceKlass org/springframework/beans/factory/config/NamedBeanHolder
instanceKlass org/springframework/beans/factory/NamedBean
instanceKlass com/alibaba/druid/util/StringUtils
instanceKlass com/alibaba/druid/pool/PreparedStatementHolder
instanceKlass javax/management/openmbean/CompositeDataSupport
instanceKlass javax/management/openmbean/CompositeData
instanceKlass com/alibaba/druid/filter/Filter
instanceKlass javax/naming/Reference
instanceKlass com/alibaba/druid/pool/DruidAbstractDataSource$PhysicalConnectionInfo
instanceKlass com/alibaba/druid/stat/JdbcSqlStat
instanceKlass com/alibaba/druid/stat/JdbcSqlStatMBean
instanceKlass com/alibaba/druid/pool/DruidDataSourceStatValue
instanceKlass com/alibaba/druid/wall/WallProviderStatValue
instanceKlass com/alibaba/druid/util/TransactionInfo
instanceKlass com/alibaba/druid/pool/PoolableWrapper
instanceKlass com/alibaba/druid/util/Utils
instanceKlass com/alibaba/druid/pool/DruidDataSourceStatLoggerAdapter
instanceKlass java/util/concurrent/atomic/AtomicLongArray
instanceKlass com/alibaba/druid/stat/JdbcDataSourceStat
instanceKlass com/alibaba/druid/stat/JdbcDataSourceStatMBean
instanceKlass com/alibaba/druid/pool/DruidDataSource$DestroyTask
instanceKlass com/alibaba/druid/pool/DruidConnectionHolder
instanceKlass java/util/concurrent/atomic/AtomicIntegerFieldUpdater$AtomicIntegerFieldUpdaterImpl$1
instanceKlass java/util/concurrent/atomic/AtomicIntegerFieldUpdater
instanceKlass com/alibaba/druid/util/Histogram
instanceKlass javax/security/auth/callback/NameCallback
instanceKlass javax/security/auth/callback/PasswordCallback
instanceKlass javax/security/auth/callback/Callback
instanceKlass java/util/concurrent/atomic/AtomicLongFieldUpdater$CASUpdater$1
instanceKlass java/util/concurrent/atomic/AtomicLongFieldUpdater
instanceKlass javax/naming/RefAddr
instanceKlass java/sql/Driver
instanceKlass com/alibaba/druid/pool/ValidConnectionChecker
instanceKlass javax/sql/PooledConnection
instanceKlass com/alibaba/druid/pool/DruidDataSourceStatLogger
instanceKlass com/alibaba/druid/pool/ExceptionSorter
instanceKlass java/sql/Connection
instanceKlass com/alibaba/druid/pool/WrapperAdapter
instanceKlass com/alibaba/druid/proxy/jdbc/DataSourceProxy
instanceKlass javax/sql/ConnectionPoolDataSource
instanceKlass javax/naming/Referenceable
instanceKlass com/alibaba/druid/pool/ManagedDataSource
instanceKlass com/alibaba/druid/pool/DruidDataSourceMBean
instanceKlass com/alibaba/druid/pool/DruidAbstractDataSourceMBean
instanceKlass org/springframework/boot/actuate/health/Health$Builder
instanceKlass org/springframework/boot/actuate/health/AbstractHealthIndicator$$Lambda$525
instanceKlass java/lang/invoke/LambdaForm$MH
instanceKlass org/springframework/boot/actuate/autoconfigure/health/AutoConfiguredHealthEndpointGroups$$Lambda$524
instanceKlass java/lang/invoke/LambdaForm$DMH
instanceKlass org/springframework/boot/actuate/autoconfigure/health/AutoConfiguredHealthEndpointGroup
instanceKlass org/springframework/boot/actuate/health/SimpleHttpCodeStatusMapper
instanceKlass org/springframework/boot/actuate/health/SimpleStatusAggregator$StatusComparator
instanceKlass org/springframework/boot/actuate/health/SimpleStatusAggregator$$Lambda$523
instanceKlass org/springframework/boot/actuate/health/Status
instanceKlass org/springframework/boot/actuate/health/SimpleStatusAggregator
instanceKlass org/springframework/boot/actuate/autoconfigure/health/AutoConfiguredHealthEndpointGroups$$Lambda$522
instanceKlass org/springframework/boot/actuate/autoconfigure/health/AutoConfiguredHealthEndpointGroups$$Lambda$521
instanceKlass org/springframework/boot/actuate/health/HealthEndpointGroup
instanceKlass org/springframework/boot/actuate/autoconfigure/health/AutoConfiguredHealthEndpointGroups
instanceKlass org/springframework/boot/actuate/autoconfigure/health/HealthProperties$Status
instanceKlass org/springframework/beans/factory/support/DefaultListableBeanFactory$$Lambda$520
instanceKlass org/springframework/boot/actuate/endpoint/annotation/EndpointDiscoverer$ExtensionBean
instanceKlass org/springframework/boot/actuate/endpoint/annotation/EndpointDiscoverer$EndpointBean
instanceKlass org/springframework/boot/actuate/endpoint/annotation/EndpointDiscoverer$OperationKey
instanceKlass org/springframework/boot/actuate/endpoint/annotation/DeleteOperation
instanceKlass org/springframework/boot/actuate/endpoint/annotation/WriteOperation
instanceKlass org/springframework/boot/actuate/endpoint/annotation/ReadOperation
instanceKlass org/springframework/boot/actuate/endpoint/invoke/reflect/OperationMethod
instanceKlass org/springframework/boot/actuate/endpoint/invoke/ParameterValueMapper$$Lambda$519
instanceKlass org/springframework/boot/actuate/endpoint/invoke/OperationParameter
instanceKlass org/springframework/boot/actuate/autoconfigure/endpoint/ExposeExcludePropertyEndpointFilter$$Lambda$518
instanceKlass org/springframework/boot/actuate/autoconfigure/endpoint/web/MappingWebEndpointPathMapper$$Lambda$517
instanceKlass org/springframework/boot/actuate/autoconfigure/endpoint/web/MappingWebEndpointPathMapper
instanceKlass java/util/function/Function$$Lambda$516
instanceKlass org/springframework/boot/autoconfigure/security/servlet/SecurityFilterAutoConfiguration$$Lambda$515
instanceKlass org/springframework/boot/autoconfigure/security/servlet/SecurityFilterAutoConfiguration$$Lambda$514
instanceKlass java/util/UUID$Holder
instanceKlass io/micrometer/core/instrument/composite/CompositeMeterRegistry$$Lambda$513
instanceKlass io/micrometer/core/instrument/composite/CompositeMeterRegistry$$Lambda$512
instanceKlass io/micrometer/shaded/org/pcollections/HashPMap$SequenceIterator
instanceKlass java/util/AbstractMap$2$1
instanceKlass io/micrometer/core/instrument/composite/CompositeMeterRegistry$$Lambda$511
instanceKlass io/micrometer/core/instrument/Metrics$More
instanceKlass io/micrometer/core/instrument/composite/CompositeMeterRegistry$$Lambda$510
instanceKlass io/micrometer/core/instrument/composite/CompositeMeterRegistry$$Lambda$509
instanceKlass io/micrometer/core/instrument/composite/CompositeMeterRegistry$$Lambda$508
instanceKlass io/micrometer/core/instrument/Metrics
instanceKlass io/micrometer/core/instrument/binder/system/ProcessorMetrics$$Lambda$507
instanceKlass io/micrometer/core/instrument/binder/system/ProcessorMetrics$$Lambda$506
instanceKlass java/lang/invoke/LambdaForm$DMH
instanceKlass io/micrometer/core/instrument/binder/system/ProcessorMetrics$$Lambda$505
instanceKlass io/micrometer/core/instrument/binder/system/UptimeMetrics$$Lambda$504
instanceKlass io/micrometer/core/instrument/MeterRegistry$1
instanceKlass io/micrometer/core/instrument/MeterRegistry$$Lambda$503
instanceKlass java/lang/invoke/LambdaForm$DMH
instanceKlass io/micrometer/core/instrument/MeterRegistry$More$$Lambda$502
instanceKlass io/micrometer/core/instrument/MeterRegistry$More$$Lambda$501
instanceKlass io/micrometer/core/instrument/TimeGauge$Builder
instanceKlass io/micrometer/core/instrument/binder/system/UptimeMetrics$$Lambda$500
instanceKlass io/micrometer/core/instrument/MeterRegistry$More$$Lambda$499
instanceKlass io/micrometer/core/instrument/MeterRegistry$More$$Lambda$498
instanceKlass io/micrometer/core/instrument/FunctionCounter$Builder
instanceKlass io/micrometer/core/instrument/binder/jvm/ClassLoaderMetrics$$Lambda$497
instanceKlass io/micrometer/core/instrument/binder/jvm/ClassLoaderMetrics$$Lambda$496
instanceKlass sun/management/ClassLoadingImpl
instanceKlass java/lang/management/ClassLoadingMXBean
instanceKlass io/micrometer/core/instrument/binder/jvm/JvmThreadMetrics$$Lambda$495
instanceKlass java/lang/invoke/LambdaForm$DMH
instanceKlass io/micrometer/core/instrument/binder/jvm/JvmThreadMetrics$$Lambda$494
instanceKlass io/micrometer/core/instrument/binder/jvm/JvmThreadMetrics$$Lambda$493
instanceKlass io/micrometer/core/instrument/binder/jvm/JvmThreadMetrics$$Lambda$492
instanceKlass sun/management/ThreadImpl
instanceKlass com/sun/management/ThreadMXBean
instanceKlass io/micrometer/core/instrument/binder/jvm/JvmMemoryMetrics$$Lambda$491
instanceKlass io/micrometer/core/instrument/binder/jvm/JvmMemoryMetrics$$Lambda$490
instanceKlass io/micrometer/core/instrument/binder/jvm/JvmMemoryMetrics$$Lambda$489
instanceKlass java/lang/invoke/LambdaForm$DMH
instanceKlass io/micrometer/core/instrument/binder/jvm/JvmMemoryMetrics$$Lambda$488
instanceKlass io/micrometer/core/instrument/binder/jvm/JvmMemoryMetrics$$Lambda$487
instanceKlass io/micrometer/core/instrument/binder/jvm/JvmMemoryMetrics$$Lambda$486
instanceKlass io/micrometer/core/instrument/Tags$ArrayIterator
instanceKlass io/micrometer/core/instrument/ImmutableTag
instanceKlass sun/nio/ch/FileChannelImpl$1
instanceKlass sun/management/ManagementFactoryHelper$1
instanceKlass java/nio/Bits$1$1
instanceKlass sun/misc/JavaNioAccess$BufferPool
instanceKlass java/lang/management/BufferPoolMXBean
instanceKlass io/micrometer/core/instrument/binder/jvm/JvmGcMetrics$$Lambda$485
instanceKlass sun/management/NotificationEmitterSupport$ListenerInfo
instanceKlass java/lang/invoke/LambdaForm$MH
instanceKlass io/micrometer/core/instrument/binder/jvm/JvmGcMetrics$$Lambda$484
instanceKlass java/lang/invoke/LambdaForm$DMH
instanceKlass com/sun/management/GarbageCollectorMXBean
instanceKlass java/lang/management/GarbageCollectorMXBean
instanceKlass java/lang/management/MemoryManagerMXBean
instanceKlass java/util/concurrent/atomic/Striped64$Cell
instanceKlass org/springframework/boot/actuate/autoconfigure/metrics/export/simple/SimplePropertiesConfigAdapter$$Lambda$483
instanceKlass org/springframework/boot/actuate/autoconfigure/metrics/export/simple/SimplePropertiesConfigAdapter$$Lambda$482
instanceKlass io/micrometer/core/instrument/simple/SimpleMeterRegistry$1
instanceKlass io/micrometer/core/instrument/MeterRegistry$$Lambda$481
instanceKlass io/micrometer/core/instrument/MeterRegistry$$Lambda$480
instanceKlass io/micrometer/core/instrument/Counter$Builder
instanceKlass io/micrometer/core/instrument/binder/jvm/JvmGcMetrics$$Lambda$479
instanceKlass io/micrometer/core/util/internal/logging/WarnThenDebugLogger
instanceKlass io/micrometer/shaded/org/pcollections/ConsPStack$1
instanceKlass io/micrometer/core/instrument/MeterRegistry$$Lambda$478
instanceKlass io/micrometer/core/instrument/MeterRegistry$$Lambda$477
instanceKlass io/micrometer/core/instrument/AbstractMeter
instanceKlass io/micrometer/core/instrument/MeterRegistry$$Lambda$476
instanceKlass io/micrometer/core/instrument/Tags
instanceKlass io/micrometer/core/instrument/Gauge$Builder
instanceKlass io/micrometer/core/instrument/binder/jvm/JvmGcMetrics$$Lambda$475
instanceKlass io/micrometer/core/instrument/binder/jvm/JvmGcMetrics$$Lambda$474
instanceKlass java/lang/invoke/LambdaForm$DMH
instanceKlass java/lang/management/MemoryUsage
instanceKlass io/micrometer/core/instrument/binder/jvm/JvmGcMetrics$$Lambda$473
instanceKlass io/micrometer/core/instrument/binder/jvm/JvmMemory$$Lambda$472
instanceKlass io/micrometer/core/instrument/binder/jvm/JvmMemory$$Lambda$471
instanceKlass java/lang/management/PlatformComponent$15
instanceKlass java/lang/management/PlatformComponent$14
instanceKlass java/lang/management/PlatformComponent$13
instanceKlass java/lang/management/PlatformComponent$12
instanceKlass java/lang/management/PlatformComponent$11
instanceKlass java/lang/management/PlatformComponent$10
instanceKlass java/lang/management/PlatformComponent$9
instanceKlass java/lang/management/PlatformComponent$8
instanceKlass java/lang/management/PlatformComponent$7
instanceKlass java/lang/management/PlatformComponent$6
instanceKlass java/lang/management/PlatformComponent$5
instanceKlass java/lang/management/PlatformComponent$4
instanceKlass java/lang/management/PlatformComponent$3
instanceKlass java/lang/management/PlatformComponent$2
instanceKlass java/lang/management/PlatformComponent$1
instanceKlass java/lang/management/PlatformComponent$MXBeanFetcher
instanceKlass org/springframework/boot/actuate/autoconfigure/metrics/MeterRegistryConfigurer$$Lambda$470
instanceKlass com/sun/management/UnixOperatingSystemMXBean
instanceKlass sun/management/BaseOperatingSystemImpl
instanceKlass com/sun/management/OperatingSystemMXBean
instanceKlass java/lang/management/ThreadMXBean
instanceKlass java/lang/management/ThreadInfo
instanceKlass org/springframework/util/ClassUtils$$Lambda$469
instanceKlass javax/management/NotificationListener
instanceKlass io/micrometer/core/instrument/binder/jvm/JvmMemory
instanceKlass sun/management/Sensor
instanceKlass sun/management/MemoryPoolImpl
instanceKlass sun/management/ManagementFactory
instanceKlass java/lang/management/MemoryPoolMXBean
instanceKlass sun/management/NotificationEmitterSupport
instanceKlass java/lang/management/MemoryMXBean
instanceKlass com/sun/management/GarbageCollectionNotificationInfo
instanceKlass javax/management/openmbean/CompositeDataView
instanceKlass io/micrometer/core/util/internal/logging/AbstractInternalLogger
instanceKlass io/micrometer/core/util/internal/logging/InternalLogger
instanceKlass io/micrometer/core/util/internal/logging/InternalLoggerFactory
instanceKlass org/springframework/boot/actuate/autoconfigure/metrics/MeterRegistryConfigurer$$Lambda$468
instanceKlass org/springframework/boot/actuate/autoconfigure/metrics/web/servlet/WebMvcMetricsAutoConfiguration$$Lambda$467
instanceKlass io/micrometer/core/instrument/config/MeterFilter$9
instanceKlass org/springframework/boot/actuate/autoconfigure/metrics/web/client/HttpClientMetricsAutoConfiguration$$Lambda$466
instanceKlass org/springframework/boot/actuate/autoconfigure/metrics/OnlyOnceLoggingDenyMeterFilter
instanceKlass io/micrometer/core/instrument/Tag
instanceKlass org/springframework/boot/actuate/autoconfigure/metrics/ServiceLevelAgreementBoundary
instanceKlass org/springframework/boot/actuate/autoconfigure/metrics/PropertiesMeterFilter$1
instanceKlass org/springframework/boot/actuate/autoconfigure/metrics/MeterRegistryConfigurer$$Lambda$465
instanceKlass io/micrometer/core/instrument/Measurement
instanceKlass io/micrometer/core/instrument/search/Search
instanceKlass io/micrometer/core/instrument/search/RequiredSearch
instanceKlass java/util/function/ToDoubleFunction
instanceKlass io/micrometer/core/instrument/distribution/DistributionStatisticConfig
instanceKlass io/micrometer/core/instrument/internal/Mergeable
instanceKlass io/micrometer/core/instrument/Meter$Id
instanceKlass io/micrometer/core/instrument/config/NamingConvention$4
instanceKlass io/micrometer/core/instrument/config/NamingConvention$3
instanceKlass io/micrometer/core/instrument/config/NamingConvention$2
instanceKlass io/micrometer/core/instrument/config/NamingConvention$1
instanceKlass io/micrometer/core/instrument/config/NamingConvention$$Lambda$464
instanceKlass java/lang/invoke/LambdaForm$DMH
instanceKlass io/micrometer/core/instrument/config/NamingConvention
instanceKlass io/micrometer/core/instrument/distribution/pause/NoPauseDetector
instanceKlass io/micrometer/shaded/org/pcollections/PStack
instanceKlass io/micrometer/shaded/org/pcollections/IntTree$EntryIterator
instanceKlass java/util/AbstractMap$1$1
instanceKlass io/micrometer/shaded/org/pcollections/PSequence
instanceKlass io/micrometer/shaded/org/pcollections/PCollection
instanceKlass io/micrometer/shaded/org/pcollections/IntTree
instanceKlass io/micrometer/shaded/org/pcollections/HashTreePMap
instanceKlass io/micrometer/core/instrument/MeterRegistry$More
instanceKlass io/micrometer/core/instrument/MeterRegistry$Config
instanceKlass io/micrometer/core/instrument/Clock$1
instanceKlass io/micrometer/core/lang/Nullable
instanceKlass io/micrometer/core/instrument/simple/SimpleConfig$$Lambda$463
instanceKlass org/springframework/boot/actuate/autoconfigure/metrics/export/properties/PropertiesConfigAdapter
instanceKlass org/springframework/boot/actuate/autoconfigure/metrics/MetricsProperties$Web$Server$ServerRequest
instanceKlass org/springframework/boot/actuate/autoconfigure/metrics/MetricsProperties$Web$Server
instanceKlass org/springframework/boot/actuate/metrics/AutoTimer$1
instanceKlass org/springframework/boot/actuate/metrics/AutoTimer$$Lambda$462
instanceKlass io/micrometer/core/instrument/Timer$Builder
instanceKlass org/springframework/boot/actuate/autoconfigure/metrics/AutoTimeProperties
instanceKlass org/springframework/boot/actuate/autoconfigure/metrics/MetricsProperties$Web$Client$ClientRequest
instanceKlass org/springframework/boot/actuate/autoconfigure/metrics/MetricsProperties$Web$Client
instanceKlass sun/reflect/annotation/AnnotationInvocationHandler$1
instanceKlass org/springframework/core/SerializableTypeWrapper$FieldTypeProvider
instanceKlass com/alibaba/druid/util/ServletPathMatcher
instanceKlass com/alibaba/druid/filter/stat/StatFilterContextListenerAdapter
instanceKlass com/alibaba/druid/filter/stat/StatFilterContextListener
instanceKlass com/alibaba/druid/util/PatternMatcher
instanceKlass com/alibaba/druid/support/http/AbstractWebStatImpl
instanceKlass com/alibaba/druid/stat/DruidStatManagerFacade
instanceKlass com/alibaba/druid/sql/visitor/SQLASTVisitor
instanceKlass com/alibaba/druid/stat/DruidStatService
instanceKlass com/alibaba/druid/stat/DruidStatServiceMBean
instanceKlass com/alibaba/druid/support/logging/SLF4JImpl
instanceKlass com/alibaba/druid/support/logging/Log
instanceKlass com/alibaba/druid/support/logging/Resources
instanceKlass com/alibaba/druid/support/logging/LogFactory
instanceKlass org/springframework/aop/scope/ScopedProxyUtils
instanceKlass org/springframework/boot/web/servlet/ServletContextInitializerBeans$RegistrationBeanAdapter
instanceKlass org/springframework/web/context/support/ServletContextScope
instanceKlass org/apache/catalina/loader/WebappClassLoaderBase$CombinedEnumeration
instanceKlass java/util/Collections$EmptyEnumeration
instanceKlass org/springframework/web/context/ContextLoader
instanceKlass org/springframework/boot/web/servlet/server/AbstractServletWebServerFactory$$Lambda$461
instanceKlass java/lang/invoke/LambdaForm$DMH
instanceKlass org/apache/jasper/compiler/TldCache$TaglibXmlCacheEntry
instanceKlass org/apache/tomcat/util/scan/ReferenceCountedJar
instanceKlass org/apache/jasper/compiler/TldCache
instanceKlass org/apache/jasper/compiler/Localizer
instanceKlass javax/servlet/jsp/tagext/FunctionInfo
instanceKlass com/sun/org/apache/xerces/internal/impl/dtd/XMLNotationDecl
instanceKlass com/sun/xml/internal/stream/StaxXMLInputSource
instanceKlass com/sun/org/apache/xerces/internal/impl/XMLEntityDescription
instanceKlass com/sun/org/apache/xerces/internal/impl/XMLDocumentScannerImpl$DTDDriver
instanceKlass com/sun/org/apache/xerces/internal/impl/dtd/XMLContentSpec
instanceKlass com/sun/org/apache/xerces/internal/impl/dtd/models/ContentModelValidator
instanceKlass com/sun/org/apache/xerces/internal/impl/dtd/DTDGrammar
instanceKlass com/sun/org/apache/xerces/internal/xni/grammars/Grammar
instanceKlass com/sun/org/apache/xerces/internal/impl/validation/EntityState
instanceKlass com/sun/org/apache/xerces/internal/util/EncodingMap
instanceKlass org/apache/tomcat/util/digester/DocumentProperties$Charset
instanceKlass com/sun/org/apache/xerces/internal/util/EntityResolver2Wrapper
instanceKlass org/apache/tomcat/util/digester/Digester$EntityResolverWrapper
instanceKlass org/apache/tomcat/util/descriptor/tld/TaglibXml
instanceKlass org/apache/tomcat/util/descriptor/XmlErrorHandler
instanceKlass org/apache/tomcat/util/descriptor/tld/TldResourcePath
instanceKlass java/nio/file/Files$3
instanceKlass java/nio/file/FileTreeWalker$Event
instanceKlass java/nio/file/FileTreeWalker$DirectoryNode
instanceKlass sun/nio/fs/AbstractBasicFileAttributeView
instanceKlass sun/nio/fs/DynamicFileAttributeView
instanceKlass sun/nio/fs/WindowsFileAttributeViews
instanceKlass java/nio/file/attribute/BasicFileAttributeView
instanceKlass java/nio/file/attribute/FileAttributeView
instanceKlass java/nio/file/attribute/AttributeView
instanceKlass java/nio/file/CopyOption
instanceKlass java/nio/file/FileTreeWalker
instanceKlass java/nio/file/SimpleFileVisitor
instanceKlass org/apache/tomcat/util/scan/JarFileUrlJar
instanceKlass org/apache/tomcat/Jar
instanceKlass org/apache/tomcat/util/scan/JarFactory
instanceKlass org/apache/tomcat/util/file/Matcher
instanceKlass org/apache/tomcat/util/scan/StandardJarScanFilter$1
instanceKlass org/apache/tomcat/util/scan/StandardJarScanner$ClassPathEntry
instanceKlass java/nio/file/FileVisitor
instanceKlass org/apache/jasper/servlet/TldScanner$TldScannerCallback
instanceKlass org/apache/jasper/compiler/JarScannerFactory
instanceKlass org/apache/tomcat/util/descriptor/tld/TagFileXml
instanceKlass javax/servlet/jsp/tagext/TagAttributeInfo
instanceKlass org/apache/tomcat/util/descriptor/tld/TldRuleSet$Attribute
instanceKlass javax/servlet/jsp/tagext/TagVariableInfo
instanceKlass org/apache/tomcat/util/descriptor/tld/TldRuleSet$Variable
instanceKlass org/apache/tomcat/util/descriptor/tld/TagXml
instanceKlass org/apache/tomcat/util/descriptor/tld/ValidatorXml
instanceKlass org/apache/tomcat/util/digester/RulesBase
instanceKlass org/apache/tomcat/util/descriptor/LocalResolver
instanceKlass org/apache/tomcat/util/digester/Digester$SystemPropertySource
instanceKlass org/apache/tomcat/util/IntrospectionUtils$SecurePropertySource
instanceKlass org/apache/tomcat/util/IntrospectionUtils$PropertySource
instanceKlass org/apache/tomcat/util/digester/Rules
instanceKlass org/xml/sax/ext/DeclHandler
instanceKlass org/xml/sax/ext/LexicalHandler
instanceKlass org/apache/tomcat/util/descriptor/Constants
instanceKlass org/apache/tomcat/util/descriptor/DigesterFactory
instanceKlass org/apache/tomcat/util/digester/Rule
instanceKlass org/apache/tomcat/util/descriptor/tld/TldRuleSet
instanceKlass org/apache/tomcat/util/digester/RuleSet
instanceKlass org/apache/tomcat/util/descriptor/tld/TldParser
instanceKlass org/apache/tomcat/JarScannerCallback
instanceKlass org/apache/jasper/servlet/TldScanner
instanceKlass org/apache/tomcat/InstanceManagerBindings
instanceKlass org/apache/catalina/core/DefaultInstanceManager$AnnotationCacheEntry
instanceKlass org/apache/catalina/core/DefaultInstanceManager
instanceKlass org/apache/catalina/Session
instanceKlass org/apache/tomcat/util/modeler/Util
instanceKlass org/apache/tomcat/util/buf/UriUtil
instanceKlass org/apache/catalina/webresources/StandardRoot$1
instanceKlass org/apache/catalina/webresources/StandardRoot$BaseLocation
instanceKlass org/apache/tomcat/util/http/ConcurrentDateFormat
instanceKlass org/apache/tomcat/util/http/FastHttpDateFormat
instanceKlass javax/security/auth/message/MessageInfo
instanceKlass javax/security/auth/message/config/RegistrationListener
instanceKlass org/apache/catalina/Authenticator
instanceKlass org/apache/tomcat/util/descriptor/web/LoginConfig
instanceKlass org/apache/jasper/compiler/JspRuntimeContext
instanceKlass org/apache/jasper/Options
instanceKlass javax/servlet/annotation/ServletSecurity
instanceKlass javax/annotation/security/RunAs
instanceKlass org/apache/catalina/servlets/DefaultServlet$SortManager$Order
instanceKlass org/apache/catalina/servlets/DefaultServlet$PrecompressedResource
instanceKlass org/apache/catalina/servlets/DefaultServlet$SortManager
instanceKlass org/apache/catalina/servlets/DefaultServlet$CompressionFormat
instanceKlass org/apache/catalina/servlets/DefaultServlet$Range
instanceKlass org/apache/catalina/servlets/DefaultServlet$SecureEntityResolver
instanceKlass javax/xml/parsers/DocumentBuilderFactory
instanceKlass org/apache/tomcat/util/descriptor/web/FilterDef
instanceKlass javax/annotation/security/DeclareRoles
instanceKlass javax/annotation/Resources
instanceKlass org/apache/catalina/util/Introspection
instanceKlass org/apache/catalina/startup/WebAnnotationSet
instanceKlass org/apache/catalina/security/SecurityUtil
instanceKlass org/apache/catalina/webresources/EmptyResource
instanceKlass org/apache/tomcat/util/compat/JrePlatform
instanceKlass org/apache/catalina/webresources/CachedResource
instanceKlass org/apache/catalina/util/Extension
instanceKlass org/apache/catalina/util/ManifestResource
instanceKlass org/apache/catalina/util/ExtensionValidator
instanceKlass org/apache/tomcat/util/http/CookieProcessorBase
instanceKlass org/apache/tomcat/util/http/RequestUtil
instanceKlass org/apache/catalina/webresources/TomcatURLStreamHandlerFactory
instanceKlass org/apache/catalina/WebResource
instanceKlass org/apache/catalina/webresources/Cache
instanceKlass org/apache/catalina/WebResourceSet
instanceKlass org/apache/catalina/core/ApplicationSessionCookieConfig
instanceKlass org/apache/catalina/core/ApplicationContextFacade
instanceKlass javax/servlet/FilterRegistration$Dynamic
instanceKlass javax/servlet/SessionCookieConfig
instanceKlass javax/servlet/FilterRegistration
instanceKlass javax/servlet/RequestDispatcher
instanceKlass org/apache/catalina/core/ApplicationContext
instanceKlass org/apache/catalina/util/ContextName
instanceKlass org/apache/catalina/core/ContainerBase$StartChild
instanceKlass org/apache/catalina/realm/X509SubjectDnRetriever
instanceKlass java/util/logging/LogRecord
instanceKlass org/apache/catalina/util/ServerInfo
instanceKlass org/apache/catalina/connector/CoyoteAdapter
instanceKlass org/apache/catalina/Executor
instanceKlass org/apache/catalina/mbeans/MBeanUtils
instanceKlass org/apache/catalina/mbeans/MBeanFactory
instanceKlass org/apache/tomcat/util/buf/StringCache
instanceKlass org/apache/tomcat/util/threads/ScheduledThreadPoolExecutor
instanceKlass java/util/concurrent/RunnableScheduledFuture
instanceKlass java/util/concurrent/ScheduledFuture
instanceKlass java/util/concurrent/Delayed
instanceKlass org/apache/tomcat/util/threads/TaskThreadFactory
instanceKlass java/util/concurrent/ThreadPoolExecutor$AbortPolicy
instanceKlass org/springframework/boot/web/embedded/tomcat/TomcatWebServer$$Lambda$460
instanceKlass org/springframework/boot/autoconfigure/web/embedded/TomcatWebServerFactoryCustomizer$$Lambda$459
instanceKlass org/apache/tomcat/websocket/server/WsContextListener
instanceKlass javax/servlet/ServletContextListener
instanceKlass org/springframework/boot/web/embedded/tomcat/DisableReferenceClearingContextCustomizer
instanceKlass org/springframework/boot/web/embedded/tomcat/TomcatServletWebServerFactory$DisablePersistSessionListener
instanceKlass org/apache/tomcat/util/buf/UDecoder
instanceKlass org/apache/tomcat/util/descriptor/web/ErrorPage
instanceKlass org/springframework/boot/web/embedded/tomcat/TomcatStarter
instanceKlass org/apache/catalina/core/StandardHost$MemoryLeakTrackingListener
instanceKlass org/springframework/boot/web/servlet/server/AbstractServletWebServerFactory$SessionConfiguringInitializer
instanceKlass org/springframework/boot/web/servlet/server/AbstractServletWebServerFactory$$Lambda$458
instanceKlass org/springframework/boot/web/embedded/tomcat/TomcatServletWebServerFactory$StaticResourceConfigurer
instanceKlass org/apache/jasper/security/SecurityClassLoad
instanceKlass javax/servlet/jsp/JspEngineInfo
instanceKlass javax/servlet/jsp/JspApplicationContext
instanceKlass javax/servlet/jsp/JspContext
instanceKlass javax/servlet/jsp/JspFactory
instanceKlass org/apache/jasper/servlet/JasperInitializer
instanceKlass org/springframework/boot/web/embedded/tomcat/TomcatServletWebServerFactory$$Lambda$457
instanceKlass org/apache/tomcat/PeriodicEventListener
instanceKlass org/apache/catalina/core/StandardWrapperFacade
instanceKlass java/util/EventListenerProxy
instanceKlass org/apache/tomcat/util/security/PermissionCheck
instanceKlass org/apache/juli/WebappProperties
instanceKlass org/apache/tomcat/InstrumentableClassLoader
instanceKlass org/apache/tomcat/util/scan/StandardJarScanner
instanceKlass org/apache/tomcat/util/scan/StandardJarScanFilter
instanceKlass org/springframework/boot/web/embedded/tomcat/TomcatServletWebServerFactory$$Lambda$456
instanceKlass org/apache/catalina/util/CharsetMapper
instanceKlass org/apache/catalina/startup/Tomcat$FixContextListener
instanceKlass org/apache/catalina/util/URLEncoder
instanceKlass com/sun/jmx/remote/util/ClassLogger
instanceKlass javax/management/NotificationBroadcasterSupport$1
instanceKlass javax/management/NotificationBroadcasterSupport
instanceKlass org/apache/catalina/core/StandardContext$ContextFilterMaps
instanceKlass org/apache/catalina/util/ErrorPageSupport
instanceKlass org/apache/tomcat/util/descriptor/web/XmlEncodingBase
instanceKlass org/apache/tomcat/util/descriptor/web/ApplicationParameter
instanceKlass org/apache/catalina/core/StandardContext$1
instanceKlass org/apache/catalina/SessionIdGenerator
instanceKlass org/apache/tomcat/InstanceManager
instanceKlass org/apache/catalina/ThreadBindingListener
instanceKlass org/apache/tomcat/util/http/CookieProcessor
instanceKlass org/apache/tomcat/JarScanner
instanceKlass org/apache/catalina/Globals
instanceKlass org/apache/catalina/realm/RealmBase$AllRolesMode
instanceKlass org/apache/catalina/realm/DigestCredentialHandlerBase
instanceKlass org/apache/catalina/realm/X509UsernameRetriever
instanceKlass org/apache/catalina/CredentialHandler
instanceKlass org/apache/catalina/Pipeline
instanceKlass org/apache/catalina/AccessLog
instanceKlass org/apache/tomcat/util/threads/LimitLatch
instanceKlass org/springframework/boot/web/embedded/tomcat/CompressionConnectorCustomizer
instanceKlass org/apache/tomcat/util/net/SocketWrapperBase
instanceKlass org/apache/tomcat/util/net/SSLImplementation
instanceKlass org/apache/tomcat/util/buf/CharsetCache
instanceKlass org/apache/tomcat/util/buf/B2CConverter
instanceKlass org/springframework/boot/web/embedded/tomcat/TomcatServletWebServerFactory$$Lambda$455
instanceKlass org/apache/coyote/Response
instanceKlass org/apache/coyote/Request
instanceKlass org/apache/tomcat/util/net/SSLHostConfig
instanceKlass org/apache/tomcat/util/IntrospectionUtils
instanceKlass org/apache/catalina/ContainerListener
instanceKlass org/apache/catalina/mapper/Mapper$MapElement
instanceKlass org/apache/catalina/mapper/Mapper
instanceKlass org/apache/tomcat/util/file/ConfigFileLoader
instanceKlass org/apache/tomcat/util/file/ConfigurationSource$1
instanceKlass org/apache/catalina/startup/CatalinaBaseConfigurationSource
instanceKlass org/apache/tomcat/util/descriptor/web/ResourceBase
instanceKlass org/apache/tomcat/util/descriptor/web/Injectable
instanceKlass org/apache/tomcat/util/descriptor/web/NamingResources
instanceKlass java/beans/PropertyChangeListener
instanceKlass java/beans/ChangeListenerMap
instanceKlass java/beans/PropertyChangeSupport
instanceKlass org/apache/tomcat/util/collections/SynchronizedStack
instanceKlass javax/management/NotificationFilter
instanceKlass org/apache/tomcat/util/modeler/BaseModelMBean
instanceKlass javax/management/modelmbean/ModelMBeanNotificationBroadcaster
instanceKlass org/apache/coyote/AbstractProtocol$ConnectionHandler
instanceKlass org/apache/coyote/CompressionConfig
instanceKlass org/apache/tomcat/util/net/NioSelectorPool
instanceKlass org/apache/tomcat/util/net/SocketProperties
instanceKlass org/apache/tomcat/util/net/SocketProcessorBase
instanceKlass java/nio/channels/NetworkChannel
instanceKlass org/apache/tomcat/util/net/NioChannel
instanceKlass java/net/SocketAddress
instanceKlass org/apache/tomcat/util/net/AbstractEndpoint
instanceKlass org/apache/tomcat/util/net/AbstractEndpoint$Handler
instanceKlass org/apache/coyote/Processor
instanceKlass org/apache/coyote/Adapter
instanceKlass java/io/DeleteOnExitHook$1
instanceKlass java/io/DeleteOnExitHook
instanceKlass sun/nio/fs/BasicFileAttributesHolder
instanceKlass sun/nio/fs/WindowsDirectoryStream$WindowsDirectoryIterator
instanceKlass sun/nio/fs/WindowsFileAttributes
instanceKlass java/nio/file/attribute/DosFileAttributes
instanceKlass java/nio/file/attribute/BasicFileAttributes
instanceKlass sun/nio/fs/WindowsDirectoryStream
instanceKlass java/nio/file/DirectoryStream
instanceKlass java/nio/file/Files$AcceptAllFilter
instanceKlass java/nio/file/DirectoryStream$Filter
instanceKlass java/net/NetworkInterface$2
instanceKlass java/net/DefaultInterface
instanceKlass java/net/InterfaceAddress
instanceKlass java/net/NetworkInterface$1
instanceKlass java/net/NetworkInterface
instanceKlass sun/security/provider/SeedGenerator$1
instanceKlass sun/security/provider/SeedGenerator
instanceKlass sun/security/provider/SecureRandom$SeederHolder
instanceKlass java/security/SecureRandomSpi
instanceKlass java/io/File$TempDirectory
instanceKlass org/apache/tomcat/util/ExceptionUtils
instanceKlass org/apache/tomcat/util/compat/JreCompat
instanceKlass org/apache/catalina/Service
instanceKlass org/apache/tomcat/util/file/ConfigurationSource
instanceKlass org/apache/catalina/Server
instanceKlass org/apache/catalina/Wrapper
instanceKlass org/apache/catalina/Realm
instanceKlass org/apache/catalina/Contained
instanceKlass javax/management/MBeanFeatureInfo
instanceKlass javax/management/DescriptorRead
instanceKlass org/apache/tomcat/util/modeler/FeatureInfo
instanceKlass javax/management/DynamicMBean
instanceKlass org/apache/tomcat/util/modeler/NoDescriptorRegistry$NoJmxMBeanServer
instanceKlass org/apache/tomcat/util/modeler/ManagedBean
instanceKlass javax/management/MBeanServer
instanceKlass javax/management/MBeanServerConnection
instanceKlass org/apache/tomcat/util/modeler/Registry
instanceKlass org/apache/tomcat/util/modeler/RegistryMBean
instanceKlass org/springframework/boot/web/servlet/context/ServletWebServerApplicationContext$$Lambda$454
instanceKlass java/lang/reflect/WeakCache$LookupValue
instanceKlass javax/servlet/ServletRegistration$Dynamic
instanceKlass org/springframework/boot/autoconfigure/web/servlet/MultipartProperties$$Lambda$453
instanceKlass org/springframework/boot/autoconfigure/web/servlet/MultipartProperties$$Lambda$452
instanceKlass org/springframework/boot/autoconfigure/web/servlet/MultipartProperties$$Lambda$451
instanceKlass org/springframework/boot/autoconfigure/web/servlet/MultipartProperties$$Lambda$450
instanceKlass org/springframework/boot/web/servlet/MultipartConfigFactory
instanceKlass org/springframework/boot/context/properties/bind/handler/NoUnboundElementsBindHandler$$Lambda$449
instanceKlass org/springframework/boot/convert/DataSizeUnit
instanceKlass org/springframework/boot/context/properties/source/UnboundElementsSourceFilter
instanceKlass org/springframework/boot/autoconfigure/web/servlet/DispatcherServletAutoConfiguration$DispatcherServletRegistrationConfiguration$$Lambda$448
instanceKlass org/springframework/web/servlet/FlashMapManager
instanceKlass org/springframework/web/servlet/RequestToViewNameTranslator
instanceKlass org/springframework/web/servlet/ThemeResolver
instanceKlass org/springframework/web/context/request/async/WebAsyncManager
instanceKlass org/springframework/web/context/request/AbstractRequestAttributes
instanceKlass org/springframework/web/servlet/HandlerExecutionChain
instanceKlass org/springframework/web/servlet/ModelAndView
instanceKlass org/springframework/boot/autoconfigure/web/embedded/TomcatWebServerFactoryCustomizer$$Lambda$447
instanceKlass org/springframework/boot/autoconfigure/web/embedded/TomcatWebServerFactoryCustomizer$$Lambda$446
instanceKlass org/springframework/boot/autoconfigure/web/embedded/TomcatWebServerFactoryCustomizer$$Lambda$445
instanceKlass org/springframework/boot/autoconfigure/web/embedded/TomcatWebServerFactoryCustomizer$$Lambda$444
instanceKlass org/springframework/boot/autoconfigure/web/embedded/TomcatWebServerFactoryCustomizer$$Lambda$443
instanceKlass java/util/stream/Collectors$$Lambda$442
instanceKlass java/util/stream/Collectors$$Lambda$441
instanceKlass java/util/stream/Collectors$$Lambda$440
instanceKlass java/util/stream/Collectors$$Lambda$439
instanceKlass org/springframework/boot/autoconfigure/web/embedded/TomcatWebServerFactoryCustomizer$$Lambda$438
instanceKlass org/springframework/boot/autoconfigure/web/embedded/TomcatWebServerFactoryCustomizer$$Lambda$437
instanceKlass org/springframework/boot/context/properties/PropertyMapper$Source$$Lambda$436
instanceKlass org/springframework/boot/autoconfigure/web/embedded/TomcatWebServerFactoryCustomizer$$Lambda$435
instanceKlass org/springframework/boot/autoconfigure/web/embedded/TomcatWebServerFactoryCustomizer$$Lambda$434
instanceKlass org/springframework/boot/autoconfigure/web/embedded/TomcatWebServerFactoryCustomizer$$Lambda$433
instanceKlass org/springframework/boot/autoconfigure/web/embedded/TomcatWebServerFactoryCustomizer$$Lambda$432
instanceKlass org/springframework/boot/autoconfigure/web/embedded/TomcatWebServerFactoryCustomizer$$Lambda$431
instanceKlass org/springframework/boot/autoconfigure/web/embedded/TomcatWebServerFactoryCustomizer$$Lambda$430
instanceKlass org/springframework/boot/autoconfigure/web/embedded/TomcatWebServerFactoryCustomizer$$Lambda$429
instanceKlass org/springframework/boot/autoconfigure/web/embedded/TomcatWebServerFactoryCustomizer$$Lambda$428
instanceKlass org/springframework/boot/autoconfigure/web/embedded/TomcatWebServerFactoryCustomizer$$Lambda$427
instanceKlass org/springframework/boot/autoconfigure/web/embedded/TomcatWebServerFactoryCustomizer$$Lambda$426
instanceKlass org/springframework/boot/autoconfigure/web/embedded/TomcatWebServerFactoryCustomizer$$Lambda$425
instanceKlass org/springframework/boot/autoconfigure/web/embedded/TomcatWebServerFactoryCustomizer$$Lambda$424
instanceKlass org/springframework/boot/autoconfigure/web/embedded/TomcatWebServerFactoryCustomizer$$Lambda$423
instanceKlass org/springframework/boot/autoconfigure/web/embedded/TomcatWebServerFactoryCustomizer$$Lambda$422
instanceKlass org/springframework/boot/autoconfigure/web/embedded/TomcatWebServerFactoryCustomizer$$Lambda$421
instanceKlass org/springframework/boot/autoconfigure/web/embedded/TomcatWebServerFactoryCustomizer$$Lambda$420
instanceKlass org/springframework/boot/autoconfigure/web/embedded/TomcatWebServerFactoryCustomizer$$Lambda$419
instanceKlass org/springframework/boot/autoconfigure/web/embedded/TomcatWebServerFactoryCustomizer$$Lambda$418
instanceKlass org/springframework/boot/autoconfigure/web/embedded/TomcatWebServerFactoryCustomizer$$Lambda$417
instanceKlass org/springframework/boot/autoconfigure/web/embedded/TomcatWebServerFactoryCustomizer$$Lambda$416
instanceKlass org/springframework/boot/autoconfigure/web/embedded/TomcatWebServerFactoryCustomizer$$Lambda$415
instanceKlass org/springframework/boot/autoconfigure/web/embedded/TomcatWebServerFactoryCustomizer$$Lambda$414
instanceKlass org/springframework/boot/autoconfigure/web/embedded/TomcatWebServerFactoryCustomizer$$Lambda$413
instanceKlass org/springframework/boot/autoconfigure/web/embedded/TomcatWebServerFactoryCustomizer$$Lambda$412
instanceKlass org/springframework/boot/autoconfigure/web/embedded/TomcatWebServerFactoryCustomizer$$Lambda$411
instanceKlass org/springframework/boot/autoconfigure/web/embedded/TomcatWebServerFactoryCustomizer$$Lambda$410
instanceKlass org/springframework/boot/autoconfigure/web/embedded/TomcatWebServerFactoryCustomizer$$Lambda$409
instanceKlass org/springframework/boot/autoconfigure/web/embedded/TomcatWebServerFactoryCustomizer$$Lambda$408
instanceKlass org/springframework/boot/autoconfigure/web/embedded/TomcatWebServerFactoryCustomizer$$Lambda$407
instanceKlass org/springframework/boot/autoconfigure/web/embedded/TomcatWebServerFactoryCustomizer$$Lambda$406
instanceKlass org/springframework/boot/autoconfigure/web/embedded/TomcatWebServerFactoryCustomizer$$Lambda$405
instanceKlass org/springframework/boot/autoconfigure/web/embedded/TomcatWebServerFactoryCustomizer$$Lambda$404
instanceKlass org/springframework/boot/autoconfigure/web/embedded/TomcatWebServerFactoryCustomizer$$Lambda$403
instanceKlass org/springframework/boot/autoconfigure/web/embedded/TomcatWebServerFactoryCustomizer$$Lambda$402
instanceKlass org/springframework/boot/context/properties/PropertyMapper$Source$$Lambda$401
instanceKlass org/springframework/boot/autoconfigure/web/embedded/TomcatWebServerFactoryCustomizer$$Lambda$400
instanceKlass org/springframework/boot/context/properties/PropertyMapper$$Lambda$399
instanceKlass org/springframework/boot/autoconfigure/web/embedded/TomcatWebServerFactoryCustomizer$$Lambda$398
instanceKlass org/springframework/boot/autoconfigure/web/embedded/TomcatWebServerFactoryCustomizer$$Lambda$397
instanceKlass org/springframework/boot/autoconfigure/web/embedded/TomcatWebServerFactoryCustomizer$$Lambda$396
instanceKlass org/springframework/boot/autoconfigure/web/embedded/TomcatWebServerFactoryCustomizer$$Lambda$395
instanceKlass org/springframework/boot/autoconfigure/web/embedded/TomcatWebServerFactoryCustomizer$$Lambda$394
instanceKlass org/springframework/boot/autoconfigure/web/embedded/TomcatWebServerFactoryCustomizer$$Lambda$393
instanceKlass java/util/function/Predicate$$Lambda$392
instanceKlass org/springframework/boot/autoconfigure/web/embedded/TomcatWebServerFactoryCustomizer$$Lambda$391
instanceKlass java/lang/invoke/LambdaForm$DMH
instanceKlass org/springframework/boot/autoconfigure/web/embedded/TomcatWebServerFactoryCustomizer$$Lambda$390
instanceKlass java/lang/invoke/LambdaForm$DMH
instanceKlass org/springframework/boot/autoconfigure/web/embedded/TomcatWebServerFactoryCustomizer$$Lambda$389
instanceKlass org/springframework/boot/autoconfigure/web/embedded/TomcatWebServerFactoryCustomizer$$Lambda$388
instanceKlass org/springframework/boot/context/properties/PropertyMapper$Source$$Lambda$387
instanceKlass org/springframework/boot/context/properties/PropertyMapper$Source$$Lambda$386
instanceKlass org/springframework/boot/context/properties/PropertyMapper$Source$$Lambda$385
instanceKlass org/springframework/boot/autoconfigure/web/embedded/TomcatWebServerFactoryCustomizer$$Lambda$384
instanceKlass org/springframework/boot/autoconfigure/web/embedded/TomcatWebServerFactoryCustomizer$$Lambda$383
instanceKlass org/springframework/boot/autoconfigure/web/embedded/TomcatWebServerFactoryCustomizer$$Lambda$382
instanceKlass org/springframework/boot/autoconfigure/web/embedded/TomcatWebServerFactoryCustomizer$$Lambda$381
instanceKlass org/springframework/boot/autoconfigure/web/servlet/TomcatServletWebServerFactoryCustomizer$$Lambda$380
instanceKlass java/lang/invoke/LambdaForm$DMH
instanceKlass org/springframework/boot/autoconfigure/web/servlet/ServletWebServerFactoryCustomizer$$Lambda$379
instanceKlass org/springframework/boot/autoconfigure/web/servlet/ServletWebServerFactoryCustomizer$$Lambda$378
instanceKlass org/springframework/boot/autoconfigure/web/servlet/ServletWebServerFactoryCustomizer$$Lambda$377
instanceKlass org/springframework/boot/autoconfigure/web/servlet/ServletWebServerFactoryCustomizer$$Lambda$376
instanceKlass org/springframework/boot/autoconfigure/web/servlet/ServletWebServerFactoryCustomizer$$Lambda$375
instanceKlass org/springframework/boot/autoconfigure/web/servlet/ServletWebServerFactoryCustomizer$$Lambda$374
instanceKlass org/springframework/boot/autoconfigure/web/servlet/ServletWebServerFactoryCustomizer$$Lambda$373
instanceKlass org/springframework/boot/autoconfigure/web/servlet/ServletWebServerFactoryCustomizer$$Lambda$372
instanceKlass org/springframework/boot/autoconfigure/web/servlet/ServletWebServerFactoryCustomizer$$Lambda$371
instanceKlass org/springframework/boot/autoconfigure/web/servlet/ServletWebServerFactoryCustomizer$$Lambda$370
instanceKlass org/springframework/boot/autoconfigure/web/servlet/ServletWebServerFactoryCustomizer$$Lambda$369
instanceKlass org/springframework/boot/autoconfigure/web/servlet/ServletWebServerFactoryCustomizer$$Lambda$368
instanceKlass org/springframework/boot/autoconfigure/web/servlet/ServletWebServerFactoryCustomizer$$Lambda$367
instanceKlass org/springframework/boot/autoconfigure/web/servlet/ServletWebServerFactoryCustomizer$$Lambda$366
instanceKlass org/springframework/boot/autoconfigure/web/servlet/ServletWebServerFactoryCustomizer$$Lambda$365
instanceKlass org/springframework/boot/autoconfigure/web/servlet/ServletWebServerFactoryCustomizer$$Lambda$364
instanceKlass org/springframework/boot/autoconfigure/web/servlet/ServletWebServerFactoryCustomizer$$Lambda$363
instanceKlass org/springframework/boot/autoconfigure/web/servlet/ServletWebServerFactoryCustomizer$$Lambda$362
instanceKlass org/springframework/boot/autoconfigure/web/servlet/ServletWebServerFactoryCustomizer$$Lambda$361
instanceKlass org/springframework/boot/autoconfigure/web/servlet/ServletWebServerFactoryCustomizer$$Lambda$360
instanceKlass org/springframework/boot/autoconfigure/web/servlet/ServletWebServerFactoryCustomizer$$Lambda$359
instanceKlass java/lang/invoke/LambdaForm$DMH
instanceKlass org/springframework/boot/context/properties/PropertyMapper$Source$$Lambda$358
instanceKlass org/springframework/boot/context/properties/PropertyMapper$NullPointerExceptionSafeSupplier
instanceKlass org/springframework/boot/context/properties/PropertyMapper$CachingSupplier
instanceKlass org/springframework/boot/autoconfigure/web/servlet/ServletWebServerFactoryCustomizer$$Lambda$357
instanceKlass org/springframework/boot/context/properties/PropertyMapper$$Lambda$356
instanceKlass org/springframework/boot/context/properties/PropertyMapper$SourceOperator
instanceKlass org/springframework/boot/context/properties/PropertyMapper$Source
instanceKlass org/springframework/boot/context/properties/PropertyMapper$$Lambda$355
instanceKlass org/springframework/boot/context/properties/PropertyMapper
instanceKlass org/springframework/boot/util/LambdaSafe$InvocationResult
instanceKlass org/springframework/boot/autoconfigure/websocket/servlet/TomcatWebSocketServletWebServerCustomizer$$Lambda$354
instanceKlass org/springframework/boot/util/LambdaSafe$Callbacks$$Lambda$353
instanceKlass org/springframework/boot/util/LambdaSafe$Callbacks$$Lambda$352
instanceKlass org/springframework/boot/web/server/WebServerFactoryCustomizerBeanPostProcessor$$Lambda$351
instanceKlass org/springframework/boot/util/LambdaSafe$GenericTypeFilter
instanceKlass org/springframework/boot/util/LambdaSafe$Filter
instanceKlass org/springframework/boot/util/LambdaSafe$LambdaSafeCallback
instanceKlass org/springframework/boot/util/LambdaSafe
instanceKlass org/springframework/boot/convert/DurationUnit
instanceKlass org/springframework/boot/context/properties/bind/JavaBeanBinder$BeanProperty$$Lambda$350
instanceKlass org/springframework/boot/context/properties/bind/JavaBeanBinder$Bean$$Lambda$349
instanceKlass org/springframework/boot/context/properties/bind/JavaBeanBinder$BeanSupplier
instanceKlass org/springframework/boot/context/properties/bind/JavaBeanBinder$Bean$$Lambda$348
instanceKlass org/springframework/boot/context/properties/bind/JavaBeanBinder$Bean$$Lambda$347
instanceKlass org/springframework/boot/context/properties/bind/DataObjectPropertyName
instanceKlass org/springframework/boot/context/properties/bind/JavaBeanBinder$Bean$$Lambda$346
instanceKlass org/springframework/boot/context/properties/bind/JavaBeanBinder$Bean$$Lambda$345
instanceKlass org/springframework/boot/context/properties/bind/JavaBeanBinder$BeanProperty
instanceKlass org/springframework/boot/context/properties/ConfigurationPropertiesBinder$$Lambda$344
instanceKlass org/springframework/beans/factory/annotation/BeanFactoryAnnotationUtils
instanceKlass org/springframework/boot/context/properties/ConversionServiceDeducer$Factory
instanceKlass org/springframework/core/NestedExceptionUtils
instanceKlass org/springframework/boot/context/properties/ConversionServiceDeducer
instanceKlass org/springframework/beans/factory/support/DefaultListableBeanFactory$1
instanceKlass org/springframework/boot/context/properties/ConfigurationPropertiesBindHandlerAdvisor
instanceKlass org/springframework/boot/context/properties/bind/AbstractBindHandler
instanceKlass org/springframework/boot/context/properties/NestedConfigurationProperty
instanceKlass org/springframework/boot/autoconfigure/web/ServerProperties$Undertow$Options
instanceKlass org/springframework/boot/autoconfigure/web/ServerProperties$Undertow$Accesslog
instanceKlass org/springframework/boot/autoconfigure/web/ServerProperties$Jetty$Accesslog
instanceKlass org/springframework/boot/autoconfigure/web/ServerProperties$Tomcat$Mbeanregistry
instanceKlass org/springframework/boot/autoconfigure/web/ServerProperties$Tomcat$Resource
instanceKlass org/springframework/boot/autoconfigure/web/ServerProperties$Tomcat$Accesslog
instanceKlass org/springframework/boot/autoconfigure/web/ErrorProperties$Whitelabel
instanceKlass org/springframework/boot/web/server/ErrorPage
instanceKlass org/springframework/boot/web/server/SslStoreProvider
instanceKlass org/apache/catalina/Host
instanceKlass org/apache/coyote/AbstractProtocol
instanceKlass javax/management/NotificationEmitter
instanceKlass javax/management/NotificationBroadcaster
instanceKlass org/springframework/boot/web/embedded/tomcat/TomcatWebServer
instanceKlass org/apache/coyote/ProtocolHandler
instanceKlass org/apache/catalina/util/LifecycleBase
instanceKlass org/apache/catalina/JmxEnabled
instanceKlass javax/management/MBeanRegistration
instanceKlass org/apache/catalina/Engine
instanceKlass java/util/stream/SortedOps$RefSortingSink$$Lambda$343
instanceKlass java/lang/invoke/LambdaForm$DMH
instanceKlass java/util/stream/SortedOps
instanceKlass org/springframework/core/OrderComparator$$Lambda$342
instanceKlass org/springframework/beans/factory/support/DefaultListableBeanFactory$FactoryAwareOrderSourceProvider
instanceKlass org/springframework/beans/factory/support/DefaultListableBeanFactory$$Lambda$341
instanceKlass org/springframework/beans/factory/support/DefaultListableBeanFactory$$Lambda$340
instanceKlass org/springframework/beans/factory/support/DefaultListableBeanFactory$$Lambda$339
instanceKlass org/springframework/boot/web/embedded/tomcat/TldSkipPatterns
instanceKlass java/lang/ClassLoaderHelper
instanceKlass org/apache/tomcat/jni/Library
instanceKlass java/util/ResourceBundle$Control$1
instanceKlass org/apache/tomcat/util/res/StringManager
instanceKlass org/apache/juli/logging/DirectJDKLog
instanceKlass org/apache/juli/logging/Log
instanceKlass org/apache/juli/logging/LogFactory
instanceKlass org/apache/catalina/core/AprLifecycleListener
instanceKlass org/springframework/boot/web/servlet/server/StaticResourceJars
instanceKlass org/springframework/boot/web/servlet/server/DocumentRoot
instanceKlass org/springframework/boot/web/servlet/server/Jsp
instanceKlass org/springframework/boot/web/server/MimeMappings$Mapping
instanceKlass org/springframework/boot/web/server/MimeMappings
instanceKlass org/springframework/boot/web/servlet/server/SessionStoreDirectory
instanceKlass org/springframework/boot/web/servlet/server/Session$Cookie
instanceKlass org/springframework/boot/web/servlet/server/Session
instanceKlass org/springframework/boot/web/embedded/tomcat/TomcatProtocolHandlerCustomizer
instanceKlass org/springframework/boot/web/embedded/tomcat/TomcatContextCustomizer
instanceKlass org/springframework/ui/context/Theme
instanceKlass org/springframework/ui/context/support/ResourceBundleThemeSource
instanceKlass org/springframework/ui/context/HierarchicalThemeSource
instanceKlass org/springframework/ui/context/support/UiApplicationContextUtils
instanceKlass org/springframework/context/support/MessageSourceSupport
instanceKlass org/springframework/context/HierarchicalMessageSource
instanceKlass org/springframework/data/projection/MethodInterceptorFactory
instanceKlass org/springframework/data/projection/ProjectionInformation
instanceKlass org/springframework/data/projection/ProxyProjectionFactory
instanceKlass org/springframework/data/projection/ProjectionFactory
instanceKlass org/springframework/web/method/annotation/ModelAttributeMethodProcessor
instanceKlass org/springframework/web/method/support/HandlerMethodReturnValueHandler
instanceKlass org/springframework/boot/actuate/autoconfigure/metrics/MeterRegistryConfigurer
instanceKlass org/springframework/boot/actuate/autoconfigure/metrics/MeterRegistryCustomizer
instanceKlass org/springframework/beans/factory/support/DefaultListableBeanFactory$DependencyObjectProvider
instanceKlass org/springframework/beans/factory/support/DefaultListableBeanFactory$BeanObjectProvider
instanceKlass org/springframework/security/access/prepost/PostAuthorize
instanceKlass org/springframework/security/access/prepost/PostFilter
instanceKlass org/springframework/security/access/prepost/PreFilter
instanceKlass org/springframework/security/access/method/DelegatingMethodSecurityMetadataSource$DefaultCacheKey
instanceKlass org/springframework/security/access/annotation/SecuredAnnotationSecurityMetadataSource$$Lambda$338
instanceKlass org/springframework/security/access/annotation/Secured
instanceKlass org/springframework/security/access/annotation/SecuredAnnotationMetadataExtractor
instanceKlass org/springframework/security/access/annotation/AnnotationMetadataExtractor
instanceKlass org/springframework/security/access/method/AbstractMethodSecurityMetadataSource
instanceKlass org/springframework/security/access/prepost/PostInvocationAttribute
instanceKlass org/springframework/security/access/prepost/PreInvocationAttribute
instanceKlass org/springframework/security/access/ConfigAttribute
instanceKlass org/springframework/security/access/expression/method/ExpressionBasedAnnotationAttributeFactory
instanceKlass org/springframework/security/access/hierarchicalroles/RoleHierarchy
instanceKlass org/springframework/security/access/PermissionCacheOptimizer
instanceKlass org/springframework/security/config/annotation/configuration/AutowireBeanFactoryObjectPostProcessor
instanceKlass org/springframework/core/MethodClassKey
instanceKlass org/springframework/transaction/interceptor/TransactionalProxy
instanceKlass org/springframework/security/core/parameters/AnnotationParameterNameDiscoverer$$Lambda$337
instanceKlass org/springframework/security/core/parameters/AnnotationParameterNameDiscoverer$$Lambda$336
instanceKlass org/springframework/security/core/parameters/AnnotationParameterNameDiscoverer$ParameterNameFactory
instanceKlass org/springframework/security/core/parameters/AnnotationParameterNameDiscoverer
instanceKlass org/springframework/security/core/parameters/P
instanceKlass org/springframework/data/repository/query/Param
instanceKlass org/springframework/security/authentication/AbstractAuthenticationToken
instanceKlass org/springframework/security/core/CredentialsContainer
instanceKlass org/springframework/security/authentication/AuthenticationTrustResolverImpl
instanceKlass org/springframework/security/access/expression/DenyAllPermissionEvaluator
instanceKlass org/springframework/security/access/expression/method/MethodSecurityExpressionOperations
instanceKlass org/springframework/security/access/expression/SecurityExpressionOperations
instanceKlass org/springframework/security/access/PermissionEvaluator
instanceKlass org/springframework/security/access/expression/AbstractSecurityExpressionHandler
instanceKlass org/springframework/security/config/annotation/method/configuration/GlobalMethodSecurityConfiguration$1
instanceKlass org/springframework/transaction/interceptor/TransactionAttributeSourcePointcut$TransactionAttributeSourceClassFilter
instanceKlass org/springframework/aop/TrueClassFilter
instanceKlass org/springframework/transaction/interceptor/TransactionAspectSupport$ReactiveTransactionSupport
instanceKlass org/springframework/transaction/interceptor/TransactionAspectSupport$ThrowableHolder
instanceKlass org/springframework/transaction/interceptor/TransactionAspectSupport$InvocationCallback
instanceKlass org/springframework/transaction/interceptor/TransactionAspectSupport$TransactionInfo
instanceKlass java/io/ObjectOutput
instanceKlass org/springframework/core/ReactiveAdapterRegistry$ReactorRegistrar$$Lambda$335
instanceKlass org/springframework/core/ReactiveAdapterRegistry$ReactorRegistrar$$Lambda$334
instanceKlass org/springframework/core/ReactiveAdapterRegistry$ReactorRegistrar$$Lambda$333
instanceKlass java/util/concurrent/CompletableFuture
instanceKlass org/springframework/core/ReactiveAdapterRegistry$ReactorRegistrar$$Lambda$332
instanceKlass org/springframework/core/ReactiveAdapterRegistry$ReactorRegistrar$$Lambda$331
instanceKlass org/springframework/core/ReactiveAdapterRegistry$ReactorRegistrar$$Lambda$330
instanceKlass org/springframework/core/ReactiveAdapterRegistry$ReactorRegistrar$$Lambda$329
instanceKlass org/springframework/core/ReactiveAdapterRegistry$ReactorRegistrar$$Lambda$328
instanceKlass org/springframework/core/ReactiveAdapterRegistry$ReactorRegistrar$$Lambda$327
instanceKlass org/reactivestreams/Subscription
instanceKlass reactor/core/CoreSubscriber
instanceKlass org/reactivestreams/Processor
instanceKlass org/springframework/core/ReactiveAdapter
instanceKlass org/springframework/core/ReactiveAdapterRegistry$ReactorRegistrar$$Lambda$326
instanceKlass org/springframework/core/ReactiveAdapterRegistry$ReactorRegistrar$$Lambda$325
instanceKlass org/springframework/core/ReactiveTypeDescriptor
instanceKlass org/springframework/core/ReactiveAdapterRegistry$ReactorRegistrar$$Lambda$324
instanceKlass java/util/concurrent/CompletionStage
instanceKlass reactor/core/publisher/SignalPeek
instanceKlass reactor/core/Disposable
instanceKlass org/reactivestreams/Subscriber
instanceKlass reactor/util/retry/Retry
instanceKlass reactor/core/publisher/AssemblyOp
instanceKlass reactor/core/publisher/FluxOnAssembly$AssemblySnapshot
instanceKlass reactor/core/Fuseable
instanceKlass reactor/core/Fuseable$ScalarCallable
instanceKlass reactor/core/publisher/SourceProducer
instanceKlass reactor/core/publisher/OptimizableOperator
instanceKlass reactor/core/Scannable
instanceKlass org/springframework/core/ReactiveAdapterRegistry$ReactorRegistrar
instanceKlass org/springframework/core/ReactiveAdapterRegistry
instanceKlass org/aspectj/weaver/SourceContextImpl$1
instanceKlass org/aspectj/weaver/SourceContextImpl
instanceKlass org/aspectj/weaver/AbstractReferenceTypeDelegate
instanceKlass org/springframework/transaction/annotation/SpringTransactionAnnotationParser
instanceKlass org/springframework/transaction/annotation/TransactionAnnotationParser
instanceKlass org/springframework/transaction/interceptor/AbstractFallbackTransactionAttributeSource
instanceKlass org/springframework/aop/aspectj/AspectJProxyUtils
instanceKlass org/aspectj/apache/bcel/classfile/annotation/NameValuePair
instanceKlass org/aspectj/apache/bcel/classfile/Utility
instanceKlass org/aspectj/apache/bcel/classfile/annotation/ElementValue
instanceKlass org/aspectj/apache/bcel/ExceptionConstants
instanceKlass org/aspectj/apache/bcel/ConstantsInitializer
instanceKlass org/aspectj/apache/bcel/generic/Type
instanceKlass org/aspectj/apache/bcel/Constants
instanceKlass org/aspectj/apache/bcel/classfile/Attribute
instanceKlass org/aspectj/apache/bcel/classfile/AttributeUtils
instanceKlass org/aspectj/apache/bcel/classfile/annotation/AnnotationGen
instanceKlass org/aspectj/apache/bcel/classfile/Modifiers
instanceKlass org/aspectj/apache/bcel/classfile/SimpleConstant
instanceKlass org/aspectj/apache/bcel/classfile/Constant
instanceKlass org/aspectj/apache/bcel/classfile/ConstantPool
instanceKlass org/aspectj/apache/bcel/classfile/Node
instanceKlass org/aspectj/apache/bcel/classfile/ClassParser
instanceKlass org/aspectj/weaver/reflect/PointcutParameterImpl
instanceKlass org/aspectj/weaver/JoinPointSignatureIterator$SearchPair
instanceKlass org/aspectj/weaver/tools/JoinPointMatch
instanceKlass org/aspectj/weaver/reflect/ShadowMatchImpl
instanceKlass org/aspectj/weaver/patterns/ExposedState
instanceKlass org/aspectj/weaver/Iterators$ResolvedTypeArrayIterator
instanceKlass org/aspectj/weaver/TypeVariable
instanceKlass org/aspectj/weaver/ResolvedType$SuperClassWalker
instanceKlass org/aspectj/weaver/ResolvedType$SuperInterfaceWalker
instanceKlass org/aspectj/weaver/ResolvedType$2
instanceKlass org/aspectj/weaver/JoinPointSignature
instanceKlass org/aspectj/weaver/JoinPointSignatureIterator
instanceKlass org/aspectj/weaver/reflect/Java15GenericSignatureInformationProvider
instanceKlass org/aspectj/weaver/reflect/Java14GenericSignatureInformationProvider
instanceKlass org/aspectj/weaver/tools/DefaultMatchingContext
instanceKlass org/aspectj/weaver/tools/MatchingContext
instanceKlass org/aspectj/weaver/patterns/FastMatchInfo
instanceKlass org/aspectj/weaver/internal/tools/PointcutExpressionImpl
instanceKlass org/aspectj/weaver/Iterators$6
instanceKlass org/aspectj/weaver/IntMap
instanceKlass org/aspectj/weaver/patterns/AbstractPatternNodeVisitor
instanceKlass org/aspectj/weaver/Shadow
instanceKlass org/aspectj/weaver/ast/ASTNode
instanceKlass org/aspectj/weaver/MemberImpl
instanceKlass org/aspectj/internal/lang/reflect/PointcutExpressionImpl
instanceKlass org/aspectj/lang/reflect/PointcutExpression
instanceKlass org/aspectj/internal/lang/reflect/PointcutImpl
instanceKlass org/aspectj/weaver/Iterators$1$1
instanceKlass org/aspectj/weaver/Iterators$7
instanceKlass org/aspectj/weaver/Iterators$2
instanceKlass org/aspectj/weaver/Iterators$4$1
instanceKlass org/aspectj/weaver/Iterators$4
instanceKlass org/aspectj/weaver/Iterators$8
instanceKlass org/aspectj/weaver/Iterators$5
instanceKlass org/aspectj/weaver/ResolvedType$3
instanceKlass org/aspectj/weaver/Iterators$1
instanceKlass org/aspectj/weaver/Iterators$Filter
instanceKlass org/aspectj/weaver/Iterators
instanceKlass org/aspectj/weaver/patterns/Bindings
instanceKlass org/aspectj/weaver/patterns/SimpleScope
instanceKlass org/aspectj/bridge/ISourceLocation
instanceKlass org/aspectj/weaver/tools/PointcutParser$1
instanceKlass org/aspectj/weaver/reflect/JavaLangTypeToResolvedTypeConverter
instanceKlass org/aspectj/weaver/reflect/ReflectionBasedReferenceTypeDelegate
instanceKlass org/aspectj/weaver/reflect/GenericSignatureInformationProvider
instanceKlass org/aspectj/weaver/reflect/ReflectionBasedReferenceTypeDelegateFactory
instanceKlass org/aspectj/weaver/patterns/FormalBinding
instanceKlass org/aspectj/weaver/patterns/PatternNodeVisitor
instanceKlass org/aspectj/weaver/patterns/TypePattern$MatchKind
instanceKlass org/aspectj/weaver/patterns/IVerificationRequired
instanceKlass org/aspectj/weaver/patterns/BindingPattern
instanceKlass org/aspectj/weaver/patterns/BasicToken
instanceKlass org/aspectj/weaver/patterns/BasicTokenSource
instanceKlass org/aspectj/weaver/patterns/ITokenSource
instanceKlass org/aspectj/weaver/patterns/ISignaturePattern
instanceKlass org/aspectj/weaver/patterns/IToken
instanceKlass org/aspectj/weaver/patterns/PatternNode
instanceKlass org/aspectj/weaver/IHasSourceLocation
instanceKlass org/aspectj/weaver/patterns/PatternParser
instanceKlass org/aspectj/weaver/tools/ContextBasedMatcher
instanceKlass org/springframework/aop/aspectj/AspectJExpressionPointcut$BeanPointcutDesignatorHandler
instanceKlass org/aspectj/apache/bcel/util/ClassLoaderRepository
instanceKlass org/aspectj/apache/bcel/util/Repository
instanceKlass org/aspectj/apache/bcel/util/ClassLoaderReference
instanceKlass org/aspectj/weaver/AnnotationAJ
instanceKlass org/aspectj/weaver/reflect/Java15AnnotationFinder
instanceKlass org/aspectj/weaver/reflect/ArgNameFinder
instanceKlass org/aspectj/weaver/reflect/AnnotationFinder
instanceKlass org/aspectj/weaver/reflect/ReflectionWorld$ExceptionBasedMessageHandler
instanceKlass org/aspectj/weaver/World$AspectPrecedenceCalculator
instanceKlass org/aspectj/util/FuzzyBoolean
instanceKlass org/aspectj/weaver/ResolvedType$FieldGetter
instanceKlass org/aspectj/weaver/ResolvedType$PointcutGetter
instanceKlass org/aspectj/weaver/ResolvedType$MethodGetterIncludingItds
instanceKlass org/aspectj/weaver/ResolvedType$MethodGetter
instanceKlass org/aspectj/weaver/UnresolvedType$TypeKind
instanceKlass org/aspectj/weaver/TypeFactory
instanceKlass org/aspectj/weaver/Iterators$Getter
instanceKlass org/aspectj/weaver/ResolvedMember
instanceKlass org/aspectj/weaver/Member
instanceKlass org/aspectj/weaver/TypeVariableReference
instanceKlass org/aspectj/bridge/IMessage$Kind$1
instanceKlass org/aspectj/bridge/IMessage$Kind
instanceKlass org/aspectj/weaver/Lint$Kind
instanceKlass org/aspectj/weaver/Lint
instanceKlass org/aspectj/weaver/CrosscuttingMembersSet
instanceKlass org/aspectj/weaver/World$TypeMap
instanceKlass org/aspectj/bridge/IMessageHandler$1
instanceKlass org/aspectj/bridge/MessageWriter
instanceKlass org/aspectj/weaver/tools/AbstractTrace
instanceKlass org/aspectj/weaver/tools/Trace
instanceKlass org/aspectj/util/LangUtil
instanceKlass org/aspectj/weaver/tools/TraceFactory
instanceKlass org/aspectj/weaver/ReferenceTypeDelegate
instanceKlass org/aspectj/weaver/UnresolvedType
instanceKlass org/aspectj/weaver/TypeVariableDeclaringElement
instanceKlass org/aspectj/weaver/tools/Traceable
instanceKlass org/aspectj/weaver/AnnotatedElement
instanceKlass org/aspectj/bridge/IMessage
instanceKlass org/aspectj/bridge/IMessageHandler
instanceKlass org/aspectj/weaver/WeakClassLoaderReference
instanceKlass org/springframework/aop/IntroductionAdvisor
instanceKlass org/springframework/aop/IntroductionInfo
instanceKlass org/springframework/aop/framework/autoproxy/ProxyCreationContext
instanceKlass org/springframework/transaction/annotation/TransactionManagementConfigurer
instanceKlass org/springframework/aop/aspectj/AspectJPointcutAdvisor
instanceKlass java/util/function/BiPredicate
instanceKlass org/aspectj/weaver/tools/TypePatternMatcher
instanceKlass org/aspectj/weaver/reflect/IReflectionWorld
instanceKlass org/aspectj/weaver/World
instanceKlass org/aspectj/weaver/Dump$INode
instanceKlass org/aspectj/weaver/ISourceContext
instanceKlass org/aspectj/weaver/patterns/IScope
instanceKlass org/aspectj/weaver/tools/PointcutExpression
instanceKlass org/aspectj/weaver/tools/PointcutParameter
instanceKlass org/aspectj/weaver/tools/PointcutParser
instanceKlass org/springframework/aop/aspectj/AspectJAdviceParameterNameDiscoverer
instanceKlass org/aspectj/lang/annotation/DeclareParents
instanceKlass org/springframework/aop/aspectj/annotation/ReflectiveAspectJAdvisorFactory$1
instanceKlass org/springframework/aop/aspectj/annotation/InstantiationModelAwarePointcutAdvisorImpl$1
instanceKlass org/springframework/aop/aspectj/annotation/InstantiationModelAwarePointcutAdvisorImpl
instanceKlass org/springframework/aop/aspectj/InstantiationModelAwarePointcutAdvisor
instanceKlass org/aspectj/util/TypeSafeEnum
instanceKlass org/aspectj/weaver/tools/ShadowMatch
instanceKlass org/aspectj/weaver/tools/PointcutDesignatorHandler
instanceKlass org/springframework/aop/support/AbstractExpressionPointcut
instanceKlass org/springframework/aop/support/ExpressionPointcut
instanceKlass org/springframework/aop/aspectj/annotation/AbstractAspectJAdvisorFactory$AspectJAnnotation
instanceKlass org/springframework/core/annotation/AnnotationUtils$$Lambda$323
instanceKlass org/springframework/aop/aspectj/annotation/ReflectiveAspectJAdvisorFactory$$Lambda$322
instanceKlass org/springframework/aop/aspectj/annotation/LazySingletonAspectInstanceFactoryDecorator
instanceKlass org/springframework/aop/aspectj/annotation/BeanFactoryAspectInstanceFactory
instanceKlass org/aspectj/internal/lang/reflect/PerClauseImpl
instanceKlass org/springframework/aop/aspectj/annotation/AspectMetadata$1
instanceKlass org/aspectj/lang/reflect/DeclarePrecedence
instanceKlass org/aspectj/internal/lang/annotation/ajcDeclarePrecedence
instanceKlass org/aspectj/lang/ProceedingJoinPoint
instanceKlass org/aspectj/lang/JoinPoint
instanceKlass org/aspectj/lang/annotation/DeclarePrecedence
instanceKlass org/aspectj/lang/reflect/Advice
instanceKlass org/aspectj/lang/reflect/Pointcut
instanceKlass org/aspectj/lang/reflect/PerClause
instanceKlass org/aspectj/internal/lang/reflect/AjTypeImpl
instanceKlass org/aspectj/lang/reflect/AjType
instanceKlass org/aspectj/lang/reflect/AjTypeSystem
instanceKlass org/springframework/aop/aspectj/annotation/AspectMetadata
instanceKlass org/springframework/core/annotation/AnnotationUtils$$Lambda$321
instanceKlass org/springframework/dao/support/PersistenceExceptionTranslationInterceptor
instanceKlass org/springframework/stereotype/Repository
instanceKlass org/springframework/core/annotation/AnnotationUtils$$Lambda$320
instanceKlass org/springframework/aop/TruePointcut
instanceKlass org/springframework/validation/beanvalidation/MethodValidationInterceptor
instanceKlass org/springframework/aop/Advisor$1
instanceKlass javax/validation/metadata/BeanDescriptor
instanceKlass javax/validation/metadata/ElementDescriptor
instanceKlass org/aopalliance/intercept/MethodInvocation
instanceKlass org/aopalliance/intercept/Invocation
instanceKlass org/aopalliance/intercept/Joinpoint
instanceKlass org/springframework/aop/framework/JdkDynamicAopProxy
instanceKlass org/springframework/aop/framework/AopProxy
instanceKlass org/springframework/aop/framework/DefaultAopProxyFactory
instanceKlass org/springframework/aop/framework/DefaultAdvisorChainFactory
instanceKlass org/springframework/aop/target/EmptyTargetSource
instanceKlass org/springframework/aop/framework/AopProxyFactory
instanceKlass org/springframework/aop/framework/AdvisorChainFactory
instanceKlass org/springframework/context/annotation/ContextAnnotationAutowireCandidateResolver$1
instanceKlass org/springframework/core/annotation/SynthesizedMergedAnnotationInvocationHandler$$Lambda$319
instanceKlass org/springframework/core/annotation/SynthesizedMergedAnnotationInvocationHandler
instanceKlass org/springframework/core/annotation/TypeMappedAnnotation$$Lambda$318
instanceKlass org/springframework/core/annotation/SynthesizedAnnotation
instanceKlass org/springframework/aop/support/ClassFilters$UnionClassFilter
instanceKlass org/springframework/aop/support/ClassFilters
instanceKlass org/springframework/aop/support/MethodMatchers$UnionMethodMatcher
instanceKlass org/springframework/aop/IntroductionAwareMethodMatcher
instanceKlass org/springframework/aop/support/MethodMatchers
instanceKlass org/springframework/aop/support/ComposablePointcut
instanceKlass org/springframework/aop/support/annotation/AnnotationMatchingPointcut$AnnotationCandidateClassFilter
instanceKlass org/springframework/aop/TrueMethodMatcher
instanceKlass org/springframework/aop/support/annotation/AnnotationClassFilter
instanceKlass org/springframework/aop/ClassFilter
instanceKlass org/springframework/aop/support/annotation/AnnotationMatchingPointcut
instanceKlass org/springframework/aop/interceptor/AsyncExecutionAspectSupport$$Lambda$317
instanceKlass org/springframework/aop/interceptor/AsyncExecutionAspectSupport$$Lambda$316
instanceKlass org/springframework/aop/interceptor/AsyncExecutionAspectSupport$$Lambda$315
instanceKlass org/springframework/aop/interceptor/SimpleAsyncUncaughtExceptionHandler
instanceKlass org/springframework/aop/interceptor/AsyncExecutionAspectSupport$$Lambda$314
instanceKlass org/springframework/util/function/SingletonSupplier
instanceKlass org/springframework/aop/interceptor/AsyncExecutionAspectSupport
instanceKlass org/springframework/aop/interceptor/AsyncUncaughtExceptionHandler
instanceKlass org/springframework/cglib/reflect/FastClassEmitter$4
instanceKlass org/springframework/cglib/core/Block
instanceKlass org/springframework/cglib/core/EmitUtils$14
instanceKlass org/springframework/cglib/core/EmitUtils$13
instanceKlass org/springframework/cglib/core/EmitUtils$12
instanceKlass org/springframework/cglib/core/EmitUtils$11
instanceKlass org/springframework/cglib/core/EmitUtils$10
instanceKlass org/springframework/cglib/reflect/FastClassEmitter$GetIndexCallback
instanceKlass org/springframework/cglib/reflect/FastClassEmitter$3
instanceKlass org/springframework/cglib/reflect/FastClassEmitter$1
instanceKlass org/springframework/cglib/reflect/FastClass
instanceKlass org/springframework/cglib/proxy/MethodProxy$FastClassInfo
instanceKlass org/springframework/core/SimpleAliasRegistry$$Lambda$313
instanceKlass java/util/concurrent/ConcurrentHashMap$MapEntry
instanceKlass com/zbkj/service/dao/wechat/live/WechatLiveRoomDao
instanceKlass com/zbkj/service/dao/wechat/live/WechatLiveGoodsDao
instanceKlass com/zbkj/service/dao/wechat/live/WechatLiveAssistantDao
instanceKlass com/zbkj/service/dao/page/PageLinkDao
instanceKlass com/zbkj/service/dao/page/PageDiyDao
instanceKlass com/zbkj/service/dao/page/PageCategoryDao
instanceKlass com/zbkj/service/dao/groupby/GroupBuyUserDao
instanceKlass com/zbkj/service/dao/groupby/GroupBuyRecordDao
instanceKlass com/zbkj/service/dao/groupby/GroupBuyActivitySkuDao
instanceKlass com/zbkj/service/dao/groupby/GroupBuyActivityDao
instanceKlass com/zbkj/service/dao/community/CommunityTopicDao
instanceKlass com/zbkj/service/dao/community/CommunityReplyLikeDao
instanceKlass com/zbkj/service/dao/community/CommunityReplyDao
instanceKlass com/zbkj/service/dao/community/CommunityNotesRelationDao
instanceKlass com/zbkj/service/dao/community/CommunityNotesProductDao
instanceKlass com/zbkj/service/dao/community/CommunityNotesDao
instanceKlass com/zbkj/service/dao/community/CommunityCategoryDao
instanceKlass com/zbkj/service/dao/community/CommunityAuthorConcernedDao
instanceKlass com/zbkj/service/dao/WechatUrlLinkRecordDao
instanceKlass com/zbkj/service/dao/WechatReplyDao
instanceKlass com/zbkj/service/dao/WechatPayInfoDao
instanceKlass com/zbkj/service/dao/WechatExceptionsDao
instanceKlass com/zbkj/service/dao/WechatCallbackDao
instanceKlass com/zbkj/service/dao/UserVisitRecordDao
instanceKlass com/zbkj/service/dao/UserTokenDao
instanceKlass com/zbkj/service/dao/UserTagDao
instanceKlass com/zbkj/service/dao/UserSignRecordDao
instanceKlass com/zbkj/service/dao/UserSignDao
instanceKlass com/zbkj/service/dao/UserMerchantCollectDao
instanceKlass com/zbkj/service/dao/UserLevelDao
instanceKlass com/zbkj/service/dao/UserIntegralRecordDao
instanceKlass com/zbkj/service/dao/UserExperienceRecordDao
instanceKlass com/zbkj/service/dao/UserDao
instanceKlass com/zbkj/service/dao/UserClosingDao
instanceKlass com/zbkj/service/dao/UserBrokerageRecordDao
instanceKlass com/zbkj/service/dao/UserBillDao
instanceKlass com/zbkj/service/dao/UserBalanceRecordDao
instanceKlass com/zbkj/service/dao/UserAddressDao
instanceKlass com/zbkj/service/dao/TradingDayRecordDao
instanceKlass com/zbkj/service/dao/TemplateMessageDao
instanceKlass com/zbkj/service/dao/SystemUserLevelDao
instanceKlass com/zbkj/service/dao/SystemRoleMenuDao
instanceKlass com/zbkj/service/dao/SystemRoleDao
instanceKlass com/zbkj/service/dao/SystemNotificationDao
instanceKlass com/zbkj/service/dao/SystemMenuDao
instanceKlass com/zbkj/service/dao/SystemLanguageDao
instanceKlass com/zbkj/service/dao/SystemGroupDataDao
instanceKlass com/zbkj/service/dao/SystemGroupDao
instanceKlass com/zbkj/service/dao/SystemFormTempDao
instanceKlass com/zbkj/service/dao/SystemFormDataRecordDao
instanceKlass com/zbkj/service/dao/SystemFormDao
instanceKlass com/zbkj/service/dao/SystemConfigDao
instanceKlass com/zbkj/service/dao/SystemAttachmentDao
instanceKlass com/zbkj/service/dao/SystemAdminDao
instanceKlass com/zbkj/service/dao/SummaryFinancialStatementsDao
instanceKlass com/zbkj/service/dao/SmsTemplateDao
instanceKlass com/zbkj/service/dao/SignConfigDao
instanceKlass com/zbkj/service/dao/ShoppingProductDayRecordDao
instanceKlass com/zbkj/service/dao/ShippingTemplatesRegionDao
instanceKlass com/zbkj/service/dao/ShippingTemplatesFreeDao
instanceKlass com/zbkj/service/dao/ShippingTemplatesDao
instanceKlass com/zbkj/service/dao/SensitiveMethodLogDao
instanceKlass com/zbkj/service/dao/SeckillTimeIntervalDao
instanceKlass com/zbkj/service/dao/SeckillProductDao
instanceKlass com/zbkj/service/dao/SeckillActivityTimeDao
instanceKlass com/zbkj/service/dao/SeckillActivityDao
instanceKlass com/zbkj/service/dao/RefundOrderStatusDao
instanceKlass com/zbkj/service/dao/RefundOrderInfoDao
instanceKlass com/zbkj/service/dao/RefundOrderDao
instanceKlass com/zbkj/service/dao/RechargeOrderDao
instanceKlass com/zbkj/service/dao/ProductTagDao
instanceKlass com/zbkj/service/dao/ProductRuleDao
instanceKlass com/zbkj/service/dao/ProductReplyDao
instanceKlass com/zbkj/service/dao/ProductRelationDao
instanceKlass com/zbkj/service/dao/ProductGuaranteeGroupDao
instanceKlass com/zbkj/service/dao/ProductGuaranteeDao
instanceKlass com/zbkj/service/dao/ProductDescriptionDao
instanceKlass com/zbkj/service/dao/ProductDayRecordDao
instanceKlass com/zbkj/service/dao/ProductDao
instanceKlass com/zbkj/service/dao/ProductCouponDao
instanceKlass com/zbkj/service/dao/ProductCategoryDao
instanceKlass com/zbkj/service/dao/ProductBrandDao
instanceKlass com/zbkj/service/dao/ProductBrandCategoryDao
instanceKlass com/zbkj/service/dao/ProductAttributeOptionDao
instanceKlass com/zbkj/service/dao/ProductAttributeDao
instanceKlass com/zbkj/service/dao/ProductAttrValueDao
instanceKlass com/zbkj/service/dao/ProductAttrDao
instanceKlass com/zbkj/service/dao/PlatformMonthStatementDao
instanceKlass com/zbkj/service/dao/PlatformDailyStatementDao
instanceKlass com/zbkj/service/dao/PayComponentShopBrandDao
instanceKlass com/zbkj/service/dao/PayComponentProductSkuDao
instanceKlass com/zbkj/service/dao/PayComponentProductSkuAttrDao
instanceKlass com/zbkj/service/dao/PayComponentProductInfoDao
instanceKlass com/zbkj/service/dao/PayComponentProductDao
instanceKlass com/zbkj/service/dao/PayComponentProductAuditInfoDao
instanceKlass com/zbkj/service/dao/PayComponentOrderProductDao
instanceKlass com/zbkj/service/dao/PayComponentOrderDao
instanceKlass com/zbkj/service/dao/PayComponentDraftProductDao
instanceKlass com/zbkj/service/dao/PayComponentDeliveryCompanyDao
instanceKlass com/zbkj/service/dao/PayComponentCatDao
instanceKlass com/zbkj/service/dao/PayComponentBrandDao
instanceKlass com/zbkj/service/dao/PaidMemberOrderDao
instanceKlass com/zbkj/service/dao/PaidMemberCardDao
instanceKlass com/zbkj/service/dao/OrderStatusDao
instanceKlass com/zbkj/service/dao/OrderProfitSharingDao
instanceKlass com/zbkj/service/dao/OrderInvoiceDetailDao
instanceKlass com/zbkj/service/dao/OrderInvoiceDao
instanceKlass com/zbkj/service/dao/OrderDetailDao
instanceKlass com/zbkj/service/dao/OrderDao
instanceKlass com/zbkj/service/dao/MerchantTypeDao
instanceKlass com/zbkj/service/dao/MerchantProductGuaranteeGroupDao
instanceKlass com/zbkj/service/dao/MerchantProductCategoryDao
instanceKlass com/zbkj/service/dao/MerchantPrintDao
instanceKlass com/zbkj/service/dao/MerchantOrderDao
instanceKlass com/zbkj/service/dao/MerchantMonthStatementDao
instanceKlass com/zbkj/service/dao/MerchantInfoDao
instanceKlass com/zbkj/service/dao/MerchantExpressDao
instanceKlass com/zbkj/service/dao/MerchantEmployeeDao
instanceKlass com/zbkj/service/dao/MerchantElectDao
instanceKlass com/zbkj/service/dao/MerchantDeliveryPersonnelDao
instanceKlass com/zbkj/service/dao/MerchantDayRecordDao
instanceKlass com/zbkj/service/dao/MerchantDao
instanceKlass com/zbkj/service/dao/MerchantDailyStatementDao
instanceKlass com/zbkj/service/dao/MerchantClosingRecordDao
instanceKlass com/zbkj/service/dao/MerchantCategoryDao
instanceKlass com/zbkj/service/dao/MerchantBrokerageRecordDao
instanceKlass com/zbkj/service/dao/MerchantBillDao
instanceKlass com/zbkj/service/dao/MerchantApplyDao
instanceKlass com/zbkj/service/dao/MerchantAddressDao
instanceKlass com/zbkj/service/dao/MarketingActivityDao
instanceKlass com/zbkj/service/dao/GroupConfigDao
instanceKlass com/zbkj/service/dao/ExpressDao
instanceKlass com/zbkj/service/dao/ExceptionLogDao
instanceKlass com/zbkj/service/dao/CouponUserDao
instanceKlass com/zbkj/service/dao/CouponProductDao
instanceKlass com/zbkj/service/dao/CouponDao
instanceKlass com/zbkj/service/dao/CityRegionDao
instanceKlass com/zbkj/service/dao/CdkeyLibraryDao
instanceKlass com/zbkj/service/dao/CategoryDao
instanceKlass com/zbkj/service/dao/CartDao
instanceKlass com/zbkj/service/dao/CardSecretDao
instanceKlass com/zbkj/service/dao/BrowseRecordDao
instanceKlass com/zbkj/service/dao/BillDao
instanceKlass com/zbkj/service/dao/ArticleDao
instanceKlass com/zbkj/service/dao/ArticleCategoryDao
instanceKlass com/zbkj/service/dao/AliPayInfoDao
instanceKlass com/zbkj/service/dao/AliPayCallbackDao
instanceKlass com/zbkj/service/dao/ActivityStyleDao
instanceKlass com/zbkj/service/dao/ActivityProductDao
instanceKlass com/zbkj/admin/dao/ScheduleJobLogDao
instanceKlass com/zbkj/admin/dao/ScheduleJobDao
instanceKlass com/baomidou/mybatisplus/core/mapper/BaseMapper
instanceKlass com/baomidou/mybatisplus/core/mapper/Mapper
instanceKlass java/lang/Class$EnclosingMethodInfo
instanceKlass org/springframework/core/LocalVariableTableParameterNameDiscoverer$$Lambda$312
instanceKlass org/springframework/core/annotation/AnnotatedElementUtils$AnnotatedElementForAnnotations
instanceKlass org/springframework/core/annotation/AnnotationUtils$$Lambda$311
instanceKlass org/springframework/scheduling/annotation/AsyncConfigurer
instanceKlass org/springframework/beans/factory/annotation/InjectionMetadata$InjectedElement
instanceKlass org/springframework/beans/factory/annotation/AutowiredAnnotationBeanPostProcessor$$Lambda$310
instanceKlass org/springframework/boot/context/properties/ConfigurationPropertiesBean
instanceKlass org/springframework/aop/aspectj/annotation/AbstractAspectJAdvisorFactory$AspectJAnnotationParameterNameDiscoverer
instanceKlass java/util/Comparator$$Lambda$309
instanceKlass java/lang/invoke/LambdaForm$DMH
instanceKlass org/springframework/util/comparator/ComparableComparator
instanceKlass org/springframework/util/comparator/Comparators
instanceKlass org/springframework/aop/aspectj/annotation/ReflectiveAspectJAdvisorFactory$$Lambda$308
instanceKlass org/springframework/aop/aspectj/annotation/ReflectiveAspectJAdvisorFactory$$Lambda$307
instanceKlass org/springframework/util/comparator/InstanceComparator
instanceKlass org/springframework/core/convert/converter/ConvertingComparator
instanceKlass org/aspectj/lang/annotation/After
instanceKlass org/aspectj/lang/annotation/Before
instanceKlass org/springframework/aop/aspectj/annotation/MetadataAwareAspectInstanceFactory
instanceKlass org/springframework/aop/AfterReturningAdvice
instanceKlass org/springframework/aop/AfterAdvice
instanceKlass org/springframework/aop/MethodBeforeAdvice
instanceKlass org/springframework/aop/BeforeAdvice
instanceKlass org/springframework/aop/aspectj/AbstractAspectJAdvice
instanceKlass org/springframework/aop/aspectj/AspectJPrecedenceInformation
instanceKlass org/springframework/aop/aspectj/AspectInstanceFactory
instanceKlass org/springframework/aop/aspectj/annotation/AbstractAspectJAdvisorFactory
instanceKlass org/springframework/core/convert/support/NumberToNumberConverterFactory$NumberToNumber
instanceKlass sun/reflect/generics/reflectiveObjects/GenericArrayTypeImpl
instanceKlass org/springframework/beans/factory/annotation/AutowiredAnnotationBeanPostProcessor$$Lambda$306
instanceKlass org/springframework/beans/factory/annotation/AutowiredAnnotationBeanPostProcessor$$Lambda$305
instanceKlass org/springframework/context/annotation/CommonAnnotationBeanPostProcessor$$Lambda$304
instanceKlass org/springframework/context/annotation/CommonAnnotationBeanPostProcessor$$Lambda$303
instanceKlass org/springframework/beans/factory/annotation/InjectionMetadata
instanceKlass org/springframework/beans/factory/annotation/InitDestroyAnnotationBeanPostProcessor$$Lambda$302
instanceKlass org/springframework/aop/framework/adapter/ThrowsAdviceAdapter
instanceKlass org/springframework/aop/framework/adapter/AfterReturningAdviceAdapter
instanceKlass org/springframework/aop/framework/adapter/MethodBeforeAdviceAdapter
instanceKlass org/springframework/aop/framework/adapter/AdvisorAdapter
instanceKlass org/springframework/aop/framework/adapter/DefaultAdvisorAdapterRegistry
instanceKlass org/springframework/aop/framework/adapter/GlobalAdvisorAdapterRegistry
instanceKlass org/springframework/aop/aspectj/autoproxy/AspectJPrecedenceComparator
instanceKlass org/springframework/aop/framework/adapter/AdvisorAdapterRegistry
instanceKlass org/springframework/aop/framework/autoproxy/TargetSourceCreator
instanceKlass org/springframework/aop/aspectj/annotation/BeanFactoryAspectJAdvisorsBuilder
instanceKlass org/springframework/aop/aspectj/annotation/AspectJAdvisorFactory
instanceKlass org/springframework/beans/factory/annotation/AutowiredAnnotationBeanPostProcessor$$Lambda$301
instanceKlass org/springframework/beans/factory/annotation/Lookup
instanceKlass org/springframework/boot/context/properties/ConfigurationPropertiesJsr303Validator
instanceKlass org/springframework/boot/context/properties/PropertySourcesDeducer
instanceKlass org/springframework/util/ReflectionUtils$$Lambda$300
instanceKlass javax/annotation/PreDestroy
instanceKlass org/springframework/jndi/JndiTemplate
instanceKlass javax/xml/ws/WebServiceRef
instanceKlass org/springframework/context/support/PostProcessorRegistrationDelegate$BeanPostProcessorChecker
instanceKlass java/util/concurrent/ConcurrentHashMap$Traverser
instanceKlass org/springframework/beans/factory/support/AbstractBeanFactory$$Lambda$299
instanceKlass org/springframework/security/converter/RsaKeyConverters$$Lambda$298
instanceKlass org/springframework/security/config/crypto/RsaKeyConversionServicePostProcessor$$Lambda$297
instanceKlass org/springframework/security/config/crypto/RsaKeyConversionServicePostProcessor$$Lambda$296
instanceKlass org/springframework/security/converter/RsaKeyConverters$$Lambda$295
instanceKlass org/springframework/security/converter/RsaKeyConverters
instanceKlass org/springframework/security/config/crypto/RsaKeyConversionServicePostProcessor$$Lambda$294
instanceKlass java/util/concurrent/CopyOnWriteArrayList$1
instanceKlass org/springframework/security/config/crypto/RsaKeyConversionServicePostProcessor
instanceKlass org/springframework/context/expression/CachedExpressionEvaluator
instanceKlass org/springframework/boot/actuate/autoconfigure/web/server/ManagementContextAutoConfiguration$DifferentManagementContextConfiguration
instanceKlass org/springframework/boot/actuate/autoconfigure/web/server/ManagementContextAutoConfiguration$CloseManagementContextListener
instanceKlass org/springframework/boot/actuate/autoconfigure/security/servlet/SecurityRequestMatchersManagementContextConfiguration$JerseyRequestMatcherConfiguration
instanceKlass org/springframework/boot/actuate/endpoint/web/EndpointLinksResolver
instanceKlass org/springframework/boot/actuate/endpoint/web/EndpointMapping
instanceKlass org/springframework/boot/actuate/endpoint/web/servlet/AbstractWebMvcEndpointHandlerMapping$LinksHandler
instanceKlass org/springframework/boot/actuate/endpoint/web/servlet/AbstractWebMvcEndpointHandlerMapping$ServletWebOperation
instanceKlass org/springframework/boot/actuate/autoconfigure/endpoint/web/ServletEndpointManagementContextConfiguration$JerseyServletEndpointManagementContextConfiguration
instanceKlass org/springframework/web/multipart/MultipartHttpServletRequest
instanceKlass org/springframework/web/multipart/MultipartRequest
instanceKlass javax/servlet/annotation/MultipartConfig
instanceKlass org/apache/catalina/Valve
instanceKlass org/springframework/boot/autoconfigure/web/embedded/EmbeddedWebServerFactoryCustomizerAutoConfiguration$JettyWebServerFactoryCustomizerConfiguration
instanceKlass org/springframework/boot/autoconfigure/web/embedded/EmbeddedWebServerFactoryCustomizerAutoConfiguration$UndertowWebServerFactoryCustomizerConfiguration
instanceKlass org/springframework/boot/autoconfigure/web/embedded/EmbeddedWebServerFactoryCustomizerAutoConfiguration$NettyWebServerFactoryCustomizerConfiguration
instanceKlass org/springframework/boot/autoconfigure/transaction/TransactionAutoConfiguration$EnableTransactionManagementConfiguration
instanceKlass org/springframework/transaction/TransactionStatus
instanceKlass org/springframework/transaction/SavepointManager
instanceKlass org/springframework/transaction/TransactionExecution
instanceKlass org/springframework/jdbc/datasource/init/DatabasePopulator
instanceKlass org/springframework/jdbc/core/namedparam/SqlParameterSource
instanceKlass org/springframework/jdbc/core/BatchPreparedStatementSetter
instanceKlass org/springframework/jdbc/core/PreparedStatementCallback
instanceKlass org/springframework/jdbc/core/ResultSetExtractor
instanceKlass org/springframework/jdbc/core/CallableStatementCreator
instanceKlass java/sql/Statement
instanceKlass org/springframework/jdbc/core/PreparedStatementCreator
instanceKlass org/springframework/jdbc/core/StatementCallback
instanceKlass org/springframework/jdbc/core/RowMapper
instanceKlass org/springframework/jdbc/core/SqlParameter
instanceKlass org/springframework/jdbc/core/PreparedStatementSetter
instanceKlass org/springframework/jdbc/support/SQLExceptionTranslator
instanceKlass org/springframework/boot/autoconfigure/aop/AopAutoConfiguration$ClassProxyingConfiguration
instanceKlass org/springframework/boot/actuate/autoconfigure/web/mappings/MappingsEndpointAutoConfiguration$ReactiveWebConfiguration
instanceKlass org/springframework/boot/web/client/BasicAuthentication
instanceKlass org/springframework/boot/web/client/RestTemplateBuilder$RequestFactoryCustomizer
instanceKlass org/springframework/boot/autoconfigure/http/JacksonHttpMessageConvertersConfiguration$MappingJackson2XmlHttpMessageConverterConfiguration
instanceKlass org/springframework/boot/autoconfigure/jackson/JacksonAutoConfiguration$JodaDateTimeJacksonConfiguration
instanceKlass com/google/gson/internal/Excluder
instanceKlass com/google/gson/stream/JsonReader
instanceKlass com/google/gson/stream/JsonWriter
instanceKlass com/google/gson/TypeAdapterFactory
instanceKlass com/google/gson/TypeAdapter
instanceKlass com/zaxxer/hikari/metrics/MetricsTrackerFactory
instanceKlass java/lang/management/OperatingSystemMXBean
instanceKlass io/micrometer/core/lang/NonNullFields
instanceKlass io/micrometer/core/lang/NonNullApi
instanceKlass io/micrometer/core/instrument/LongTaskTimer
instanceKlass io/micrometer/core/instrument/FunctionTimer
instanceKlass io/micrometer/core/instrument/Counter
instanceKlass io/micrometer/core/instrument/Timer
instanceKlass io/micrometer/core/instrument/FunctionCounter
instanceKlass io/micrometer/core/instrument/DistributionSummary
instanceKlass io/micrometer/core/instrument/distribution/HistogramSupport
instanceKlass io/micrometer/core/instrument/TimeGauge
instanceKlass io/micrometer/core/instrument/Gauge
instanceKlass io/micrometer/core/instrument/Meter
instanceKlass io/micrometer/core/instrument/distribution/pause/PauseDetector
instanceKlass io/micrometer/shaded/org/pcollections/PMap
instanceKlass org/springframework/boot/actuate/endpoint/web/WebOperation
instanceKlass org/springframework/boot/actuate/endpoint/Operation
instanceKlass org/springframework/boot/actuate/endpoint/annotation/DiscoveredOperationsFactory
instanceKlass org/springframework/boot/actuate/endpoint/invoke/OperationInvoker
instanceKlass org/springframework/boot/actuate/endpoint/annotation/EndpointExtension
instanceKlass org/springframework/boot/actuate/endpoint/web/annotation/EndpointWebExtension
instanceKlass org/springframework/boot/actuate/health/HealthWebEndpointResponseMapper
instanceKlass org/springframework/boot/actuate/health/HealthComponent
instanceKlass org/springframework/data/redis/core/script/ScriptExecutor
instanceKlass org/springframework/data/redis/core/ClusterOperations
instanceKlass org/springframework/data/redis/core/HyperLogLogOperations
instanceKlass org/springframework/data/redis/core/GeoOperations
instanceKlass org/springframework/data/redis/core/ZSetOperations
instanceKlass org/springframework/data/redis/hash/HashMapper
instanceKlass org/springframework/data/redis/core/SetOperations
instanceKlass org/springframework/data/redis/core/ListOperations
instanceKlass org/springframework/data/redis/core/ValueOperations
instanceKlass org/springframework/data/redis/core/BoundValueOperations
instanceKlass org/springframework/data/redis/core/BoundSetOperations
instanceKlass org/springframework/data/redis/core/StreamOperations
instanceKlass org/springframework/data/redis/core/HashMapperProvider
instanceKlass org/springframework/data/redis/core/BoundHashOperations
instanceKlass org/springframework/data/redis/core/BoundListOperations
instanceKlass org/springframework/data/redis/core/BoundStreamOperations
instanceKlass org/springframework/data/redis/core/HashOperations
instanceKlass org/springframework/data/redis/core/BoundZSetOperations
instanceKlass org/springframework/data/redis/core/BoundGeoOperations
instanceKlass org/springframework/data/redis/core/BoundKeyOperations
instanceKlass io/lettuce/core/resource/DefaultClientResources$Builder
instanceKlass io/netty/util/concurrent/Promise
instanceKlass io/netty/util/concurrent/Future
instanceKlass io/netty/util/concurrent/EventExecutor
instanceKlass io/netty/util/concurrent/EventExecutorGroup
instanceKlass java/util/concurrent/ScheduledExecutorService
instanceKlass io/lettuce/core/resource/NettyCustomizer
instanceKlass io/lettuce/core/resource/DnsResolver
instanceKlass io/lettuce/core/event/metrics/MetricEventPublisher
instanceKlass io/lettuce/core/event/EventBus
instanceKlass io/netty/util/Timer
instanceKlass io/lettuce/core/resource/EventLoopGroupProvider
instanceKlass io/lettuce/core/resource/ClientResources$Builder
instanceKlass org/springframework/boot/autoconfigure/jdbc/metadata/DataSourcePoolMetadataProvidersConfiguration$CommonsDbcp2PoolDataSourceMetadataProviderConfiguration
instanceKlass org/springframework/http/HttpInputMessage
instanceKlass org/springframework/web/servlet/SmartView
instanceKlass org/springframework/web/servlet/function/ServerResponse$Context
instanceKlass org/springframework/web/servlet/resource/ResourceResolverChain
instanceKlass org/springframework/web/servlet/function/RouterFunction
instanceKlass org/springframework/web/servlet/handler/HandlerMethodMappingNamingStrategy
instanceKlass org/springframework/web/bind/support/SessionAttributeStore
instanceKlass org/springframework/web/context/request/NativeWebRequest
instanceKlass org/springframework/web/method/HandlerMethod
instanceKlass org/springframework/web/bind/support/DefaultDataBinderFactory
instanceKlass org/springframework/web/bind/support/WebDataBinderFactory
instanceKlass org/springframework/boot/autoconfigure/web/servlet/WebMvcAutoConfiguration$ResourceChainCustomizerConfiguration
instanceKlass org/springframework/boot/autoconfigure/web/servlet/WebMvcAutoConfiguration$ResourceChainResourceHandlerRegistrationCustomizer
instanceKlass org/springframework/boot/autoconfigure/web/servlet/WebMvcAutoConfiguration$ResourceHandlerRegistrationCustomizer
instanceKlass org/springframework/boot/autoconfigure/web/servlet/WebMvcAutoConfiguration$OptionalPathExtensionContentNegotiationStrategy
instanceKlass org/springframework/boot/autoconfigure/web/servlet/error/ErrorMvcAutoConfiguration$StaticView
instanceKlass org/springframework/context/support/DefaultMessageSourceResolvable
instanceKlass org/springframework/context/MessageSourceResolvable
instanceKlass org/springframework/core/task/TaskDecorator
instanceKlass javax/servlet/http/HttpServletRequest
instanceKlass org/springframework/web/context/request/async/CallableProcessingInterceptor
instanceKlass org/springframework/context/i18n/LocaleContext
instanceKlass javax/servlet/http/HttpServletResponse
instanceKlass org/apache/catalina/Context
instanceKlass org/apache/tomcat/ContextBind
instanceKlass org/apache/catalina/Loader
instanceKlass org/apache/catalina/WebResourceRoot
instanceKlass org/springframework/boot/web/server/WebServer
instanceKlass org/springframework/boot/web/embedded/tomcat/TomcatConnectorCustomizer
instanceKlass org/apache/tomcat/JarScanFilter
instanceKlass org/apache/catalina/Container
instanceKlass org/apache/catalina/Lifecycle
instanceKlass org/apache/catalina/LifecycleListener
instanceKlass org/springframework/boot/autoconfigure/web/servlet/ServletWebServerFactoryConfiguration
instanceKlass org/springframework/boot/autoconfigure/websocket/servlet/WebSocketServletAutoConfiguration$JettyWebSocketConfiguration
instanceKlass org/springframework/boot/autoconfigure/websocket/servlet/WebSocketServletAutoConfiguration$UndertowWebSocketConfiguration
instanceKlass org/springframework/transaction/interceptor/TransactionAttribute
instanceKlass org/springframework/aop/support/StaticMethodMatcher
instanceKlass org/springframework/aop/MethodMatcher
instanceKlass me/chanjar/weixin/common/api/WxMessageDuplicateChecker
instanceKlass me/chanjar/weixin/common/api/WxErrorExceptionHandler
instanceKlass org/springframework/aop/framework/autoproxy/BeanFactoryAdvisorRetrievalHelper
instanceKlass org/springframework/web/context/request/WebRequestInterceptor
instanceKlass java/util/concurrent/AbstractExecutorService
instanceKlass org/springframework/util/concurrent/ListenableFuture
instanceKlass org/springframework/plugin/metadata/SimplePluginMetadata
instanceKlass org/springframework/plugin/metadata/PluginMetadata
instanceKlass springfox/documentation/spi/schema/GenericTypeNamingStrategy
instanceKlass org/springframework/web/util/UriTemplateHandler
instanceKlass org/springframework/web/client/ResponseErrorHandler
instanceKlass org/springframework/web/client/RequestCallback
instanceKlass org/springframework/web/client/ResponseExtractor
instanceKlass javax/servlet/Registration$Dynamic
instanceKlass org/springframework/web/cors/CorsProcessor
instanceKlass springfox/documentation/service/VendorExtension
instanceKlass springfox/documentation/spi/service/ParameterMetadataAccessor
instanceKlass springfox/documentation/service/AllowableValues
instanceKlass springfox/documentation/schema/ModelReference
instanceKlass springfox/documentation/service/PathAdjuster
instanceKlass com/google/common/cache/CacheLoader
instanceKlass com/google/common/collect/ListMultimap
instanceKlass com/google/common/collect/Multimap
instanceKlass io/swagger/models/parameters/Parameter
instanceKlass io/swagger/models/properties/Property
instanceKlass io/swagger/models/Model
instanceKlass com/google/common/collect/Maps$EntryTransformer
instanceKlass com/google/common/base/Function
instanceKlass org/apache/http/client/HttpClient
instanceKlass org/apache/http/conn/HttpClientConnectionManager
instanceKlass org/apache/http/config/Lookup
instanceKlass javax/net/ssl/HostnameVerifier
instanceKlass org/springframework/data/redis/serializer/RedisSerializer
instanceKlass java/awt/Transparency
instanceKlass java/awt/image/WritableRenderedImage
instanceKlass java/awt/image/RenderedImage
instanceKlass java/awt/Image
instanceKlass org/apache/http/client/methods/HttpUriRequest
instanceKlass org/apache/http/HttpRequest
instanceKlass org/apache/http/HttpMessage
instanceKlass org/apache/http/HttpEntity
instanceKlass org/springframework/security/core/userdetails/UserDetails
instanceKlass com/qcloud/cos/auth/COSCredentials
instanceKlass org/bouncycastle/jcajce/provider/config/ConfigurableProvider
instanceKlass sun/security/util/ManifestEntryVerifier$SunProviderHolder
instanceKlass java/security/Timestamp
instanceKlass sun/security/timestamp/TimestampToken
instanceKlass sun/security/rsa/RSAPadding
instanceKlass sun/security/rsa/RSACore
instanceKlass sun/security/rsa/RSAUtil$1
instanceKlass java/security/interfaces/RSAPrivateCrtKey
instanceKlass sun/security/pkcs/PKCS8Key
instanceKlass java/security/interfaces/RSAPrivateKey
instanceKlass sun/security/pkcs/ESSCertId
instanceKlass sun/security/pkcs/SigningCertificateInfo
instanceKlass sun/security/x509/AccessDescription
instanceKlass sun/security/x509/DNSName
instanceKlass sun/security/x509/URIName
instanceKlass sun/security/x509/DistributionPoint
instanceKlass java/security/cert/PolicyQualifierInfo
instanceKlass sun/security/x509/CertificatePolicyId
instanceKlass sun/security/x509/PolicyInformation
instanceKlass sun/security/pkcs/PKCS9Attributes
instanceKlass sun/security/rsa/RSAUtil
instanceKlass java/security/interfaces/RSAPublicKey
instanceKlass java/security/spec/RSAPrivateKeySpec
instanceKlass java/security/spec/RSAPublicKeySpec
instanceKlass sun/security/rsa/SunRsaSignEntries
instanceKlass sun/nio/cs/Surrogate
instanceKlass sun/nio/cs/Surrogate$Parser
instanceKlass java/util/Base64$Encoder
instanceKlass java/util/Base64$Decoder
instanceKlass java/util/Base64
instanceKlass java/security/interfaces/RSAKey
instanceKlass javax/crypto/SecretKey
instanceKlass sun/security/util/Length
instanceKlass sun/security/util/KeyUtil
instanceKlass java/security/interfaces/ECKey
instanceKlass sun/security/util/JarConstraintsParameters
instanceKlass sun/security/util/ConstraintsParameters
instanceKlass java/security/cert/CertPath
instanceKlass java/math/MutableBigInteger
instanceKlass sun/security/provider/ByteArrayAccess
instanceKlass java/security/spec/DSAParameterSpec
instanceKlass java/security/interfaces/DSAParams
instanceKlass java/security/interfaces/DSAPrivateKey
instanceKlass java/security/PrivateKey
instanceKlass javax/security/auth/Destroyable
instanceKlass sun/security/util/SignatureUtil
instanceKlass sun/security/util/MessageDigestSpi2
instanceKlass java/security/MessageDigestSpi
instanceKlass sun/security/jca/ServiceId
instanceKlass java/security/Signature$1
instanceKlass sun/misc/JavaSecuritySignatureAccess
instanceKlass java/security/SignatureSpi
instanceKlass sun/text/normalizer/NormalizerBase$1
instanceKlass sun/text/normalizer/NormalizerBase$QuickCheckResult
instanceKlass sun/text/normalizer/NormalizerBase$Mode
instanceKlass sun/text/normalizer/NormalizerBase
instanceKlass java/text/Normalizer
instanceKlass sun/security/util/KnownOIDs$10
instanceKlass sun/security/pkcs/PKCS9Attribute
instanceKlass sun/security/x509/AVAKeyword
instanceKlass sun/security/pkcs/SignerInfo$AlgorithmInfo
instanceKlass java/time/zone/ZoneOffsetTransition
instanceKlass java/time/zone/ZoneOffsetTransitionRule
instanceKlass java/time/zone/ZoneRules
instanceKlass sun/security/util/DisabledAlgorithmConstraints$Constraints$Holder
instanceKlass sun/security/util/DisabledAlgorithmConstraints$1
instanceKlass java/security/spec/ECFieldF2m
instanceKlass java/security/spec/ECParameterSpec
instanceKlass java/security/spec/AlgorithmParameterSpec
instanceKlass java/security/spec/ECPoint
instanceKlass java/security/spec/EllipticCurve
instanceKlass java/security/spec/ECFieldFp
instanceKlass java/security/spec/ECField
instanceKlass sun/security/util/CurveDB$Holder
instanceKlass sun/security/util/CurveDB
instanceKlass sun/security/util/DisabledAlgorithmConstraints$Constraint
instanceKlass sun/security/util/DisabledAlgorithmConstraints$Constraints
instanceKlass sun/security/util/AbstractAlgorithmConstraints$1
instanceKlass sun/security/util/AlgorithmDecomposer
instanceKlass sun/security/util/DisabledAlgorithmConstraints$JarHolder
instanceKlass sun/security/util/AbstractAlgorithmConstraints
instanceKlass java/security/AlgorithmConstraints
instanceKlass sun/security/pkcs/SignerInfo
instanceKlass sun/security/x509/RFC822Name
instanceKlass sun/security/x509/GeneralName
instanceKlass sun/security/util/MemoryCache$CacheEntry
instanceKlass sun/security/x509/X509AttributeName
instanceKlass sun/security/x509/GeneralNames
instanceKlass sun/security/x509/KeyIdentifier
instanceKlass sun/security/x509/NetscapeCertTypeExtension$MapEntry
instanceKlass sun/security/x509/OIDMap$OIDInfo
instanceKlass sun/security/x509/PKIXExtensions
instanceKlass sun/security/x509/OIDMap
instanceKlass sun/security/x509/Extension
instanceKlass java/security/cert/Extension
instanceKlass sun/security/x509/CertificateExtensions
instanceKlass java/security/interfaces/DSAPublicKey
instanceKlass java/security/interfaces/DSAKey
instanceKlass java/security/spec/DSAPublicKeySpec
instanceKlass java/security/KeyFactorySpi
instanceKlass sun/security/jca/ProviderList$ServiceList$1
instanceKlass java/security/KeyFactory
instanceKlass java/security/spec/EncodedKeySpec
instanceKlass java/security/spec/KeySpec
instanceKlass sun/security/util/BitArray
instanceKlass java/security/AlgorithmParametersSpi
instanceKlass java/security/AlgorithmParameters
instanceKlass sun/security/x509/X509Key
instanceKlass java/security/PublicKey
instanceKlass java/security/Key
instanceKlass sun/security/x509/CertificateX509Key
instanceKlass sun/security/x509/CertificateValidity
instanceKlass sun/security/x509/AVA
instanceKlass sun/security/x509/RDN
instanceKlass javax/security/auth/x500/X500Principal
instanceKlass sun/security/x509/X500Name$1
instanceKlass sun/security/x509/X500Name
instanceKlass sun/security/x509/GeneralNameInterface
instanceKlass sun/security/x509/CertificateAlgorithmId
instanceKlass sun/security/x509/SerialNumber
instanceKlass sun/security/x509/CertificateSerialNumber
instanceKlass sun/security/x509/CertificateVersion
instanceKlass sun/security/x509/X509CertInfo
instanceKlass sun/security/x509/CertAttrSet
instanceKlass sun/security/util/Cache$EqualByteArray
instanceKlass java/security/cert/X509Extension
instanceKlass sun/security/jca/GetInstance$Instance
instanceKlass sun/security/util/Cache
instanceKlass java/security/Provider$UString
instanceKlass java/security/Provider$Service
instanceKlass sun/security/provider/NativePRNG$NonBlocking
instanceKlass sun/security/provider/NativePRNG$Blocking
instanceKlass sun/security/provider/NativePRNG
instanceKlass sun/security/provider/SunEntries$1
instanceKlass sun/security/provider/SunEntries
instanceKlass sun/security/jca/ProviderConfig$2
instanceKlass sun/security/jca/GetInstance
instanceKlass java/security/cert/CertificateFactorySpi
instanceKlass java/security/cert/CertificateFactory
instanceKlass sun/security/x509/AlgorithmId
instanceKlass sun/security/util/ByteArrayTagOrder
instanceKlass sun/security/util/ByteArrayLexOrder
instanceKlass sun/security/util/DerEncoder
instanceKlass sun/security/util/DerValue
instanceKlass sun/security/util/ObjectIdentifier
instanceKlass sun/security/pkcs/ContentInfo
instanceKlass sun/security/util/DerIndefLenConverter
instanceKlass sun/security/util/DerInputStream
instanceKlass sun/security/pkcs/PKCS7
instanceKlass sun/security/jca/ProviderList$2
instanceKlass sun/misc/FDBigInteger
instanceKlass sun/misc/FloatingDecimal$PreparedASCIIToBinaryBuffer
instanceKlass sun/misc/FloatingDecimal$ASCIIToBinaryConverter
instanceKlass sun/misc/FloatingDecimal$BinaryToASCIIBuffer
instanceKlass sun/misc/FloatingDecimal$ExceptionalBinaryToASCIIBuffer
instanceKlass sun/misc/FloatingDecimal$BinaryToASCIIConverter
instanceKlass sun/misc/FloatingDecimal
instanceKlass java/security/Provider$EngineDescription
instanceKlass java/security/Provider$ServiceKey
instanceKlass sun/security/jca/ProviderConfig
instanceKlass sun/security/jca/ProviderList
instanceKlass sun/security/jca/Providers
instanceKlass sun/security/util/ManifestDigester$Section
instanceKlass sun/security/util/ManifestDigester$Entry
instanceKlass sun/security/util/ManifestDigester$Position
instanceKlass sun/security/util/ManifestDigester
instanceKlass sun/security/util/ManifestEntryVerifier
instanceKlass com/google/gson/JsonElement
instanceKlass com/amazonaws/auth/AWSCredentialsProvider
instanceKlass com/amazonaws/auth/AWSCredentials
instanceKlass com/alipay/api/AlipayRequest
instanceKlass com/alipay/api/AlipayObject
instanceKlass com/alipay/api/AlipayClient
instanceKlass com/zbkj/common/request/PageParamRequest
instanceKlass com/alibaba/fastjson/JSON
instanceKlass com/alibaba/fastjson/JSONAware
instanceKlass com/alibaba/fastjson/JSONStreamAware
instanceKlass com/baomidou/mybatisplus/core/conditions/update/Update
instanceKlass com/baomidou/mybatisplus/core/conditions/interfaces/Func
instanceKlass com/baomidou/mybatisplus/core/conditions/interfaces/Join
instanceKlass com/baomidou/mybatisplus/core/conditions/interfaces/Nested
instanceKlass com/baomidou/mybatisplus/core/conditions/interfaces/Compare
instanceKlass com/baomidou/mybatisplus/core/conditions/query/Query
instanceKlass com/baomidou/mybatisplus/core/conditions/Wrapper
instanceKlass com/baomidou/mybatisplus/core/conditions/ISqlSegment
instanceKlass org/quartz/ScheduleBuilder
instanceKlass org/springframework/security/core/Authentication
instanceKlass com/zbkj/common/result/IResultEnum
instanceKlass org/springframework/beans/factory/annotation/InitDestroyAnnotationBeanPostProcessor$LifecycleMetadata
instanceKlass org/springframework/beans/factory/support/MethodOverride
instanceKlass org/springframework/boot/autoconfigure/AbstractDependsOnBeanFactoryPostProcessor$$Lambda$293
instanceKlass org/springframework/boot/autoconfigure/AbstractDependsOnBeanFactoryPostProcessor$$Lambda$292
instanceKlass org/springframework/boot/autoconfigure/AbstractDependsOnBeanFactoryPostProcessor$$Lambda$291
instanceKlass org/springframework/core/BridgeMethodResolver$$Lambda$290
instanceKlass org/springframework/core/BridgeMethodResolver$$Lambda$289
instanceKlass org/springframework/scheduling/config/ScheduledTaskRegistrar
instanceKlass org/springframework/scheduling/config/ScheduledTaskHolder
instanceKlass org/springframework/cglib/proxy/Enhancer$EnhancerFactoryData
instanceKlass org/springframework/cglib/proxy/MethodProxy$CreateInfo
instanceKlass org/springframework/cglib/proxy/MethodProxy
instanceKlass org/springframework/cglib/core/EmitUtils$6
instanceKlass java/util/DualPivotQuicksort
instanceKlass org/springframework/cglib/core/EmitUtils$5
instanceKlass org/springframework/cglib/proxy/MethodInterceptorGenerator$2
instanceKlass org/springframework/cglib/proxy/Enhancer$6
instanceKlass org/springframework/cglib/proxy/BridgeMethodResolver
instanceKlass org/springframework/cglib/core/MethodInfoTransformer
instanceKlass org/springframework/cglib/proxy/Enhancer$2
instanceKlass org/springframework/cglib/core/DuplicatesPredicate
instanceKlass org/springframework/cglib/core/RejectModifierPredicate
instanceKlass org/springframework/cglib/core/MethodWrapper$MethodWrapperKey
instanceKlass org/springframework/cglib/core/MethodWrapper
instanceKlass org/springframework/cglib/proxy/Factory
instanceKlass org/springframework/cglib/core/VisibilityPredicate
instanceKlass org/springframework/cglib/transform/TransformingClassGenerator
instanceKlass org/springframework/cglib/proxy/ProxyRefDispatcher
instanceKlass org/springframework/cglib/proxy/FixedValueGenerator
instanceKlass org/springframework/cglib/proxy/FixedValue
instanceKlass org/springframework/cglib/proxy/DispatcherGenerator
instanceKlass org/springframework/cglib/proxy/Dispatcher
instanceKlass org/springframework/cglib/proxy/LazyLoaderGenerator
instanceKlass org/springframework/cglib/proxy/LazyLoader
instanceKlass org/springframework/cglib/proxy/InvocationHandlerGenerator
instanceKlass org/springframework/cglib/proxy/InvocationHandler
instanceKlass org/springframework/cglib/proxy/MethodInterceptorGenerator$1
instanceKlass org/springframework/cglib/proxy/MethodInterceptorGenerator
instanceKlass org/springframework/cglib/proxy/NoOpGenerator
instanceKlass org/springframework/cglib/proxy/CallbackGenerator
instanceKlass org/springframework/cglib/proxy/CallbackInfo
instanceKlass com/intellij/rt/debugger/agent/CaptureStorage$6
instanceKlass org/springframework/cglib/core/ClassNameReader
instanceKlass org/springframework/cglib/core/DebuggingClassWriter$1
instanceKlass org/springframework/asm/Handler
instanceKlass org/springframework/cglib/core/EmitUtils$9
instanceKlass org/springframework/cglib/core/EmitUtils$8
instanceKlass org/springframework/cglib/core/Local
instanceKlass org/springframework/cglib/core/EmitUtils$7
instanceKlass org/springframework/asm/Edge
instanceKlass org/springframework/cglib/core/ClassEmitter$FieldInfo
instanceKlass org/springframework/cglib/core/LocalVariablesSorter$State
instanceKlass org/springframework/asm/Frame
instanceKlass org/springframework/cglib/core/EmitUtils$ArrayDelimiters
instanceKlass org/springframework/asm/Label
instanceKlass org/springframework/cglib/core/EmitUtils$ParameterTyper
instanceKlass org/springframework/cglib/core/ProcessArrayCallback
instanceKlass org/springframework/cglib/core/EmitUtils
instanceKlass org/springframework/cglib/core/ReflectUtils$4
instanceKlass org/springframework/cglib/core/ReflectUtils$5
instanceKlass java/lang/AssertionStatusDirectives
instanceKlass org/springframework/cglib/core/ReflectUtils$3
instanceKlass org/springframework/cglib/core/ReflectUtils$2
instanceKlass org/springframework/cglib/core/ReflectUtils$1
instanceKlass org/springframework/cglib/core/MethodInfo
instanceKlass org/springframework/cglib/core/ReflectUtils
instanceKlass org/springframework/cglib/core/ClassInfo
instanceKlass org/springframework/asm/ByteVector
instanceKlass org/springframework/asm/Symbol
instanceKlass org/springframework/asm/SymbolTable
instanceKlass org/springframework/asm/RecordComponentVisitor
instanceKlass org/springframework/asm/ModuleVisitor
instanceKlass org/springframework/cglib/core/AsmApi
instanceKlass org/springframework/cglib/core/Constants
instanceKlass com/intellij/rt/debugger/agent/CaptureStorage$ConcurrentIdentityWeakHashMap$HardKey
instanceKlass com/intellij/rt/debugger/agent/CaptureStorage$5
instanceKlass com/intellij/rt/debugger/agent/CaptureStorage$ConcurrentIdentityWeakHashMap$Key
instanceKlass com/intellij/rt/debugger/agent/CaptureStorage$ExceptionCapturedStack
instanceKlass com/intellij/rt/debugger/agent/CaptureStorage$CapturedStack
instanceKlass com/intellij/rt/debugger/agent/CaptureStorage$3
instanceKlass org/springframework/cglib/core/internal/LoadingCache$2
instanceKlass java/util/concurrent/FutureTask$WaitNode
instanceKlass java/util/concurrent/FutureTask
instanceKlass java/util/concurrent/RunnableFuture
instanceKlass java/util/concurrent/Future
instanceKlass org/springframework/cglib/core/internal/LoadingCache$1
instanceKlass org/springframework/cglib/core/internal/LoadingCache
instanceKlass org/springframework/cglib/core/AbstractClassGenerator$ClassLoaderData$3
instanceKlass org/springframework/cglib/core/AbstractClassGenerator$ClassLoaderData$1
instanceKlass org/springframework/cglib/core/AbstractClassGenerator$ClassLoaderData$2
instanceKlass org/springframework/cglib/core/internal/Function
instanceKlass org/springframework/cglib/core/AbstractClassGenerator$ClassLoaderData
instanceKlass org/springframework/cglib/core/internal/CustomizerRegistry
instanceKlass org/springframework/cglib/core/DefaultNamingPolicy
instanceKlass org/springframework/cglib/core/DefaultGeneratorStrategy
instanceKlass org/springframework/cglib/core/KeyFactory$4
instanceKlass org/springframework/cglib/core/KeyFactory$3
instanceKlass org/springframework/cglib/core/KeyFactory$2
instanceKlass org/springframework/cglib/core/KeyFactory$1
instanceKlass org/springframework/cglib/core/Signature
instanceKlass org/springframework/cglib/core/CollectionUtils
instanceKlass org/springframework/cglib/core/TypeUtils
instanceKlass org/springframework/cglib/core/HashCodeCustomizer
instanceKlass org/springframework/cglib/core/FieldTypeCustomizer
instanceKlass org/springframework/cglib/core/Customizer
instanceKlass org/springframework/cglib/core/KeyFactory
instanceKlass org/springframework/cglib/proxy/Enhancer$EnhancerKey
instanceKlass org/springframework/cglib/core/AbstractClassGenerator$Source
instanceKlass org/springframework/cglib/proxy/Enhancer$1
instanceKlass org/springframework/cglib/proxy/CallbackGenerator$Context
instanceKlass org/springframework/cglib/core/ProcessSwitchCallback
instanceKlass org/springframework/cglib/core/Transformer
instanceKlass org/springframework/cglib/core/KeyFactoryCustomizer
instanceKlass org/springframework/cglib/core/Predicate
instanceKlass org/springframework/cglib/core/ObjectSwitchCallback
instanceKlass org/springframework/cglib/core/AbstractClassGenerator
instanceKlass org/springframework/cglib/core/ClassGenerator
instanceKlass org/springframework/context/annotation/ConfigurationClassEnhancer$EnhancedConfiguration
instanceKlass org/springframework/aop/framework/autoproxy/AutoProxyUtils
instanceKlass org/springframework/objenesis/instantiator/ObjectInstantiator
instanceKlass org/springframework/objenesis/strategy/BaseInstantiatorStrategy
instanceKlass org/springframework/objenesis/strategy/InstantiatorStrategy
instanceKlass org/springframework/objenesis/SpringObjenesis
instanceKlass org/springframework/objenesis/Objenesis
instanceKlass org/springframework/context/annotation/ConfigurationClassEnhancer$ConditionalCallbackFilter
instanceKlass org/springframework/cglib/proxy/NoOp$1
instanceKlass org/springframework/cglib/proxy/NoOp
instanceKlass org/springframework/context/annotation/ConfigurationClassEnhancer$BeanFactoryAwareMethodInterceptor
instanceKlass org/springframework/context/annotation/ConfigurationClassEnhancer$BeanMethodInterceptor
instanceKlass org/springframework/context/annotation/ConfigurationClassEnhancer$ConditionalCallback
instanceKlass org/springframework/cglib/proxy/MethodInterceptor
instanceKlass org/springframework/cglib/proxy/Callback
instanceKlass org/springframework/cglib/proxy/CallbackFilter
instanceKlass org/springframework/cglib/core/GeneratorStrategy
instanceKlass org/springframework/cglib/core/NamingPolicy
instanceKlass org/springframework/context/annotation/ConfigurationClassEnhancer
instanceKlass org/mybatis/spring/mapper/ClassPathMapperScanner$$Lambda$288
instanceKlass org/mybatis/spring/mapper/ClassPathMapperScanner$$Lambda$287
instanceKlass org/mybatis/spring/mapper/ClassPathMapperScanner$$Lambda$286
instanceKlass org/mybatis/spring/mapper/MapperScannerConfigurer$$Lambda$285
instanceKlass org/mybatis/spring/mapper/MapperScannerConfigurer$$Lambda$284
instanceKlass org/mybatis/spring/mapper/MapperScannerConfigurer$$Lambda$283
instanceKlass org/mybatis/spring/mapper/MapperScannerConfigurer$$Lambda$282
instanceKlass java/lang/invoke/LambdaForm$DMH
instanceKlass org/springframework/core/SimpleAliasRegistry$$Lambda$281
instanceKlass org/springframework/beans/factory/config/BeanDefinitionVisitor
instanceKlass org/springframework/context/support/PropertySourcesPlaceholderConfigurer$$Lambda$280
instanceKlass org/springframework/util/DefaultPropertiesPersister
instanceKlass sun/reflect/generics/tree/VoidDescriptor
instanceKlass org/springframework/boot/actuate/autoconfigure/web/server/ManagementContextAutoConfiguration
instanceKlass org/springframework/boot/actuate/autoconfigure/web/server/ManagementContextAutoConfiguration$SameManagementContextConfiguration
instanceKlass org/springframework/boot/actuate/autoconfigure/web/server/ManagementContextAutoConfiguration$SameManagementContextConfiguration$EnableSameManagementContextConfiguration
instanceKlass org/springframework/boot/actuate/autoconfigure/security/servlet/SecurityRequestMatchersManagementContextConfiguration
instanceKlass org/springframework/boot/actuate/autoconfigure/web/server/ManagementServerProperties$Servlet
instanceKlass org/springframework/boot/autoconfigure/task/TaskSchedulingProperties$Pool
instanceKlass org/springframework/boot/autoconfigure/task/TaskSchedulingProperties$Shutdown
instanceKlass org/springframework/boot/autoconfigure/security/SecurityProperties$Filter
instanceKlass org/springframework/boot/autoconfigure/security/SecurityProperties$User
instanceKlass org/springframework/boot/autoconfigure/quartz/QuartzProperties$Jdbc
instanceKlass org/springframework/boot/autoconfigure/jdbc/JdbcProperties$Template
instanceKlass org/springframework/boot/autoconfigure/data/web/SpringDataWebProperties$Sort
instanceKlass org/springframework/boot/autoconfigure/data/web/SpringDataWebProperties$Pageable
instanceKlass org/springframework/data/keyvalue/core/KeyValueCallback
instanceKlass org/springframework/data/keyvalue/core/IdentifierGenerator
instanceKlass org/springframework/data/util/CloseableIterator
instanceKlass org/springframework/data/redis/core/RedisCallback
instanceKlass org/springframework/data/redis/core/RedisKeyValueAdapter$RedisUpdateObject
instanceKlass org/springframework/data/redis/core/TimeToLive
instanceKlass org/springframework/data/keyvalue/core/QueryEngine
instanceKlass org/springframework/data/mapping/Association
instanceKlass org/springframework/data/redis/core/PartialUpdate$PropertyUpdate
instanceKlass org/springframework/data/redis/core/PartialUpdate
instanceKlass org/springframework/data/redis/core/convert/Bucket
instanceKlass org/springframework/data/mapping/PersistentPropertyAccessor
instanceKlass org/springframework/data/redis/core/convert/RedisData
instanceKlass org/springframework/data/mapping/model/ParameterValueProvider
instanceKlass org/springframework/data/mapping/model/PropertyValueProvider
instanceKlass org/springframework/data/redis/core/convert/IndexResolver
instanceKlass org/springframework/data/redis/core/convert/RedisTypeMapper
instanceKlass org/springframework/data/convert/TypeMapper
instanceKlass org/springframework/data/mapping/model/SimpleTypeHolder
instanceKlass org/springframework/data/mapping/model/Property
instanceKlass org/springframework/data/redis/core/TimeToLiveAccessor
instanceKlass org/springframework/data/keyvalue/core/mapping/KeySpaceResolver
instanceKlass org/springframework/data/mapping/model/AbstractPersistentProperty
instanceKlass org/springframework/data/redis/core/mapping/RedisPersistentEntity
instanceKlass org/springframework/data/mapping/PersistentProperty
instanceKlass org/springframework/data/keyvalue/core/mapping/KeyValuePersistentEntity
instanceKlass org/springframework/data/mapping/model/MutablePersistentEntity
instanceKlass org/springframework/data/spel/EvaluationContextProvider
instanceKlass org/springframework/data/mapping/model/PersistentPropertyAccessorFactory
instanceKlass org/springframework/util/ReflectionUtils$FieldCallback
instanceKlass org/springframework/data/util/TypeInformation
instanceKlass org/springframework/data/mapping/PersistentEntity
instanceKlass org/springframework/boot/autoconfigure/security/oauth2/resource/OAuth2ResourceServerProperties$Jwt
instanceKlass org/springframework/boot/autoconfigure/security/oauth2/resource/OAuth2ResourceServerProperties$Opaquetoken
instanceKlass com/google/gson/FieldNamingStrategy
instanceKlass org/springframework/boot/actuate/autoconfigure/metrics/MetricsProperties$Web
instanceKlass org/springframework/boot/actuate/autoconfigure/metrics/MetricsProperties$Distribution
instanceKlass org/springframework/boot/actuate/autoconfigure/endpoint/web/WebEndpointProperties$Exposure
instanceKlass org/springframework/boot/actuate/autoconfigure/info/InfoContributorProperties$Git
instanceKlass org/springframework/boot/autoconfigure/info/ProjectInfoProperties$Git
instanceKlass org/springframework/boot/autoconfigure/info/ProjectInfoProperties$Build
instanceKlass org/springframework/boot/autoconfigure/data/redis/RedisProperties$Jedis
instanceKlass org/springframework/boot/autoconfigure/data/redis/RedisProperties$Lettuce
instanceKlass org/springframework/boot/autoconfigure/data/redis/RedisProperties$Cluster
instanceKlass org/springframework/boot/autoconfigure/jdbc/DataSourceProperties$Xa
instanceKlass org/springframework/boot/autoconfigure/web/ResourceProperties$Cache
instanceKlass org/springframework/boot/autoconfigure/task/TaskExecutionProperties$Pool
instanceKlass org/springframework/boot/autoconfigure/task/TaskExecutionProperties$Shutdown
instanceKlass org/springframework/boot/autoconfigure/web/servlet/WebMvcProperties$Contentnegotiation
instanceKlass org/springframework/boot/autoconfigure/web/servlet/WebMvcProperties$Servlet
instanceKlass org/springframework/boot/autoconfigure/web/servlet/WebMvcProperties$Pathmatch
instanceKlass org/springframework/boot/autoconfigure/web/servlet/WebMvcProperties$Async
instanceKlass org/springframework/boot/autoconfigure/web/servlet/WebMvcProperties$View
instanceKlass org/springframework/boot/autoconfigure/http/HttpProperties$Encoding
instanceKlass org/springframework/boot/context/properties/DeprecatedConfigurationProperty
instanceKlass org/springframework/boot/web/server/Ssl
instanceKlass org/springframework/boot/autoconfigure/web/ServerProperties$Servlet
instanceKlass org/springframework/boot/autoconfigure/web/ServerProperties$Undertow
instanceKlass org/springframework/boot/web/server/Compression
instanceKlass org/springframework/boot/autoconfigure/web/ServerProperties$Tomcat
instanceKlass org/springframework/boot/autoconfigure/web/ServerProperties$Netty
instanceKlass org/springframework/boot/autoconfigure/web/ServerProperties$Jetty
instanceKlass org/springframework/boot/web/server/Http2
instanceKlass org/springframework/boot/autoconfigure/web/ErrorProperties
instanceKlass java/io/ObjectStreamConstants
instanceKlass java/io/ObjectInput
instanceKlass org/springframework/aop/Pointcut
instanceKlass org/springframework/plugin/core/PluginRegistrySupport
instanceKlass org/springframework/boot/actuate/autoconfigure/web/server/ManagementServerProperties
instanceKlass org/springframework/boot/actuate/autoconfigure/security/servlet/SecurityRequestMatchersManagementContextConfiguration$MvcRequestMatcherConfiguration
instanceKlass org/springframework/boot/autoconfigure/security/servlet/RequestMatcherProvider
instanceKlass org/springframework/boot/actuate/autoconfigure/endpoint/web/servlet/WebMvcEndpointManagementContextConfiguration
instanceKlass org/springframework/boot/actuate/autoconfigure/endpoint/web/CorsEndpointProperties
instanceKlass org/springframework/boot/actuate/endpoint/web/ExposableServletEndpoint
instanceKlass org/springframework/boot/actuate/autoconfigure/endpoint/web/ServletEndpointManagementContextConfiguration
instanceKlass org/springframework/boot/actuate/endpoint/web/ServletEndpointRegistrar
instanceKlass org/springframework/boot/actuate/autoconfigure/endpoint/web/ServletEndpointManagementContextConfiguration$WebMvcServletEndpointManagementContextConfiguration
instanceKlass org/springframework/web/multipart/commons/CommonsFileUploadSupport
instanceKlass org/springframework/boot/autoconfigure/web/servlet/MultipartAutoConfiguration
instanceKlass org/springframework/boot/autoconfigure/web/servlet/HttpEncodingAutoConfiguration$LocaleCharsetMappingsCustomizer
instanceKlass org/springframework/boot/autoconfigure/web/servlet/MultipartProperties
instanceKlass org/springframework/boot/autoconfigure/web/servlet/HttpEncodingAutoConfiguration
instanceKlass org/springframework/boot/autoconfigure/web/embedded/EmbeddedWebServerFactoryCustomizerAutoConfiguration
instanceKlass org/springframework/boot/autoconfigure/web/embedded/TomcatWebServerFactoryCustomizer
instanceKlass org/springframework/boot/autoconfigure/web/embedded/EmbeddedWebServerFactoryCustomizerAutoConfiguration$TomcatWebServerFactoryCustomizerConfiguration
instanceKlass org/springframework/transaction/reactive/TransactionalOperator
instanceKlass org/springframework/transaction/ReactiveTransactionManager
instanceKlass org/springframework/boot/autoconfigure/transaction/TransactionAutoConfiguration
instanceKlass org/springframework/transaction/support/DefaultTransactionDefinition
instanceKlass org/springframework/transaction/TransactionDefinition
instanceKlass org/springframework/boot/autoconfigure/transaction/TransactionProperties
instanceKlass org/springframework/boot/autoconfigure/transaction/PlatformTransactionManagerCustomizer
instanceKlass org/springframework/boot/autoconfigure/data/neo4j/Neo4jDataAutoConfiguration
instanceKlass org/springframework/boot/autoconfigure/transaction/jta/JtaAutoConfiguration
instanceKlass org/springframework/boot/autoconfigure/transaction/TransactionAutoConfiguration$TransactionTemplateConfiguration
instanceKlass org/springframework/transaction/support/TransactionOperations
instanceKlass org/springframework/boot/autoconfigure/jdbc/DataSourceTransactionManagerAutoConfiguration
instanceKlass org/springframework/boot/autoconfigure/transaction/TransactionManagerCustomizers
instanceKlass org/springframework/transaction/support/AbstractPlatformTransactionManager
instanceKlass org/springframework/transaction/support/ResourceTransactionManager
instanceKlass org/springframework/boot/autoconfigure/jdbc/DataSourceTransactionManagerAutoConfiguration$DataSourceTransactionManagerConfiguration
instanceKlass org/springframework/boot/autoconfigure/task/TaskSchedulingAutoConfiguration
instanceKlass org/springframework/boot/task/TaskSchedulerBuilder
instanceKlass org/springframework/boot/autoconfigure/task/TaskSchedulingProperties
instanceKlass org/springframework/boot/autoconfigure/security/servlet/SecurityFilterAutoConfiguration
instanceKlass org/springframework/boot/autoconfigure/security/SecurityDataConfiguration
instanceKlass org/springframework/boot/autoconfigure/security/servlet/WebSecurityEnablerConfiguration
instanceKlass org/springframework/boot/autoconfigure/security/servlet/SpringBootWebSecurityConfiguration
instanceKlass org/springframework/boot/autoconfigure/security/SecurityProperties
instanceKlass org/springframework/beans/factory/support/AbstractAutowireCapableBeanFactory$FactoryBeanMethodTypeFinder
instanceKlass org/quartz/Trigger
instanceKlass org/quartz/JobDetail
instanceKlass org/quartz/spi/JobFactory
instanceKlass org/springframework/boot/autoconfigure/quartz/QuartzAutoConfiguration
instanceKlass org/springframework/boot/autoconfigure/flyway/FlywayAutoConfiguration
instanceKlass org/springframework/boot/autoconfigure/liquibase/LiquibaseAutoConfiguration
instanceKlass org/springframework/boot/autoconfigure/orm/jpa/HibernateJpaAutoConfiguration
instanceKlass org/springframework/boot/autoconfigure/quartz/SchedulerFactoryBeanCustomizer
instanceKlass org/springframework/boot/autoconfigure/quartz/QuartzProperties
instanceKlass org/springframework/boot/autoconfigure/quartz/QuartzAutoConfiguration$JdbcStoreTypeConfiguration
instanceKlass org/springframework/boot/jdbc/AbstractDataSourceInitializer
instanceKlass org/springframework/boot/autoconfigure/AbstractDependsOnBeanFactoryPostProcessor
instanceKlass org/springframework/boot/autoconfigure/quartz/QuartzAutoConfiguration$JdbcStoreTypeConfiguration$QuartzSchedulerDependencyConfiguration
instanceKlass org/springframework/boot/autoconfigure/flyway/FlywayMigrationInitializer
instanceKlass org/springframework/boot/autoconfigure/jdbc/JdbcTemplateAutoConfiguration
instanceKlass org/springframework/jdbc/core/namedparam/NamedParameterJdbcTemplate
instanceKlass org/springframework/boot/autoconfigure/jdbc/NamedParameterJdbcTemplateConfiguration
instanceKlass org/springframework/jdbc/core/namedparam/NamedParameterJdbcOperations
instanceKlass org/springframework/boot/autoconfigure/jdbc/JdbcProperties
instanceKlass org/springframework/boot/autoconfigure/jdbc/JdbcTemplateConfiguration
instanceKlass org/springframework/data/domain/Pageable
instanceKlass org/springframework/boot/autoconfigure/data/web/SpringDataWebAutoConfiguration
instanceKlass org/springframework/data/web/config/SpringDataJacksonConfiguration
instanceKlass org/springframework/data/web/config/SortHandlerMethodArgumentResolverCustomizer
instanceKlass org/springframework/data/web/SortHandlerMethodArgumentResolverSupport
instanceKlass org/springframework/data/web/SortArgumentResolver
instanceKlass org/springframework/data/web/config/ProjectingArgumentResolverRegistrar$ProjectingArgumentResolverBeanPostProcessor
instanceKlass org/springframework/data/web/config/PageableHandlerMethodArgumentResolverCustomizer
instanceKlass org/springframework/boot/autoconfigure/data/rest/RepositoryRestMvcAutoConfiguration
instanceKlass org/springframework/boot/autoconfigure/data/web/SpringDataWebProperties
instanceKlass org/springframework/data/redis/core/convert/ReferenceResolverImpl
instanceKlass org/springframework/data/redis/core/convert/ReferenceResolver
instanceKlass org/springframework/boot/autoconfigure/data/redis/RedisRepositoriesAutoConfiguration
instanceKlass org/springframework/util/StopWatch$TaskInfo
instanceKlass org/springframework/data/repository/config/RepositoryConfigurationSourceSupport$$Lambda$279
instanceKlass org/springframework/data/util/Streamable$$Lambda$278
instanceKlass org/springframework/data/repository/config/RepositoryConfigurationSourceSupport$$Lambda$277
instanceKlass org/springframework/data/repository/config/RepositoryConfigurationSourceSupport$$Lambda$276
instanceKlass org/springframework/data/repository/NoRepositoryBean
instanceKlass org/springframework/data/repository/RepositoryDefinition
instanceKlass org/springframework/data/repository/Repository
instanceKlass org/springframework/data/repository/config/AnnotationRepositoryConfigurationSource$$Lambda$275
instanceKlass org/springframework/data/util/LazyStreamable
instanceKlass org/springframework/data/util/Streamable
instanceKlass org/springframework/data/repository/config/AnnotationRepositoryConfigurationSource$$Lambda$274
instanceKlass org/springframework/data/util/Lazy$$Lambda$273
instanceKlass java/lang/invoke/LambdaForm$DMH
instanceKlass org/springframework/data/util/Lazy
instanceKlass org/springframework/data/repository/config/CustomRepositoryImplementationDetector$$Lambda$272
instanceKlass org/springframework/data/repository/config/ImplementationLookupConfiguration
instanceKlass org/springframework/data/repository/config/RepositoryConfigurationSourceSupport$SpringImplementationDetectionConfiguration
instanceKlass org/springframework/data/repository/config/CustomRepositoryImplementationDetector
instanceKlass org/springframework/data/repository/config/FragmentMetadata
instanceKlass org/springframework/data/repository/config/RepositoryBeanDefinitionBuilder
instanceKlass org/springframework/data/keyvalue/repository/config/KeyValueRepositoryConfigurationExtension$$Lambda$271
instanceKlass org/springframework/data/keyvalue/core/KeyValueTemplate
instanceKlass org/springframework/data/keyvalue/core/KeyValueOperations
instanceKlass org/springframework/data/keyvalue/repository/config/KeyValueRepositoryConfigurationExtension$$Lambda$270
instanceKlass org/springframework/data/keyvalue/core/AbstractKeyValueAdapter
instanceKlass org/springframework/data/keyvalue/core/KeyValueAdapter
instanceKlass org/springframework/data/redis/repository/configuration/RedisRepositoryConfigurationExtension$$Lambda$269
instanceKlass org/springframework/data/redis/core/convert/MappingRedisConverter
instanceKlass org/springframework/data/redis/core/convert/RedisConverter
instanceKlass org/springframework/data/convert/EntityConverter
instanceKlass org/springframework/data/convert/EntityWriter
instanceKlass org/springframework/data/convert/EntityReader
instanceKlass org/springframework/data/redis/repository/configuration/RedisRepositoryConfigurationExtension$$Lambda$268
instanceKlass org/springframework/data/redis/repository/configuration/RedisRepositoryConfigurationExtension$$Lambda$267
instanceKlass org/springframework/data/convert/CustomConversions
instanceKlass org/springframework/data/redis/repository/configuration/RedisRepositoryConfigurationExtension$$Lambda$266
instanceKlass org/springframework/data/redis/core/convert/MappingConfiguration
instanceKlass org/springframework/data/repository/config/RepositoryConfigurationSource$$Lambda$265
instanceKlass org/springframework/data/mapping/context/AbstractMappingContext
instanceKlass org/springframework/data/mapping/context/MappingContext
instanceKlass org/springframework/data/redis/repository/configuration/RedisRepositoryConfigurationExtension$$Lambda$264
instanceKlass org/springframework/data/repository/config/AnnotationRepositoryConfigurationSource$$Lambda$263
instanceKlass org/slf4j/helpers/FormattingTuple
instanceKlass org/slf4j/helpers/MessageFormatter
instanceKlass org/springframework/data/repository/config/RepositoryConfiguration
instanceKlass org/springframework/data/repository/config/RepositoryConfigurationExtensionSupport
instanceKlass org/springframework/data/repository/core/support/RepositoryFactorySupport
instanceKlass java/util/stream/MatchOps$$Lambda$262
instanceKlass org/springframework/data/repository/config/AnnotationRepositoryConfigurationSource$$Lambda$261
instanceKlass org/springframework/data/repository/query/parser/AbstractQueryCreator
instanceKlass org/springframework/data/keyvalue/repository/query/KeyValuePartTreeQuery
instanceKlass org/springframework/data/repository/query/RepositoryQuery
instanceKlass org/springframework/data/repository/config/RepositoryBeanDefinitionRegistrarSupport
instanceKlass org/springframework/data/repository/config/SpringDataAnnotationBeanNameGenerator
instanceKlass org/springframework/data/repository/config/RepositoryBeanNameGenerator
instanceKlass org/springframework/data/config/ConfigurationUtils
instanceKlass org/springframework/data/repository/config/ImplementationDetectionConfiguration
instanceKlass org/springframework/data/keyvalue/repository/config/QueryCreatorType
instanceKlass org/springframework/data/redis/core/convert/KeyspaceConfiguration
instanceKlass org/springframework/data/redis/core/index/IndexConfiguration
instanceKlass org/springframework/data/redis/core/index/ConfigurableIndexDefinitionProvider
instanceKlass org/springframework/data/redis/core/index/IndexDefinitionRegistry
instanceKlass org/springframework/data/redis/core/index/IndexDefinitionProvider
instanceKlass org/springframework/data/repository/config/DefaultRepositoryBaseClass
instanceKlass org/springframework/boot/autoconfigure/data/redis/RedisRepositoriesRegistrar$EnableRedisRepositoriesConfiguration
instanceKlass org/springframework/data/repository/config/RepositoryConfigurationDelegate
instanceKlass org/springframework/data/repository/core/support/RepositoryFactoryBeanSupport
instanceKlass org/springframework/data/repository/core/support/RepositoryFactoryInformation
instanceKlass org/springframework/boot/autoconfigure/dao/PersistenceExceptionTranslationAutoConfiguration
instanceKlass org/springframework/boot/autoconfigure/context/ConfigurationPropertiesAutoConfiguration
instanceKlass org/springframework/boot/autoconfigure/aop/AopAutoConfiguration
instanceKlass org/springframework/boot/autoconfigure/aop/AopAutoConfiguration$AspectJAutoProxyingConfiguration
instanceKlass org/springframework/boot/autoconfigure/aop/AopAutoConfiguration$AspectJAutoProxyingConfiguration$CglibAutoProxyConfiguration
instanceKlass org/springframework/boot/actuate/autoconfigure/web/mappings/MappingsEndpointAutoConfiguration
instanceKlass org/springframework/boot/actuate/web/mappings/servlet/ServletsMappingDescriptionProvider
instanceKlass org/springframework/boot/actuate/web/mappings/servlet/FiltersMappingDescriptionProvider
instanceKlass org/springframework/boot/actuate/autoconfigure/web/mappings/MappingsEndpointAutoConfiguration$ServletWebConfiguration
instanceKlass org/springframework/boot/actuate/web/mappings/servlet/DispatcherServletsMappingDescriptionProvider
instanceKlass org/springframework/boot/actuate/web/mappings/MappingDescriptionProvider
instanceKlass org/springframework/boot/actuate/autoconfigure/web/mappings/MappingsEndpointAutoConfiguration$ServletWebConfiguration$SpringMvcConfiguration
instanceKlass org/springframework/boot/actuate/web/mappings/MappingsEndpoint
instanceKlass org/springframework/boot/autoconfigure/security/oauth2/resource/servlet/OAuth2ResourceServerAutoConfiguration
instanceKlass org/springframework/boot/autoconfigure/security/oauth2/resource/OAuth2ResourceServerProperties
instanceKlass org/springframework/boot/autoconfigure/security/servlet/UserDetailsServiceAutoConfiguration
instanceKlass org/springframework/boot/autoconfigure/security/servlet/SecurityAutoConfiguration
instanceKlass org/springframework/boot/autoconfigure/data/redis/RedisReactiveAutoConfiguration
instanceKlass org/springframework/boot/actuate/metrics/web/tomcat/TomcatMetricsBinder
instanceKlass org/springframework/boot/actuate/autoconfigure/metrics/web/tomcat/TomcatMetricsAutoConfiguration
instanceKlass org/springframework/boot/actuate/autoconfigure/metrics/web/servlet/WebMvcMetricsAutoConfiguration$MetricsWebMvcConfigurer
instanceKlass org/springframework/boot/actuate/metrics/web/servlet/DefaultWebMvcTagsProvider
instanceKlass org/springframework/boot/actuate/autoconfigure/metrics/web/servlet/WebMvcMetricsAutoConfiguration
instanceKlass org/springframework/boot/actuate/metrics/web/servlet/WebMvcTagsProvider
instanceKlass org/springframework/boot/actuate/autoconfigure/metrics/web/client/HttpClientMetricsAutoConfiguration
instanceKlass org/springframework/boot/actuate/metrics/web/client/DefaultRestTemplateExchangeTagsProvider
instanceKlass org/springframework/boot/actuate/metrics/web/client/MetricsRestTemplateCustomizer
instanceKlass org/springframework/boot/web/client/RestTemplateCustomizer
instanceKlass org/springframework/boot/actuate/metrics/AutoTimer
instanceKlass org/springframework/boot/actuate/autoconfigure/metrics/web/client/WebClientMetricsConfiguration
instanceKlass org/springframework/boot/actuate/autoconfigure/metrics/web/client/RestTemplateMetricsConfiguration
instanceKlass org/springframework/boot/actuate/metrics/web/client/RestTemplateExchangeTagsProvider
instanceKlass org/springframework/boot/autoconfigure/web/client/RestTemplateAutoConfiguration
instanceKlass org/springframework/boot/web/client/RestTemplateBuilder
instanceKlass org/springframework/boot/autoconfigure/http/HttpMessageConvertersAutoConfiguration
instanceKlass org/springframework/boot/autoconfigure/http/JsonbHttpMessageConvertersConfiguration
instanceKlass org/springframework/boot/autoconfigure/http/GsonHttpMessageConvertersConfiguration
instanceKlass org/springframework/boot/autoconfigure/jsonb/JsonbAutoConfiguration
instanceKlass org/springframework/boot/autoconfigure/http/JacksonHttpMessageConvertersConfiguration
instanceKlass org/springframework/boot/autoconfigure/http/JacksonHttpMessageConvertersConfiguration$MappingJackson2HttpMessageConverterConfiguration
instanceKlass org/springframework/boot/autoconfigure/http/HttpMessageConvertersAutoConfiguration$StringHttpMessageConverterConfiguration
instanceKlass org/springframework/boot/autoconfigure/jackson/JacksonAutoConfiguration
instanceKlass org/springframework/boot/autoconfigure/jackson/JacksonAutoConfiguration$JacksonObjectMapperConfiguration
instanceKlass org/springframework/boot/autoconfigure/jackson/JacksonAutoConfiguration$ParameterNamesModuleConfiguration
instanceKlass org/springframework/boot/autoconfigure/jackson/JacksonAutoConfiguration$JacksonObjectMapperBuilderConfiguration
instanceKlass org/springframework/boot/autoconfigure/jackson/JacksonAutoConfiguration$Jackson2ObjectMapperBuilderCustomizerConfiguration$StandardJackson2ObjectMapperBuilderCustomizer
instanceKlass org/springframework/boot/autoconfigure/jackson/JacksonAutoConfiguration$Jackson2ObjectMapperBuilderCustomizerConfiguration
instanceKlass org/springframework/boot/autoconfigure/jackson/JacksonProperties
instanceKlass org/springframework/boot/autoconfigure/gson/GsonAutoConfiguration$StandardGsonBuilderCustomizer
instanceKlass org/springframework/boot/autoconfigure/gson/GsonBuilderCustomizer
instanceKlass org/springframework/boot/autoconfigure/gson/GsonAutoConfiguration
instanceKlass org/springframework/boot/actuate/autoconfigure/metrics/jdbc/DataSourcePoolMetricsAutoConfiguration
instanceKlass org/springframework/boot/actuate/autoconfigure/metrics/jdbc/DataSourcePoolMetricsAutoConfiguration$DataSourcePoolMetadataMetricsConfiguration
instanceKlass com/google/gson/GsonBuilder
instanceKlass org/springframework/boot/autoconfigure/gson/GsonProperties
instanceKlass org/springframework/boot/actuate/autoconfigure/metrics/jdbc/DataSourcePoolMetricsAutoConfiguration$HikariDataSourceMetricsConfiguration
instanceKlass io/micrometer/core/instrument/binder/system/FileDescriptorMetrics
instanceKlass io/micrometer/core/instrument/binder/system/ProcessorMetrics
instanceKlass org/springframework/boot/actuate/autoconfigure/metrics/SystemMetricsAutoConfiguration
instanceKlass io/micrometer/core/instrument/binder/system/UptimeMetrics
instanceKlass org/springframework/boot/actuate/autoconfigure/metrics/LogbackMetricsAutoConfiguration
instanceKlass io/micrometer/core/instrument/binder/logging/LogbackMetrics
instanceKlass io/micrometer/core/instrument/binder/jvm/JvmThreadMetrics
instanceKlass io/micrometer/core/instrument/binder/jvm/ClassLoaderMetrics
instanceKlass io/micrometer/core/instrument/binder/jvm/JvmMemoryMetrics
instanceKlass org/springframework/boot/actuate/autoconfigure/metrics/JvmMetricsAutoConfiguration
instanceKlass io/micrometer/core/instrument/binder/jvm/JvmGcMetrics
instanceKlass org/springframework/boot/actuate/autoconfigure/metrics/CompositeMeterRegistryConfiguration
instanceKlass org/springframework/boot/actuate/autoconfigure/metrics/NoOpMeterRegistryConfiguration
instanceKlass org/springframework/boot/actuate/autoconfigure/metrics/export/simple/SimpleMetricsExportAutoConfiguration
instanceKlass io/micrometer/core/instrument/simple/SimpleConfig
instanceKlass io/micrometer/core/instrument/config/MeterRegistryConfig
instanceKlass org/springframework/boot/actuate/autoconfigure/metrics/export/simple/SimpleProperties
instanceKlass org/springframework/boot/actuate/autoconfigure/metrics/PropertiesMeterFilter
instanceKlass io/micrometer/core/instrument/config/MeterFilter
instanceKlass org/springframework/boot/actuate/autoconfigure/metrics/MeterRegistryPostProcessor
instanceKlass org/springframework/boot/actuate/autoconfigure/metrics/MetricsAutoConfiguration
instanceKlass org/springframework/boot/actuate/autoconfigure/metrics/CompositeMeterRegistryAutoConfiguration
instanceKlass org/springframework/boot/actuate/autoconfigure/metrics/MetricsProperties
instanceKlass org/springframework/boot/actuate/autoconfigure/health/AbstractCompositeHealthContributorConfiguration
instanceKlass org/springframework/boot/actuate/health/AbstractHealthIndicator
instanceKlass org/springframework/boot/actuate/health/HealthIndicator
instanceKlass org/springframework/boot/actuate/autoconfigure/system/DiskSpaceHealthContributorAutoConfiguration
instanceKlass org/springframework/boot/actuate/endpoint/web/annotation/ExposableControllerEndpoint
instanceKlass org/springframework/boot/actuate/endpoint/web/ExposableWebEndpoint
instanceKlass org/springframework/boot/actuate/endpoint/web/PathMappedEndpoint
instanceKlass org/springframework/boot/actuate/endpoint/ExposableEndpoint
instanceKlass org/springframework/boot/actuate/autoconfigure/system/DiskSpaceHealthIndicatorProperties
instanceKlass org/springframework/boot/actuate/autoconfigure/health/HealthContributorAutoConfiguration
instanceKlass org/springframework/boot/actuate/autoconfigure/endpoint/ExposeExcludePropertyEndpointFilter
instanceKlass org/springframework/boot/actuate/endpoint/web/PathMappedEndpoints
instanceKlass org/springframework/boot/actuate/endpoint/web/annotation/ControllerEndpointsSupplier
instanceKlass org/springframework/boot/actuate/endpoint/web/WebEndpointsSupplier
instanceKlass org/springframework/boot/actuate/endpoint/web/PathMapper
instanceKlass org/springframework/boot/actuate/autoconfigure/endpoint/web/WebEndpointAutoConfiguration
instanceKlass org/springframework/boot/actuate/endpoint/annotation/EndpointDiscoverer
instanceKlass org/springframework/boot/actuate/endpoint/web/EndpointMediaTypes
instanceKlass org/springframework/boot/actuate/autoconfigure/endpoint/web/WebEndpointAutoConfiguration$WebEndpointServletConfiguration
instanceKlass org/springframework/boot/actuate/endpoint/web/annotation/ServletEndpointsSupplier
instanceKlass org/springframework/boot/actuate/endpoint/EndpointsSupplier
instanceKlass org/springframework/boot/actuate/endpoint/invoker/cache/CachingOperationInvokerAdvisor
instanceKlass org/springframework/boot/actuate/endpoint/invoke/OperationInvokerAdvisor
instanceKlass org/springframework/boot/actuate/autoconfigure/endpoint/EndpointAutoConfiguration
instanceKlass org/springframework/boot/actuate/endpoint/invoke/ParameterValueMapper
instanceKlass org/springframework/boot/actuate/autoconfigure/info/InfoEndpointAutoConfiguration
instanceKlass org/springframework/boot/actuate/info/InfoPropertiesInfoContributor
instanceKlass org/springframework/boot/actuate/info/EnvironmentInfoContributor
instanceKlass org/springframework/boot/actuate/info/InfoContributor
instanceKlass org/springframework/boot/actuate/autoconfigure/info/InfoContributorAutoConfiguration
instanceKlass org/springframework/boot/actuate/autoconfigure/health/HealthEndpointAutoConfiguration
instanceKlass org/springframework/boot/info/InfoProperties
instanceKlass org/springframework/boot/actuate/autoconfigure/info/InfoContributorProperties
instanceKlass org/springframework/boot/autoconfigure/info/ProjectInfoAutoConfiguration
instanceKlass org/springframework/boot/autoconfigure/info/ProjectInfoProperties
instanceKlass org/springframework/boot/actuate/autoconfigure/health/HealthEndpointReactiveWebExtensionConfiguration
instanceKlass org/springframework/boot/actuate/autoconfigure/health/HealthEndpointWebExtensionConfiguration
instanceKlass org/springframework/boot/actuate/health/ReactiveHealthContributor
instanceKlass org/springframework/boot/actuate/health/HealthContributor
instanceKlass org/springframework/boot/actuate/autoconfigure/health/ReactiveHealthEndpointConfiguration
instanceKlass org/springframework/boot/actuate/autoconfigure/health/HealthProperties
instanceKlass org/springframework/boot/actuate/health/HealthEndpointGroups
instanceKlass org/springframework/boot/actuate/health/HttpCodeStatusMapper
instanceKlass org/springframework/boot/actuate/autoconfigure/health/HealthEndpointConfiguration
instanceKlass org/springframework/boot/actuate/health/StatusAggregator
instanceKlass org/springframework/boot/actuate/autoconfigure/health/HealthContributorRegistryHealthIndicatorRegistryAdapter
instanceKlass org/springframework/boot/actuate/health/HealthIndicatorRegistry
instanceKlass org/springframework/boot/actuate/health/HealthContributorRegistry
instanceKlass org/springframework/boot/actuate/autoconfigure/health/LegacyHealthEndpointCompatibilityConfiguration
instanceKlass org/springframework/boot/actuate/autoconfigure/health/ReactiveHealthContributorRegistryReactiveHealthIndicatorRegistryAdapter
instanceKlass org/springframework/boot/actuate/health/ReactiveHealthContributorRegistry
instanceKlass org/springframework/boot/actuate/health/ContributorRegistry
instanceKlass org/springframework/boot/actuate/health/NamedContributors
instanceKlass org/springframework/boot/actuate/autoconfigure/health/HealthIndicatorProperties
instanceKlass org/springframework/boot/actuate/autoconfigure/health/LegacyHealthEndpointCompatibilityConfiguration$LegacyReactiveHealthEndpointCompatibilityConfiguration
instanceKlass org/springframework/boot/actuate/health/ReactiveHealthIndicatorRegistry
instanceKlass org/springframework/boot/actuate/health/HealthStatusHttpMapper
instanceKlass org/springframework/boot/actuate/autoconfigure/health/LegacyHealthEndpointAdaptersConfiguration
instanceKlass org/springframework/boot/actuate/autoconfigure/web/servlet/ServletManagementContextFactory
instanceKlass org/springframework/boot/actuate/autoconfigure/web/ManagementContextFactory
instanceKlass org/springframework/boot/actuate/autoconfigure/web/servlet/ManagementServletContext
instanceKlass org/springframework/boot/actuate/autoconfigure/endpoint/web/WebEndpointProperties
instanceKlass org/springframework/boot/actuate/autoconfigure/web/servlet/ServletManagementContextAutoConfiguration
instanceKlass org/springframework/boot/actuate/health/HealthAggregator
instanceKlass org/springframework/boot/autoconfigure/data/redis/RedisAutoConfiguration
instanceKlass org/springframework/data/redis/core/RedisAccessor
instanceKlass org/springframework/boot/autoconfigure/data/redis/RedisProperties
instanceKlass org/springframework/boot/autoconfigure/data/redis/RedisConnectionConfiguration$ConnectionInfo
instanceKlass org/springframework/boot/autoconfigure/data/redis/RedisProperties$Sentinel
instanceKlass org/springframework/data/redis/connection/RedisClusterConfiguration
instanceKlass org/springframework/data/redis/connection/RedisConfiguration$ClusterConfiguration
instanceKlass org/springframework/data/redis/connection/RedisSentinelConfiguration
instanceKlass org/springframework/data/redis/connection/RedisConfiguration$SentinelConfiguration
instanceKlass org/springframework/data/redis/connection/RedisStandaloneConfiguration
instanceKlass org/springframework/data/redis/connection/RedisConfiguration$WithDatabaseIndex
instanceKlass org/springframework/data/redis/connection/RedisConfiguration$WithPassword
instanceKlass org/springframework/data/redis/connection/RedisConfiguration$WithHostAndPort
instanceKlass org/springframework/data/redis/connection/RedisConfiguration
instanceKlass org/springframework/boot/autoconfigure/data/redis/LettuceClientConfigurationBuilderCustomizer
instanceKlass org/springframework/data/redis/connection/lettuce/LettuceConnectionFactory
instanceKlass org/springframework/data/redis/connection/lettuce/LettuceClientConfiguration$LettuceClientConfigurationBuilder
instanceKlass org/springframework/data/redis/connection/lettuce/LettuceClientConfiguration
instanceKlass org/springframework/boot/autoconfigure/data/redis/RedisProperties$Pool
instanceKlass io/lettuce/core/resource/DefaultClientResources
instanceKlass org/springframework/boot/autoconfigure/data/redis/RedisConnectionConfiguration
instanceKlass org/apache/ibatis/plugin/Interceptor
instanceKlass com/github/pagehelper/autoconfigure/PageHelperAutoConfiguration
instanceKlass io/lettuce/core/resource/ClientResources
instanceKlass com/github/pagehelper/autoconfigure/PageHelperProperties
instanceKlass org/mybatis/spring/boot/autoconfigure/MybatisAutoConfiguration$MapperScannerRegistrarNotFoundConfiguration
instanceKlass org/mybatis/spring/boot/autoconfigure/MybatisProperties
instanceKlass org/mybatis/spring/mapper/ClassPathMapperScanner$$Lambda$260
instanceKlass org/mybatis/spring/mapper/ClassPathMapperScanner$$Lambda$259
instanceKlass org/apache/ibatis/annotations/Mapper
instanceKlass org/springframework/util/MethodInvoker
instanceKlass org/springframework/beans/factory/support/ConstructorResolver$ArgumentsHolder
instanceKlass org/springframework/beans/factory/support/ConstructorResolver$ConstructorPropertiesChecker
instanceKlass org/springframework/beans/factory/support/AutowireUtils$$Lambda$258
instanceKlass org/springframework/beans/factory/support/AutowireUtils
instanceKlass org/springframework/beans/Mergeable
instanceKlass org/springframework/beans/factory/config/RuntimeBeanNameReference
instanceKlass org/springframework/beans/factory/support/ConstructorResolver
instanceKlass org/apache/ibatis/logging/LogFactory$$Lambda$257
instanceKlass org/apache/ibatis/logging/LogFactory$$Lambda$256
instanceKlass org/apache/ibatis/logging/LogFactory$$Lambda$255
instanceKlass org/apache/ibatis/logging/LogFactory$$Lambda$254
instanceKlass org/apache/ibatis/logging/LogFactory$$Lambda$253
instanceKlass org/slf4j/helpers/BasicMarker
instanceKlass org/slf4j/helpers/BasicMarkerFactory
instanceKlass org/slf4j/impl/StaticMarkerBinder
instanceKlass org/slf4j/spi/MarkerFactoryBinder
instanceKlass org/slf4j/IMarkerFactory
instanceKlass org/slf4j/MarkerFactory
instanceKlass org/apache/ibatis/logging/slf4j/Slf4jLocationAwareLoggerImpl
instanceKlass org/slf4j/Marker
instanceKlass org/apache/ibatis/logging/slf4j/Slf4jImpl
instanceKlass org/apache/ibatis/logging/Log
instanceKlass org/apache/ibatis/logging/LogFactory$$Lambda$252
instanceKlass java/lang/invoke/LambdaForm$DMH
instanceKlass java/lang/invoke/LambdaForm$DMH
instanceKlass org/apache/ibatis/logging/LogFactory
instanceKlass org/mybatis/logging/Logger
instanceKlass org/mybatis/logging/LoggerFactory
instanceKlass org/mybatis/spring/boot/autoconfigure/MybatisAutoConfiguration
instanceKlass com/baomidou/mybatisplus/autoconfigure/MybatisPlusPropertiesCustomizer
instanceKlass com/baomidou/mybatisplus/core/incrementer/IKeyGenerator
instanceKlass com/baomidou/mybatisplus/core/config/GlobalConfig
instanceKlass com/baomidou/mybatisplus/extension/spring/MybatisSqlSessionFactoryBean
instanceKlass org/apache/ibatis/session/Configuration
instanceKlass org/mybatis/spring/SqlSessionTemplate
instanceKlass org/apache/ibatis/session/SqlSession
instanceKlass com/baomidou/mybatisplus/autoconfigure/MybatisPlusAutoConfiguration
instanceKlass com/baomidou/mybatisplus/autoconfigure/MybatisPlusProperties
instanceKlass com/baomidou/mybatisplus/autoconfigure/MybatisPlusLanguageDriverAutoConfiguration
instanceKlass org/springframework/boot/autoconfigure/jdbc/DataSourceAutoConfiguration
instanceKlass org/springframework/boot/jdbc/metadata/DataSourcePoolMetadataProvider
instanceKlass org/springframework/boot/jdbc/metadata/DataSourcePoolMetadata
instanceKlass org/springframework/boot/autoconfigure/jdbc/metadata/DataSourcePoolMetadataProvidersConfiguration$HikariPoolDataSourceMetadataProviderConfiguration
instanceKlass org/springframework/boot/autoconfigure/condition/OnBeanCondition$SingleCandidateSpec$$Lambda$251
instanceKlass org/springframework/boot/autoconfigure/jdbc/DataSourceInitializationConfiguration
instanceKlass org/springframework/boot/autoconfigure/jdbc/metadata/DataSourcePoolMetadataProvidersConfiguration
instanceKlass org/springframework/boot/autoconfigure/jdbc/DataSourceProperties
instanceKlass org/springframework/boot/autoconfigure/jdbc/DataSourceInitializerPostProcessor
instanceKlass org/springframework/boot/autoconfigure/jdbc/DataSourceInitializerInvoker
instanceKlass javax/sql/XADataSource
instanceKlass com/anji/captcha/config/AjCaptchaAutoConfiguration
instanceKlass com/anji/captcha/service/CaptchaCacheService
instanceKlass com/anji/captcha/properties/AjCaptchaProperties
instanceKlass com/anji/captcha/service/CaptchaService
instanceKlass org/springframework/web/context/request/RequestContextListener
instanceKlass javax/servlet/ServletRequestListener
instanceKlass org/springframework/boot/autoconfigure/http/HttpMessageConverters
instanceKlass org/springframework/web/servlet/config/annotation/ResourceHandlerRegistration
instanceKlass org/springframework/validation/MessageCodeFormatter
instanceKlass org/springframework/boot/web/servlet/filter/OrderedFilter
instanceKlass org/springframework/web/servlet/LocaleResolver
instanceKlass org/springframework/boot/autoconfigure/web/servlet/WebMvcAutoConfiguration$WebMvcAutoConfigurationAdapter
instanceKlass org/springframework/lang/Nullable
instanceKlass javax/servlet/ServletContext
instanceKlass org/springframework/web/servlet/mvc/HttpRequestHandlerAdapter
instanceKlass org/springframework/web/servlet/function/support/HandlerFunctionAdapter
instanceKlass org/springframework/web/servlet/handler/HandlerMappingIntrospector
instanceKlass org/springframework/web/servlet/mvc/SimpleControllerHandlerAdapter
instanceKlass org/springframework/web/method/support/CompositeUriComponentsContributor
instanceKlass org/springframework/web/method/support/UriComponentsContributor
instanceKlass org/springframework/web/util/UrlPathHelper
instanceKlass org/springframework/web/accept/ContentNegotiationManager
instanceKlass org/springframework/web/accept/MediaTypeFileExtensionResolver
instanceKlass org/springframework/web/servlet/resource/ResourceUrlProvider
instanceKlass org/springframework/web/servlet/handler/AbstractHandlerExceptionResolver
instanceKlass org/springframework/web/bind/support/ConfigurableWebBindingInitializer
instanceKlass org/springframework/web/servlet/HandlerAdapter
instanceKlass org/springframework/web/servlet/handler/MatchableHandlerMapping
instanceKlass org/springframework/web/bind/support/WebBindingInitializer
instanceKlass org/springframework/boot/autoconfigure/web/servlet/error/ErrorMvcAutoConfiguration$PreserveErrorControllerTargetClassPostProcessor
instanceKlass org/springframework/boot/autoconfigure/web/servlet/error/ErrorMvcAutoConfiguration$ErrorPageCustomizer
instanceKlass org/springframework/boot/web/server/ErrorPageRegistrar
instanceKlass org/springframework/boot/autoconfigure/web/servlet/error/AbstractErrorController
instanceKlass org/springframework/boot/web/servlet/error/DefaultErrorAttributes
instanceKlass org/springframework/web/servlet/HandlerExceptionResolver
instanceKlass org/springframework/boot/web/servlet/error/ErrorController
instanceKlass org/springframework/boot/autoconfigure/web/servlet/error/ErrorMvcAutoConfiguration
instanceKlass org/springframework/boot/autoconfigure/web/servlet/error/DefaultErrorViewResolver
instanceKlass org/springframework/boot/web/servlet/error/ErrorAttributes
instanceKlass org/springframework/boot/autoconfigure/web/ResourceProperties
instanceKlass org/springframework/boot/autoconfigure/web/servlet/WebMvcAutoConfiguration
instanceKlass org/springframework/boot/autoconfigure/web/servlet/error/ErrorViewResolver
instanceKlass org/springframework/boot/autoconfigure/web/servlet/error/ErrorMvcAutoConfiguration$DefaultErrorViewResolverConfiguration
instanceKlass org/springframework/web/servlet/View
instanceKlass org/springframework/boot/autoconfigure/web/servlet/error/ErrorMvcAutoConfiguration$WhitelabelErrorViewConfiguration
instanceKlass org/springframework/context/support/ApplicationObjectSupport
instanceKlass org/springframework/web/servlet/ViewResolver
instanceKlass org/springframework/validation/beanvalidation/SpringValidatorAdapter
instanceKlass org/springframework/validation/SmartValidator
instanceKlass org/springframework/boot/autoconfigure/validation/ValidationAutoConfiguration
instanceKlass org/springframework/boot/autoconfigure/condition/OnBeanCondition$$Lambda$250
instanceKlass org/springframework/boot/autoconfigure/task/TaskExecutionAutoConfiguration
instanceKlass org/springframework/boot/autoconfigure/web/servlet/DispatcherServletAutoConfiguration
instanceKlass org/springframework/boot/autoconfigure/web/servlet/DispatcherServletPath
instanceKlass org/springframework/boot/task/TaskExecutorBuilder
instanceKlass org/springframework/boot/autoconfigure/task/TaskExecutionProperties
instanceKlass org/springframework/boot/autoconfigure/web/servlet/DispatcherServletAutoConfiguration$DispatcherServletRegistrationConfiguration
instanceKlass org/springframework/boot/autoconfigure/web/servlet/DispatcherServletAutoConfiguration$DispatcherServletConfiguration
instanceKlass org/springframework/boot/autoconfigure/web/servlet/WebMvcProperties
instanceKlass org/springframework/boot/autoconfigure/http/HttpProperties
instanceKlass org/springframework/boot/web/server/ErrorPageRegistrarBeanPostProcessor
instanceKlass org/springframework/boot/autoconfigure/web/servlet/TomcatServletWebServerFactoryCustomizer
instanceKlass org/springframework/boot/autoconfigure/web/servlet/ServletWebServerFactoryCustomizer
instanceKlass org/springframework/boot/web/server/AbstractConfigurableWebServerFactory
instanceKlass org/springframework/boot/web/servlet/server/ConfigurableServletWebServerFactory
instanceKlass org/springframework/boot/web/embedded/tomcat/ConfigurableTomcatWebServerFactory
instanceKlass org/springframework/boot/web/server/ConfigurableWebServerFactory
instanceKlass org/springframework/boot/web/server/ErrorPageRegistry
instanceKlass org/springframework/boot/web/server/WebServerFactory
instanceKlass org/springframework/boot/web/server/WebServerFactoryCustomizerBeanPostProcessor
instanceKlass org/springframework/boot/autoconfigure/web/servlet/ServletWebServerFactoryConfiguration$EmbeddedUndertow
instanceKlass org/springframework/boot/autoconfigure/web/servlet/ServletWebServerFactoryConfiguration$EmbeddedJetty
instanceKlass org/springframework/boot/autoconfigure/web/servlet/ServletWebServerFactoryConfiguration$EmbeddedTomcat
instanceKlass org/springframework/boot/autoconfigure/web/ServerProperties
instanceKlass org/springframework/boot/autoconfigure/websocket/servlet/WebSocketServletAutoConfiguration
instanceKlass org/springframework/boot/autoconfigure/websocket/servlet/TomcatWebSocketServletWebServerCustomizer
instanceKlass org/springframework/boot/web/server/WebServerFactoryCustomizer
instanceKlass org/springframework/boot/autoconfigure/websocket/servlet/WebSocketServletAutoConfiguration$TomcatWebSocketConfiguration
instanceKlass org/springframework/boot/web/servlet/server/ServletWebServerFactory
instanceKlass org/springframework/boot/autoconfigure/web/servlet/ServletWebServerFactoryAutoConfiguration
instanceKlass org/springframework/boot/autoconfigure/context/PropertyPlaceholderAutoConfiguration
instanceKlass org/springframework/transaction/event/TransactionalEventListenerFactory
instanceKlass org/springframework/transaction/interceptor/TransactionAspectSupport
instanceKlass org/springframework/transaction/interceptor/TransactionAttributeSource
instanceKlass cn/binarywang/wx/miniapp/message/WxMaMessageRouter
instanceKlass com/zbkj/admin/config/WxMaProperties$Config
instanceKlass cn/binarywang/wx/miniapp/config/impl/WxMaDefaultConfigImpl
instanceKlass cn/binarywang/wx/miniapp/message/WxMaXmlOutMessage
instanceKlass me/chanjar/weixin/common/session/WxSessionManager
instanceKlass cn/binarywang/wx/miniapp/bean/WxMaMessage
instanceKlass cn/binarywang/wx/miniapp/config/WxMaConfig
instanceKlass cn/binarywang/wx/miniapp/api/WxMaService
instanceKlass me/chanjar/weixin/common/service/WxService
instanceKlass org/springframework/beans/factory/config/ConstructorArgumentValues$$Lambda$249
instanceKlass org/springframework/beans/factory/config/ConstructorArgumentValues$$Lambda$248
instanceKlass org/springframework/beans/factory/config/ConstructorArgumentValues$$Lambda$247
instanceKlass org/springframework/security/config/annotation/web/HttpSecurityBuilder
instanceKlass org/springframework/security/authentication/AuthenticationTrustResolver
instanceKlass org/springframework/web/accept/ContentNegotiationStrategy
instanceKlass org/springframework/security/config/annotation/SecurityConfigurerAdapter
instanceKlass org/springframework/security/access/intercept/RunAsManager
instanceKlass org/springframework/security/access/AccessDecisionManager
instanceKlass org/springframework/security/access/prepost/PreInvocationAuthorizationAdvice
instanceKlass org/springframework/security/access/intercept/AbstractSecurityInterceptor
instanceKlass org/aopalliance/intercept/MethodInterceptor
instanceKlass org/aopalliance/intercept/Interceptor
instanceKlass org/aopalliance/aop/Advice
instanceKlass org/springframework/security/access/intercept/AfterInvocationManager
instanceKlass org/springframework/security/access/prepost/PostInvocationAuthorizationAdvice
instanceKlass org/springframework/security/access/method/MethodSecurityMetadataSource
instanceKlass org/springframework/security/access/SecurityMetadataSource
instanceKlass org/springframework/security/access/prepost/PrePostInvocationAttributeFactory
instanceKlass org/springframework/security/access/expression/method/MethodSecurityExpressionHandler
instanceKlass org/springframework/web/servlet/support/RequestDataValueProcessor
instanceKlass org/springframework/security/config/annotation/web/configuration/WebMvcSecurityConfiguration
instanceKlass org/springframework/security/web/FilterInvocation
instanceKlass org/springframework/security/config/annotation/web/configuration/AutowiredWebSecurityConfigurersIgnoreParents
instanceKlass org/springframework/security/access/expression/SecurityExpressionHandler
instanceKlass org/springframework/security/context/DelegatingApplicationListener
instanceKlass org/springframework/security/web/access/WebInvocationPrivilegeEvaluator
instanceKlass org/springframework/security/config/annotation/authentication/configuration/GlobalAuthenticationConfigurerAdapter
instanceKlass org/springframework/security/config/annotation/AbstractSecurityBuilder
instanceKlass org/springframework/security/config/annotation/authentication/ProviderManagerBuilder
instanceKlass org/springframework/security/config/annotation/SecurityBuilder
instanceKlass org/springframework/security/crypto/password/PasswordEncoder
instanceKlass org/springframework/validation/MessageCodesResolver
instanceKlass org/springframework/web/servlet/config/annotation/PathMatchConfigurer
instanceKlass org/springframework/web/servlet/config/annotation/ViewResolverRegistry
instanceKlass org/springframework/web/servlet/config/annotation/DefaultServletHandlerConfigurer
instanceKlass org/springframework/web/servlet/config/annotation/ViewControllerRegistry
instanceKlass org/springframework/web/servlet/config/annotation/AsyncSupportConfigurer
instanceKlass org/springframework/web/servlet/config/annotation/ContentNegotiationConfigurer
instanceKlass org/springframework/web/servlet/config/annotation/CorsRegistry
instanceKlass org/springframework/web/servlet/handler/MappedInterceptor
instanceKlass org/springframework/web/servlet/config/annotation/ResourceHandlerRegistry
instanceKlass com/zbkj/admin/filter/ResponseFilter
instanceKlass org/springframework/web/servlet/config/annotation/InterceptorRegistry
instanceKlass java/util/concurrent/RejectedExecutionHandler
instanceKlass springfox/documentation/spring/web/plugins/Docket
instanceKlass com/google/common/base/Predicate
instanceKlass springfox/documentation/service/ApiInfo
instanceKlass org/springframework/web/servlet/HandlerMapping
instanceKlass springfox/documentation/spring/web/json/JacksonModuleRegistrar
instanceKlass springfox/documentation/spring/web/readers/operation/HandlerMethodResolver
instanceKlass springfox/documentation/spring/web/json/JsonSerializer
instanceKlass springfox/documentation/spi/service/contexts/Defaults
instanceKlass springfox/documentation/spring/web/DocumentationCache
instanceKlass springfox/documentation/spring/web/ObjectMapperConfigurer
instanceKlass springfox/documentation/spring/web/DescriptionResolver
instanceKlass org/springframework/plugin/core/PluginRegistry
instanceKlass org/springframework/http/client/ClientHttpRequestFactory
instanceKlass org/springframework/boot/autoconfigure/jackson/Jackson2ObjectMapperBuilderCustomizer
instanceKlass org/springframework/core/annotation/AnnotatedElementUtils
instanceKlass org/springframework/context/annotation/BeanAnnotationHelper
instanceKlass org/springframework/web/cors/CorsConfiguration
instanceKlass org/springframework/web/cors/CorsConfigurationSource
instanceKlass org/springframework/util/ReflectionUtils$$Lambda$246
instanceKlass org/springframework/beans/factory/support/AbstractAutowireCapableBeanFactory$$Lambda$245
instanceKlass com/anji/captcha/controller/CaptchaController
instanceKlass com/anji/captcha/config/AjCaptchaStorageAutoConfiguration
instanceKlass com/anji/captcha/config/AjCaptchaServiceAutoConfiguration
instanceKlass org/springframework/boot/autoconfigure/condition/OnBeanCondition$MatchResult
instanceKlass org/springframework/core/io/support/PropertiesLoaderSupport
instanceKlass org/springframework/boot/autoconfigure/condition/OnBeanCondition$Spec$$Lambda$244
instanceKlass org/mybatis/spring/annotation/MapperScannerRegistrar$$Lambda$243
instanceKlass org/mybatis/spring/annotation/MapperScannerRegistrar$$Lambda$242
instanceKlass org/mybatis/spring/annotation/MapperScannerRegistrar$$Lambda$241
instanceKlass org/mybatis/spring/mapper/MapperScannerConfigurer
instanceKlass org/springframework/boot/autoconfigure/AutoConfigurationPackages$BasePackages
instanceKlass org/springframework/boot/autoconfigure/AutoConfigurationPackages
instanceKlass org/springframework/boot/autoconfigure/AutoConfigurationPackages$PackageImport
instanceKlass org/springframework/boot/context/properties/ConstructorBinding
instanceKlass org/springframework/boot/context/properties/ConfigurationPropertiesBindConstructorProvider
instanceKlass org/springframework/boot/context/properties/ConfigurationPropertiesBeanRegistrar$$Lambda$240
instanceKlass org/springframework/boot/context/properties/EnableConfigurationPropertiesRegistrar$$Lambda$239
instanceKlass org/springframework/boot/context/properties/EnableConfigurationPropertiesRegistrar$$Lambda$238
instanceKlass org/springframework/boot/context/properties/EnableConfigurationPropertiesRegistrar$$Lambda$237
instanceKlass org/springframework/boot/context/properties/ConfigurationPropertiesBeanRegistrar
instanceKlass org/springframework/boot/context/properties/ConfigurationBeanFactoryMetadata
instanceKlass org/springframework/boot/context/properties/ConfigurationPropertiesBeanDefinitionValidator
instanceKlass org/springframework/boot/context/properties/ConfigurationPropertiesBinder$Factory
instanceKlass org/springframework/validation/Validator
instanceKlass org/springframework/boot/context/properties/ConfigurationPropertiesBinder
instanceKlass org/springframework/boot/context/properties/ConfigurationPropertiesBindingPostProcessor
instanceKlass org/springframework/aop/config/AopConfigUtils
instanceKlass org/springframework/beans/factory/config/ConstructorArgumentValues$ValueHolder
instanceKlass org/springframework/beans/factory/config/ConstructorArgumentValues
instanceKlass org/springframework/aop/support/AbstractPointcutAdvisor
instanceKlass org/springframework/aop/PointcutAdvisor
instanceKlass org/springframework/aop/Advisor
instanceKlass org/springframework/security/config/annotation/configuration/ObjectPostProcessorConfiguration
instanceKlass springfox/documentation/spi/service/ApiListingScannerPlugin
instanceKlass springfox/documentation/spi/service/DefaultsProviderPlugin
instanceKlass springfox/documentation/spi/service/DocumentationPlugin
instanceKlass springfox/documentation/schema/configuration/ModelsConfiguration
instanceKlass org/springframework/plugin/core/support/AbstractTypeAwareSupport
instanceKlass springfox/documentation/spi/schema/SyntheticModelProviderPlugin
instanceKlass org/springframework/core/type/StandardMethodMetadata
instanceKlass org/springframework/context/annotation/ConfigurationClassBeanDefinitionReader$$Lambda$236
instanceKlass org/springframework/context/annotation/ConfigurationClassBeanDefinitionReader$$Lambda$235
instanceKlass org/springframework/context/annotation/ConfigurationClassBeanDefinitionReader$TrackedConditionEvaluator
instanceKlass org/springframework/security/web/util/matcher/RequestMatcher
instanceKlass org/springframework/web/servlet/config/annotation/WebMvcConfigurationSupport
instanceKlass org/springframework/web/servlet/config/annotation/EnableWebMvc
instanceKlass org/springframework/boot/actuate/autoconfigure/web/server/ManagementContextConfigurationImportSelector$ManagementConfiguration
instanceKlass org/springframework/boot/actuate/autoconfigure/web/ManagementContextConfiguration
instanceKlass org/springframework/context/annotation/ConfigurationClassParser$DefaultDeferredImportSelectorGroup
instanceKlass org/springframework/boot/actuate/autoconfigure/web/server/ManagementContextConfigurationImportSelector
instanceKlass org/springframework/boot/actuate/autoconfigure/web/server/EnableManagementContext
instanceKlass org/springframework/boot/web/reactive/context/ConfigurableReactiveWebApplicationContext
instanceKlass org/springframework/boot/web/reactive/context/ReactiveWebApplicationContext
instanceKlass org/springframework/boot/actuate/autoconfigure/web/server/ConditionalOnManagementPort
instanceKlass org/springframework/data/querydsl/QuerydslUtils
instanceKlass org/springframework/data/web/config/EnableSpringDataWebSupport$SpringDataWebConfigurationImportSelector$$Lambda$234
instanceKlass org/springframework/data/web/config/SpringDataJacksonModules
instanceKlass org/springframework/data/web/config/EnableSpringDataWebSupport$SpringDataWebConfigurationImportSelector$$Lambda$233
instanceKlass org/springframework/data/web/config/EnableSpringDataWebSupport$SpringDataWebConfigurationImportSelector$$Lambda$232
instanceKlass org/springframework/data/web/config/SpringDataWebConfiguration
instanceKlass org/springframework/data/web/config/EnableSpringDataWebSupport$SpringDataWebConfigurationImportSelector$$Lambda$231
instanceKlass org/springframework/data/web/config/EnableSpringDataWebSupport$SpringDataWebConfigurationImportSelector$$Lambda$230
instanceKlass org/springframework/data/web/config/EnableSpringDataWebSupport$SpringDataWebConfigurationImportSelector$$Lambda$229
instanceKlass org/springframework/data/web/config/ProjectingArgumentResolverRegistrar
instanceKlass org/springframework/data/web/config/EnableSpringDataWebSupport$SpringDataWebConfigurationImportSelector$$Lambda$228
instanceKlass org/springframework/data/web/config/EnableSpringDataWebSupport$QuerydslActivator
instanceKlass org/springframework/data/web/config/EnableSpringDataWebSupport$SpringDataWebConfigurationImportSelector
instanceKlass org/springframework/data/web/config/EnableSpringDataWebSupport
instanceKlass org/springframework/data/repository/config/RepositoryConfigurationExtension
instanceKlass org/springframework/data/repository/config/RepositoryConfigurationSourceSupport
instanceKlass org/springframework/data/repository/config/RepositoryConfigurationSource
instanceKlass org/springframework/boot/autoconfigure/data/AbstractRepositoryConfigurationSourceSupport
instanceKlass org/springframework/context/annotation/AspectJAutoProxyRegistrar
instanceKlass org/springframework/context/annotation/EnableAspectJAutoProxy
instanceKlass org/aspectj/weaver/ShadowMunger
instanceKlass org/aspectj/weaver/IHasPosition
instanceKlass org/aspectj/util/PartialOrder$PartialComparable
instanceKlass org/springframework/boot/actuate/trace/http/HttpTraceEndpoint
instanceKlass org/springframework/boot/actuate/scheduling/ScheduledTasksEndpoint
instanceKlass org/springframework/cache/ehcache/EhCacheCache
instanceKlass javax/cache/CacheManager
instanceKlass org/springframework/cache/support/AbstractValueAdaptingCache
instanceKlass org/springframework/boot/actuate/metrics/MetricsEndpoint
instanceKlass org/springframework/boot/actuate/management/ThreadDumpEndpoint
instanceKlass org/springframework/boot/actuate/management/HeapDumpWebEndpoint
instanceKlass org/springframework/boot/actuate/logging/LoggersEndpoint
instanceKlass org/springframework/boot/actuate/endpoint/annotation/DiscovererEndpointFilter
instanceKlass org/springframework/boot/actuate/endpoint/EndpointFilter
instanceKlass org/springframework/boot/actuate/endpoint/annotation/FilteredEndpoint
instanceKlass org/springframework/boot/actuate/endpoint/web/annotation/WebEndpoint
instanceKlass org/springframework/boot/actuate/logging/LogFileWebEndpoint
instanceKlass org/springframework/boot/actuate/env/EnvironmentEndpoint
instanceKlass org/springframework/boot/actuate/context/properties/ConfigurationPropertiesReportEndpoint
instanceKlass org/springframework/boot/actuate/context/ShutdownEndpoint
instanceKlass org/springframework/boot/actuate/autoconfigure/condition/ConditionsReportEndpoint
instanceKlass org/springframework/boot/autoconfigure/condition/ConditionalOnCloudPlatform
instanceKlass org/springframework/boot/actuate/info/InfoEndpoint
instanceKlass org/springframework/boot/actuate/autoconfigure/info/ConditionalOnEnabledInfoContributor
instanceKlass reactor/core/publisher/Mono
instanceKlass org/springframework/boot/actuate/health/HealthEndpointSupport
instanceKlass org/springframework/boot/actuate/cache/CachesEndpoint
instanceKlass org/springframework/boot/actuate/beans/BeansEndpoint
instanceKlass org/springframework/boot/context/properties/bind/CollectionBinder$$Lambda$227
instanceKlass org/springframework/boot/actuate/autoconfigure/endpoint/condition/OnAvailableEndpointCondition$ExposureInformation
instanceKlass org/springframework/boot/actuate/endpoint/EndpointId
instanceKlass org/springframework/boot/actuate/endpoint/annotation/Endpoint
instanceKlass org/springframework/boot/actuate/audit/AuditEventsEndpoint
instanceKlass org/redisson/spring/cache/RedissonCache
instanceKlass org/springframework/cache/Cache
instanceKlass org/springframework/boot/actuate/metrics/cache/CacheMeterBinderProvider
instanceKlass org/springframework/cache/caffeine/CaffeineCacheManager
instanceKlass org/springframework/cache/support/AbstractCacheManager
instanceKlass javax/cache/Caching
instanceKlass org/springframework/boot/autoconfigure/cache/CacheConfigurations$$Lambda$226
instanceKlass org/springframework/boot/autoconfigure/cache/NoOpCacheConfiguration
instanceKlass org/springframework/boot/autoconfigure/cache/SimpleCacheConfiguration
instanceKlass org/springframework/boot/autoconfigure/cache/CaffeineCacheConfiguration
instanceKlass org/springframework/boot/autoconfigure/cache/RedisCacheConfiguration
instanceKlass org/springframework/boot/autoconfigure/cache/CouchbaseCacheConfiguration
instanceKlass org/springframework/boot/autoconfigure/cache/JCacheCacheConfiguration
instanceKlass org/springframework/boot/autoconfigure/cache/InfinispanCacheConfiguration
instanceKlass org/springframework/boot/autoconfigure/cache/HazelcastCacheConfiguration
instanceKlass org/springframework/boot/autoconfigure/cache/EhCacheCacheConfiguration
instanceKlass org/springframework/boot/autoconfigure/cache/GenericCacheConfiguration
instanceKlass org/springframework/boot/autoconfigure/cache/CacheConfigurations
instanceKlass org/springframework/boot/autoconfigure/cache/CacheAutoConfiguration$CacheConfigurationImportSelector
instanceKlass redis/clients/jedis/BinaryJedis
instanceKlass redis/clients/jedis/commands/BinaryScriptingCommands
instanceKlass redis/clients/jedis/commands/AdvancedBinaryJedisCommands
instanceKlass redis/clients/jedis/commands/MultiKeyBinaryCommands
instanceKlass redis/clients/jedis/commands/BinaryJedisCommands
instanceKlass redis/clients/jedis/commands/ModuleCommands
instanceKlass redis/clients/jedis/commands/SentinelCommands
instanceKlass redis/clients/jedis/commands/ClusterCommands
instanceKlass redis/clients/jedis/commands/BasicCommands
instanceKlass redis/clients/jedis/commands/ScriptingCommands
instanceKlass redis/clients/jedis/commands/AdvancedJedisCommands
instanceKlass redis/clients/jedis/commands/MultiKeyCommands
instanceKlass redis/clients/jedis/commands/JedisCommands
instanceKlass org/springframework/data/redis/connection/AbstractRedisConnection
instanceKlass org/springframework/data/redis/connection/DefaultedRedisConnection
instanceKlass org/springframework/data/redis/connection/RedisConnection
instanceKlass org/springframework/data/redis/connection/RedisCommands
instanceKlass org/springframework/data/redis/connection/RedisHyperLogLogCommands
instanceKlass org/springframework/data/redis/connection/RedisGeoCommands
instanceKlass org/springframework/data/redis/connection/RedisScriptingCommands
instanceKlass org/springframework/data/redis/connection/RedisStreamCommands
instanceKlass org/springframework/data/redis/connection/RedisServerCommands
instanceKlass org/springframework/data/redis/connection/RedisConnectionCommands
instanceKlass org/springframework/data/redis/connection/RedisPubSubCommands
instanceKlass org/springframework/data/redis/connection/RedisTxCommands
instanceKlass org/springframework/data/redis/connection/RedisHashCommands
instanceKlass org/springframework/data/redis/connection/RedisZSetCommands
instanceKlass org/springframework/data/redis/connection/RedisSetCommands
instanceKlass org/springframework/data/redis/connection/RedisListCommands
instanceKlass org/springframework/data/redis/connection/RedisStringCommands
instanceKlass org/springframework/data/redis/connection/RedisKeyCommands
instanceKlass org/apache/commons/pool2/BaseObject
instanceKlass org/apache/commons/pool2/UsageTracking
instanceKlass org/apache/commons/pool2/impl/GenericObjectPoolMXBean
instanceKlass org/apache/commons/pool2/ObjectPool
instanceKlass io/lettuce/core/AbstractRedisClient
instanceKlass org/mybatis/spring/boot/autoconfigure/MybatisAutoConfiguration$AutoConfiguredMapperScannerRegistrar
instanceKlass com/baomidou/mybatisplus/autoconfigure/MybatisPlusAutoConfiguration$AutoConfiguredMapperScannerRegistrar
instanceKlass org/springframework/boot/autoconfigure/jdbc/DataSourceInitializationConfiguration$Registrar
instanceKlass com/zaxxer/hikari/HikariConfig
instanceKlass com/zaxxer/hikari/HikariConfigMXBean
instanceKlass org/springframework/boot/jdbc/DataSourceBuilder
instanceKlass org/springframework/boot/autoconfigure/condition/AbstractNestedCondition$MemberOutcomes
instanceKlass org/springframework/boot/autoconfigure/condition/AbstractNestedCondition$MemberConditions$$Lambda$225
instanceKlass org/springframework/boot/autoconfigure/condition/AbstractNestedCondition$MemberMatchOutcomes
instanceKlass org/springframework/boot/autoconfigure/condition/AbstractNestedCondition$MemberConditions
instanceKlass org/springframework/web/bind/annotation/PostMapping
instanceKlass sun/misc/URLClassPath$JarLoader$3
instanceKlass org/springframework/boot/autoconfigure/web/ResourceProperties$Chain
instanceKlass org/springframework/boot/autoconfigure/web/ConditionalOnEnabledResourceChain
instanceKlass org/apache/jasper/compiler/JspConfig
instanceKlass org/springframework/boot/autoconfigure/web/servlet/JspTemplateAvailabilityProvider
instanceKlass org/springframework/boot/autoconfigure/thymeleaf/ThymeleafTemplateAvailabilityProvider
instanceKlass org/springframework/boot/autoconfigure/mustache/MustacheTemplateAvailabilityProvider
instanceKlass org/springframework/boot/autoconfigure/template/PathBasedTemplateAvailabilityProvider$TemplateAvailabilityProperties
instanceKlass org/springframework/boot/autoconfigure/template/PathBasedTemplateAvailabilityProvider
instanceKlass org/springframework/boot/autoconfigure/template/TemplateAvailabilityProviders$NoTemplateAvailabilityProvider
instanceKlass org/springframework/boot/autoconfigure/template/TemplateAvailabilityProvider
instanceKlass org/springframework/boot/autoconfigure/template/TemplateAvailabilityProviders
instanceKlass org/springframework/boot/autoconfigure/condition/OnPropertyCondition$Spec
instanceKlass org/springframework/boot/autoconfigure/condition/OnPropertyCondition$$Lambda$224
instanceKlass org/springframework/boot/autoconfigure/validation/PrimaryDefaultValidatorPostProcessor
instanceKlass springfox/documentation/swagger/web/ApiResourceController
instanceKlass springfox/documentation/swagger/web/InMemorySwaggerResourcesProvider
instanceKlass springfox/documentation/swagger/web/SwaggerResourcesProvider
instanceKlass com/google/common/base/Supplier
instanceKlass springfox/documentation/swagger/web/ClassOrApiAnnotationResourceGrouping
instanceKlass springfox/documentation/spi/service/ResourceGroupingStrategy
instanceKlass springfox/documentation/swagger/web/SwaggerApiListingReader
instanceKlass springfox/documentation/swagger/readers/parameter/SwaggerExpandedParameterBuilder
instanceKlass springfox/documentation/swagger/readers/parameter/ApiParamParameterBuilder
instanceKlass springfox/documentation/swagger/readers/operation/SwaggerOperationTagsReader
instanceKlass springfox/documentation/swagger/readers/operation/OperationNotesReader
instanceKlass springfox/documentation/swagger/readers/operation/OperationPositionReader
instanceKlass springfox/documentation/swagger/readers/operation/OperationNicknameIntoUniqueIdReader
instanceKlass springfox/documentation/swagger/readers/operation/SwaggerResponseMessageReader
instanceKlass springfox/documentation/swagger/readers/operation/OperationSummaryReader
instanceKlass springfox/documentation/swagger/readers/operation/OperationHiddenReader
instanceKlass springfox/documentation/swagger/readers/operation/OperationAuthReader
instanceKlass springfox/documentation/swagger/readers/operation/OperationImplicitParametersReader
instanceKlass springfox/documentation/swagger/readers/operation/OperationHttpMethodReader
instanceKlass springfox/documentation/swagger/readers/operation/SwaggerMediaTypeReader
instanceKlass springfox/documentation/swagger/readers/operation/SwaggerOperationModelsProvider
instanceKlass springfox/documentation/swagger/readers/operation/SwaggerOperationResponseClassReader
instanceKlass springfox/documentation/swagger/readers/operation/VendorExtensionsReader
instanceKlass springfox/documentation/swagger/readers/operation/OperationImplicitParameterReader
instanceKlass springfox/documentation/swagger/schema/ApiModelBuilder
instanceKlass springfox/documentation/schema/DefaultTypeNameProvider
instanceKlass springfox/documentation/spi/schema/TypeNameProviderPlugin
instanceKlass springfox/documentation/swagger/schema/ApiModelPropertyPropertyBuilder
instanceKlass springfox/documentation/schema/DefaultModelProvider
instanceKlass springfox/documentation/schema/JacksonEnumTypeDeterminer
instanceKlass springfox/documentation/spi/schema/EnumTypeDeterminer
instanceKlass springfox/documentation/schema/DefaultModelDependencyProvider
instanceKlass springfox/documentation/schema/CachingModelProvider
instanceKlass springfox/documentation/schema/ModelProvider
instanceKlass springfox/documentation/schema/property/FactoryMethodProvider
instanceKlass springfox/documentation/schema/property/OptimizedModelPropertiesProvider
instanceKlass springfox/documentation/schema/property/XmlPropertyPlugin
instanceKlass springfox/documentation/spi/schema/ModelPropertyBuilderPlugin
instanceKlass springfox/documentation/schema/property/field/FieldProvider
instanceKlass springfox/documentation/schema/property/bean/AccessorsProvider
instanceKlass springfox/documentation/schema/property/ObjectMapperBeanPropertyNamingStrategy
instanceKlass springfox/documentation/schema/property/BeanPropertyNamingStrategy
instanceKlass springfox/documentation/schema/property/CachingModelPropertiesProvider
instanceKlass springfox/documentation/schema/property/ModelPropertiesProvider
instanceKlass springfox/documentation/schema/plugins/SchemaPluginsManager
instanceKlass springfox/documentation/schema/plugins/XmlModelPlugin
instanceKlass springfox/documentation/schema/plugins/PropertyDiscriminatorBasedInheritancePlugin
instanceKlass springfox/documentation/spi/schema/ModelBuilderPlugin
instanceKlass springfox/documentation/schema/TypeNameExtractor
instanceKlass springfox/documentation/schema/CachingModelDependencyProvider
instanceKlass springfox/documentation/schema/ModelDependencyProvider
instanceKlass springfox/documentation/spring/web/paths/OperationPathDecorator
instanceKlass springfox/documentation/spring/web/paths/PathSanitizer
instanceKlass springfox/documentation/spring/web/paths/PathMappingDecorator
instanceKlass springfox/documentation/spring/web/paths/QueryStringUriTemplateDecorator
instanceKlass springfox/documentation/service/PathDecorator
instanceKlass springfox/documentation/spring/web/plugins/DocumentationPluginsManager
instanceKlass springfox/documentation/spring/web/plugins/WebMvcRequestHandlerProvider
instanceKlass springfox/documentation/spi/service/RequestHandlerProvider
instanceKlass springfox/documentation/spring/web/plugins/DocumentationPluginsBootstrapper
instanceKlass springfox/documentation/spring/web/readers/parameter/ExpandedParameterBuilder
instanceKlass springfox/documentation/spi/service/ExpandedParameterBuilderPlugin
instanceKlass springfox/documentation/spring/web/readers/parameter/ParameterNameReader
instanceKlass springfox/documentation/spring/web/readers/parameter/ParameterDefaultReader
instanceKlass springfox/documentation/spring/web/readers/parameter/ParameterDataTypeReader
instanceKlass springfox/documentation/spring/web/readers/parameter/ParameterRequiredReader
instanceKlass springfox/documentation/spring/web/readers/parameter/ParameterTypeReader
instanceKlass springfox/documentation/spring/web/readers/parameter/ModelAttributeParameterExpander
instanceKlass springfox/documentation/spring/web/readers/parameter/ParameterMultiplesReader
instanceKlass springfox/documentation/spi/service/ParameterBuilderPlugin
instanceKlass springfox/documentation/spring/web/readers/operation/CachingOperationNameGenerator
instanceKlass springfox/documentation/OperationNameGenerator
instanceKlass springfox/documentation/spring/web/readers/operation/OperationResponseClassReader
instanceKlass springfox/documentation/spring/web/readers/operation/AbstractOperationParameterRequestConditionReader
instanceKlass springfox/documentation/spring/web/readers/operation/DefaultOperationReader
instanceKlass springfox/documentation/spring/web/readers/operation/ApiOperationReader
instanceKlass springfox/documentation/spring/web/readers/operation/OperationTagsReader
instanceKlass springfox/documentation/spring/web/readers/operation/DefaultTagsProvider
instanceKlass springfox/documentation/spring/web/readers/operation/OperationParameterReader
instanceKlass springfox/documentation/spring/web/readers/operation/ResponseMessagesReader
instanceKlass springfox/documentation/spring/web/readers/operation/OperationDeprecatedReader
instanceKlass springfox/documentation/spring/web/readers/operation/OperationModelsProvider
instanceKlass springfox/documentation/spi/service/OperationModelsProviderPlugin
instanceKlass springfox/documentation/spring/web/scanners/ApiDescriptionLookup
instanceKlass springfox/documentation/spring/web/scanners/ApiModelReader
instanceKlass springfox/documentation/spring/web/scanners/ApiListingScanner
instanceKlass springfox/documentation/spring/web/scanners/MediaTypeReader
instanceKlass springfox/documentation/spi/service/OperationBuilderPlugin
instanceKlass springfox/documentation/spring/web/scanners/CachingOperationReader
instanceKlass springfox/documentation/spring/web/readers/operation/OperationReader
instanceKlass springfox/documentation/spring/web/scanners/ApiListingReader
instanceKlass springfox/documentation/spi/service/ApiListingBuilderPlugin
instanceKlass org/springframework/plugin/core/Plugin
instanceKlass springfox/documentation/spring/web/scanners/ApiDescriptionReader
instanceKlass springfox/documentation/spring/web/scanners/ApiDocumentationScanner
instanceKlass springfox/documentation/spring/web/scanners/ApiListingReferenceScanner
instanceKlass springfox/documentation/swagger2/mappers/SecurityMapper
instanceKlass springfox/documentation/swagger2/mappers/LicenseMapper
instanceKlass springfox/documentation/swagger2/mappers/ModelMapper
instanceKlass springfox/documentation/swagger2/mappers/ParameterMapper
instanceKlass springfox/documentation/swagger2/mappers/VendorExtensionsMapper
instanceKlass springfox/documentation/swagger2/mappers/ServiceModelToSwagger2Mapper
instanceKlass com/zbkj/common/utils/ValidateCodeUtil
instanceKlass com/zbkj/common/utils/SpringUtil
instanceKlass com/zbkj/common/utils/RestTemplateUtil
instanceKlass com/zbkj/common/utils/RedisUtil
instanceKlass com/zbkj/common/utils/QRCodeUtil
instanceKlass com/zbkj/common/utils/ImageMergeUtil
instanceKlass com/zbkj/common/token/FrontTokenComponent
instanceKlass com/zbkj/common/result/ResultAdvice
instanceKlass org/springframework/web/servlet/mvc/method/annotation/ResponseBodyAdvice
instanceKlass com/zbkj/common/interceptor/ResultInterceptor
instanceKlass org/springframework/web/servlet/HandlerInterceptor
instanceKlass com/zbkj/common/filter/LedgerReportFilter
instanceKlass com/zbkj/common/config/RedisConfig
instanceKlass com/zbkj/common/config/CrmebConfig
instanceKlass com/zbkj/service/util/feiEYun
instanceKlass com/zbkj/service/util/ProductUtils
instanceKlass com/zbkj/service/util/PrintUtil
instanceKlass com/zbkj/service/util/OnePassUtil
instanceKlass com/zbkj/service/service/impl/WechatVideoSpuServiceImpl
instanceKlass com/zbkj/service/service/WechatVideoSpuService
instanceKlass com/zbkj/service/service/impl/WechatVideoShopServiceImpl
instanceKlass com/zbkj/service/service/WechatVideoShopService
instanceKlass com/zbkj/service/service/impl/WechatVideoOrderServiceImpl
instanceKlass com/zbkj/service/service/WechatVideoOrderService
instanceKlass com/zbkj/service/service/impl/WechatVideoDeliveryServiceImpl
instanceKlass com/zbkj/service/service/WechatVideoDeliveryService
instanceKlass com/zbkj/service/service/impl/WechatVideoBeforeServiceImpl
instanceKlass com/zbkj/service/service/WechatVideoBeforeService
instanceKlass com/zbkj/service/service/impl/WechatVideoAftersaleServiceImpl
instanceKlass com/zbkj/service/service/WechatVideoAftersaleService
instanceKlass com/zbkj/service/service/WechatUrlLinkRecordService
instanceKlass com/zbkj/service/service/impl/WechatServiceImpl
instanceKlass com/zbkj/service/service/WechatService
instanceKlass com/zbkj/service/service/WechatReplyService
instanceKlass com/zbkj/service/service/WechatPayInfoService
instanceKlass com/zbkj/service/service/impl/WechatOrderShippingServiceImpl
instanceKlass com/zbkj/service/service/WechatOrderShippingService
instanceKlass com/zbkj/service/service/impl/WechatMediaServiceImpl
instanceKlass com/zbkj/service/service/WechatMediaService
instanceKlass com/zbkj/service/service/WechatLiveRoomService
instanceKlass com/zbkj/service/service/impl/WechatLiveRoleServiceImpl
instanceKlass com/zbkj/service/service/WechatLiveRoleService
instanceKlass com/zbkj/service/service/WechatLiveGoodsService
instanceKlass com/zbkj/service/service/WechatLiveAssistantService
instanceKlass com/zbkj/service/service/WechatExceptionsService
instanceKlass com/zbkj/service/service/WechatCallbackService
instanceKlass com/zbkj/service/service/UserVisitRecordService
instanceKlass com/zbkj/service/service/UserTokenService
instanceKlass com/zbkj/service/service/UserTagService
instanceKlass com/zbkj/service/service/UserSignRecordService
instanceKlass com/zbkj/service/service/UserService
instanceKlass com/zbkj/service/service/UserMerchantCollectService
instanceKlass com/zbkj/service/service/UserLevelService
instanceKlass com/zbkj/service/service/UserIntegralRecordService
instanceKlass com/zbkj/service/service/UserExperienceRecordService
instanceKlass com/zbkj/service/service/impl/UserDetailServiceImpl
instanceKlass org/springframework/security/core/userdetails/UserDetailsService
instanceKlass com/zbkj/service/service/UserClosingService
instanceKlass com/zbkj/service/service/UserBrokerageRecordService
instanceKlass com/zbkj/service/service/UserBillService
instanceKlass com/zbkj/service/service/UserBalanceRecordService
instanceKlass com/zbkj/service/service/UserAddressService
instanceKlass com/zbkj/service/service/impl/UploadServiceImpl
instanceKlass com/zbkj/service/service/UploadService
instanceKlass com/zbkj/service/service/TradingDayRecordService
instanceKlass com/zbkj/service/service/TemplateMessageService
instanceKlass com/zbkj/service/service/SystemUserLevelService
instanceKlass com/zbkj/service/service/SystemRoleService
instanceKlass com/zbkj/service/service/SystemRoleMenuService
instanceKlass com/zbkj/service/service/SystemNotificationService
instanceKlass com/zbkj/service/service/SystemMenuService
instanceKlass com/zbkj/service/service/SystemLanguageService
instanceKlass com/zbkj/service/service/SystemGroupService
instanceKlass com/zbkj/service/service/SystemGroupDataService
instanceKlass com/zbkj/service/service/SystemFormTempService
instanceKlass com/zbkj/service/service/SystemFormService
instanceKlass com/zbkj/service/service/SystemFormDataRecordService
instanceKlass com/zbkj/service/service/SystemConfigService
instanceKlass com/zbkj/service/service/SystemAttachmentService
instanceKlass com/zbkj/service/service/SystemAdminService
instanceKlass com/zbkj/service/service/SummaryFinancialStatementsService
instanceKlass com/zbkj/service/service/impl/StatisticsTaskServiceImpl
instanceKlass com/zbkj/service/service/StatisticsTaskService
instanceKlass com/zbkj/service/service/SmsTemplateService
instanceKlass com/zbkj/service/service/impl/SignServiceImpl
instanceKlass com/zbkj/service/service/SignService
instanceKlass com/zbkj/service/service/SignConfigService
instanceKlass com/zbkj/service/service/ShoppingProductDayRecordService
instanceKlass com/zbkj/service/service/ShippingTemplatesService
instanceKlass com/zbkj/service/service/ShippingTemplatesRegionService
instanceKlass com/zbkj/service/service/ShippingTemplatesFreeService
instanceKlass com/zbkj/service/service/SensitiveMethodLogService
instanceKlass com/zbkj/service/service/SeckillTimeIntervalService
instanceKlass com/zbkj/service/service/SeckillProductService
instanceKlass com/zbkj/service/service/SeckillActivityTimeService
instanceKlass com/zbkj/service/service/SeckillActivityService
instanceKlass com/zbkj/service/service/impl/SafetyServiceImpl
instanceKlass com/zbkj/service/service/SafetyService
instanceKlass com/zbkj/service/service/impl/RetailStoreServiceImpl
instanceKlass com/zbkj/service/service/RetailStoreService
instanceKlass com/zbkj/service/service/RefundOrderStatusService
instanceKlass com/zbkj/service/service/RefundOrderService
instanceKlass com/zbkj/service/service/RefundOrderManagerService
instanceKlass com/zbkj/service/service/RefundOrderInfoService
instanceKlass com/zbkj/service/service/RefundOrderEmployeeService
instanceKlass com/zbkj/service/service/RechargeOrderService
instanceKlass com/zbkj/service/service/impl/QrCodeServiceImpl
instanceKlass com/zbkj/service/service/QrCodeService
instanceKlass com/zbkj/service/service/impl/QiNiuServiceImpl
instanceKlass com/zbkj/service/service/QiNiuService
instanceKlass com/zbkj/service/service/ProductTagService
instanceKlass com/zbkj/service/service/ProductService
instanceKlass com/zbkj/service/service/ProductRuleService
instanceKlass com/zbkj/service/service/ProductReplyService
instanceKlass com/zbkj/service/service/ProductRelationService
instanceKlass com/zbkj/service/service/impl/ProductManagerServiceImpl
instanceKlass com/zbkj/service/service/ProductManagerService
instanceKlass com/zbkj/service/service/ProductGuaranteeService
instanceKlass com/zbkj/service/service/ProductGuaranteeGroupService
instanceKlass com/zbkj/service/service/impl/ProductEmployeeServiceImpl
instanceKlass com/zbkj/service/service/ProductEmployeeService
instanceKlass com/zbkj/service/service/ProductDescriptionService
instanceKlass com/zbkj/service/service/ProductDayRecordService
instanceKlass com/zbkj/service/service/ProductCouponService
instanceKlass com/zbkj/service/service/ProductCategoryService
instanceKlass com/zbkj/service/service/ProductBrandService
instanceKlass com/zbkj/service/service/ProductBrandCategoryService
instanceKlass com/zbkj/service/service/ProductAttributeService
instanceKlass com/zbkj/service/service/ProductAttributeOptionService
instanceKlass com/zbkj/service/service/ProductAttrValueService
instanceKlass com/zbkj/service/service/ProductAttrService
instanceKlass com/zbkj/service/service/PlatformMonthStatementService
instanceKlass com/zbkj/service/service/PlatformDailyStatementService
instanceKlass com/zbkj/service/service/impl/PayServiceImpl
instanceKlass com/zbkj/service/service/PayService
instanceKlass com/zbkj/service/service/impl/PayComponentShopServiceImpl
instanceKlass com/zbkj/service/service/PayComponentShopService
instanceKlass com/zbkj/service/service/PayComponentShopBrandService
instanceKlass com/zbkj/service/service/PayComponentProductSkuService
instanceKlass com/zbkj/service/service/PayComponentProductSkuAttrService
instanceKlass com/zbkj/service/service/PayComponentProductService
instanceKlass com/zbkj/service/service/PayComponentProductInfoService
instanceKlass com/zbkj/service/service/PayComponentProductAuditInfoService
instanceKlass com/zbkj/service/service/PayComponentOrderService
instanceKlass com/zbkj/service/service/PayComponentOrderProductService
instanceKlass com/zbkj/service/service/PayComponentDraftProductService
instanceKlass com/zbkj/service/service/PayComponentDeliveryCompanyService
instanceKlass com/zbkj/service/service/PayComponentCatService
instanceKlass com/zbkj/service/service/PayComponentBrandService
instanceKlass com/zbkj/service/service/impl/PayCallbackServiceImpl
instanceKlass com/zbkj/service/service/PayCallbackService
instanceKlass com/zbkj/service/service/impl/PaidMemberServiceImpl
instanceKlass com/zbkj/service/service/PaidMemberService
instanceKlass com/zbkj/service/service/PaidMemberOrderService
instanceKlass com/zbkj/service/service/PaidMemberCardService
instanceKlass com/zbkj/service/service/PageLinkService
instanceKlass com/zbkj/service/service/impl/PageLayoutServiceImpl
instanceKlass com/zbkj/service/service/PageLayoutService
instanceKlass com/zbkj/service/service/PageDiyService
instanceKlass com/zbkj/service/service/PageCategoryService
instanceKlass com/zbkj/service/service/impl/OssServiceImpl
instanceKlass com/zbkj/service/service/OssService
instanceKlass com/zbkj/service/service/impl/OrderTaskServiceImpl
instanceKlass com/zbkj/service/service/OrderTaskService
instanceKlass com/zbkj/service/service/OrderStatusService
instanceKlass com/zbkj/service/service/OrderService
instanceKlass com/zbkj/service/service/OrderProfitSharingService
instanceKlass com/zbkj/service/service/OrderInvoiceService
instanceKlass com/zbkj/service/service/OrderInvoiceDetailService
instanceKlass com/zbkj/service/service/OrderDetailService
instanceKlass com/zbkj/service/service/impl/OnePassSmsServiceImpl
instanceKlass com/zbkj/service/service/SmsService
instanceKlass com/zbkj/service/service/OnePassSmsService
instanceKlass com/zbkj/service/service/impl/OnePassServiceImpl
instanceKlass com/zbkj/service/service/OnePassService
instanceKlass com/zbkj/service/service/MerchantTypeService
instanceKlass com/zbkj/service/service/MerchantService
instanceKlass com/zbkj/service/service/MerchantProductGuaranteeGroupService
instanceKlass com/zbkj/service/service/MerchantProductCategoryService
instanceKlass com/zbkj/service/service/MerchantPrintService
instanceKlass com/zbkj/service/service/MerchantOrderService
instanceKlass com/zbkj/service/service/MerchantMonthStatementService
instanceKlass com/zbkj/service/service/MerchantInfoService
instanceKlass com/zbkj/service/service/MerchantExpressService
instanceKlass com/zbkj/service/service/MerchantExpressManagerService
instanceKlass com/zbkj/service/service/MerchantEmployeeService
instanceKlass com/zbkj/service/service/MerchantElectService
instanceKlass com/zbkj/service/service/MerchantDeliveryPersonnelService
instanceKlass com/zbkj/service/service/MerchantDayRecordService
instanceKlass com/zbkj/service/service/MerchantDailyStatementService
instanceKlass com/zbkj/service/service/MerchantClosingRecordService
instanceKlass com/zbkj/service/service/MerchantCategoryService
instanceKlass com/zbkj/service/service/MerchantBillService
instanceKlass com/zbkj/service/service/MerchantBalanceRecordService
instanceKlass com/zbkj/service/service/MerchantApplyService
instanceKlass com/zbkj/service/service/MerchantAddressService
instanceKlass com/zbkj/service/service/MerchantAddressManagerService
instanceKlass com/zbkj/service/service/impl/LogisticsServiceImpl
instanceKlass com/zbkj/service/service/LogisticService
instanceKlass com/zbkj/service/service/impl/JdCloudServiceImpl
instanceKlass com/zbkj/service/service/JdCloudService
instanceKlass com/zbkj/service/service/impl/IntegralShoppingServiceImpl
instanceKlass com/zbkj/service/service/IntegralShoppingService
instanceKlass com/zbkj/service/service/impl/HomeServiceImpl
instanceKlass com/zbkj/service/service/HomeService
instanceKlass com/zbkj/service/service/GroupConfigService
instanceKlass com/zbkj/service/service/ExpressService
instanceKlass com/zbkj/service/service/impl/ExportServiceImpl
instanceKlass com/zbkj/service/service/ExportService
instanceKlass com/zbkj/service/service/ExceptionLogService
instanceKlass com/zbkj/service/service/EmployeeMerchantExpressService
instanceKlass com/zbkj/service/service/EmployeeAddressService
instanceKlass com/zbkj/service/service/CouponUserService
instanceKlass com/zbkj/service/service/CouponService
instanceKlass com/zbkj/service/service/CouponProductService
instanceKlass com/zbkj/service/service/impl/CosServiceImpl
instanceKlass com/zbkj/service/service/CosService
instanceKlass com/zbkj/service/service/CommunityTopicService
instanceKlass com/zbkj/service/service/CommunityReplyService
instanceKlass com/zbkj/service/service/CommunityReplyLikeService
instanceKlass com/zbkj/service/service/CommunityNotesService
instanceKlass com/zbkj/service/service/CommunityNotesRelationService
instanceKlass com/zbkj/service/service/CommunityNotesProductService
instanceKlass com/zbkj/service/service/CommunityCategoryService
instanceKlass com/zbkj/service/service/CommunityAuthorConcernedService
instanceKlass com/zbkj/service/service/CityRegionService
instanceKlass com/zbkj/service/service/CdkeyLibraryService
instanceKlass com/zbkj/service/service/CategoryService
instanceKlass com/zbkj/service/service/CartService
instanceKlass com/zbkj/service/service/CardSecretService
instanceKlass com/zbkj/service/service/BrowseRecordService
instanceKlass com/zbkj/service/service/BillService
instanceKlass com/zbkj/service/service/impl/AsyncServiceImpl
instanceKlass com/zbkj/service/service/AsyncService
instanceKlass com/zbkj/service/service/ArticleService
instanceKlass com/zbkj/service/service/ArticleCategoryService
instanceKlass com/zbkj/service/service/impl/AliPayServiceImpl
instanceKlass com/zbkj/service/service/AliPayService
instanceKlass com/zbkj/service/service/AliPayInfoService
instanceKlass com/zbkj/service/service/AliPayCallbackService
instanceKlass com/zbkj/service/service/ActivityStyleService
instanceKlass com/zbkj/service/service/groupbuy/GroupBuyUserService
instanceKlass com/zbkj/service/service/groupbuy/GroupBuyRecordService
instanceKlass com/zbkj/service/service/groupbuy/GroupBuyActivitySkuService
instanceKlass com/zbkj/service/service/groupbuy/GroupBuyActivityService
instanceKlass com/zbkj/service/exception/GlobalExceptionHandler
instanceKlass com/zbkj/admin/task/wechat/shipping/WechatShippingRechargeTask
instanceKlass com/zbkj/admin/task/wechat/live/AsyncWechatLiveRoomTask
instanceKlass com/zbkj/admin/task/wechat/live/AsyncWechatLiveGoodsTask
instanceKlass com/zbkj/admin/task/user/MemberExpirationTask
instanceKlass com/zbkj/admin/task/user/BirthdayPresentTask
instanceKlass com/zbkj/admin/task/statistics/SummaryFinancialTask
instanceKlass com/zbkj/admin/task/statistics/StatisticsTask
instanceKlass com/zbkj/admin/task/statistics/StatementTask
instanceKlass com/zbkj/admin/task/order/RefundOrderAutoRevokeTask
instanceKlass com/zbkj/admin/task/order/RefundOrderAliPayQueryTask
instanceKlass com/zbkj/admin/task/order/OrderRefundTask
instanceKlass com/zbkj/admin/task/order/OrderRefundForGroupBuyTask
instanceKlass com/zbkj/admin/task/order/OrderReceiptTask
instanceKlass com/zbkj/admin/task/order/OrderPaySuccessTask
instanceKlass com/zbkj/admin/task/order/OrderCancelTask
instanceKlass com/zbkj/admin/task/order/OrderAutoReceiptTask
instanceKlass com/zbkj/admin/task/order/OrderAutoCompleteTask
instanceKlass com/zbkj/admin/task/order/OrderAutoCancelTask
instanceKlass com/zbkj/admin/task/merchant/MerchantBalanceFrozenTask
instanceKlass com/zbkj/admin/task/log/AutoDeleteLogTask
instanceKlass com/zbkj/admin/task/integral/IntegralFrozenTask
instanceKlass com/zbkj/admin/task/coupon/CouponOverdueTask
instanceKlass com/zbkj/admin/task/brokerage/BrokerageFrozenTask
instanceKlass com/zbkj/admin/service/impl/WeChatMiniCodeDownloadServiceImpl
instanceKlass com/zbkj/admin/service/WechatMiniCodeDownloadService
instanceKlass com/zbkj/admin/service/impl/WeChatMessageServiceImpl
instanceKlass com/zbkj/admin/service/WechatMessageService
instanceKlass com/zbkj/admin/service/impl/ValidateCodeServiceImpl
instanceKlass com/zbkj/admin/service/ValidateCodeService
instanceKlass com/zbkj/admin/service/impl/UserStatisticsServiceImpl
instanceKlass com/zbkj/admin/service/UserStatisticsService
instanceKlass com/zbkj/admin/service/impl/SeckillServiceImpl
instanceKlass com/zbkj/admin/service/SeckillService
instanceKlass com/zbkj/admin/service/ScheduleJobService
instanceKlass com/baomidou/mybatisplus/extension/service/impl/ServiceImpl
instanceKlass com/zbkj/admin/service/ScheduleJobLogService
instanceKlass com/baomidou/mybatisplus/extension/service/IService
instanceKlass com/zbkj/admin/service/impl/PcShoppingServiceImpl
instanceKlass com/zbkj/admin/service/PcShoppingService
instanceKlass com/zbkj/admin/service/impl/MerchantOrderManagerServiceImpl
instanceKlass com/zbkj/admin/service/MerchantOrderManagerService
instanceKlass com/zbkj/admin/service/impl/MarketingActivityServiceImpl
instanceKlass com/zbkj/admin/service/MarketingActivityService
instanceKlass com/zbkj/admin/service/impl/IntegralServiceImpl
instanceKlass com/zbkj/admin/service/IntegralService
instanceKlass com/zbkj/admin/service/impl/FinanceServiceImpl
instanceKlass com/zbkj/admin/service/FinanceService
instanceKlass com/zbkj/admin/service/impl/CopyrightServiceImpl
instanceKlass com/zbkj/admin/service/CopyrightService
instanceKlass com/zbkj/admin/service/impl/CommunityServiceImpl
instanceKlass com/zbkj/admin/service/CommunityService
instanceKlass com/zbkj/admin/service/impl/AdminLoginServiceImpl
instanceKlass com/zbkj/admin/service/AdminLoginService
instanceKlass com/zbkj/admin/service/impl/AdminHomeServiceImpl
instanceKlass com/zbkj/admin/service/AdminHomeService
instanceKlass com/zbkj/admin/service/impl/ActionServiceImpl
instanceKlass com/zbkj/admin/service/ActionService
instanceKlass com/zbkj/admin/quartz/SysJobListener
instanceKlass com/zbkj/admin/quartz/ScheduleManager
instanceKlass com/zbkj/admin/manager/CustomAuthenticationProvider
instanceKlass org/springframework/security/authentication/AuthenticationProvider
instanceKlass com/zbkj/admin/manager/CustomAccessDeniedHandler
instanceKlass org/springframework/security/web/access/AccessDeniedHandler
instanceKlass com/zbkj/admin/manager/CusAuthenticationManager
instanceKlass com/zbkj/admin/manager/AuthenticationEntryPointImpl
instanceKlass org/springframework/security/web/AuthenticationEntryPoint
instanceKlass com/zbkj/admin/filter/TokenComponent
instanceKlass com/zbkj/admin/controller/publicly/WechatMiniCommonController
instanceKlass com/zbkj/admin/controller/publicly/WechatCallbackController
instanceKlass com/zbkj/admin/controller/publicly/WeChatMessageController
instanceKlass com/zbkj/admin/controller/publicly/ValidateCodeController
instanceKlass com/zbkj/admin/controller/publicly/SafetyController
instanceKlass com/zbkj/admin/controller/publicly/PubliclyLanguageController
instanceKlass com/zbkj/admin/controller/publicly/PubliclyConfigController
instanceKlass com/zbkj/admin/controller/publicly/PayCallbackController
instanceKlass com/zbkj/admin/controller/publicly/CacheController
instanceKlass com/zbkj/admin/controller/platform/groupbuy/PlatGroupBuyRecordController
instanceKlass com/zbkj/admin/controller/platform/groupbuy/PlatGroupBuyActivityController
instanceKlass com/zbkj/admin/controller/platform/WechatUrlLinkController
instanceKlass com/zbkj/admin/controller/platform/WechatReplyController
instanceKlass com/zbkj/admin/controller/platform/WechatMiniCodeDownloadController
instanceKlass com/zbkj/admin/controller/platform/WechatController
instanceKlass com/zbkj/admin/controller/platform/TemplateMessageController
instanceKlass com/zbkj/admin/controller/platform/SystemUserLevelController
instanceKlass com/zbkj/admin/controller/platform/SystemNotificationController
instanceKlass com/zbkj/admin/controller/platform/SystemGroupDataController
instanceKlass com/zbkj/admin/controller/platform/SystemGroupController
instanceKlass com/zbkj/admin/controller/platform/SystemFormTempController
instanceKlass com/zbkj/admin/controller/platform/SystemConfigController
instanceKlass com/zbkj/admin/controller/platform/SignController
instanceKlass com/zbkj/admin/controller/platform/SeckillController
instanceKlass com/zbkj/admin/controller/platform/ScheduleJobController
instanceKlass com/zbkj/admin/controller/platform/RetailStoreController
instanceKlass com/zbkj/admin/controller/platform/RechargeOrderController
instanceKlass com/zbkj/admin/controller/platform/ProductTagController
instanceKlass com/zbkj/admin/controller/platform/ProductReplyController
instanceKlass com/zbkj/admin/controller/platform/ProductGuaranteeController
instanceKlass com/zbkj/admin/controller/platform/ProductController
instanceKlass com/zbkj/admin/controller/platform/ProductCategoryController
instanceKlass com/zbkj/admin/controller/platform/ProductBrandController
instanceKlass com/zbkj/admin/controller/platform/PlatformWechatLiveRoomController
instanceKlass com/zbkj/admin/controller/platform/PlatformWechatLiveGoodsController
instanceKlass com/zbkj/admin/controller/platform/PlatformUserTagController
instanceKlass com/zbkj/admin/controller/platform/PlatformUserController
instanceKlass com/zbkj/admin/controller/platform/PlatformUploadController
instanceKlass com/zbkj/admin/controller/platform/PlatformRoleController
instanceKlass com/zbkj/admin/controller/platform/PlatformRefundOrderController
instanceKlass com/zbkj/admin/controller/platform/PlatformOrderController
instanceKlass com/zbkj/admin/controller/platform/PlatformMerchantMenuController
instanceKlass com/zbkj/admin/controller/platform/PlatformMenuController
instanceKlass com/zbkj/admin/controller/platform/PlatformLoginController
instanceKlass com/zbkj/admin/controller/platform/PlatformLogController
instanceKlass com/zbkj/admin/controller/platform/PlatformExportController
instanceKlass com/zbkj/admin/controller/platform/PlatformCouponController
instanceKlass com/zbkj/admin/controller/platform/PlatformBaseCategoryController
instanceKlass com/zbkj/admin/controller/platform/PlatformAttachmentController
instanceKlass com/zbkj/admin/controller/platform/PlatformAdminController
instanceKlass com/zbkj/admin/controller/platform/PcShoppingController
instanceKlass com/zbkj/admin/controller/platform/PayComponentShopController
instanceKlass com/zbkj/admin/controller/platform/PayComponentRegisterController
instanceKlass com/zbkj/admin/controller/platform/PayComponentProductSkuController
instanceKlass com/zbkj/admin/controller/platform/PayComponentProductSkuAttrController
instanceKlass com/zbkj/admin/controller/platform/PayComponentProductInfoController
instanceKlass com/zbkj/admin/controller/platform/PayComponentProductController
instanceKlass com/zbkj/admin/controller/platform/PayComponentProductAuditInfoController
instanceKlass com/zbkj/admin/controller/platform/PayComponentDraftProductController
instanceKlass com/zbkj/admin/controller/platform/PayComponentDeliveryCompanyController
instanceKlass com/zbkj/admin/controller/platform/PayComponentCatController
instanceKlass com/zbkj/admin/controller/platform/PayComponentBrandController
instanceKlass com/zbkj/admin/controller/platform/PaidMemberOrderController
instanceKlass com/zbkj/admin/controller/platform/PaidMemberController
instanceKlass com/zbkj/admin/controller/platform/PageLinkController
instanceKlass com/zbkj/admin/controller/platform/PageLayoutController
instanceKlass com/zbkj/admin/controller/platform/PageDiyController
instanceKlass com/zbkj/admin/controller/platform/PageCategoryController
instanceKlass com/zbkj/admin/controller/platform/OnePassController
instanceKlass com/zbkj/admin/controller/platform/MerchantTypeController
instanceKlass com/zbkj/admin/controller/platform/MerchantController
instanceKlass com/zbkj/admin/controller/platform/MerchantCategoryController
instanceKlass com/zbkj/admin/controller/platform/MerchantApplyController
instanceKlass com/zbkj/admin/controller/platform/MarketingActivityController
instanceKlass com/zbkj/admin/controller/platform/IntegralProductController
instanceKlass com/zbkj/admin/controller/platform/IntegralOrderController
instanceKlass com/zbkj/admin/controller/platform/IntegralIntervalController
instanceKlass com/zbkj/admin/controller/platform/IntegralController
instanceKlass com/zbkj/admin/controller/platform/HomeController
instanceKlass com/zbkj/admin/controller/platform/FinanceController
instanceKlass com/zbkj/admin/controller/platform/ExpressController
instanceKlass com/zbkj/admin/controller/platform/CopyrightController
instanceKlass com/zbkj/admin/controller/platform/CommunityTopicController
instanceKlass com/zbkj/admin/controller/platform/CommunityReplyController
instanceKlass com/zbkj/admin/controller/platform/CommunityNoteController
instanceKlass com/zbkj/admin/controller/platform/CommunityController
instanceKlass com/zbkj/admin/controller/platform/CommunityCategoryController
instanceKlass com/zbkj/admin/controller/platform/CityRegionController
instanceKlass com/zbkj/admin/controller/platform/ArticleController
instanceKlass com/zbkj/admin/controller/platform/ArticleCategoryController
instanceKlass com/zbkj/admin/controller/platform/AgreementController
instanceKlass com/zbkj/admin/controller/platform/ActivityStyleController
instanceKlass com/zbkj/admin/controller/merchant/groupbuy/MerchantGroupBuyUserController
instanceKlass com/zbkj/admin/controller/merchant/groupbuy/MerchantGroupBuyRecordController
instanceKlass com/zbkj/admin/controller/merchant/groupbuy/MerchantGroupBuyActivityController
instanceKlass com/zbkj/admin/controller/merchant/ShippingTemplatesController
instanceKlass com/zbkj/admin/controller/merchant/RefundOrderController
instanceKlass com/zbkj/admin/controller/merchant/PlatProductGuaranteeController
instanceKlass com/zbkj/admin/controller/merchant/PlatProductCategoryController
instanceKlass com/zbkj/admin/controller/merchant/PlatProductBrandController
instanceKlass com/zbkj/admin/controller/merchant/PayComponentShopMerchantController
instanceKlass com/zbkj/admin/controller/merchant/PayComponentProductMerchantController
instanceKlass com/zbkj/admin/controller/merchant/PayComponentDraftMerchantProductController
instanceKlass com/zbkj/admin/controller/merchant/PayComponentDeliveryCompanyMerchantController
instanceKlass com/zbkj/admin/controller/merchant/PayComponentCatMerchantController
instanceKlass com/zbkj/admin/controller/merchant/MerchantWechatMediaController
instanceKlass com/zbkj/admin/controller/merchant/MerchantWechatLiveRoomController
instanceKlass com/zbkj/admin/controller/merchant/MerchantWechatLiveGoodsController
instanceKlass com/zbkj/admin/controller/merchant/MerchantWechatLiveAssistantController
instanceKlass com/zbkj/admin/controller/merchant/MerchantUserController
instanceKlass com/zbkj/admin/controller/merchant/MerchantUploadController
instanceKlass com/zbkj/admin/controller/merchant/MerchantSystemFormController
instanceKlass com/zbkj/admin/controller/merchant/MerchantSeckillController
instanceKlass com/zbkj/admin/controller/merchant/MerchantRoleController
instanceKlass com/zbkj/admin/controller/merchant/MerchantProductRuleController
instanceKlass com/zbkj/admin/controller/merchant/MerchantProductReplyController
instanceKlass com/zbkj/admin/controller/merchant/MerchantProductGuaranteeGroupController
instanceKlass com/zbkj/admin/controller/merchant/MerchantProductController
instanceKlass com/zbkj/admin/controller/merchant/MerchantProductCategoryController
instanceKlass com/zbkj/admin/controller/merchant/MerchantPrintController
instanceKlass com/zbkj/admin/controller/merchant/MerchantPageLinkController
instanceKlass com/zbkj/admin/controller/merchant/MerchantPageDiyController
instanceKlass com/zbkj/admin/controller/merchant/MerchantPageCategoryController
instanceKlass com/zbkj/admin/controller/merchant/MerchantOrderController
instanceKlass com/zbkj/admin/controller/merchant/MerchantMenuController
instanceKlass com/zbkj/admin/controller/merchant/MerchantLoginController
instanceKlass com/zbkj/admin/controller/merchant/MerchantLogController
instanceKlass com/zbkj/admin/controller/merchant/MerchantInfoController
instanceKlass com/zbkj/admin/controller/merchant/MerchantHomeController
instanceKlass com/zbkj/admin/controller/merchant/MerchantFormTempController
instanceKlass com/zbkj/admin/controller/merchant/MerchantFinanceController
instanceKlass com/zbkj/admin/controller/merchant/MerchantExpressController
instanceKlass com/zbkj/admin/controller/merchant/MerchantExportController
instanceKlass com/zbkj/admin/controller/merchant/MerchantEmployeeController
instanceKlass com/zbkj/admin/controller/merchant/MerchantElectController
instanceKlass com/zbkj/admin/controller/merchant/MerchantDeliveryPersonnelController
instanceKlass com/zbkj/admin/controller/merchant/MerchantCouponUserController
instanceKlass com/zbkj/admin/controller/merchant/MerchantCouponController
instanceKlass com/zbkj/admin/controller/merchant/MerchantCopyrightController
instanceKlass com/zbkj/admin/controller/merchant/MerchantConfigController
instanceKlass com/zbkj/admin/controller/merchant/MerchantCityRegionController
instanceKlass com/zbkj/admin/controller/merchant/MerchantBaseCategoryController
instanceKlass com/zbkj/admin/controller/merchant/MerchantAttachmentController
instanceKlass com/zbkj/admin/controller/merchant/MerchantAdminController
instanceKlass com/zbkj/admin/controller/merchant/MerchantAddressController
instanceKlass com/zbkj/admin/controller/merchant/CdkeyLibraryController
instanceKlass com/zbkj/admin/controller/merchant/CardSecretController
instanceKlass com/zbkj/admin/config/WxMaConfiguration
instanceKlass com/zbkj/admin/config/WebConfig
instanceKlass com/zbkj/admin/config/TaskExecutorConfig
instanceKlass com/zbkj/admin/config/SwaggerConfig
instanceKlass com/zbkj/admin/config/SchedulerConfig
instanceKlass org/springframework/scheduling/annotation/SchedulingConfigurer
instanceKlass com/zbkj/admin/config/RestTemplateConfig
instanceKlass com/zbkj/admin/config/JacksonConfig
instanceKlass com/zbkj/admin/config/DruidConfig
instanceKlass com/zbkj/admin/config/CorsConfig
instanceKlass com/zbkj/admin/aspect/SensitiveLogAspect
instanceKlass com/zbkj/admin/aspect/ControllerAspect
instanceKlass org/apache/coyote/UpgradeProtocol
instanceKlass org/springframework/boot/autoconfigure/web/servlet/ServletWebServerFactoryAutoConfiguration$BeanPostProcessorsRegistrar
instanceKlass org/springframework/boot/web/servlet/RegistrationBean
instanceKlass org/springframework/boot/web/servlet/ServletContextInitializer
instanceKlass org/springframework/boot/autoconfigure/web/servlet/ConditionalOnMissingFilterBean
instanceKlass org/apache/tomcat/websocket/server/WsSci
instanceKlass javax/servlet/ServletContainerInitializer
instanceKlass org/apache/catalina/startup/Tomcat
instanceKlass org/springframework/boot/autoconfigure/condition/ConditionalOnMissingClass
instanceKlass org/springframework/context/annotation/ConfigurationClassParser$DeferredImportSelectorGroupingHandler$$Lambda$223
instanceKlass org/springframework/boot/autoconfigure/AutoConfigurationImportSelector$AutoConfigurationGroup$$Lambda$222
instanceKlass org/springframework/context/annotation/DeferredImportSelector$Group$Entry
instanceKlass org/springframework/boot/autoconfigure/AutoConfigurationSorter$AutoConfigurationClasses$$Lambda$221
instanceKlass java/lang/invoke/LambdaForm$DMH
instanceKlass org/springframework/boot/autoconfigure/AutoConfigureOrder
instanceKlass org/springframework/boot/autoconfigure/AutoConfigurationSorter$$Lambda$220
instanceKlass org/springframework/boot/actuate/autoconfigure/health/ConditionalOnEnabledHealthIndicator
instanceKlass org/springframework/boot/autoconfigure/condition/ConditionalOnResource
instanceKlass org/springframework/boot/actuate/autoconfigure/endpoint/condition/ConditionalOnAvailableEndpoint
instanceKlass org/springframework/boot/autoconfigure/AutoConfigureBefore
instanceKlass org/springframework/boot/autoconfigure/condition/ConditionalOnMissingBean
instanceKlass org/springframework/boot/autoconfigure/AutoConfigureAfter
instanceKlass org/springframework/boot/autoconfigure/AutoConfigurationSorter$AutoConfigurationClass
instanceKlass org/springframework/boot/autoconfigure/AutoConfigurationSorter$AutoConfigurationClasses
instanceKlass org/springframework/boot/autoconfigure/AutoConfigurationSorter
instanceKlass org/springframework/boot/autoconfigure/AutoConfigurationImportSelector$AutoConfigurationGroup$$Lambda$219
instanceKlass org/springframework/boot/autoconfigure/AutoConfigurationImportSelector$AutoConfigurationGroup$$Lambda$218
instanceKlass org/springframework/boot/autoconfigure/AutoConfigurationImportSelector$AutoConfigurationGroup$$Lambda$217
instanceKlass org/springframework/boot/autoconfigure/AutoConfigurationImportSelector$AutoConfigurationGroup$$Lambda$216
instanceKlass org/springframework/boot/autoconfigure/AutoConfigurationImportSelector$AutoConfigurationGroup$$Lambda$215
instanceKlass org/springframework/boot/autoconfigure/condition/ConditionEvaluationReportAutoConfigurationImportListener
instanceKlass org/springframework/boot/autoconfigure/AutoConfigurationImportListener
instanceKlass org/springframework/security/config/annotation/ObjectPostProcessor
instanceKlass org/springframework/cache/interceptor/AbstractCacheInvoker
instanceKlass org/springframework/boot/actuate/trace/http/HttpTraceRepository
instanceKlass io/micrometer/core/instrument/Clock
instanceKlass org/springframework/boot/actuate/audit/AuditEventRepository
instanceKlass org/springframework/boot/autoconfigure/condition/ConditionalOnSingleCandidate
instanceKlass org/springframework/boot/autoconfigure/condition/ConditionalOnBean
instanceKlass org/springframework/oxm/Unmarshaller
instanceKlass org/springframework/oxm/Marshaller
instanceKlass javax/websocket/server/ServerContainer
instanceKlass javax/websocket/WebSocketContainer
instanceKlass org/springframework/web/multipart/support/StandardServletMultipartResolver
instanceKlass org/springframework/web/multipart/MultipartResolver
instanceKlass javax/servlet/MultipartConfigElement
instanceKlass org/springframework/web/filter/GenericFilterBean
instanceKlass org/springframework/http/ReactiveHttpInputMessage
instanceKlass org/springframework/http/server/reactive/HttpHandler
instanceKlass org/springframework/http/client/support/HttpAccessor
instanceKlass org/springframework/web/client/RestOperations
instanceKlass org/springframework/scheduling/TaskScheduler
instanceKlass org/springframework/util/CustomizableThreadCreator
instanceKlass java/util/concurrent/ThreadFactory
instanceKlass org/springframework/scheduling/SchedulingTaskExecutor
instanceKlass org/springframework/core/task/AsyncListenableTaskExecutor
instanceKlass org/springframework/core/task/AsyncTaskExecutor
instanceKlass org/springframework/core/task/TaskExecutor
instanceKlass org/springframework/security/authentication/ReactiveAuthenticationManager
instanceKlass org/springframework/security/web/context/AbstractSecurityWebApplicationInitializer
instanceKlass org/springframework/web/WebApplicationInitializer
instanceKlass org/springframework/security/authentication/AuthenticationManager
instanceKlass org/springframework/security/authentication/DefaultAuthenticationEventPublisher
instanceKlass org/springframework/security/authentication/AuthenticationEventPublisher
instanceKlass io/netty/buffer/AbstractByteBufAllocator
instanceKlass io/netty/buffer/ByteBufAllocator
instanceKlass io/netty/buffer/ByteBufAllocatorMetricProvider
instanceKlass org/springframework/scheduling/quartz/SchedulerAccessor
instanceKlass org/springframework/context/SmartLifecycle
instanceKlass org/springframework/context/Phased
instanceKlass org/springframework/aop/framework/ProxyConfig
instanceKlass org/quartz/Scheduler
instanceKlass javax/activation/MimeType
instanceKlass org/springframework/security/web/server/WebFilterChainProxy
instanceKlass org/springframework/web/server/WebFilter
instanceKlass javax/servlet/ServletRegistration
instanceKlass javax/servlet/Registration
instanceKlass org/springframework/security/config/annotation/web/reactive/EnableWebFluxSecurity
instanceKlass org/springframework/data/redis/connection/RedisConnectionFactory
instanceKlass org/springframework/jmx/support/MBeanRegistrationSupport
instanceKlass org/springframework/jmx/export/MBeanExportOperations
instanceKlass org/apache/catalina/Manager
instanceKlass io/micrometer/core/instrument/binder/tomcat/TomcatMetrics
instanceKlass org/springframework/transaction/PlatformTransactionManager
instanceKlass org/springframework/transaction/TransactionManager
instanceKlass io/micrometer/core/instrument/binder/jetty/JettyServerThreadPoolMetrics
instanceKlass org/springframework/http/codec/CodecConfigurer
instanceKlass org/springframework/web/servlet/config/annotation/WebMvcConfigurer
instanceKlass org/springframework/data/web/PageableHandlerMethodArgumentResolverSupport
instanceKlass org/springframework/data/web/PageableArgumentResolver
instanceKlass org/springframework/web/method/support/HandlerMethodArgumentResolver
instanceKlass io/micrometer/core/annotation/Timed
instanceKlass io/micrometer/core/instrument/binder/logging/Log4j2Metrics
instanceKlass org/springframework/data/redis/repository/configuration/EnableRedisRepositories
instanceKlass io/micrometer/core/instrument/binder/kafka/KafkaConsumerMetrics
instanceKlass io/micrometer/core/instrument/binder/MeterBinder
instanceKlass org/springframework/data/redis/core/ReactiveRedisTemplate
instanceKlass org/springframework/data/redis/core/ReactiveRedisOperations
instanceKlass io/micrometer/core/instrument/MeterRegistry
instanceKlass org/springframework/data/redis/connection/ReactiveRedisConnectionFactory
instanceKlass org/springframework/dao/support/PersistenceExceptionTranslator
instanceKlass reactor/core/publisher/Flux
instanceKlass org/springframework/mail/javamail/JavaMailSenderImpl
instanceKlass org/springframework/mail/javamail/JavaMailSender
instanceKlass org/springframework/mail/MailSender
instanceKlass reactor/core/CorePublisher
instanceKlass org/reactivestreams/Publisher
instanceKlass org/springframework/jdbc/datasource/AbstractDataSource
instanceKlass javax/sql/DataSource
instanceKlass java/sql/Wrapper
instanceKlass javax/sql/CommonDataSource
instanceKlass org/springframework/data/redis/core/RedisOperations
instanceKlass org/springframework/jdbc/support/JdbcAccessor
instanceKlass org/springframework/jdbc/core/JdbcOperations
instanceKlass javax/naming/ldap/LdapContext
instanceKlass javax/naming/directory/DirContext
instanceKlass org/springframework/cache/CacheManager
instanceKlass org/mybatis/spring/SqlSessionFactoryBean
instanceKlass org/apache/ibatis/session/SqlSessionFactory
instanceKlass org/springframework/boot/autoconfigure/condition/ConditionalOnClass
instanceKlass org/apache/ibatis/scripting/LanguageDriver
instanceKlass org/springframework/boot/autoconfigure/condition/OnClassCondition$ThreadedOutcomesResolver$$Lambda$214
instanceKlass org/springframework/boot/autoconfigure/condition/OnClassCondition$ThreadedOutcomesResolver
instanceKlass org/springframework/boot/autoconfigure/condition/OnClassCondition$StandardOutcomesResolver
instanceKlass org/springframework/boot/autoconfigure/condition/OnClassCondition$OutcomesResolver
instanceKlass org/springframework/boot/autoconfigure/condition/OnBeanCondition$Spec
instanceKlass org/springframework/boot/autoconfigure/AutoConfigurationImportSelector$$Lambda$213
instanceKlass org/springframework/boot/autoconfigure/AutoConfigurationImportSelector$$Lambda$212
instanceKlass org/springframework/boot/autoconfigure/AutoConfigurationMetadataLoader$PropertiesAutoConfigurationMetadata
instanceKlass org/springframework/boot/autoconfigure/AutoConfigurationMetadata
instanceKlass org/springframework/boot/autoconfigure/AutoConfigurationMetadataLoader
instanceKlass org/springframework/boot/autoconfigure/AutoConfigurationImportSelector$AutoConfigurationGroup$$Lambda$211
instanceKlass org/springframework/context/annotation/ConfigurationClassParser$DeferredImportSelectorGroupingHandler$$Lambda$210
instanceKlass org/springframework/context/annotation/ConfigurationClassParser$DeferredImportSelectorGrouping
instanceKlass org/springframework/boot/autoconfigure/AutoConfigurationImportSelector$AutoConfigurationGroup
instanceKlass org/springframework/context/annotation/DeferredImportSelector$Group
instanceKlass org/springframework/context/annotation/ConfigurationClassParser$DeferredImportSelectorHandler$$Lambda$209
instanceKlass org/springframework/context/annotation/ConfigurationClassParser$DeferredImportSelectorGroupingHandler
instanceKlass org/springframework/boot/autoconfigure/AutoConfigurationImportSelector$AutoConfigurationEntry
instanceKlass org/springframework/transaction/annotation/AbstractTransactionManagementConfiguration
instanceKlass org/springframework/transaction/annotation/TransactionManagementConfigurationSelector$1
instanceKlass springfox/documentation/swagger/configuration/SwaggerCommonConfiguration
instanceKlass springfox/documentation/spring/web/SpringfoxWebMvcConfiguration
instanceKlass javax/servlet/FilterConfig
instanceKlass javax/servlet/FilterChain
instanceKlass javax/servlet/Filter
instanceKlass org/springframework/scheduling/annotation/AbstractAsyncConfiguration
instanceKlass org/springframework/scheduling/annotation/AsyncConfigurationSelector$1
instanceKlass org/springframework/security/config/annotation/method/configuration/MethodSecurityMetadataSourceAdvisorRegistrar
instanceKlass org/springframework/context/annotation/AutoProxyRegistrar
instanceKlass org/springframework/security/config/annotation/method/configuration/GlobalMethodSecurityConfiguration
instanceKlass org/springframework/security/config/annotation/web/configuration/WebSecurityConfigurerAdapter
instanceKlass org/springframework/security/config/annotation/web/WebSecurityConfigurer
instanceKlass org/springframework/security/config/annotation/SecurityConfigurer
instanceKlass org/springframework/security/config/annotation/method/configuration/GlobalMethodSecuritySelector$$Lambda$208
instanceKlass javax/servlet/GenericServlet
instanceKlass javax/servlet/ServletConfig
instanceKlass springfox/documentation/annotations/ApiIgnore
instanceKlass com/fasterxml/jackson/annotation/JsonValue
instanceKlass com/fasterxml/jackson/annotation/JsonInclude
instanceKlass javax/xml/bind/annotation/XmlElement
instanceKlass springfox/documentation/schema/JaxbPresentInClassPathCondition
instanceKlass org/springframework/context/annotation/ParserStrategyUtils
instanceKlass springfox/documentation/annotations/Cacheable
instanceKlass springfox/documentation/annotations/Incubating
instanceKlass org/springframework/plugin/core/config/PluginRegistriesBeanDefinitionRegistrar
instanceKlass org/springframework/plugin/core/config/EnablePluginRegistries
instanceKlass org/springframework/boot/autoconfigure/condition/ConditionEvaluationReport$ConditionAndOutcome
instanceKlass org/springframework/boot/autoconfigure/condition/ConditionEvaluationReport$ConditionAndOutcomes
instanceKlass org/springframework/boot/autoconfigure/condition/ConditionOutcome
instanceKlass org/springframework/boot/autoconfigure/condition/ConditionMessage$ItemsBuilder
instanceKlass org/springframework/boot/autoconfigure/condition/ConditionMessage$Builder
instanceKlass org/springframework/boot/autoconfigure/condition/ConditionMessage
instanceKlass org/springframework/boot/autoconfigure/condition/OnWebApplicationCondition$1
instanceKlass org/springframework/context/annotation/ConfigurationCondition
instanceKlass org/springframework/core/annotation/MergedAnnotationCollectors$$Lambda$207
instanceKlass java/lang/invoke/LambdaForm$DMH
instanceKlass org/springframework/core/annotation/TypeMappedAnnotation$$Lambda$206
instanceKlass org/springframework/core/annotation/MergedAnnotationCollectors$$Lambda$205
instanceKlass org/springframework/core/annotation/MergedAnnotationCollectors$$Lambda$204
instanceKlass org/springframework/core/annotation/MergedAnnotationCollectors$$Lambda$203
instanceKlass java/util/function/Function$$Lambda$202
instanceKlass org/springframework/core/annotation/MergedAnnotationCollectors
instanceKlass org/springframework/core/type/AnnotatedTypeMetadata$$Lambda$201
instanceKlass org/springframework/core/type/AnnotatedTypeMetadata$$Lambda$200
instanceKlass org/springframework/core/annotation/MergedAnnotationPredicates$UniquePredicate
instanceKlass org/springframework/core/annotation/MergedAnnotationPredicates
instanceKlass org/springframework/core/type/AnnotatedTypeMetadata$$Lambda$199
instanceKlass java/lang/invoke/LambdaForm$DMH
instanceKlass org/springframework/boot/autoconfigure/AutoConfigurationImportFilter
instanceKlass org/springframework/boot/autoconfigure/condition/ConditionalOnWebApplication
instanceKlass org/springframework/context/annotation/ConfigurationMethod
instanceKlass org/springframework/core/annotation/TypeMappedAnnotation$$Lambda$198
instanceKlass com/zbkj/admin/config/WxMaProperties
instanceKlass org/springframework/core/annotation/MergedAnnotationsCollection$AnnotationsSpliterator
instanceKlass com/fasterxml/jackson/annotation/JsonIgnore
instanceKlass org/springframework/asm/FieldVisitor
instanceKlass com/fasterxml/jackson/annotation/JacksonAnnotation
instanceKlass com/fasterxml/jackson/annotation/JsonProperty
instanceKlass javax/validation/Constraint
instanceKlass org/springframework/web/bind/annotation/ModelAttribute
instanceKlass org/springframework/web/bind/annotation/ExceptionHandler
instanceKlass org/springframework/web/bind/annotation/ResponseStatus
instanceKlass org/springframework/web/bind/annotation/ControllerAdvice
instanceKlass org/springframework/web/bind/annotation/RestControllerAdvice
instanceKlass org/apache/ibatis/annotations/Update
instanceKlass javax/annotation/PostConstruct
instanceKlass org/springframework/transaction/annotation/Transactional
instanceKlass org/springframework/stereotype/Service
instanceKlass org/springframework/context/event/EventListener
instanceKlass org/springframework/scheduling/annotation/Async
instanceKlass org/quartz/DisallowConcurrentExecution
instanceKlass com/baomidou/mybatisplus/annotation/TableName
instanceKlass io/swagger/annotations/ApiModel
instanceKlass org/springframework/web/bind/annotation/GetMapping
instanceKlass com/zbkj/common/annotation/CustomResponseAnnotation
instanceKlass org/springframework/validation/annotation/Validated
instanceKlass io/swagger/annotations/ExampleProperty
instanceKlass io/swagger/annotations/Example
instanceKlass io/swagger/annotations/ApiImplicitParam
instanceKlass org/springframework/core/type/classreading/MergedAnnotationReadingVisitor$ArrayVisitor$$Lambda$197
instanceKlass io/swagger/annotations/ApiImplicitParams
instanceKlass org/springframework/core/type/classreading/MergedAnnotationReadingVisitor$$Lambda$196
instanceKlass com/zbkj/common/annotation/LogControllerAnnotation
instanceKlass org/springframework/core/type/classreading/MergedAnnotationReadingVisitor$ArrayVisitor$$Lambda$195
instanceKlass io/swagger/annotations/ExtensionProperty
instanceKlass io/swagger/annotations/Extension
instanceKlass io/swagger/annotations/ResponseHeader
instanceKlass io/swagger/annotations/ApiOperation
instanceKlass org/springframework/security/access/prepost/PreAuthorize
instanceKlass io/swagger/annotations/AuthorizationScope
instanceKlass io/swagger/annotations/Authorization
instanceKlass io/swagger/annotations/Api
instanceKlass sun/misc/ProxyGenerator$1
instanceKlass org/springframework/web/bind/annotation/Mapping
instanceKlass org/springframework/web/bind/annotation/RequestMapping
instanceKlass org/springframework/web/bind/annotation/ResponseBody
instanceKlass org/springframework/stereotype/Controller
instanceKlass org/springframework/web/bind/annotation/RestController
instanceKlass org/springframework/beans/factory/annotation/Autowired
instanceKlass org/springframework/boot/context/properties/EnableConfigurationPropertiesRegistrar
instanceKlass org/springframework/boot/context/properties/EnableConfigurationProperties
instanceKlass org/springframework/security/config/annotation/method/configuration/GlobalMethodSecuritySelector
instanceKlass org/springframework/security/config/annotation/method/configuration/EnableGlobalMethodSecurity
instanceKlass org/springframework/security/config/annotation/authentication/configuration/AuthenticationConfiguration
instanceKlass org/springframework/security/config/annotation/authentication/configuration/EnableGlobalAuthentication
instanceKlass org/springframework/security/config/annotation/web/configuration/OAuth2ImportSelector
instanceKlass org/springframework/security/config/annotation/web/configuration/SpringWebMvcImportSelector
instanceKlass org/springframework/security/config/annotation/web/configuration/WebSecurityConfiguration
instanceKlass org/springframework/context/annotation/ImportAware
instanceKlass org/springframework/security/config/annotation/web/configuration/EnableWebSecurity
instanceKlass org/springframework/boot/autoconfigure/condition/SpringBootCondition
instanceKlass org/springframework/boot/autoconfigure/condition/ConditionalOnProperty
instanceKlass org/springframework/boot/context/properties/ConfigurationProperties
instanceKlass org/springframework/core/type/AnnotationMetadata$$Lambda$194
instanceKlass org/aspectj/lang/annotation/AfterThrowing
instanceKlass org/aspectj/lang/annotation/AfterReturning
instanceKlass org/aspectj/lang/annotation/Around
instanceKlass org/aspectj/lang/annotation/Pointcut
instanceKlass org/springframework/core/type/classreading/SimpleMethodMetadataReadingVisitor$Source
instanceKlass org/springframework/core/type/classreading/SimpleMethodMetadataReadingVisitor$$Lambda$193
instanceKlass org/springframework/core/type/classreading/SimpleMethodMetadataReadingVisitor$$Lambda$192
instanceKlass org/aspectj/lang/annotation/Aspect
instanceKlass org/springframework/core/type/classreading/SimpleAnnotationMetadata
instanceKlass org/springframework/core/annotation/MergedAnnotationsCollection
instanceKlass org/springframework/core/type/classreading/SimpleAnnotationMetadataReadingVisitor$$Lambda$191
instanceKlass org/springframework/core/type/classreading/SimpleMethodMetadata
instanceKlass org/springframework/core/type/MethodMetadata
instanceKlass org/springframework/core/type/classreading/MergedAnnotationReadingVisitor$$Lambda$190
instanceKlass org/springframework/core/annotation/TypeMappedAnnotation$$Lambda$189
instanceKlass org/springframework/asm/Type
instanceKlass org/springframework/asm/AnnotationVisitor
instanceKlass org/springframework/core/type/classreading/SimpleAnnotationMetadataReadingVisitor$$Lambda$188
instanceKlass org/springframework/core/type/classreading/SimpleAnnotationMetadataReadingVisitor$$Lambda$187
instanceKlass org/springframework/core/type/classreading/SimpleAnnotationMetadataReadingVisitor$Source
instanceKlass org/springframework/asm/Context
instanceKlass org/springframework/asm/Attribute
instanceKlass sun/nio/ch/IOStatus
instanceKlass java/nio/DirectByteBuffer$Deallocator
instanceKlass sun/nio/ch/Util$BufferCache
instanceKlass sun/nio/ch/Util$2
instanceKlass sun/nio/ch/Util
instanceKlass sun/nio/ch/NativeThread
instanceKlass java/nio/channels/spi/AbstractInterruptibleChannel$1
instanceKlass org/springframework/asm/ClassReader
instanceKlass java/nio/channels/Channels
instanceKlass sun/nio/ch/FileDispatcherImpl$1
instanceKlass sun/nio/ch/NativeDispatcher
instanceKlass sun/nio/ch/NativeThreadSet
instanceKlass sun/nio/ch/IOUtil$1
instanceKlass sun/nio/ch/IOUtil
instanceKlass java/nio/channels/spi/AbstractInterruptibleChannel
instanceKlass java/nio/channels/InterruptibleChannel
instanceKlass java/nio/channels/ScatteringByteChannel
instanceKlass java/nio/channels/GatheringByteChannel
instanceKlass java/nio/channels/SeekableByteChannel
instanceKlass java/nio/channels/ByteChannel
instanceKlass sun/nio/fs/NativeBuffer$Deallocator
instanceKlass sun/nio/fs/NativeBuffer
instanceKlass sun/nio/fs/NativeBuffers
instanceKlass sun/nio/fs/WindowsNativeDispatcher$BackupResult
instanceKlass sun/nio/fs/WindowsNativeDispatcher$CompletionStatus
instanceKlass sun/nio/fs/WindowsNativeDispatcher$AclInformation
instanceKlass sun/nio/fs/WindowsNativeDispatcher$Account
instanceKlass sun/nio/fs/WindowsNativeDispatcher$DiskFreeSpace
instanceKlass sun/nio/fs/WindowsNativeDispatcher$VolumeInformation
instanceKlass sun/nio/fs/WindowsNativeDispatcher$FirstStream
instanceKlass sun/nio/fs/WindowsNativeDispatcher$FirstFile
instanceKlass sun/nio/fs/WindowsNativeDispatcher$1
instanceKlass sun/nio/fs/WindowsNativeDispatcher
instanceKlass sun/nio/fs/WindowsChannelFactory$Flags
instanceKlass sun/nio/fs/WindowsChannelFactory$1
instanceKlass sun/nio/fs/WindowsChannelFactory
instanceKlass sun/nio/fs/WindowsSecurityDescriptor
instanceKlass java/nio/file/attribute/FileAttribute
instanceKlass java/nio/file/Files
instanceKlass java/nio/file/OpenOption
instanceKlass org/springframework/asm/MethodVisitor
instanceKlass org/springframework/core/type/classreading/SimpleMetadataReader
instanceKlass java/nio/file/FileSystems$DefaultFileSystemHolder$1
instanceKlass java/nio/file/FileSystems$DefaultFileSystemHolder
instanceKlass java/nio/file/FileSystems
instanceKlass org/springframework/util/AntPathMatcher$AntPathStringMatcher
instanceKlass org/springframework/core/io/support/PathMatchingResourcePatternResolver$$Lambda$186
instanceKlass org/springframework/context/annotation/PropertySource
instanceKlass org/springframework/context/annotation/PropertySources
instanceKlass org/springframework/context/annotation/ConfigurationClass
instanceKlass org/springframework/context/annotation/ComponentScanAnnotationParser
instanceKlass org/springframework/context/annotation/ConfigurationClassParser$SourceClass
instanceKlass org/springframework/context/annotation/ConfigurationClassParser$DeferredImportSelectorHandler
instanceKlass org/springframework/context/annotation/ConfigurationClassParser$$Lambda$185
instanceKlass org/springframework/context/annotation/ConfigurationClassParser$DeferredImportSelectorHolder
instanceKlass org/springframework/context/annotation/ConfigurationClassParser$$Lambda$184
instanceKlass org/springframework/core/io/support/DefaultPropertySourceFactory
instanceKlass org/springframework/context/annotation/ImportRegistry
instanceKlass org/springframework/core/io/support/PropertySourceFactory
instanceKlass org/springframework/beans/factory/parsing/Problem
instanceKlass org/springframework/context/annotation/ConfigurationClassParser
instanceKlass org/springframework/context/annotation/ConfigurationClassPostProcessor$$Lambda$183
instanceKlass org/springframework/core/annotation/AnnotationUtils
instanceKlass org/springframework/context/annotation/Bean
instanceKlass org/springframework/beans/BeanMetadataAttribute
instanceKlass org/springframework/aop/framework/AopInfrastructureBean
instanceKlass org/springframework/context/annotation/ImportResource
instanceKlass org/springframework/core/Conventions
instanceKlass org/springframework/context/annotation/ConfigurationClassUtils
instanceKlass org/springframework/beans/AbstractNestablePropertyAccessor$PropertyTokenHolder
instanceKlass org/springframework/beans/factory/config/TypedStringValue
instanceKlass org/springframework/context/annotation/ConfigurationClassBeanDefinitionReader
instanceKlass org/springframework/core/convert/Property
instanceKlass org/springframework/core/SerializableTypeWrapper$MethodInvokeTypeProvider
instanceKlass java/lang/reflect/Proxy$1
instanceKlass java/lang/reflect/Proxy$KeyX
instanceKlass org/springframework/core/SerializableTypeWrapper$TypeProxyInvocationHandler
instanceKlass org/springframework/core/GraalDetector
instanceKlass org/springframework/core/SerializableTypeWrapper$MethodParameterTypeProvider
instanceKlass java/lang/invoke/LambdaForm$MH
instanceKlass java/lang/invoke/LambdaForm$DMH
instanceKlass org/springframework/core/MethodParameter$$Lambda$182
instanceKlass org/springframework/core/MethodParameter
instanceKlass org/springframework/core/BridgeMethodResolver
instanceKlass java/beans/SimpleBeanInfo
instanceKlass com/sun/beans/WildcardTypeImpl
instanceKlass com/sun/beans/TypeResolver
instanceKlass java/beans/MethodRef
instanceKlass com/sun/beans/util/Cache$CacheEntry
instanceKlass com/sun/beans/util/Cache
instanceKlass com/sun/beans/finder/AbstractFinder
instanceKlass com/sun/beans/finder/ClassFinder
instanceKlass org/springframework/beans/ExtendedBeanInfo
instanceKlass java/beans/BeanInfo
instanceKlass org/springframework/beans/ExtendedBeanInfoFactory
instanceKlass org/springframework/beans/BeanInfoFactory
instanceKlass org/springframework/beans/CachedIntrospectionResults
instanceKlass org/springframework/beans/PropertyAccessorUtils
instanceKlass org/springframework/beans/factory/support/DefaultSingletonBeanRegistry$$Lambda$181
instanceKlass org/springframework/beans/factory/support/DefaultSingletonBeanRegistry$$Lambda$180
instanceKlass org/springframework/beans/factory/support/DisposableBeanAdapter
instanceKlass org/springframework/expression/spel/support/StandardTypeConverter
instanceKlass org/springframework/expression/spel/support/StandardTypeLocator
instanceKlass org/springframework/context/expression/BeanFactoryResolver
instanceKlass org/springframework/context/expression/EnvironmentAccessor
instanceKlass org/springframework/context/expression/MapAccessor
instanceKlass org/springframework/expression/spel/CompilablePropertyAccessor
instanceKlass org/springframework/asm/Opcodes
instanceKlass org/springframework/context/expression/BeanFactoryAccessor
instanceKlass org/springframework/expression/spel/support/ReflectivePropertyAccessor
instanceKlass org/springframework/context/expression/BeanExpressionContextAccessor
instanceKlass org/springframework/expression/TypedValue
instanceKlass org/springframework/expression/spel/support/StandardOperatorOverloader
instanceKlass org/springframework/expression/spel/support/StandardTypeComparator
instanceKlass org/springframework/expression/OperatorOverloader
instanceKlass org/springframework/expression/TypeComparator
instanceKlass org/springframework/expression/spel/support/StandardEvaluationContext
instanceKlass org/springframework/expression/common/LiteralExpression
instanceKlass org/springframework/beans/factory/config/AutowiredPropertyMarker
instanceKlass org/springframework/beans/factory/support/BeanDefinitionValueResolver
instanceKlass org/springframework/beans/factory/support/AbstractAutowireCapableBeanFactory$$Lambda$179
instanceKlass org/springframework/beans/AbstractNestablePropertyAccessor$PropertyHandler
instanceKlass org/springframework/beans/factory/parsing/PassThroughSourceExtractor
instanceKlass org/springframework/beans/factory/support/AbstractBeanFactory$$Lambda$178
instanceKlass org/springframework/beans/factory/support/NullBean
instanceKlass org/springframework/beans/factory/BeanFactoryUtils$$Lambda$177
instanceKlass org/springframework/core/annotation/AnnotationAttributes$$Lambda$176
instanceKlass org/springframework/beans/factory/config/RuntimeBeanReference
instanceKlass org/springframework/beans/factory/config/BeanReference
instanceKlass org/springframework/beans/MutablePropertyValues
instanceKlass org/springframework/beans/factory/support/BeanDefinitionBuilder
instanceKlass org/springframework/boot/autoconfigure/SharedMetadataReaderFactoryContextInitializer$CachingMetadataReaderFactoryPostProcessor$$Lambda$175
instanceKlass org/springframework/boot/autoconfigure/SharedMetadataReaderFactoryContextInitializer$SharedMetadataReaderFactoryBean
instanceKlass org/springframework/context/support/PostProcessorRegistrationDelegate
instanceKlass org/springframework/boot/web/servlet/context/ServletWebServerApplicationContext$ExistingWebApplicationScopes$$Lambda$174
instanceKlass org/springframework/web/context/support/WebApplicationContextUtils$WebRequestObjectFactory
instanceKlass org/springframework/web/context/request/WebRequest
instanceKlass org/springframework/web/context/request/RequestAttributes
instanceKlass org/springframework/web/context/support/WebApplicationContextUtils$SessionObjectFactory
instanceKlass javax/servlet/http/HttpSession
instanceKlass org/springframework/web/context/support/WebApplicationContextUtils$ResponseObjectFactory
instanceKlass javax/servlet/ServletResponse
instanceKlass org/springframework/web/context/support/WebApplicationContextUtils$RequestObjectFactory
instanceKlass javax/servlet/ServletRequest
instanceKlass org/springframework/web/context/request/AbstractRequestAttributesScope
instanceKlass org/springframework/boot/web/servlet/context/ServletWebServerApplicationContext$ExistingWebApplicationScopes
instanceKlass org/springframework/web/context/ServletContextAware
instanceKlass org/springframework/web/context/support/ServletContextAwareProcessor
instanceKlass org/springframework/context/support/ApplicationListenerDetector
instanceKlass org/springframework/context/MessageSourceAware
instanceKlass org/springframework/context/ApplicationEventPublisherAware
instanceKlass org/springframework/beans/factory/config/BeanExpressionContext
instanceKlass org/springframework/beans/factory/config/EmbeddedValueResolver
instanceKlass org/springframework/util/StringValueResolver
instanceKlass org/springframework/context/support/ApplicationContextAwareProcessor
instanceKlass org/springframework/beans/support/ResourceEditorRegistrar
instanceKlass org/springframework/expression/spel/SpelParserConfiguration
instanceKlass org/springframework/expression/Expression
instanceKlass org/springframework/expression/common/TemplateAwareExpressionParser
instanceKlass org/springframework/context/expression/StandardBeanExpressionResolver$1
instanceKlass org/springframework/expression/EvaluationContext
instanceKlass org/springframework/expression/TypeConverter
instanceKlass org/springframework/expression/TypeLocator
instanceKlass org/springframework/expression/BeanResolver
instanceKlass org/springframework/expression/PropertyAccessor
instanceKlass org/springframework/expression/ExpressionParser
instanceKlass org/springframework/expression/ParserContext
instanceKlass org/springframework/context/expression/StandardBeanExpressionResolver
instanceKlass org/springframework/web/context/request/RequestContextHolder
instanceKlass org/springframework/web/context/support/WebApplicationContextUtils
instanceKlass org/springframework/boot/context/config/ConfigFileApplicationListener$PropertySourceOrderingPostProcessor
instanceKlass org/springframework/boot/logging/DeferredLog$1
instanceKlass org/springframework/beans/factory/support/BeanDefinitionReaderUtils
instanceKlass org/springframework/context/annotation/Description
instanceKlass org/springframework/context/annotation/Role
instanceKlass org/springframework/context/annotation/DependsOn
instanceKlass org/springframework/context/annotation/Primary
instanceKlass org/springframework/context/annotation/Lazy
instanceKlass com/sun/beans/WeakCache
instanceKlass java/beans/Introspector
instanceKlass org/springframework/core/type/AnnotationMetadata$$Lambda$173
instanceKlass org/springframework/core/type/AnnotationMetadata$$Lambda$172
instanceKlass org/springframework/core/type/AnnotationMetadata$$Lambda$171
instanceKlass org/springframework/core/annotation/AbstractMergedAnnotation$$Lambda$170
instanceKlass org/springframework/core/annotation/TypeMappedAnnotation$$Lambda$169
instanceKlass java/util/stream/Collectors$$Lambda$168
instanceKlass java/util/stream/Collectors$$Lambda$167
instanceKlass org/springframework/core/type/AnnotationMetadata$$Lambda$166
instanceKlass org/springframework/core/type/AnnotationMetadata$$Lambda$165
instanceKlass org/springframework/core/type/AnnotationMetadata$$Lambda$164
instanceKlass org/springframework/core/annotation/TypeMappedAnnotations$Aggregate
instanceKlass org/springframework/core/annotation/TypeMappedAnnotations$AggregatesCollector
instanceKlass org/springframework/core/annotation/TypeMappedAnnotations$AggregatesSpliterator
instanceKlass org/springframework/core/annotation/AnnotationTypeMappings$$Lambda$163
instanceKlass org/springframework/context/annotation/ScopeMetadata
instanceKlass org/mybatis/spring/annotation/MapperScans
instanceKlass org/mybatis/spring/annotation/MapperScannerRegistrar
instanceKlass org/springframework/boot/autoconfigure/AutoConfigurationPackages$Registrar
instanceKlass org/springframework/boot/context/annotation/DeterminableImports
instanceKlass org/springframework/context/annotation/ImportBeanDefinitionRegistrar
instanceKlass org/springframework/context/annotation/ComponentScans
instanceKlass org/springframework/boot/autoconfigure/AutoConfigurationImportSelector
instanceKlass org/springframework/context/annotation/DeferredImportSelector
instanceKlass org/springframework/boot/autoconfigure/AutoConfigurationExcludeFilter
instanceKlass org/springframework/boot/context/TypeExcludeFilter
instanceKlass org/springframework/boot/autoconfigure/AutoConfigurationPackage
instanceKlass org/springframework/context/annotation/Conditional
instanceKlass org/springframework/core/type/StandardClassMetadata
instanceKlass org/springframework/core/type/AnnotationMetadata
instanceKlass org/springframework/core/type/ClassMetadata
instanceKlass org/springframework/core/annotation/AnnotationTypeMapping$$Lambda$162
instanceKlass org/springframework/core/annotation/AnnotationTypeMapping$$Lambda$161
instanceKlass springfox/documentation/swagger2/configuration/Swagger2DocumentationConfiguration
instanceKlass org/springframework/context/annotation/AdviceModeImportSelector
instanceKlass org/springframework/context/annotation/ImportSelector
instanceKlass org/springframework/core/annotation/TypeMappedAnnotations$IsPresent
instanceKlass org/springframework/dao/support/DaoSupport
instanceKlass org/springframework/beans/factory/InitializingBean
instanceKlass org/mybatis/spring/annotation/MapperScan
instanceKlass java/lang/annotation/Repeatable
instanceKlass org/springframework/context/annotation/ComponentScan$Filter
instanceKlass com/binarywang/spring/starter/wxjava/miniapp/config/WxMaAutoConfiguration
instanceKlass org/springframework/context/annotation/ComponentScan
instanceKlass org/springframework/boot/autoconfigure/EnableAutoConfiguration
instanceKlass org/springframework/boot/SpringBootConfiguration
instanceKlass org/springframework/boot/autoconfigure/SpringBootApplication
instanceKlass org/springframework/transaction/annotation/EnableTransactionManagement
instanceKlass org/springframework/context/annotation/Configuration
instanceKlass springfox/documentation/swagger2/annotations/EnableSwagger2
instanceKlass org/springframework/context/annotation/Import
instanceKlass org/springframework/scheduling/annotation/EnableAsync
instanceKlass org/springframework/util/xml/XmlValidationModeDetector
instanceKlass org/springframework/util/xml/SimpleSaxErrorHandler
instanceKlass org/springframework/beans/factory/xml/DefaultDocumentLoader
instanceKlass org/springframework/beans/factory/parsing/NullSourceExtractor
instanceKlass org/springframework/beans/factory/parsing/EmptyReaderEventListener
instanceKlass org/springframework/beans/factory/parsing/FailFastProblemReporter
instanceKlass org/springframework/beans/factory/xml/DefaultBeanDefinitionDocumentReader
instanceKlass org/springframework/beans/factory/xml/BeanDefinitionDocumentReader
instanceKlass org/springframework/beans/factory/support/DefaultBeanNameGenerator
instanceKlass org/springframework/core/Constants
instanceKlass org/springframework/beans/factory/xml/NamespaceHandlerResolver
instanceKlass org/springframework/beans/factory/xml/DocumentLoader
instanceKlass org/springframework/beans/factory/parsing/SourceExtractor
instanceKlass org/springframework/beans/factory/parsing/ReaderEventListener
instanceKlass org/springframework/beans/factory/parsing/ProblemReporter
instanceKlass org/springframework/beans/factory/support/AbstractBeanDefinitionReader
instanceKlass org/springframework/beans/factory/support/BeanDefinitionReader
instanceKlass org/springframework/boot/BeanDefinitionLoader
instanceKlass org/springframework/boot/StartupInfoLogger$$Lambda$160
instanceKlass ch/qos/logback/core/pattern/SpacePadder
instanceKlass org/springframework/boot/StartupInfoLogger$$Lambda$159
instanceKlass org/springframework/boot/StartupInfoLogger$$Lambda$158
instanceKlass org/springframework/boot/system/ApplicationHome
instanceKlass org/springframework/boot/StartupInfoLogger$$Lambda$157
instanceKlass org/springframework/boot/StartupInfoLogger$$Lambda$156
instanceKlass org/springframework/boot/StartupInfoLogger$$Lambda$155
instanceKlass java/util/concurrent/Callable
instanceKlass org/springframework/core/log/LogMessage
instanceKlass org/springframework/boot/StartupInfoLogger$$Lambda$154
instanceKlass org/springframework/boot/StartupInfoLogger
instanceKlass org/springframework/beans/factory/FactoryBean
instanceKlass org/springframework/beans/factory/BeanFactoryUtils
instanceKlass org/springframework/boot/autoconfigure/logging/ConditionEvaluationReportLoggingListener$ConditionEvaluationReportListener
instanceKlass org/springframework/boot/rsocket/context/RSocketPortInfoApplicationContextInitializer$Listener
instanceKlass org/springframework/boot/context/ConfigurationWarningsApplicationContextInitializer$ComponentScanPackageCheck
instanceKlass org/springframework/boot/context/ConfigurationWarningsApplicationContextInitializer$Check
instanceKlass org/springframework/boot/context/ConfigurationWarningsApplicationContextInitializer$ConfigurationWarningsPostProcessor
instanceKlass org/springframework/boot/context/ContextIdApplicationContextInitializer$ContextId
instanceKlass org/springframework/boot/autoconfigure/SharedMetadataReaderFactoryContextInitializer$CachingMetadataReaderFactoryPostProcessor
instanceKlass org/springframework/beans/factory/support/DefaultListableBeanFactory$$Lambda$153
instanceKlass org/springframework/beans/factory/support/DefaultListableBeanFactory$$Lambda$152
instanceKlass org/springframework/boot/autoconfigure/condition/ConditionEvaluationReport$AncestorsMatchedCondition
instanceKlass org/springframework/boot/autoconfigure/BackgroundPreinitializer$CharsetInitializer
instanceKlass org/springframework/context/annotation/Condition
instanceKlass org/springframework/boot/autoconfigure/condition/ConditionEvaluationReport
instanceKlass org/springframework/boot/autoconfigure/BackgroundPreinitializer$JacksonInitializer
instanceKlass org/springframework/http/converter/json/Jackson2ObjectMapperBuilder$$Lambda$151
instanceKlass org/springframework/http/converter/json/Jackson2ObjectMapperBuilder$$Lambda$150
instanceKlass org/springframework/http/converter/json/Jackson2ObjectMapperBuilder$$Lambda$149
instanceKlass java/lang/invoke/LambdaForm$DMH
instanceKlass com/fasterxml/jackson/databind/deser/ValueInstantiators$Base
instanceKlass com/fasterxml/jackson/databind/deser/Deserializers$Base
instanceKlass com/fasterxml/jackson/databind/util/ArrayBuilders
instanceKlass com/fasterxml/jackson/databind/ObjectMapper$1
instanceKlass com/fasterxml/jackson/datatype/jdk8/PackageVersion
instanceKlass com/fasterxml/jackson/databind/module/SimpleKeyDeserializers
instanceKlass com/fasterxml/jackson/datatype/jsr310/ser/ZonedDateTimeSerializer$$Lambda$148
instanceKlass com/fasterxml/jackson/datatype/jsr310/ser/ZonedDateTimeSerializer$$Lambda$147
instanceKlass java/lang/invoke/LambdaForm$DMH
instanceKlass com/fasterxml/jackson/datatype/jsr310/ser/ZonedDateTimeSerializer$$Lambda$146
instanceKlass com/fasterxml/jackson/datatype/jsr310/ser/OffsetDateTimeSerializer$$Lambda$145
instanceKlass com/fasterxml/jackson/datatype/jsr310/ser/OffsetDateTimeSerializer$$Lambda$144
instanceKlass com/fasterxml/jackson/datatype/jsr310/ser/OffsetDateTimeSerializer$$Lambda$143
instanceKlass java/lang/invoke/LambdaForm$DMH
instanceKlass com/fasterxml/jackson/datatype/jsr310/ser/InstantSerializer$$Lambda$142
instanceKlass java/util/function/ToIntFunction
instanceKlass com/fasterxml/jackson/datatype/jsr310/ser/InstantSerializer$$Lambda$141
instanceKlass com/fasterxml/jackson/datatype/jsr310/ser/InstantSerializer$$Lambda$140
instanceKlass java/util/function/ToLongFunction
instanceKlass java/lang/invoke/LambdaForm$DMH
instanceKlass org/springframework/validation/BindingResult
instanceKlass org/springframework/validation/Errors
instanceKlass com/fasterxml/jackson/databind/ser/Serializers$Base
instanceKlass com/fasterxml/jackson/databind/type/ClassKey
instanceKlass com/fasterxml/jackson/databind/module/SimpleDeserializers
instanceKlass com/fasterxml/jackson/datatype/jsr310/deser/InstantDeserializer$$Lambda$139
instanceKlass com/fasterxml/jackson/datatype/jsr310/deser/InstantDeserializer$$Lambda$138
instanceKlass com/fasterxml/jackson/datatype/jsr310/deser/InstantDeserializer$$Lambda$137
instanceKlass com/fasterxml/jackson/datatype/jsr310/deser/InstantDeserializer$$Lambda$136
instanceKlass org/springframework/boot/diagnostics/AbstractFailureAnalyzer
instanceKlass com/fasterxml/jackson/datatype/jsr310/deser/InstantDeserializer$$Lambda$135
instanceKlass com/fasterxml/jackson/datatype/jsr310/deser/InstantDeserializer$$Lambda$134
instanceKlass com/fasterxml/jackson/datatype/jsr310/deser/InstantDeserializer$$Lambda$133
instanceKlass java/lang/invoke/LambdaForm$BMH
instanceKlass com/fasterxml/jackson/datatype/jsr310/deser/InstantDeserializer$$Lambda$132
instanceKlass org/springframework/boot/diagnostics/FailureAnalyzer
instanceKlass com/fasterxml/jackson/datatype/jsr310/deser/InstantDeserializer$$Lambda$131
instanceKlass com/fasterxml/jackson/datatype/jsr310/deser/InstantDeserializer$$Lambda$130
instanceKlass com/fasterxml/jackson/datatype/jsr310/deser/InstantDeserializer$FromDecimalArguments
instanceKlass com/fasterxml/jackson/datatype/jsr310/deser/InstantDeserializer$$Lambda$129
instanceKlass org/springframework/boot/diagnostics/FailureAnalyzers
instanceKlass com/fasterxml/jackson/datatype/jsr310/deser/InstantDeserializer$FromIntegerArguments
instanceKlass com/fasterxml/jackson/datatype/jsr310/deser/InstantDeserializer$$Lambda$128
instanceKlass org/springframework/boot/SpringBootExceptionReporter
instanceKlass org/springframework/context/index/CandidateComponentsIndexLoader$$Lambda$127
instanceKlass org/springframework/context/index/CandidateComponentsIndex
instanceKlass org/springframework/context/index/CandidateComponentsIndexLoader
instanceKlass org/springframework/core/io/DefaultResourceLoader$$Lambda$126
instanceKlass org/springframework/core/type/classreading/MetadataReader
instanceKlass org/springframework/core/type/classreading/SimpleMetadataReaderFactory
instanceKlass org/springframework/core/io/support/ResourcePatternUtils
instanceKlass com/fasterxml/jackson/core/Version
instanceKlass com/fasterxml/jackson/core/util/VersionUtil
instanceKlass javax/annotation/ManagedBean
instanceKlass com/fasterxml/jackson/datatype/jsr310/PackageVersion
instanceKlass org/springframework/stereotype/Indexed
instanceKlass org/springframework/stereotype/Component
instanceKlass org/springframework/core/type/filter/AbstractTypeHierarchyTraversingFilter
instanceKlass org/springframework/core/type/filter/TypeFilter
instanceKlass org/springframework/beans/factory/support/BeanDefinitionDefaults
instanceKlass org/springframework/core/type/classreading/MetadataReaderFactory
instanceKlass org/springframework/context/annotation/ClassPathScanningCandidateComponentProvider
instanceKlass org/springframework/context/event/DefaultEventListenerFactory
instanceKlass org/springframework/context/event/EventListenerFactory
instanceKlass org/springframework/context/event/EventListenerMethodProcessor
instanceKlass org/springframework/beans/factory/SmartInitializingSingleton
instanceKlass org/springframework/beans/factory/annotation/InitDestroyAnnotationBeanPostProcessor
instanceKlass org/springframework/beans/factory/config/DestructionAwareBeanPostProcessor
instanceKlass org/springframework/beans/factory/config/InstantiationAwareBeanPostProcessorAdapter
instanceKlass org/springframework/beans/factory/config/SmartInstantiationAwareBeanPostProcessor
instanceKlass org/springframework/beans/factory/config/InstantiationAwareBeanPostProcessor
instanceKlass org/springframework/beans/factory/support/MergedBeanDefinitionPostProcessor
instanceKlass org/springframework/beans/factory/config/BeanDefinitionHolder
instanceKlass org/springframework/beans/factory/support/DefaultListableBeanFactory$$Lambda$125
instanceKlass org/springframework/beans/factory/support/DefaultListableBeanFactory$$Lambda$124
instanceKlass org/springframework/beans/factory/support/MethodOverrides
instanceKlass org/springframework/context/annotation/ConfigurationClassPostProcessor
instanceKlass org/springframework/context/EnvironmentAware
instanceKlass org/springframework/context/ResourceLoaderAware
instanceKlass org/springframework/beans/factory/support/BeanDefinitionRegistryPostProcessor
instanceKlass com/fasterxml/jackson/databind/type/TypeModifier
instanceKlass com/fasterxml/jackson/databind/ser/BeanSerializerModifier
instanceKlass com/fasterxml/jackson/databind/ser/Serializers
instanceKlass com/fasterxml/jackson/databind/cfg/SerializerFactoryConfig
instanceKlass org/springframework/beans/factory/annotation/Qualifier
instanceKlass org/springframework/beans/factory/annotation/Value
instanceKlass org/springframework/aop/TargetSource
instanceKlass javax/annotation/Resource
instanceKlass com/fasterxml/jackson/databind/ser/std/StdJdkSerializers
instanceKlass org/springframework/context/annotation/AnnotationConfigUtils
instanceKlass org/springframework/context/annotation/ConditionEvaluator$ConditionContextImpl
instanceKlass org/springframework/context/annotation/ConditionContext
instanceKlass org/springframework/context/annotation/ConditionEvaluator
instanceKlass org/springframework/context/annotation/Scope
instanceKlass org/springframework/context/annotation/AnnotationScopeMetadataResolver
instanceKlass org/springframework/context/annotation/AnnotationBeanNameGenerator
instanceKlass org/springframework/beans/factory/annotation/AnnotatedBeanDefinition
instanceKlass org/springframework/core/type/AnnotatedTypeMetadata
instanceKlass com/fasterxml/jackson/databind/ser/std/NumberSerializers
instanceKlass org/springframework/context/annotation/ScopeMetadataResolver
instanceKlass org/springframework/beans/factory/support/BeanNameGenerator
instanceKlass org/springframework/context/annotation/AnnotatedBeanDefinitionReader
instanceKlass org/springframework/beans/factory/support/SimpleAutowireCandidateResolver
instanceKlass org/springframework/beans/factory/BeanNameAware
instanceKlass org/springframework/asm/ClassVisitor
instanceKlass org/springframework/core/LocalVariableTableParameterNameDiscoverer
instanceKlass org/springframework/core/StandardReflectionParameterNameDiscoverer
instanceKlass org/springframework/core/PrioritizedParameterNameDiscoverer
instanceKlass org/springframework/beans/factory/support/SimpleInstantiationStrategy
instanceKlass org/springframework/core/OrderComparator$OrderSourceProvider
instanceKlass org/springframework/beans/factory/ObjectProvider
instanceKlass org/springframework/beans/factory/ObjectFactory
instanceKlass org/springframework/beans/factory/support/AutowireCandidateResolver
instanceKlass org/springframework/util/ReflectionUtils$MethodCallback
instanceKlass org/springframework/beans/BeanWrapper
instanceKlass org/springframework/beans/ConfigurablePropertyAccessor
instanceKlass org/springframework/beans/PropertyAccessor
instanceKlass org/springframework/beans/factory/InjectionPoint
instanceKlass org/springframework/core/AttributeAccessorSupport
instanceKlass org/springframework/beans/PropertyValues
instanceKlass com/fasterxml/jackson/databind/deser/DeserializerCache
instanceKlass org/springframework/core/ParameterNameDiscoverer
instanceKlass org/springframework/beans/factory/support/InstantiationStrategy
instanceKlass org/springframework/beans/factory/DisposableBean
instanceKlass com/fasterxml/jackson/databind/KeyDeserializer
instanceKlass com/fasterxml/jackson/databind/deser/std/StdKeyDeserializers
instanceKlass com/fasterxml/jackson/databind/deser/KeyDeserializers
instanceKlass com/fasterxml/jackson/databind/deser/ValueInstantiators
instanceKlass com/fasterxml/jackson/databind/AbstractTypeResolver
instanceKlass com/fasterxml/jackson/databind/deser/BeanDeserializerModifier
instanceKlass com/fasterxml/jackson/databind/cfg/DeserializerFactoryConfig
instanceKlass com/fasterxml/jackson/databind/PropertyName
instanceKlass com/fasterxml/jackson/databind/deser/Deserializers
instanceKlass org/springframework/core/SimpleAliasRegistry
instanceKlass com/fasterxml/jackson/annotation/ObjectIdGenerator
instanceKlass org/springframework/beans/factory/config/Scope
instanceKlass com/fasterxml/jackson/databind/deser/ResolvableDeserializer
instanceKlass org/springframework/beans/factory/config/BeanDefinition
instanceKlass org/springframework/beans/BeanMetadataElement
instanceKlass org/springframework/core/AttributeAccessor
instanceKlass org/springframework/beans/factory/config/ConfigurableListableBeanFactory
instanceKlass org/springframework/beans/factory/config/ConfigurableBeanFactory
instanceKlass org/springframework/beans/factory/config/SingletonBeanRegistry
instanceKlass org/springframework/context/LifecycleProcessor
instanceKlass com/fasterxml/jackson/databind/deser/ValueInstantiator$Gettable
instanceKlass org/springframework/core/SmartClassLoader
instanceKlass org/springframework/beans/factory/config/BeanPostProcessor
instanceKlass org/springframework/beans/PropertyEditorRegistrar
instanceKlass org/springframework/beans/factory/config/BeanExpressionResolver
instanceKlass org/springframework/beans/factory/config/AutowireCapableBeanFactory
instanceKlass com/fasterxml/jackson/databind/deser/ContextualDeserializer
instanceKlass org/springframework/beans/factory/support/BeanDefinitionRegistry
instanceKlass org/springframework/core/AliasRegistry
instanceKlass org/springframework/ui/context/ThemeSource
instanceKlass com/fasterxml/jackson/databind/JsonDeserializer
instanceKlass com/fasterxml/jackson/databind/deser/NullValueProvider
instanceKlass org/springframework/boot/web/context/ConfigurableWebServerApplicationContext
instanceKlass org/springframework/boot/web/context/WebServerApplicationContext
instanceKlass com/fasterxml/jackson/databind/ser/SerializerCache
instanceKlass com/fasterxml/jackson/databind/ser/ResolvableSerializer
instanceKlass org/springframework/context/annotation/AnnotationConfigRegistry
instanceKlass org/springframework/boot/SpringApplicationBannerPrinter$PrintedBanner
instanceKlass org/springframework/boot/ansi/AnsiPropertySource$$Lambda$123
instanceKlass org/springframework/boot/ansi/AnsiPropertySource$$Lambda$122
instanceKlass java/util/function/IntFunction
instanceKlass java/lang/invoke/LambdaForm$DMH
instanceKlass java/lang/invoke/LambdaForm$DMH
instanceKlass org/springframework/boot/ansi/Ansi8BitColor
instanceKlass com/fasterxml/jackson/databind/ser/ContextualSerializer
instanceKlass org/springframework/boot/ansi/AnsiPropertySource$Mapping
instanceKlass com/fasterxml/jackson/databind/jsonschema/SchemaAware
instanceKlass org/springframework/boot/SpringBootVersion
instanceKlass com/fasterxml/jackson/databind/JsonSerializer
instanceKlass com/fasterxml/jackson/databind/jsonFormatVisitors/JsonFormatVisitable
instanceKlass org/springframework/util/StreamUtils
instanceKlass org/springframework/boot/ResourceBanner
instanceKlass org/springframework/core/io/ContextResource
instanceKlass org/springframework/boot/SpringApplicationBannerPrinter$Banners
instanceKlass com/fasterxml/jackson/databind/node/JsonNodeFactory
instanceKlass org/springframework/boot/SpringBootBanner
instanceKlass com/fasterxml/jackson/databind/node/JsonNodeCreator
instanceKlass org/springframework/boot/Banner
instanceKlass org/springframework/boot/SpringApplicationBannerPrinter
instanceKlass org/springframework/boot/EnvironmentConverter
instanceKlass com/fasterxml/jackson/databind/cfg/ContextAttributes
instanceKlass org/springframework/boot/context/properties/bind/Bindable$$Lambda$121
instanceKlass org/springframework/boot/context/properties/bind/Bindable$$Lambda$120
instanceKlass com/fasterxml/jackson/core/util/Separators
instanceKlass com/fasterxml/jackson/core/util/DefaultPrettyPrinter$NopIndenter
instanceKlass com/fasterxml/jackson/databind/cfg/ConfigFeature
instanceKlass ch/qos/logback/classic/util/LogbackMDCAdapter
instanceKlass org/slf4j/impl/StaticMDCBinder
instanceKlass com/fasterxml/jackson/databind/cfg/ConfigOverride
instanceKlass org/slf4j/spi/MDCAdapter
instanceKlass com/fasterxml/jackson/annotation/JsonFormat$Features
instanceKlass org/slf4j/MDC
instanceKlass com/fasterxml/jackson/annotation/JsonFormat$Value
instanceKlass org/springframework/boot/context/logging/LoggingApplicationListener$$Lambda$119
instanceKlass org/springframework/boot/context/logging/LoggingApplicationListener$$Lambda$118
instanceKlass java/util/stream/Sink$ChainedInt
instanceKlass org/springframework/boot/convert/LenientObjectToEnumConverterFactory$LenientToEnumConverter$$Lambda$117
instanceKlass org/springframework/boot/convert/LenientObjectToEnumConverterFactory$LenientToEnumConverter$$Lambda$116
instanceKlass java/util/function/IntUnaryOperator
instanceKlass org/springframework/boot/convert/LenientObjectToEnumConverterFactory$LenientToEnumConverter$$Lambda$115
instanceKlass com/fasterxml/jackson/databind/introspect/VisibilityChecker$Std
instanceKlass org/springframework/boot/context/properties/bind/MapBinder$EntryBinder$$Lambda$114
instanceKlass org/springframework/boot/convert/LenientObjectToEnumConverterFactory$LenientToEnumConverter
instanceKlass com/fasterxml/jackson/annotation/JsonSetter$Value
instanceKlass org/springframework/boot/convert/LenientObjectToEnumConverterFactory$$Lambda$113
instanceKlass com/fasterxml/jackson/annotation/JsonInclude$Value
instanceKlass com/fasterxml/jackson/annotation/JacksonAnnotationValue
instanceKlass com/fasterxml/jackson/databind/cfg/ConfigOverrides
instanceKlass com/fasterxml/jackson/databind/introspect/AnnotatedClass$Creators
instanceKlass com/fasterxml/jackson/databind/introspect/AnnotationCollector$NoAnnotations
instanceKlass com/fasterxml/jackson/databind/util/Annotations
instanceKlass com/fasterxml/jackson/databind/introspect/AnnotationCollector
instanceKlass com/fasterxml/jackson/databind/introspect/AnnotatedClassResolver
instanceKlass org/springframework/util/AntPathMatcher$PathSeparatorPatternCache
instanceKlass org/springframework/util/AntPathMatcher
instanceKlass com/fasterxml/jackson/databind/BeanDescription
instanceKlass org/springframework/util/PathMatcher
instanceKlass org/springframework/core/io/support/PathMatchingResourcePatternResolver
instanceKlass com/fasterxml/jackson/databind/cfg/MapperConfig
instanceKlass com/fasterxml/jackson/databind/introspect/SimpleMixInResolver
instanceKlass com/fasterxml/jackson/databind/introspect/ClassIntrospector$MixInResolver
instanceKlass com/fasterxml/jackson/databind/util/RootNameLookup
instanceKlass com/fasterxml/jackson/core/sym/ByteQuadsCanonicalizer$TableInfo
instanceKlass com/fasterxml/jackson/core/sym/ByteQuadsCanonicalizer
instanceKlass com/fasterxml/jackson/core/sym/CharsToNameCanonicalizer$Bucket
instanceKlass com/fasterxml/jackson/core/sym/CharsToNameCanonicalizer$TableInfo
instanceKlass com/fasterxml/jackson/core/sym/CharsToNameCanonicalizer
instanceKlass com/fasterxml/jackson/core/io/CharTypes
instanceKlass com/fasterxml/jackson/core/io/JsonStringEncoder
instanceKlass com/fasterxml/jackson/core/io/SerializedString
instanceKlass com/fasterxml/jackson/core/util/DefaultPrettyPrinter
instanceKlass com/fasterxml/jackson/core/util/Instantiatable
instanceKlass org/springframework/boot/context/properties/bind/PropertySourcesPlaceholdersResolver$$Lambda$112
instanceKlass org/springframework/boot/logging/LoggerGroup$$Lambda$111
instanceKlass org/springframework/boot/context/logging/LoggingApplicationListener$$Lambda$110
instanceKlass org/springframework/boot/context/logging/LoggingApplicationListener$$Lambda$109
instanceKlass org/springframework/boot/context/logging/LoggingApplicationListener$$Lambda$108
instanceKlass org/springframework/boot/context/properties/bind/MapBinder$EntryBinder
instanceKlass org/springframework/boot/context/properties/bind/MapBinder$$Lambda$107
instanceKlass ch/qos/logback/classic/jul/JULHelper
instanceKlass com/fasterxml/jackson/core/async/ByteArrayFeeder
instanceKlass com/fasterxml/jackson/core/async/NonBlockingInputFeeder
instanceKlass com/fasterxml/jackson/core/TSFBuilder
instanceKlass com/fasterxml/jackson/core/SerializableString
instanceKlass com/fasterxml/jackson/core/Base64Variant
instanceKlass com/fasterxml/jackson/core/Base64Variants
instanceKlass ch/qos/logback/core/util/CharSequenceState
instanceKlass ch/qos/logback/core/util/CharSequenceToRegexMapper
instanceKlass ch/qos/logback/core/util/DatePatternToRegexUtil
instanceKlass ch/qos/logback/core/joran/util/PropertySetter$1
instanceKlass com/fasterxml/jackson/databind/type/TypeBindings
instanceKlass com/fasterxml/jackson/databind/type/TypeParser
instanceKlass sun/util/locale/provider/TimeZoneNameUtility$TimeZoneNameGetter
instanceKlass sun/util/locale/provider/TimeZoneNameUtility
instanceKlass ch/qos/logback/core/rolling/helper/RollingCalendar$1
instanceKlass java/text/DontCareFieldPosition$1
instanceKlass java/text/Format$FieldDelegate
instanceKlass com/fasterxml/jackson/databind/type/TypeFactory
instanceKlass ch/qos/logback/core/rolling/helper/Compressor$1
instanceKlass java/io/FilenameFilter
instanceKlass ch/qos/logback/core/rolling/helper/FileFilterUtil
instanceKlass ch/qos/logback/core/rolling/helper/MonoTypedConverter
instanceKlass com/fasterxml/jackson/databind/cfg/BaseSettings
instanceKlass com/fasterxml/jackson/databind/util/LRUMap
instanceKlass java/beans/ConstructorProperties
instanceKlass java/beans/Transient
instanceKlass com/fasterxml/jackson/databind/util/ClassUtil$Ctor
instanceKlass com/fasterxml/jackson/databind/util/ClassUtil
instanceKlass ch/qos/logback/core/util/DefaultInvocationGate
instanceKlass ch/qos/logback/core/util/InvocationGate
instanceKlass com/fasterxml/jackson/databind/ext/Java7Support
instanceKlass ch/qos/logback/core/rolling/helper/ArchiveRemover
instanceKlass com/fasterxml/jackson/annotation/JsonMerge
instanceKlass com/fasterxml/jackson/databind/annotation/JsonDeserialize
instanceKlass com/fasterxml/jackson/annotation/JsonManagedReference
instanceKlass com/fasterxml/jackson/annotation/JsonBackReference
instanceKlass com/fasterxml/jackson/annotation/JsonUnwrapped
instanceKlass com/fasterxml/jackson/annotation/JsonRawValue
instanceKlass com/fasterxml/jackson/annotation/JsonTypeInfo
instanceKlass ch/qos/logback/core/rolling/TimeBasedFileNamingAndTriggeringPolicy
instanceKlass com/fasterxml/jackson/annotation/JsonFormat
instanceKlass com/fasterxml/jackson/annotation/JsonView
instanceKlass com/fasterxml/jackson/databind/annotation/JsonSerialize
instanceKlass java/util/Vector$Itr
instanceKlass com/fasterxml/jackson/databind/introspect/ConcreteBeanPropertyBase
instanceKlass com/fasterxml/jackson/databind/BeanProperty
instanceKlass ch/qos/logback/core/rolling/RollingPolicy
instanceKlass ch/qos/logback/core/rolling/TriggeringPolicy
instanceKlass ch/qos/logback/core/util/FileSize
instanceKlass com/fasterxml/jackson/databind/introspect/BeanPropertyDefinition
instanceKlass com/fasterxml/jackson/databind/util/Named
instanceKlass ch/qos/logback/classic/pattern/TargetLengthBasedClassNameAbbreviator
instanceKlass ch/qos/logback/core/pattern/ConverterUtil
instanceKlass ch/qos/logback/classic/pattern/Abbreviator
instanceKlass ch/qos/logback/core/pattern/FormatInfo
instanceKlass com/fasterxml/jackson/core/type/ResolvedType
instanceKlass ch/qos/logback/core/pattern/util/AsIsEscapeUtil
instanceKlass ch/qos/logback/core/pattern/parser/OptionTokenizer
instanceKlass ch/qos/logback/core/pattern/parser/TokenStream$1
instanceKlass ch/qos/logback/core/pattern/util/RestrictedEscapeUtil
instanceKlass ch/qos/logback/core/pattern/parser/TokenStream
instanceKlass com/fasterxml/jackson/databind/introspect/TypeResolutionContext
instanceKlass ch/qos/logback/classic/pattern/EnsureExceptionHandling
instanceKlass com/fasterxml/jackson/databind/introspect/Annotated
instanceKlass com/fasterxml/jackson/databind/introspect/VisibilityChecker
instanceKlass com/fasterxml/jackson/databind/introspect/ClassIntrospector
instanceKlass com/fasterxml/jackson/databind/Module$SetupContext
instanceKlass com/fasterxml/jackson/databind/JsonSerializable$Base
instanceKlass com/fasterxml/jackson/databind/JsonSerializable
instanceKlass com/fasterxml/jackson/core/JsonParser
instanceKlass com/fasterxml/jackson/core/TreeNode
instanceKlass ch/qos/logback/core/pattern/parser/Token
instanceKlass com/fasterxml/jackson/databind/jsontype/TypeResolverBuilder
instanceKlass ch/qos/logback/core/pattern/parser/Node
instanceKlass ch/qos/logback/core/pattern/PostCompileProcessor
instanceKlass com/fasterxml/jackson/databind/jsontype/PolymorphicTypeValidator
instanceKlass ch/qos/logback/core/joran/spi/NoAutoStart
instanceKlass ch/qos/logback/core/joran/spi/NoAutoStartUtil
instanceKlass ch/qos/logback/core/CoreConstants
instanceKlass ch/qos/logback/core/joran/action/IADataForBasicProperty
instanceKlass com/fasterxml/jackson/databind/AnnotationIntrospector
instanceKlass ch/qos/logback/core/joran/action/NestedBasicPropertyIA$1
instanceKlass java/lang/Package$1
instanceKlass ch/qos/logback/core/joran/action/IADataForComplexProperty
instanceKlass ch/qos/logback/core/joran/action/NestedComplexPropertyIA$1
instanceKlass com/fasterxml/jackson/databind/ser/SerializerFactory
instanceKlass ch/qos/logback/core/joran/util/StringToObjectConverter
instanceKlass ch/qos/logback/core/joran/util/beans/BeanDescription
instanceKlass ch/qos/logback/core/joran/util/beans/BeanUtil
instanceKlass ch/qos/logback/core/joran/action/ActionUtil$1
instanceKlass ch/qos/logback/core/pattern/util/RegularEscapeUtil
instanceKlass ch/qos/logback/core/pattern/util/IEscapeUtil
instanceKlass ch/qos/logback/core/joran/action/ActionUtil
instanceKlass ch/qos/logback/core/subst/NodeToStringTransformer$1
instanceKlass ch/qos/logback/core/subst/Node
instanceKlass ch/qos/logback/core/subst/Parser$1
instanceKlass ch/qos/logback/core/subst/Parser
instanceKlass com/fasterxml/jackson/databind/deser/DeserializerFactory
instanceKlass ch/qos/logback/core/subst/Token
instanceKlass ch/qos/logback/core/subst/Tokenizer$1
instanceKlass com/fasterxml/jackson/databind/DatabindContext
instanceKlass ch/qos/logback/core/subst/Tokenizer
instanceKlass ch/qos/logback/core/subst/NodeToStringTransformer
instanceKlass ch/qos/logback/core/net/ssl/SecureRandomFactoryBean
instanceKlass ch/qos/logback/core/net/ssl/TrustManagerFactoryFactoryBean
instanceKlass ch/qos/logback/core/net/ssl/KeyManagerFactoryFactoryBean
instanceKlass com/fasterxml/jackson/databind/jsontype/SubtypeResolver
instanceKlass ch/qos/logback/core/net/ssl/KeyStoreFactoryBean
instanceKlass com/fasterxml/jackson/core/TokenStreamFactory
instanceKlass ch/qos/logback/core/net/ssl/SSLContextFactoryBean
instanceKlass ch/qos/logback/core/net/ssl/SSLComponent
instanceKlass ch/qos/logback/core/net/ssl/SSLNestedComponentRegistryRules
instanceKlass ch/qos/logback/core/boolex/EventEvaluator
instanceKlass com/fasterxml/jackson/databind/cfg/HandlerInstantiator
instanceKlass com/fasterxml/jackson/databind/Module
instanceKlass org/springframework/http/converter/json/Jackson2ObjectMapperBuilder
instanceKlass ch/qos/logback/core/joran/spi/HostClassAndPropertyDouble
instanceKlass ch/qos/logback/classic/util/DefaultNestedComponentRules
instanceKlass ch/qos/logback/core/joran/spi/EventPlayer
instanceKlass com/fasterxml/jackson/core/PrettyPrinter
instanceKlass ch/qos/logback/core/joran/spi/DefaultNestedComponentRegistry
instanceKlass com/fasterxml/jackson/core/util/DefaultPrettyPrinter$Indenter
instanceKlass org/springframework/http/converter/GenericHttpMessageConverter
instanceKlass ch/qos/logback/core/joran/spi/Interpreter
instanceKlass com/sun/jmx/mbeanserver/Util
instanceKlass javax/management/ObjectName$Property
instanceKlass com/sun/jmx/mbeanserver/GetPropertyAction
instanceKlass org/springframework/http/converter/xml/Jaxb2RootElementHttpMessageConverter$$Lambda$106
instanceKlass javax/management/ObjectName
instanceKlass javax/management/QueryExp
instanceKlass ch/qos/logback/classic/spi/PlatformInfo
instanceKlass ch/qos/logback/core/sift/AppenderFactory
instanceKlass jdk/xml/internal/XMLSecurityManager
instanceKlass com/sun/org/apache/xalan/internal/utils/SecuritySupport$9
instanceKlass com/sun/org/apache/xalan/internal/utils/SecuritySupport$4
instanceKlass com/sun/org/apache/xalan/internal/utils/SecuritySupport
instanceKlass com/sun/org/apache/xalan/internal/utils/FeaturePropertyBase
instanceKlass jdk/xml/internal/JdkXmlFeatures
instanceKlass javax/xml/transform/ErrorListener
instanceKlass com/sun/org/apache/xalan/internal/xsltc/compiler/SourceLoader
instanceKlass javax/xml/transform/SecuritySupport$1
instanceKlass javax/xml/transform/FactoryFinder$1
instanceKlass javax/xml/transform/SecuritySupport$4
instanceKlass javax/xml/transform/SecuritySupport$2
instanceKlass javax/xml/transform/SecuritySupport
instanceKlass org/xml/sax/helpers/AttributesImpl
instanceKlass javax/xml/transform/FactoryFinder
instanceKlass org/xml/sax/helpers/LocatorImpl
instanceKlass javax/xml/transform/TransformerFactory
instanceKlass javax/xml/transform/stream/StreamSource
instanceKlass javax/xml/transform/stax/StAXSource
instanceKlass ch/qos/logback/core/joran/event/SaxEvent
instanceKlass javax/xml/transform/sax/SAXSource
instanceKlass javax/xml/transform/dom/DOMSource
instanceKlass org/springframework/http/converter/xml/SourceHttpMessageConverter$$Lambda$105
instanceKlass javax/xml/stream/XMLResolver
instanceKlass java/lang/invoke/LambdaForm$DMH
instanceKlass org/springframework/http/converter/xml/SourceHttpMessageConverter$$Lambda$104
instanceKlass java/lang/invoke/LambdaForm$DMH
instanceKlass com/sun/org/apache/xerces/internal/impl/Constants$ArrayEnumeration
instanceKlass sun/invoke/util/VerifyAccess$1
instanceKlass com/sun/org/apache/xerces/internal/impl/Constants
instanceKlass org/w3c/dom/Node
instanceKlass javax/xml/transform/Result
instanceKlass com/sun/org/apache/xerces/internal/parsers/AbstractSAXParser$LocatorProxy
instanceKlass org/xml/sax/ext/Locator2
instanceKlass org/xml/sax/Locator
instanceKlass com/sun/org/apache/xerces/internal/util/XMLSymbols
instanceKlass com/sun/org/apache/xerces/internal/util/XMLChar
instanceKlass com/sun/xml/internal/stream/Entity
instanceKlass com/sun/xml/internal/stream/util/BufferAllocator
instanceKlass com/sun/xml/internal/stream/util/ThreadLocalBufferAllocator
instanceKlass org/springframework/core/log/CompositeLog$$Lambda$103
instanceKlass org/springframework/core/log/CompositeLog$$Lambda$102
instanceKlass org/springframework/core/log/CompositeLog$$Lambda$101
instanceKlass org/springframework/core/log/CompositeLog$$Lambda$100
instanceKlass org/springframework/core/log/CompositeLog$$Lambda$99
instanceKlass org/springframework/core/log/CompositeLog$$Lambda$98
instanceKlass java/lang/invoke/LambdaForm$DMH
instanceKlass org/apache/commons/logging/impl/NoOpLog
instanceKlass org/springframework/core/log/CompositeLog
instanceKlass com/sun/org/apache/xerces/internal/util/URI
instanceKlass com/sun/org/apache/xerces/internal/utils/XMLLimitAnalyzer
instanceKlass org/springframework/core/log/LogDelegateFactory
instanceKlass com/sun/org/apache/xerces/internal/xni/parser/XMLInputSource
instanceKlass org/springframework/http/HttpLogging
instanceKlass com/sun/org/apache/xerces/internal/util/ErrorHandlerWrapper
instanceKlass com/sun/org/apache/xerces/internal/xni/parser/XMLErrorHandler
instanceKlass com/sun/org/apache/xerces/internal/impl/ExternalSubsetResolver
instanceKlass org/springframework/http/converter/AbstractHttpMessageConverter
instanceKlass com/sun/org/apache/xerces/internal/util/EntityResolverWrapper
instanceKlass org/xml/sax/ext/EntityResolver2
instanceKlass com/sun/org/apache/xerces/internal/parsers/AbstractSAXParser$AttributesProxy
instanceKlass org/xml/sax/ext/Attributes2
instanceKlass org/xml/sax/Attributes
instanceKlass org/xml/sax/AttributeList
instanceKlass com/google/gson/Gson
instanceKlass com/sun/org/apache/xerces/internal/util/PropertyState
instanceKlass com/sun/org/apache/xerces/internal/util/FeatureState
instanceKlass com/sun/org/apache/xerces/internal/impl/msg/XMLMessageFormatter
instanceKlass com/sun/org/apache/xerces/internal/util/MessageFormatter
instanceKlass com/sun/org/apache/xerces/internal/impl/XMLVersionDetector
instanceKlass com/sun/org/apache/xerces/internal/impl/validation/ValidationManager
instanceKlass com/sun/org/apache/xerces/internal/impl/dv/dtd/NMTOKENDatatypeValidator
instanceKlass com/sun/org/apache/xerces/internal/impl/dv/dtd/NOTATIONDatatypeValidator
instanceKlass com/sun/org/apache/xerces/internal/impl/dv/dtd/ENTITYDatatypeValidator
instanceKlass com/sun/org/apache/xerces/internal/impl/dv/dtd/ListDatatypeValidator
instanceKlass com/sun/org/apache/xerces/internal/impl/dv/dtd/IDREFDatatypeValidator
instanceKlass com/sun/org/apache/xerces/internal/impl/dv/dtd/IDDatatypeValidator
instanceKlass com/fasterxml/jackson/core/JsonGenerator
instanceKlass com/sun/org/apache/xerces/internal/impl/dv/dtd/StringDatatypeValidator
instanceKlass com/sun/org/apache/xerces/internal/impl/dv/DatatypeValidator
instanceKlass com/fasterxml/jackson/core/TreeCodec
instanceKlass com/sun/org/apache/xerces/internal/impl/dv/DTDDVFactory
instanceKlass com/sun/org/apache/xerces/internal/impl/dtd/DTDGrammarBucket
instanceKlass com/fasterxml/jackson/core/Versioned
instanceKlass com/sun/org/apache/xerces/internal/impl/dtd/XMLAttributeDecl
instanceKlass com/sun/org/apache/xerces/internal/impl/dtd/XMLSimpleType
instanceKlass com/sun/org/apache/xerces/internal/impl/dtd/XMLElementDecl
instanceKlass com/sun/org/apache/xerces/internal/impl/validation/ValidationState
instanceKlass com/sun/org/apache/xerces/internal/impl/dv/ValidationContext
instanceKlass com/sun/org/apache/xerces/internal/impl/dtd/XMLDTDValidator
instanceKlass com/sun/org/apache/xerces/internal/impl/RevalidationHandler
instanceKlass com/sun/org/apache/xerces/internal/impl/dtd/XMLDTDValidatorFilter
instanceKlass com/sun/org/apache/xerces/internal/xni/parser/XMLDocumentFilter
instanceKlass com/sun/org/apache/xerces/internal/impl/dtd/XMLEntityDecl
instanceKlass com/sun/org/apache/xerces/internal/impl/dtd/XMLDTDProcessor
instanceKlass com/sun/org/apache/xerces/internal/xni/parser/XMLDTDContentModelFilter
instanceKlass com/sun/org/apache/xerces/internal/xni/parser/XMLDTDFilter
instanceKlass javax/xml/bind/Binder
instanceKlass org/springframework/util/MimeType$SpecificityComparator
instanceKlass com/sun/org/apache/xerces/internal/xni/parser/XMLDTDScanner
instanceKlass com/sun/org/apache/xerces/internal/xni/parser/XMLDTDContentModelSource
instanceKlass com/sun/org/apache/xerces/internal/xni/parser/XMLDTDSource
instanceKlass org/springframework/http/MediaType$$Lambda$97
instanceKlass org/springframework/util/MimeType$$Lambda$96
instanceKlass com/sun/org/apache/xerces/internal/xni/grammars/XMLDTDDescription
instanceKlass com/sun/org/apache/xerces/internal/xni/grammars/XMLGrammarDescription
instanceKlass com/sun/org/apache/xerces/internal/impl/XMLDocumentScannerImpl$TrailingMiscDriver
instanceKlass com/sun/org/apache/xerces/internal/impl/XMLDocumentScannerImpl$PrologDriver
instanceKlass com/sun/org/apache/xerces/internal/impl/XMLDocumentScannerImpl$XMLDeclDriver
instanceKlass org/springframework/util/LinkedCaseInsensitiveMap
instanceKlass com/sun/org/apache/xerces/internal/util/NamespaceSupport
instanceKlass com/sun/org/apache/xerces/internal/xni/NamespaceContext
instanceKlass com/sun/org/apache/xerces/internal/util/XMLAttributesImpl$Attribute
instanceKlass com/sun/org/apache/xerces/internal/util/XMLAttributesImpl
instanceKlass com/sun/org/apache/xerces/internal/xni/XMLAttributes
instanceKlass org/springframework/util/MimeType
instanceKlass com/sun/org/apache/xerces/internal/impl/XMLDocumentFragmentScannerImpl$FragmentContentDriver
instanceKlass com/sun/org/apache/xerces/internal/impl/XMLDocumentFragmentScannerImpl$Driver
instanceKlass com/sun/org/apache/xerces/internal/impl/XMLDocumentFragmentScannerImpl$ElementStack2
instanceKlass com/sun/org/apache/xerces/internal/xni/QName
instanceKlass com/sun/org/apache/xerces/internal/impl/XMLDocumentFragmentScannerImpl$ElementStack
instanceKlass com/sun/org/apache/xerces/internal/xni/XMLString
instanceKlass org/springframework/http/HttpOutputMessage
instanceKlass org/springframework/http/HttpMessage
instanceKlass org/springframework/http/converter/FormHttpMessageConverter
instanceKlass org/springframework/http/converter/HttpMessageConverter
instanceKlass com/sun/org/apache/xerces/internal/impl/XMLScanner
instanceKlass com/sun/xml/internal/stream/XMLBufferListener
instanceKlass com/sun/org/apache/xerces/internal/impl/XMLEntityHandler
instanceKlass com/sun/org/apache/xerces/internal/xni/parser/XMLDocumentScanner
instanceKlass com/sun/org/apache/xerces/internal/xni/parser/XMLDocumentSource
instanceKlass org/springframework/boot/autoconfigure/BackgroundPreinitializer$MessageConverterInitializer
instanceKlass org/hibernate/validator/internal/engine/ValidationContext$ValidatorScopedContext
instanceKlass javax/validation/groups/Default
instanceKlass com/sun/org/apache/xerces/internal/impl/XMLErrorReporter
instanceKlass javax/validation/valueextraction/ValueExtractor$ValueReceiver
instanceKlass javax/validation/Path$Node
instanceKlass com/sun/org/apache/xerces/internal/impl/XMLEntityScanner
instanceKlass javax/validation/Path
instanceKlass com/sun/org/apache/xerces/internal/xni/XMLLocator
instanceKlass org/hibernate/validator/internal/engine/ValidatorImpl
instanceKlass javax/validation/executable/ExecutableValidator
instanceKlass com/sun/xml/internal/stream/XMLEntityStorage
instanceKlass com/sun/org/apache/xerces/internal/impl/XMLEntityManager$CharacterBuffer
instanceKlass com/sun/org/apache/xerces/internal/impl/XMLEntityManager$CharacterBufferPool
instanceKlass com/sun/org/apache/xerces/internal/util/AugmentationsImpl$AugmentationsItemsContainer
instanceKlass com/sun/org/apache/xerces/internal/util/AugmentationsImpl
instanceKlass com/sun/org/apache/xerces/internal/xni/Augmentations
instanceKlass org/hibernate/validator/group/GroupSequenceProvider
instanceKlass javax/validation/GroupSequence
instanceKlass org/hibernate/validator/internal/metadata/raw/BeanConfiguration
instanceKlass com/sun/org/apache/xerces/internal/util/XMLResourceIdentifierImpl
instanceKlass com/sun/org/apache/xerces/internal/xni/XMLResourceIdentifier
instanceKlass org/hibernate/validator/internal/metadata/location/BeanConstraintLocation
instanceKlass org/hibernate/validator/internal/util/privilegedactions/GetDeclaredConstructors
instanceKlass com/sun/org/apache/xerces/internal/impl/XMLEntityManager
instanceKlass com/sun/org/apache/xerces/internal/xni/parser/XMLEntityResolver
instanceKlass com/sun/org/apache/xerces/internal/xni/parser/XMLComponent
instanceKlass org/hibernate/validator/internal/metadata/provider/AnnotationMetaDataProvider$$Lambda$95
instanceKlass org/hibernate/validator/internal/metadata/core/MetaConstraint
instanceKlass com/sun/org/apache/xerces/internal/util/SymbolTable$Entry
instanceKlass com/sun/org/apache/xerces/internal/util/SymbolTable
instanceKlass org/hibernate/validator/internal/metadata/provider/AnnotationMetaDataProvider$$Lambda$94
instanceKlass jdk/xml/internal/SecuritySupport$2
instanceKlass sun/reflect/generics/tree/MethodTypeSignature
instanceKlass jdk/xml/internal/SecuritySupport$1
instanceKlass jdk/xml/internal/SecuritySupport
instanceKlass jdk/xml/internal/JdkXmlUtils
instanceKlass org/hibernate/validator/internal/metadata/provider/AnnotationMetaDataProvider$TypeArgumentExecutableParameterLocation
instanceKlass com/sun/org/apache/xerces/internal/util/ParserConfigurationSettings
instanceKlass org/hibernate/validator/internal/metadata/location/ParameterConstraintLocation
instanceKlass com/sun/org/apache/xerces/internal/parsers/XML11Configurable
instanceKlass com/sun/org/apache/xerces/internal/xni/parser/XMLPullParserConfiguration
instanceKlass com/sun/org/apache/xerces/internal/xni/parser/XMLParserConfiguration
instanceKlass com/sun/org/apache/xerces/internal/xni/parser/XMLComponentManager
instanceKlass org/hibernate/validator/internal/metadata/location/ConstraintLocation
instanceKlass org/hibernate/validator/internal/metadata/core/AnnotationProcessingOptionsImpl$ExecutableParameterKey
instanceKlass org/hibernate/validator/internal/metadata/raw/AbstractConstrainedElement
instanceKlass org/hibernate/validator/internal/metadata/raw/ConstrainedElement
instanceKlass com/sun/org/apache/xerces/internal/parsers/XMLParser
instanceKlass com/sun/org/apache/xerces/internal/xni/XMLDTDContentModelHandler
instanceKlass com/sun/org/apache/xerces/internal/xni/XMLDTDHandler
instanceKlass org/hibernate/validator/internal/util/TypeVariables
instanceKlass com/sun/org/apache/xerces/internal/xni/XMLDocumentHandler
instanceKlass org/xml/sax/XMLReader
instanceKlass org/xml/sax/Parser
instanceKlass org/hibernate/validator/internal/metadata/aggregated/CascadingMetaData
instanceKlass org/hibernate/validator/internal/metadata/aggregated/CascadingMetaDataBuilder
instanceKlass com/sun/org/apache/xerces/internal/utils/XMLSecurityPropertyManager
instanceKlass javax/validation/groups/ConvertGroup$List
instanceKlass javax/validation/groups/ConvertGroup
instanceKlass com/sun/org/apache/xerces/internal/utils/SecuritySupport$7
instanceKlass com/sun/org/apache/xerces/internal/utils/SecuritySupport$4
instanceKlass javax/validation/Valid
instanceKlass com/sun/org/apache/xerces/internal/utils/SecuritySupport
instanceKlass org/hibernate/validator/internal/metadata/provider/AnnotationMetaDataProvider$TypeArgumentReturnValueLocation
instanceKlass com/sun/org/apache/xerces/internal/utils/XMLSecurityManager
instanceKlass java/util/stream/Collectors$$Lambda$93
instanceKlass java/util/stream/Collectors$$Lambda$92
instanceKlass java/lang/invoke/LambdaForm$DMH
instanceKlass java/util/stream/Collectors$$Lambda$91
instanceKlass org/hibernate/validator/internal/metadata/provider/AnnotationMetaDataProvider$$Lambda$90
instanceKlass javax/xml/parsers/SAXParser
instanceKlass com/sun/org/apache/xerces/internal/xs/PSVIProvider
instanceKlass com/sun/org/apache/xerces/internal/jaxp/JAXPConstants
instanceKlass org/hibernate/validator/internal/metadata/descriptor/ConstraintDescriptorImpl
instanceKlass org/hibernate/validator/internal/util/privilegedactions/GetDeclaredMethods
instanceKlass javax/xml/parsers/SecuritySupport$1
instanceKlass org/hibernate/validator/internal/util/privilegedactions/GetDeclaredFields
instanceKlass javax/xml/parsers/FactoryFinder$1
instanceKlass javax/xml/parsers/SecuritySupport$4
instanceKlass javax/xml/parsers/SecuritySupport$2
instanceKlass javax/xml/parsers/SecuritySupport
instanceKlass javax/xml/parsers/FactoryFinder
instanceKlass javax/xml/parsers/SAXParserFactory
instanceKlass org/hibernate/validator/internal/metadata/provider/AnnotationMetaDataProvider$TypeArgumentLocation
instanceKlass ch/qos/logback/core/spi/ContextAwareImpl
instanceKlass org/hibernate/validator/internal/metadata/provider/AnnotationMetaDataProvider
instanceKlass ch/qos/logback/core/joran/spi/ElementPath
instanceKlass org/hibernate/validator/internal/util/logging/Messages_$bundle
instanceKlass org/xml/sax/helpers/DefaultHandler
instanceKlass org/xml/sax/ErrorHandler
instanceKlass org/xml/sax/ContentHandler
instanceKlass org/xml/sax/DTDHandler
instanceKlass org/xml/sax/EntityResolver
instanceKlass org/xml/sax/InputSource
instanceKlass org/jboss/logging/Messages
instanceKlass java/net/URLEncoder
instanceKlass org/hibernate/validator/internal/util/logging/Messages
instanceKlass java/net/URLDecoder
instanceKlass ch/qos/logback/core/joran/util/ConfigurationWatchListUtil
instanceKlass org/hibernate/validator/internal/metadata/provider/ProgrammaticMetaDataProvider
instanceKlass org/hibernate/validator/internal/metadata/provider/MetaDataProvider
instanceKlass org/hibernate/validator/internal/metadata/aggregated/BeanMetaData
instanceKlass org/hibernate/validator/internal/metadata/facets/Validatable
instanceKlass org/hibernate/validator/internal/engine/ValidatorFactoryImpl$$Lambda$89
instanceKlass org/hibernate/validator/internal/metadata/BeanMetaDataManager
instanceKlass org/hibernate/validator/internal/engine/ValidatorFactoryImpl$BeanMetaDataManagerKey
instanceKlass ch/qos/logback/classic/spi/EventArgUtil
instanceKlass ch/qos/logback/classic/spi/IThrowableProxy
instanceKlass ch/qos/logback/classic/spi/LoggingEvent
instanceKlass org/apache/logging/log4j/message/LoggerNameAwareMessage
instanceKlass ch/qos/logback/core/joran/event/InPlayListener
instanceKlass org/apache/logging/log4j/message/StringFormattedMessage
instanceKlass org/hibernate/validator/internal/util/logging/formatter/ClassObjectFormatter
instanceKlass org/hibernate/validator/internal/engine/groups/ValidationOrder
instanceKlass org/hibernate/validator/internal/engine/groups/ValidationOrderGenerator
instanceKlass org/hibernate/validator/internal/engine/constraintvalidation/ConstraintValidatorManager$1
instanceKlass javax/validation/metadata/ConstraintDescriptor
instanceKlass org/hibernate/validator/internal/engine/constraintvalidation/ConstraintValidatorManager
instanceKlass org/hibernate/validator/internal/engine/constraintvalidation/HibernateConstraintValidatorInitializationContextImpl
instanceKlass ch/qos/logback/core/joran/spi/RuleStore
instanceKlass org/hibernate/validator/spi/scripting/ScriptEvaluator
instanceKlass org/hibernate/validator/spi/scripting/AbstractCachingScriptEvaluatorFactory
instanceKlass ch/qos/logback/core/LifeCycleManager
instanceKlass org/hibernate/validator/internal/util/ExecutableParameterNameProvider
instanceKlass javax/el/Util$CacheKey
instanceKlass javax/el/ELContext
instanceKlass org/springframework/util/SystemPropertyUtils$SystemPropertyPlaceholderResolver
instanceKlass org/springframework/util/SystemPropertyUtils
instanceKlass javax/el/ELManager
instanceKlass javax/el/Expression
instanceKlass org/springframework/boot/logging/LoggingInitializationContext
instanceKlass javax/el/ELResolver
instanceKlass org/springframework/boot/logging/LoggerGroup
instanceKlass org/springframework/boot/logging/LoggerGroups$$Lambda$88
instanceKlass javax/el/ExpressionFactory$CacheKey
instanceKlass org/springframework/boot/logging/LoggerGroups
instanceKlass javax/el/Util$CacheValue
instanceKlass javax/el/Util
instanceKlass org/springframework/core/env/AbstractPropertyResolver$$Lambda$87
instanceKlass org/springframework/util/PropertyPlaceholderHelper$PlaceholderResolver
instanceKlass javax/el/ExpressionFactory$CacheValue
instanceKlass javax/el/ExpressionFactory
instanceKlass org/springframework/boot/logging/LogFile
instanceKlass org/hibernate/validator/internal/util/ConcurrentReferenceHashMap$HashEntry
instanceKlass java/net/InetAddress$CachedAddresses
instanceKlass sun/net/InetAddressCachePolicy$2
instanceKlass sun/net/InetAddressCachePolicy$1
instanceKlass sun/net/InetAddressCachePolicy
instanceKlass org/hibernate/validator/messageinterpolation/AbstractMessageInterpolator
instanceKlass org/hibernate/validator/constraintvalidation/HibernateConstraintValidatorInitializationContext
instanceKlass org/hibernate/validator/internal/engine/ValidatorFactoryImpl$ValidatorFactoryScopedContext
instanceKlass java/net/Inet6Address$Inet6AddressHolder
instanceKlass java/net/InetAddress$NameServiceAddresses
instanceKlass java/net/InetAddress$Addresses
instanceKlass org/hibernate/validator/internal/metadata/aggregated/rule/MethodConfigurationRule
instanceKlass java/util/concurrent/ConcurrentSkipListMap$Iter
instanceKlass org/hibernate/validator/internal/engine/MethodValidationConfiguration
instanceKlass org/hibernate/validator/internal/util/StringHelper
instanceKlass org/hibernate/validator/internal/metadata/core/AnnotationProcessingOptionsImpl
instanceKlass org/hibernate/validator/internal/metadata/core/AnnotationProcessingOptions
instanceKlass org/hibernate/validator/cfg/context/ConstraintDefinitionContext
instanceKlass org/hibernate/validator/cfg/context/TypeConstraintMappingContext
instanceKlass org/hibernate/validator/cfg/context/AnnotationIgnoreOptions
instanceKlass org/hibernate/validator/cfg/context/AnnotationProcessingOptions
instanceKlass org/hibernate/validator/cfg/context/ConstructorTarget
instanceKlass org/hibernate/validator/cfg/context/MethodTarget
instanceKlass org/hibernate/validator/cfg/context/PropertyTarget
instanceKlass org/hibernate/validator/cfg/context/ConstraintMappingTarget
instanceKlass org/hibernate/validator/cfg/context/ConstraintDefinitionTarget
instanceKlass org/hibernate/validator/cfg/context/TypeTarget
instanceKlass org/hibernate/validator/cfg/context/Constrainable
instanceKlass org/hibernate/validator/internal/cfg/context/DefaultConstraintMapping
instanceKlass org/hibernate/validator/internal/engine/ValidatorFactoryImpl$DefaultConstraintMappingBuilder
instanceKlass org/hibernate/validator/internal/engine/ServiceLoaderBasedConstraintMappingContributor
instanceKlass com/fasterxml/classmate/Filter
instanceKlass org/hibernate/validator/internal/util/ExecutableHelper
instanceKlass com/fasterxml/classmate/util/ResolvedTypeCache
instanceKlass com/fasterxml/classmate/util/ClassKey
instanceKlass com/fasterxml/classmate/TypeBindings
instanceKlass com/fasterxml/classmate/members/RawMember
instanceKlass java/net/InetAddress$CachedLocalHost
instanceKlass java/net/InetAddress$2
instanceKlass sun/net/spi/nameservice/NameService
instanceKlass java/net/Inet6AddressImpl
instanceKlass java/net/InetAddressImpl
instanceKlass java/net/InetAddressImplFactory
instanceKlass java/util/concurrent/ConcurrentSkipListMap$Node
instanceKlass java/util/concurrent/ConcurrentSkipListMap$Index
instanceKlass com/fasterxml/classmate/ResolvedType
instanceKlass com/fasterxml/classmate/TypeResolver
instanceKlass org/hibernate/validator/internal/util/TypeResolutionHelper
instanceKlass java/util/concurrent/ConcurrentNavigableMap
instanceKlass org/hibernate/validator/internal/constraintvalidators/hv/URLValidator
instanceKlass org/hibernate/validator/constraints/URL
instanceKlass org/hibernate/validator/internal/constraintvalidators/hv/UniqueElementsValidator
instanceKlass java/net/InetAddress$InetAddressHolder
instanceKlass org/hibernate/validator/constraints/UniqueElements
instanceKlass org/hibernate/validator/constraints/ScriptAssert
instanceKlass org/hibernate/validator/internal/constraintvalidators/hv/SafeHtmlValidator
instanceKlass org/hibernate/validator/constraints/SafeHtml
instanceKlass java/net/InetAddress$1
instanceKlass org/hibernate/validator/internal/constraintvalidators/hv/AbstractScriptAssertValidator
instanceKlass org/hibernate/validator/constraints/ParameterScriptAssert
instanceKlass org/hibernate/validator/internal/constraintvalidators/hv/NotBlankValidator
instanceKlass sun/management/RuntimeImpl
instanceKlass java/lang/management/RuntimeMXBean
instanceKlass java/lang/management/PlatformManagedObject
instanceKlass org/hibernate/validator/constraints/NotBlank
instanceKlass org/hibernate/validator/constraints/pl/PESEL
instanceKlass org/hibernate/validator/constraints/pl/NIP
instanceKlass sun/management/VMManagementImpl
instanceKlass sun/management/VMManagement
instanceKlass org/hibernate/validator/constraints/pl/REGON
instanceKlass org/hibernate/validator/constraints/Mod11Check
instanceKlass org/hibernate/validator/constraints/Mod10Check
instanceKlass org/hibernate/validator/constraints/LuhnCheck
instanceKlass sun/management/ManagementFactoryHelper$4
instanceKlass sun/management/ManagementFactoryHelper
instanceKlass java/lang/Deprecated
instanceKlass org/hibernate/validator/internal/constraintvalidators/hv/ModCheckBase
instanceKlass java/lang/management/ManagementFactory
instanceKlass org/hibernate/validator/constraints/ModCheck
instanceKlass org/springframework/boot/system/ApplicationPid
instanceKlass org/hibernate/validator/internal/constraintvalidators/hv/CodePointLengthValidator
instanceKlass org/hibernate/validator/constraints/CodePointLength
instanceKlass org/springframework/boot/logging/LoggingSystemProperties
instanceKlass org/hibernate/validator/internal/constraintvalidators/hv/LengthValidator
instanceKlass org/hibernate/validator/constraints/Length
instanceKlass org/springframework/boot/ansi/AnsiElement
instanceKlass org/hibernate/validator/constraints/Email
instanceKlass org/hibernate/validator/internal/constraintvalidators/hv/EANValidator
instanceKlass org/hibernate/validator/constraints/EAN
instanceKlass org/springframework/boot/context/config/AnsiOutputApplicationListener$$Lambda$86
instanceKlass org/hibernate/validator/internal/constraintvalidators/hv/time/DurationMinValidator
instanceKlass java/lang/invoke/LambdaForm$DMH
instanceKlass org/springframework/boot/ansi/AnsiOutput
instanceKlass org/hibernate/validator/constraints/time/DurationMin
instanceKlass org/hibernate/validator/internal/constraintvalidators/hv/time/DurationMaxValidator
instanceKlass org/hibernate/validator/constraints/time/DurationMax
instanceKlass org/springframework/boot/context/properties/bind/JavaBeanBinder$Bean
instanceKlass org/hibernate/validator/internal/constraintvalidators/hv/br/CPFValidator
instanceKlass org/springframework/boot/context/properties/bind/ValueObjectBinder$ValueObject
instanceKlass org/hibernate/validator/constraints/br/CPF
instanceKlass org/hibernate/validator/internal/constraintvalidators/hv/br/CNPJValidator
instanceKlass org/springframework/boot/context/properties/bind/Binder$$Lambda$85
instanceKlass org/hibernate/validator/constraints/br/CNPJ
instanceKlass org/springframework/boot/context/properties/bind/Binder$$Lambda$84
instanceKlass org/springframework/boot/context/properties/bind/DataObjectPropertyBinder
instanceKlass javax/validation/constraints/Size
instanceKlass java/util/stream/ForEachOps$ForEachOp
instanceKlass org/hibernate/validator/internal/constraintvalidators/bv/size/SizeValidatorForArraysOfPrimitives
instanceKlass java/util/stream/ForEachOps
instanceKlass org/springframework/boot/context/config/ConfigFileApplicationListener$Loader$$Lambda$83
instanceKlass org/hibernate/validator/internal/constraintvalidators/bv/size/SizeValidatorForMap
instanceKlass org/springframework/boot/context/config/ConfigFileApplicationListener$Loader$$Lambda$82
instanceKlass org/springframework/boot/context/config/ConfigFileApplicationListener$Loader$$Lambda$81
instanceKlass org/hibernate/validator/internal/constraintvalidators/bv/size/SizeValidatorForArray
instanceKlass org/hibernate/validator/internal/constraintvalidators/bv/size/SizeValidatorForCollection
instanceKlass java/util/LinkedList$LLSpliterator
instanceKlass org/hibernate/validator/internal/constraintvalidators/bv/size/SizeValidatorForCharSequence
instanceKlass org/hibernate/validator/internal/constraintvalidators/bv/number/sign/PositiveOrZeroValidatorForNumber
instanceKlass org/hibernate/validator/internal/constraintvalidators/bv/number/sign/PositiveOrZeroValidatorForByte
instanceKlass org/hibernate/validator/internal/constraintvalidators/bv/number/sign/PositiveOrZeroValidatorForShort
instanceKlass org/hibernate/validator/internal/constraintvalidators/bv/number/sign/PositiveOrZeroValidatorForInteger
instanceKlass org/hibernate/validator/internal/constraintvalidators/bv/number/sign/PositiveOrZeroValidatorForLong
instanceKlass org/hibernate/validator/internal/constraintvalidators/bv/number/sign/PositiveOrZeroValidatorForFloat
instanceKlass org/hibernate/validator/internal/constraintvalidators/bv/number/sign/PositiveOrZeroValidatorForDouble
instanceKlass org/hibernate/validator/internal/constraintvalidators/bv/number/sign/PositiveOrZeroValidatorForBigInteger
instanceKlass org/hibernate/validator/internal/constraintvalidators/bv/number/sign/PositiveOrZeroValidatorForBigDecimal
instanceKlass javax/validation/constraints/PositiveOrZero
instanceKlass org/hibernate/validator/internal/constraintvalidators/bv/number/sign/PositiveValidatorForNumber
instanceKlass org/hibernate/validator/internal/constraintvalidators/bv/number/sign/PositiveValidatorForByte
instanceKlass org/springframework/boot/context/config/ConfigFileApplicationListener$Loader$$Lambda$80
instanceKlass org/hibernate/validator/internal/constraintvalidators/bv/number/sign/PositiveValidatorForShort
instanceKlass org/hibernate/validator/internal/constraintvalidators/bv/number/sign/PositiveValidatorForInteger
instanceKlass org/springframework/boot/context/config/ConfigFileApplicationListener$Loader$$Lambda$79
instanceKlass org/hibernate/validator/internal/constraintvalidators/bv/number/sign/PositiveValidatorForLong
instanceKlass org/springframework/boot/context/config/ConfigFileApplicationListener$Loader$$Lambda$78
instanceKlass org/hibernate/validator/internal/constraintvalidators/bv/number/sign/PositiveValidatorForFloat
instanceKlass org/hibernate/validator/internal/constraintvalidators/bv/number/sign/PositiveValidatorForDouble
instanceKlass org/hibernate/validator/internal/constraintvalidators/bv/number/sign/PositiveValidatorForBigInteger
instanceKlass org/hibernate/validator/internal/constraintvalidators/bv/number/sign/PositiveValidatorForBigDecimal
instanceKlass javax/validation/constraints/Positive
instanceKlass org/hibernate/validator/internal/constraintvalidators/bv/PatternValidator
instanceKlass javax/validation/constraints/Pattern
instanceKlass javax/validation/constraints/PastOrPresent
instanceKlass javax/validation/constraints/Past
instanceKlass org/springframework/boot/context/config/ConfigFileApplicationListener$Loader$$Lambda$77
instanceKlass org/springframework/boot/context/config/ConfigFileApplicationListener$Loader$$Lambda$76
instanceKlass java/lang/invoke/LambdaForm$DMH
instanceKlass org/springframework/boot/context/config/ConfigFileApplicationListener$Loader$$Lambda$75
instanceKlass org/springframework/core/convert/support/ConversionUtils
instanceKlass org/springframework/core/convert/support/GenericConversionService$ConverterCacheKey
instanceKlass org/springframework/boot/context/properties/source/ConfigurationProperty
instanceKlass org/springframework/boot/origin/PropertySourceOrigin
instanceKlass org/hibernate/validator/internal/constraintvalidators/bv/NullValidator
instanceKlass javax/validation/constraints/Null
instanceKlass org/springframework/boot/context/properties/bind/BindResult
instanceKlass org/hibernate/validator/internal/constraintvalidators/bv/NotNullValidator
instanceKlass javax/validation/constraints/NotNull
instanceKlass javax/validation/constraints/NotEmpty
instanceKlass org/hibernate/validator/internal/constraintvalidators/bv/notempty/NotEmptyValidatorForArraysOfShort
instanceKlass java/lang/invoke/LambdaForm$MH
instanceKlass java/lang/invoke/LambdaForm$DMH
instanceKlass org/hibernate/validator/internal/constraintvalidators/bv/notempty/NotEmptyValidatorForArraysOfLong
instanceKlass java/lang/invoke/LambdaForm$DMH
instanceKlass org/springframework/boot/context/properties/bind/Binder$$Lambda$74
instanceKlass org/hibernate/validator/internal/constraintvalidators/bv/notempty/NotEmptyValidatorForArraysOfInt
instanceKlass java/lang/invoke/LambdaForm$DMH
instanceKlass org/hibernate/validator/internal/constraintvalidators/bv/notempty/NotEmptyValidatorForArraysOfFloat
instanceKlass org/hibernate/validator/internal/constraintvalidators/bv/notempty/NotEmptyValidatorForArraysOfDouble
instanceKlass java/util/stream/StreamSpliterators$WrappingSpliterator$$Lambda$73
instanceKlass java/util/function/BooleanSupplier
instanceKlass org/hibernate/validator/internal/constraintvalidators/bv/notempty/NotEmptyValidatorForArraysOfChar
instanceKlass java/util/stream/StreamSpliterators$WrappingSpliterator$$Lambda$72
instanceKlass org/hibernate/validator/internal/constraintvalidators/bv/notempty/NotEmptyValidatorForArraysOfByte
instanceKlass org/hibernate/validator/internal/constraintvalidators/bv/notempty/NotEmptyValidatorForArraysOfBoolean
instanceKlass java/util/stream/AbstractSpinedBuffer
instanceKlass org/hibernate/validator/internal/constraintvalidators/bv/notempty/NotEmptyValidatorForMap
instanceKlass java/util/Spliterators$1Adapter
instanceKlass org/hibernate/validator/internal/constraintvalidators/bv/notempty/NotEmptyValidatorForArray
instanceKlass java/util/stream/StreamSpliterators$AbstractWrappingSpliterator
instanceKlass org/hibernate/validator/internal/constraintvalidators/bv/notempty/NotEmptyValidatorForCollection
instanceKlass org/hibernate/validator/internal/constraintvalidators/bv/notempty/NotEmptyValidatorForCharSequence
instanceKlass java/util/stream/AbstractPipeline$$Lambda$71
instanceKlass org/hibernate/validator/internal/constraintvalidators/bv/NotBlankValidator
instanceKlass org/springframework/boot/context/properties/source/FilteredConfigurationPropertiesSource
instanceKlass javax/validation/constraints/NotBlank
instanceKlass org/hibernate/validator/internal/constraintvalidators/bv/number/sign/NegativeOrZeroValidatorForNumber
instanceKlass org/springframework/boot/context/properties/bind/IndexedElementsBinder$$Lambda$70
instanceKlass org/hibernate/validator/internal/constraintvalidators/bv/number/sign/NegativeOrZeroValidatorForByte
instanceKlass org/springframework/boot/context/properties/bind/ArrayBinder$$Lambda$69
instanceKlass org/hibernate/validator/internal/constraintvalidators/bv/number/sign/NegativeOrZeroValidatorForShort
instanceKlass org/springframework/boot/context/properties/bind/AggregateBinder$AggregateSupplier
instanceKlass org/hibernate/validator/internal/constraintvalidators/bv/number/sign/NegativeOrZeroValidatorForInteger
instanceKlass org/hibernate/validator/internal/constraintvalidators/bv/number/sign/NegativeOrZeroValidatorForLong
instanceKlass org/springframework/boot/context/properties/bind/Binder$$Lambda$68
instanceKlass org/hibernate/validator/internal/constraintvalidators/bv/number/sign/NegativeOrZeroValidatorForFloat
instanceKlass org/springframework/boot/context/properties/bind/Binder$$Lambda$67
instanceKlass org/hibernate/validator/internal/constraintvalidators/bv/number/sign/NegativeOrZeroValidatorForDouble
instanceKlass org/springframework/boot/context/properties/bind/AggregateElementBinder
instanceKlass org/hibernate/validator/internal/constraintvalidators/bv/number/sign/NegativeOrZeroValidatorForBigInteger
instanceKlass org/hibernate/validator/internal/constraintvalidators/bv/number/sign/NegativeOrZeroValidatorForBigDecimal
instanceKlass javax/validation/constraints/NegativeOrZero
instanceKlass org/hibernate/validator/internal/constraintvalidators/bv/number/sign/NegativeValidatorForNumber
instanceKlass org/springframework/boot/context/properties/source/SpringIterableConfigurationPropertySource$$Lambda$66
instanceKlass org/hibernate/validator/internal/constraintvalidators/bv/number/sign/NegativeValidatorForByte
instanceKlass java/lang/invoke/LambdaForm$DMH
instanceKlass org/hibernate/validator/internal/constraintvalidators/bv/number/sign/NegativeValidatorForShort
instanceKlass org/hibernate/validator/internal/constraintvalidators/bv/number/sign/NegativeValidatorForInteger
instanceKlass org/springframework/boot/context/properties/bind/BindConverter$CompositeConversionService
instanceKlass org/hibernate/validator/internal/constraintvalidators/bv/number/sign/NegativeValidatorForLong
instanceKlass org/hibernate/validator/internal/constraintvalidators/bv/number/sign/NegativeValidatorForFloat
instanceKlass org/hibernate/validator/internal/constraintvalidators/bv/number/sign/NegativeValidatorForDouble
instanceKlass org/springframework/beans/TypeConverterDelegate
instanceKlass org/hibernate/validator/internal/constraintvalidators/bv/number/sign/NegativeValidatorForBigInteger
instanceKlass org/hibernate/validator/internal/constraintvalidators/bv/number/sign/NegativeValidatorForBigDecimal
instanceKlass javax/validation/constraints/Negative
instanceKlass org/hibernate/validator/internal/constraintvalidators/bv/MinValidatorForCharSequence
instanceKlass org/springframework/beans/PropertyEditorRegistrySupport
instanceKlass org/springframework/beans/PropertyEditorRegistry
instanceKlass org/springframework/beans/TypeConverter
instanceKlass org/hibernate/validator/internal/constraintvalidators/bv/number/bound/AbstractMinValidator
instanceKlass javax/validation/constraints/Min
instanceKlass org/springframework/boot/context/properties/bind/BindConverter$TypeConverterConverter
instanceKlass org/hibernate/validator/internal/constraintvalidators/bv/MaxValidatorForCharSequence
instanceKlass java/beans/PropertyEditorSupport
instanceKlass java/beans/PropertyEditor
instanceKlass org/hibernate/validator/internal/constraintvalidators/bv/number/bound/AbstractMaxValidator
instanceKlass javax/validation/constraints/Max
instanceKlass org/springframework/boot/context/properties/bind/BindConverter
instanceKlass org/hibernate/validator/internal/constraintvalidators/hv/ISBNValidator
instanceKlass org/springframework/boot/context/properties/bind/Binder$Context
instanceKlass org/hibernate/validator/constraints/ISBN
instanceKlass org/springframework/boot/context/properties/bind/JavaBeanBinder
instanceKlass javax/validation/constraints/FutureOrPresent
instanceKlass org/springframework/boot/context/properties/bind/ValueObjectBinder
instanceKlass org/springframework/boot/context/properties/bind/DataObjectBinder
instanceKlass org/springframework/boot/context/properties/bind/DefaultBindConstructorProvider
instanceKlass org/springframework/boot/context/properties/bind/BindConstructorProvider
instanceKlass org/springframework/boot/context/properties/bind/BindHandler$1
instanceKlass org/springframework/boot/context/properties/bind/BindHandler
instanceKlass org/springframework/boot/context/properties/bind/AggregateBinder
instanceKlass org/springframework/boot/context/properties/bind/BindContext
instanceKlass org/springframework/boot/context/properties/bind/Binder
instanceKlass org/springframework/boot/context/config/ConfigFileApplicationListener$Loader$$Lambda$65
instanceKlass java/time/chrono/ChronoLocalDateImpl
instanceKlass java/lang/invoke/LambdaForm$MH
instanceKlass org/springframework/beans/factory/config/YamlProcessor$$Lambda$64
instanceKlass java/util/Map$Entry$$Lambda$63
instanceKlass java/util/Comparator$$Lambda$62
instanceKlass org/springframework/core/SortedProperties$$Lambda$61
instanceKlass javax/validation/constraints/Future
instanceKlass org/springframework/core/CollectionFactory
instanceKlass org/springframework/beans/factory/config/YamlProcessor$$Lambda$60
instanceKlass org/hibernate/validator/internal/constraintvalidators/bv/time/AbstractJavaTimeValidator
instanceKlass org/springframework/boot/origin/OriginTrackedValue
instanceKlass org/springframework/boot/origin/OriginProvider
instanceKlass org/hibernate/validator/internal/constraintvalidators/bv/time/AbstractEpochBasedTimeValidator
instanceKlass org/springframework/boot/origin/TextResourceOrigin
instanceKlass org/springframework/boot/origin/TextResourceOrigin$Location
instanceKlass org/hibernate/validator/internal/constraintvalidators/bv/time/AbstractInstantBasedTimeValidator
instanceKlass org/hibernate/validator/constraintvalidation/HibernateConstraintValidator
instanceKlass java/util/TreeMap$NavigableSubMap$SubMapIterator
instanceKlass java/util/Collections$ReverseComparator
instanceKlass org/hibernate/validator/internal/constraintvalidators/AbstractEmailValidator
instanceKlass javax/validation/constraints/Email
instanceKlass org/springframework/boot/env/OriginTrackedYamlLoader$OriginTrackingConstructor$$Lambda$59
instanceKlass org/hibernate/validator/internal/metadata/core/ConstraintHelper$$Lambda$58
instanceKlass org/hibernate/validator/internal/constraintvalidators/bv/DigitsValidatorForNumber
instanceKlass org/hibernate/validator/internal/constraintvalidators/bv/DigitsValidatorForCharSequence
instanceKlass java/util/ArrayList$ArrayListSpliterator
instanceKlass javax/validation/constraints/Digits
instanceKlass org/yaml/snakeyaml/parser/ParserImpl$ParseDocumentStart
instanceKlass org/hibernate/validator/internal/constraintvalidators/bv/DecimalMinValidatorForCharSequence
instanceKlass org/hibernate/validator/internal/constraintvalidators/bv/number/bound/decimal/AbstractDecimalMinValidator
instanceKlass javax/validation/constraints/DecimalMin
instanceKlass org/hibernate/validator/internal/metadata/core/ConstraintHelper$$Lambda$57
instanceKlass org/hibernate/validator/internal/constraintvalidators/bv/DecimalMaxValidatorForCharSequence
instanceKlass org/hibernate/validator/internal/constraintvalidators/bv/number/bound/decimal/AbstractDecimalMaxValidator
instanceKlass javax/validation/constraints/DecimalMax
instanceKlass org/hibernate/validator/internal/constraintvalidators/bv/AssertTrueValidator
instanceKlass javax/validation/constraints/AssertTrue
instanceKlass javax/validation/constraintvalidation/SupportedValidationTarget
instanceKlass org/yaml/snakeyaml/parser/ParserImpl$ParseBlockSequenceEntry
instanceKlass org/yaml/snakeyaml/parser/ParserImpl$ParseBlockSequenceFirstEntry
instanceKlass org/hibernate/validator/internal/engine/constraintvalidation/ClassBasedValidatorDescriptor
instanceKlass org/hibernate/validator/internal/engine/constraintvalidation/ConstraintValidatorDescriptor
instanceKlass org/hibernate/validator/internal/constraintvalidators/bv/AssertFalseValidator
instanceKlass javax/validation/ConstraintValidator
instanceKlass org/yaml/snakeyaml/nodes/NodeTuple
instanceKlass javax/validation/constraints/AssertFalse
instanceKlass org/hibernate/validator/internal/metadata/core/ConstraintHelper$ValidatorDescriptorMap
instanceKlass org/yaml/snakeyaml/events/ImplicitTuple
instanceKlass org/yaml/snakeyaml/parser/ParserImpl$ParseBlockMappingValue
instanceKlass org/yaml/snakeyaml/parser/ParserImpl$ParseBlockMappingKey
instanceKlass org/hibernate/validator/internal/metadata/core/ConstraintHelper
instanceKlass org/yaml/snakeyaml/resolver/Resolver$1
instanceKlass org/yaml/snakeyaml/parser/ParserImpl$ParseBlockMappingFirstKey
instanceKlass org/yaml/snakeyaml/parser/ParserImpl$ParseBlockNode
instanceKlass org/hibernate/validator/internal/engine/valueextraction/ValueExtractorResolver
instanceKlass org/yaml/snakeyaml/parser/ParserImpl$ParseDocumentEnd
instanceKlass java/util/stream/Collectors$$Lambda$56
instanceKlass java/util/stream/Collectors$$Lambda$55
instanceKlass java/util/stream/Collectors$$Lambda$54
instanceKlass org/hibernate/validator/internal/engine/ConfigurationImpl$$Lambda$53
instanceKlass java/util/HashMap$HashMapSpliterator
instanceKlass java/util/OptionalLong
instanceKlass org/hibernate/validator/internal/engine/valueextraction/OptionalLongValueExtractor
instanceKlass java/util/OptionalDouble
instanceKlass org/yaml/snakeyaml/scanner/SimpleKey
instanceKlass org/hibernate/validator/internal/engine/valueextraction/OptionalDoubleValueExtractor
instanceKlass org/hibernate/validator/internal/engine/valueextraction/AnnotatedObject
instanceKlass org/yaml/snakeyaml/scanner/Constant
instanceKlass java/util/OptionalInt
instanceKlass org/hibernate/validator/internal/engine/valueextraction/OptionalIntValueExtractor
instanceKlass org/hibernate/validator/internal/engine/valueextraction/OptionalValueExtractor
instanceKlass org/hibernate/validator/internal/engine/valueextraction/IterableValueExtractor
instanceKlass org/hibernate/validator/internal/engine/valueextraction/MapKeyExtractor
instanceKlass org/yaml/snakeyaml/parser/ParserImpl$ParseImplicitDocumentStart
instanceKlass org/hibernate/validator/internal/engine/valueextraction/MapValueExtractor
instanceKlass org/hibernate/validator/internal/engine/valueextraction/ListValueExtractor
instanceKlass org/yaml/snakeyaml/Yaml$YamlIterable
instanceKlass org/hibernate/validator/internal/engine/valueextraction/ObjectArrayValueExtractor
instanceKlass org/yaml/snakeyaml/Yaml$1
instanceKlass sun/reflect/generics/tree/BooleanSignature
instanceKlass org/hibernate/validator/internal/engine/valueextraction/BooleanArrayValueExtractor
instanceKlass org/yaml/snakeyaml/parser/ParserImpl$ParseStreamStart
instanceKlass org/hibernate/validator/internal/engine/valueextraction/CharArrayValueExtractor
instanceKlass org/yaml/snakeyaml/parser/VersionTagsTuple
instanceKlass sun/reflect/generics/tree/DoubleSignature
instanceKlass org/hibernate/validator/internal/engine/valueextraction/DoubleArrayValueExtractor
instanceKlass sun/reflect/generics/tree/FloatSignature
instanceKlass org/yaml/snakeyaml/error/Mark
instanceKlass org/hibernate/validator/internal/engine/valueextraction/FloatArrayValueExtractor
instanceKlass sun/reflect/generics/tree/LongSignature
instanceKlass org/yaml/snakeyaml/util/ArrayStack
instanceKlass org/hibernate/validator/internal/engine/valueextraction/LongArrayValueExtractor
instanceKlass sun/reflect/generics/tree/IntSignature
instanceKlass org/hibernate/validator/internal/engine/valueextraction/IntArrayValueExtractor
instanceKlass sun/reflect/generics/tree/ShortSignature
instanceKlass org/hibernate/validator/internal/engine/valueextraction/ShortArrayValueExtractor
instanceKlass org/hibernate/validator/internal/engine/valueextraction/ArrayElement
instanceKlass java/lang/reflect/AnnotatedArrayType
instanceKlass sun/reflect/generics/tree/ByteSignature
instanceKlass org/hibernate/validator/internal/engine/valueextraction/ByteArrayValueExtractor
instanceKlass org/hibernate/validator/internal/engine/valueextraction/ReadOnlySetPropertyValueExtractor
instanceKlass javafx/beans/binding/SetExpression
instanceKlass javafx/beans/value/ObservableSetValue
instanceKlass javafx/beans/value/WritableSetValue
instanceKlass javafx/collections/ObservableSet
instanceKlass org/yaml/snakeyaml/tokens/Token
instanceKlass org/hibernate/validator/internal/engine/valueextraction/SetPropertyValueExtractor
instanceKlass org/hibernate/validator/internal/engine/valueextraction/ReadOnlyMapPropertyKeyExtractor
instanceKlass org/yaml/snakeyaml/scanner/ScannerImpl
instanceKlass org/hibernate/validator/internal/engine/valueextraction/MapPropertyKeyExtractor
instanceKlass org/hibernate/validator/internal/engine/valueextraction/ReadOnlyMapPropertyValueExtractor
instanceKlass javafx/beans/binding/MapExpression
instanceKlass javafx/beans/value/ObservableMapValue
instanceKlass org/yaml/snakeyaml/reader/StreamReader
instanceKlass javafx/beans/value/WritableMapValue
instanceKlass javafx/collections/ObservableMap
instanceKlass org/hibernate/validator/internal/engine/valueextraction/MapPropertyValueExtractor
instanceKlass org/hibernate/validator/internal/engine/valueextraction/ReadOnlyListPropertyValueExtractor
instanceKlass javafx/beans/binding/ListExpression
instanceKlass javafx/beans/value/ObservableListValue
instanceKlass javafx/beans/value/ObservableObjectValue
instanceKlass org/yaml/snakeyaml/events/Event
instanceKlass javafx/beans/value/WritableListValue
instanceKlass javafx/collections/ObservableList
instanceKlass org/yaml/snakeyaml/parser/Production
instanceKlass javafx/beans/value/WritableObjectValue
instanceKlass javafx/beans/property/Property
instanceKlass javafx/beans/value/WritableValue
instanceKlass org/yaml/snakeyaml/scanner/Scanner
instanceKlass javafx/beans/property/ReadOnlyProperty
instanceKlass org/yaml/snakeyaml/parser/ParserImpl
instanceKlass org/hibernate/validator/internal/engine/valueextraction/ListPropertyValueExtractor
instanceKlass javax/validation/valueextraction/UnwrapByDefault
instanceKlass org/yaml/snakeyaml/composer/Composer
instanceKlass java/lang/reflect/AnnotatedWildcardType
instanceKlass sun/net/DefaultProgressMeteringPolicy
instanceKlass sun/net/ProgressMeteringPolicy
instanceKlass sun/net/ProgressMonitor
instanceKlass sun/reflect/ClassDefiner$1
instanceKlass sun/reflect/ClassDefiner
instanceKlass sun/reflect/MethodAccessorGenerator$1
instanceKlass sun/reflect/Label$PatchInfo
instanceKlass sun/reflect/Label
instanceKlass org/yaml/snakeyaml/emitter/Emitable
instanceKlass sun/reflect/UTF8
instanceKlass org/yaml/snakeyaml/parser/Parser
instanceKlass org/yaml/snakeyaml/LoaderOptions
instanceKlass sun/reflect/ClassFileAssembler
instanceKlass org/yaml/snakeyaml/resolver/ResolverTuple
instanceKlass sun/reflect/ByteVectorImpl
instanceKlass sun/reflect/ByteVector
instanceKlass sun/reflect/ByteVectorFactory
instanceKlass sun/reflect/AccessorGenerator
instanceKlass sun/reflect/ClassFileConstants
instanceKlass org/yaml/snakeyaml/representer/Representer$RepresentJavaBean
instanceKlass org/yaml/snakeyaml/representer/SafeRepresenter$RepresentEnum
instanceKlass org/yaml/snakeyaml/representer/SafeRepresenter$RepresentDate
instanceKlass org/yaml/snakeyaml/representer/SafeRepresenter$RepresentArray
instanceKlass org/yaml/snakeyaml/representer/SafeRepresenter$RepresentIterator
instanceKlass org/yaml/snakeyaml/representer/SafeRepresenter$RepresentSet
instanceKlass org/hibernate/validator/internal/util/TypeHelper
instanceKlass org/yaml/snakeyaml/representer/SafeRepresenter$RepresentMap
instanceKlass org/yaml/snakeyaml/representer/SafeRepresenter$RepresentList
instanceKlass org/hibernate/validator/internal/engine/valueextraction/ValueExtractorDescriptor$Key
instanceKlass org/yaml/snakeyaml/representer/SafeRepresenter$RepresentNumber
instanceKlass org/yaml/snakeyaml/representer/SafeRepresenter$RepresentPrimitiveArray
instanceKlass org/hibernate/validator/internal/util/ReflectionHelper
instanceKlass org/yaml/snakeyaml/representer/SafeRepresenter$RepresentByteArray
instanceKlass org/yaml/snakeyaml/representer/SafeRepresenter$RepresentUuid
instanceKlass java/lang/reflect/AnnotatedParameterizedType
instanceKlass org/yaml/snakeyaml/representer/SafeRepresenter$RepresentBoolean
instanceKlass org/yaml/snakeyaml/representer/SafeRepresenter$RepresentString
instanceKlass javax/validation/valueextraction/ExtractedValue
instanceKlass org/yaml/snakeyaml/representer/SafeRepresenter$RepresentNull
instanceKlass sun/reflect/annotation/TypeAnnotation$TypeAnnotationTargetInfo
instanceKlass sun/reflect/annotation/TypeAnnotation$LocationInfo$Location
instanceKlass sun/reflect/annotation/TypeAnnotation$LocationInfo
instanceKlass sun/reflect/annotation/AnnotatedTypeFactory$AnnotatedTypeBaseImpl
instanceKlass org/yaml/snakeyaml/serializer/NumberAnchorGenerator
instanceKlass sun/reflect/annotation/AnnotatedTypeFactory
instanceKlass sun/reflect/annotation/TypeAnnotation
instanceKlass sun/reflect/annotation/TypeAnnotationParser
instanceKlass org/yaml/snakeyaml/serializer/AnchorGenerator
instanceKlass org/yaml/snakeyaml/DumperOptions
instanceKlass org/hibernate/validator/internal/engine/valueextraction/ValueExtractorDescriptor
instanceKlass org/yaml/snakeyaml/representer/Represent
instanceKlass org/hibernate/validator/internal/engine/valueextraction/ObservableValueValueExtractor
instanceKlass javafx/beans/value/ObservableValue
instanceKlass javafx/beans/Observable
instanceKlass org/yaml/snakeyaml/representer/BaseRepresenter
instanceKlass org/hibernate/validator/internal/engine/valueextraction/ValueExtractorManager
instanceKlass org/yaml/snakeyaml/util/PlatformFeatureDetector
instanceKlass org/hibernate/validator/spi/cfg/ConstraintMappingContributor
instanceKlass org/hibernate/validator/spi/cfg/ConstraintMappingContributor$ConstraintMappingBuilder
instanceKlass org/hibernate/validator/HibernateValidatorContext
instanceKlass java/beans/FeatureDescriptor
instanceKlass org/hibernate/validator/spi/scripting/ScriptEvaluatorFactory
instanceKlass javax/validation/Validator
instanceKlass javax/validation/ValidatorContext
instanceKlass org/yaml/snakeyaml/introspector/Property
instanceKlass org/hibernate/validator/internal/engine/ValidatorFactoryImpl
instanceKlass org/hibernate/validator/HibernateValidatorFactory
instanceKlass org/yaml/snakeyaml/introspector/PropertyUtils
instanceKlass org/yaml/snakeyaml/constructor/Constructor$ConstructSequence
instanceKlass org/yaml/snakeyaml/constructor/Constructor$ConstructMapping
instanceKlass org/hibernate/validator/internal/xml/config/BootstrapConfigurationImpl
instanceKlass javax/validation/BootstrapConfiguration
instanceKlass org/yaml/snakeyaml/constructor/Constructor$ConstructYamlObject
instanceKlass org/yaml/snakeyaml/constructor/SafeConstructor$ConstructYamlMap
instanceKlass org/hibernate/validator/internal/xml/config/ResourceLoaderHelper
instanceKlass org/yaml/snakeyaml/constructor/SafeConstructor$ConstructYamlSeq
instanceKlass org/yaml/snakeyaml/constructor/SafeConstructor$ConstructYamlSet
instanceKlass javax/xml/transform/Source
instanceKlass org/hibernate/validator/internal/xml/config/ValidationXmlParser
instanceKlass org/hibernate/validator/internal/util/privilegedactions/GetInstancesFromServiceLoader
instanceKlass javax/validation/valueextraction/ValueExtractor
instanceKlass org/hibernate/validator/internal/util/privilegedactions/GetClassLoader
instanceKlass org/hibernate/validator/internal/engine/DefaultClockProvider
instanceKlass org/hibernate/validator/internal/engine/DefaultParameterNameProvider
instanceKlass org/hibernate/validator/internal/engine/constraintvalidation/ConstraintValidatorFactoryImpl
instanceKlass org/hibernate/validator/internal/engine/resolver/TraverseAllTraversableResolver
instanceKlass org/yaml/snakeyaml/external/com/google/gdata/util/common/base/UnicodeEscaper
instanceKlass org/yaml/snakeyaml/external/com/google/gdata/util/common/base/Escaper
instanceKlass org/hibernate/validator/internal/util/privilegedactions/LoadClass
instanceKlass org/yaml/snakeyaml/util/UriEncoder
instanceKlass org/yaml/snakeyaml/nodes/Tag
instanceKlass javax/validation/TraversableResolver
instanceKlass org/hibernate/validator/internal/engine/resolver/TraversableResolvers
instanceKlass org/yaml/snakeyaml/TypeDescription
instanceKlass org/hibernate/validator/internal/util/Contracts
instanceKlass java/lang/reflect/AnnotatedType
instanceKlass org/yaml/snakeyaml/constructor/AbstractConstruct
instanceKlass org/yaml/snakeyaml/constructor/Construct
instanceKlass org/hibernate/validator/internal/util/privilegedactions/GetMethod
instanceKlass org/hibernate/validator/resourceloading/PlatformResourceBundleLocator
instanceKlass org/hibernate/validator/internal/xml/config/ValidationBootstrapParameters
instanceKlass org/hibernate/validator/internal/engine/MethodValidationConfiguration$Builder
instanceKlass org/hibernate/validator/internal/util/CollectionHelper
instanceKlass org/yaml/snakeyaml/nodes/Node
instanceKlass org/apache/logging/slf4j/SLF4JLogger$1
instanceKlass org/springframework/boot/env/OriginTrackedYamlLoader$$Lambda$52
instanceKlass org/springframework/beans/factory/config/YamlProcessor$MatchCallback
instanceKlass java/lang/invoke/LambdaForm$DMH
instanceKlass org/yaml/snakeyaml/constructor/BaseConstructor
instanceKlass org/jboss/logging/Log4j2LoggerProvider
instanceKlass org/yaml/snakeyaml/resolver/Resolver
instanceKlass org/apache/logging/log4j/spi/LoggerRegistry$ConcurrentMapFactory
instanceKlass org/apache/logging/log4j/spi/LoggerRegistry$MapFactory
instanceKlass org/apache/logging/log4j/spi/LoggerRegistry
instanceKlass org/springframework/beans/factory/config/YamlProcessor
instanceKlass org/apache/logging/slf4j/SLF4JLoggerContext
instanceKlass org/yaml/snakeyaml/Yaml
instanceKlass org/apache/logging/log4j/spi/LoggerContext
instanceKlass org/springframework/boot/context/config/ConfigFileApplicationListener$DocumentsCacheKey
instanceKlass org/apache/logging/slf4j/MDCContextMap
instanceKlass org/apache/logging/log4j/spi/CleanableThreadContextMap
instanceKlass org/apache/logging/log4j/spi/ThreadContextMap2
instanceKlass org/apache/logging/log4j/spi/ThreadContextMap
instanceKlass org/apache/logging/slf4j/SLF4JLoggerContextFactory
instanceKlass org/apache/logging/log4j/spi/Provider
instanceKlass org/apache/logging/log4j/util/ProviderUtil
instanceKlass org/springframework/boot/logging/DeferredLog$Line
instanceKlass java/util/RegularEnumSet$EnumSetIterator
instanceKlass java/nio/channels/WritableByteChannel
instanceKlass org/springframework/core/io/WritableResource
instanceKlass org/apache/logging/log4j/Level
instanceKlass org/springframework/boot/context/config/ConfigFileApplicationListener$Loader$$Lambda$51
instanceKlass java/lang/invoke/LambdaForm$DMH
instanceKlass org/apache/logging/log4j/util/Strings
instanceKlass java/lang/invoke/LambdaForm$MH
instanceKlass org/springframework/boot/context/config/ConfigFileApplicationListener$Loader$$Lambda$50
instanceKlass java/lang/invoke/LambdaForm$DMH
instanceKlass java/util/concurrent/ConcurrentLinkedQueue$Node
instanceKlass java/lang/invoke/LambdaForm$MH
instanceKlass org/springframework/boot/context/config/ConfigFileApplicationListener$Loader$$Lambda$49
instanceKlass java/lang/invoke/LambdaForm$DMH
instanceKlass org/springframework/boot/context/properties/source/ConfigurationPropertyName$$Lambda$48
instanceKlass org/springframework/boot/context/properties/source/ConfigurationPropertyName$ElementCharPredicate
instanceKlass java/util/concurrent/locks/ReentrantReadWriteLock$WriteLock
instanceKlass java/util/concurrent/locks/ReentrantReadWriteLock$ReadLock
instanceKlass java/lang/invoke/LambdaForm$DMH
instanceKlass java/lang/invoke/LambdaForm$MH
instanceKlass java/lang/invoke/LambdaForm$DMH
instanceKlass java/lang/invoke/LambdaForm$DMH
instanceKlass org/springframework/boot/context/config/ConfigFileApplicationListener$Loader$$Lambda$47
instanceKlass org/springframework/boot/context/config/ConfigFileApplicationListener$DocumentConsumer
instanceKlass java/util/concurrent/locks/ReentrantReadWriteLock
instanceKlass org/apache/logging/log4j/message/EntryMessage
instanceKlass java/lang/invoke/LambdaForm$DMH
instanceKlass org/apache/logging/log4j/message/ExitMessage
instanceKlass org/apache/logging/log4j/message/FlowMessage
instanceKlass org/springframework/boot/context/config/ConfigFileApplicationListener$Document
instanceKlass org/springframework/boot/context/config/ConfigFileApplicationListener$Loader$$Lambda$46
instanceKlass java/lang/invoke/LambdaForm$DMH
instanceKlass org/springframework/boot/context/config/ConfigFileApplicationListener$Loader$$Lambda$45
instanceKlass org/springframework/boot/context/config/ConfigFileApplicationListener$DocumentFilterFactory
instanceKlass org/springframework/boot/context/config/ConfigFileApplicationListener$DocumentFilter
instanceKlass java/util/stream/ReduceOps$Box
instanceKlass java/util/stream/ReduceOps$AccumulatingSink
instanceKlass java/util/stream/ReduceOps$ReduceOp
instanceKlass java/util/stream/ReduceOps
instanceKlass java/util/stream/Collectors$$Lambda$44
instanceKlass java/util/stream/Collectors$$Lambda$43
instanceKlass org/apache/logging/log4j/message/DefaultFlowMessageFactory
instanceKlass org/apache/logging/log4j/message/FlowMessageFactory
instanceKlass java/util/function/BinaryOperator
instanceKlass java/util/stream/Collectors$$Lambda$42
instanceKlass java/util/function/BiConsumer
instanceKlass java/lang/invoke/LambdaForm$DMH
instanceKlass java/util/stream/Collectors$$Lambda$41
instanceKlass java/util/stream/Collectors$CollectorImpl
instanceKlass java/util/stream/Collector
instanceKlass java/util/ArrayList$SubList$1
instanceKlass java/util/stream/Collectors
instanceKlass org/springframework/boot/context/config/ConfigFileApplicationListener$Loader$$Lambda$40
instanceKlass java/lang/invoke/LambdaForm$DMH
instanceKlass org/apache/logging/log4j/util/PropertySource$Util
instanceKlass org/springframework/boot/context/config/ConfigFileApplicationListener$Loader$$Lambda$39
instanceKlass java/lang/invoke/LambdaForm$DMH
instanceKlass org/springframework/boot/context/config/ConfigFileApplicationListener$Profile
instanceKlass java/util/Collections$UnmodifiableMap$UnmodifiableEntrySet$1
instanceKlass org/apache/logging/log4j/util/PropertiesUtil$Environment$2
instanceKlass java/util/TreeMap$PrivateEntryIterator
instanceKlass org/springframework/boot/context/properties/source/SpringConfigurationPropertySource$$Lambda$38
instanceKlass org/springframework/boot/context/config/ConfigFileApplicationListener$Loader$$Lambda$37
instanceKlass org/apache/logging/log4j/util/SystemPropertiesPropertySource
instanceKlass java/lang/invoke/LambdaForm$DMH
instanceKlass org/apache/logging/log4j/util/EnvironmentPropertySource
instanceKlass org/springframework/boot/env/YamlPropertySourceLoader
instanceKlass org/springframework/boot/env/PropertiesPropertySourceLoader
instanceKlass org/apache/logging/log4j/util/PropertiesUtil$Environment$1
instanceKlass org/springframework/boot/env/PropertySourceLoader
instanceKlass org/springframework/util/PropertyPlaceholderHelper
instanceKlass org/apache/logging/log4j/util/PropertySource$Comparator
instanceKlass org/springframework/boot/context/properties/bind/PropertySourcesPlaceholdersResolver
instanceKlass java/util/NavigableSet
instanceKlass java/util/SortedSet
instanceKlass org/springframework/boot/context/properties/bind/PlaceholdersResolver
instanceKlass org/springframework/boot/context/config/ConfigFileApplicationListener$Loader
instanceKlass org/apache/logging/log4j/util/LoaderUtil$ThreadContextClassLoaderGetter
instanceKlass org/apache/logging/log4j/util/LoaderUtil
instanceKlass java/util/Random
instanceKlass org/apache/logging/log4j/util/PropertiesPropertySource
instanceKlass org/apache/logging/log4j/util/BiConsumer
instanceKlass org/apache/logging/log4j/util/PropertiesUtil$Environment
instanceKlass org/apache/logging/log4j/util/PropertySource
instanceKlass org/apache/logging/log4j/util/PropertiesUtil
instanceKlass org/apache/logging/log4j/util/Constants
instanceKlass org/springframework/boot/env/SpringApplicationJsonEnvironmentPostProcessor$$Lambda$36
instanceKlass org/apache/logging/log4j/message/AbstractMessageFactory
instanceKlass java/lang/invoke/LambdaForm$DMH
instanceKlass org/apache/logging/log4j/message/ReusableMessageFactory
instanceKlass org/apache/logging/log4j/MarkerManager$Log4jMarker
instanceKlass org/apache/logging/log4j/util/StringBuilderFormattable
instanceKlass java/util/stream/Sink$OfInt
instanceKlass java/util/function/IntConsumer
instanceKlass org/apache/logging/log4j/Marker
instanceKlass java/util/Spliterators$IntIteratorSpliterator
instanceKlass java/lang/CharSequence$1CharIterator
instanceKlass java/util/PrimitiveIterator$OfInt
instanceKlass java/util/PrimitiveIterator
instanceKlass java/util/stream/MatchOps$$Lambda$35
instanceKlass org/apache/logging/log4j/MarkerManager
instanceKlass java/util/stream/MatchOps$BooleanTerminalSink
instanceKlass java/util/stream/MatchOps$MatchOp
instanceKlass java/util/stream/MatchOps
instanceKlass java/util/concurrent/locks/ReadWriteLock
instanceKlass org/springframework/boot/context/properties/source/SystemEnvironmentPropertyMapper$$Lambda$34
instanceKlass java/util/function/IntPredicate
instanceKlass java/lang/invoke/LambdaForm$DMH
instanceKlass org/apache/logging/log4j/message/MessageFactory2
instanceKlass java/util/stream/IntStream
instanceKlass java/lang/CharSequence$$Lambda$33
instanceKlass org/springframework/boot/context/properties/source/SystemEnvironmentPropertyMapper$$Lambda$32
instanceKlass org/apache/logging/log4j/message/Message
instanceKlass org/apache/logging/log4j/spi/AbstractLogger
instanceKlass org/springframework/boot/context/properties/source/SystemEnvironmentPropertyMapper
instanceKlass org/apache/logging/log4j/spi/LocationAwareLogger
instanceKlass org/apache/logging/log4j/spi/ExtendedLogger
instanceKlass org/springframework/boot/context/properties/source/SpringIterableConfigurationPropertySource$Cache
instanceKlass org/springframework/boot/context/properties/source/SpringIterableConfigurationPropertySource$CacheKey
instanceKlass org/springframework/boot/context/properties/source/DefaultPropertyMapper$LastMapping
instanceKlass org/springframework/boot/context/properties/source/SpringConfigurationPropertySource$$Lambda$31
instanceKlass org/apache/logging/log4j/message/MessageFactory
instanceKlass org/apache/logging/log4j/spi/LoggerContextFactory
instanceKlass org/springframework/boot/context/properties/source/DefaultPropertyMapper
instanceKlass org/apache/logging/log4j/LogManager
instanceKlass org/springframework/boot/context/properties/source/PropertyMapping
instanceKlass org/apache/logging/log4j/Logger
instanceKlass org/springframework/boot/context/properties/source/SpringConfigurationPropertySource$DelegatingPropertyMapper
instanceKlass org/springframework/boot/context/properties/source/IterableConfigurationPropertySource
instanceKlass org/jboss/logging/LoggerProvider
instanceKlass org/springframework/boot/context/properties/source/PropertyMapper
instanceKlass org/jboss/logging/LoggerProviders
instanceKlass org/springframework/boot/context/properties/source/SpringConfigurationPropertySource
instanceKlass org/springframework/boot/context/properties/source/SpringConfigurationPropertySources$$Lambda$30
instanceKlass org/springframework/boot/context/properties/source/SpringConfigurationPropertySources$SourcesIterator
instanceKlass org/springframework/boot/env/SpringApplicationJsonEnvironmentPostProcessor$$Lambda$29
instanceKlass org/springframework/boot/env/SpringApplicationJsonEnvironmentPostProcessor$$Lambda$28
instanceKlass org/springframework/boot/env/SpringApplicationJsonEnvironmentPostProcessor$JsonPropertyValue
instanceKlass java/util/Spliterators$ArraySpliterator
instanceKlass org/springframework/boot/origin/Origin
instanceKlass org/jboss/logging/DelegatingBasicLogger
instanceKlass org/springframework/boot/test/web/SpringBootTestRandomPortEnvironmentPostProcessor
instanceKlass org/springframework/boot/reactor/DebugAgentEnvironmentPostProcessor
instanceKlass org/springframework/boot/env/SystemEnvironmentPropertySourceEnvironmentPostProcessor
instanceKlass org/jboss/logging/SecurityActions
instanceKlass org/jboss/logging/LoggingLocale
instanceKlass org/springframework/boot/env/SpringApplicationJsonEnvironmentPostProcessor
instanceKlass org/springframework/boot/context/properties/source/ConfigurationPropertySource
instanceKlass org/jboss/logging/Logger
instanceKlass org/springframework/boot/context/properties/source/SpringConfigurationPropertySources
instanceKlass org/hibernate/validator/internal/util/logging/Log
instanceKlass org/jboss/logging/BasicLogger
instanceKlass org/springframework/boot/origin/OriginLookup
instanceKlass org/springframework/boot/context/properties/source/ConfigurationPropertySources
instanceKlass org/hibernate/validator/internal/util/logging/LoggerFactory
instanceKlass java/util/concurrent/CopyOnWriteArrayList$COWIterator
instanceKlass org/hibernate/validator/internal/util/Version
instanceKlass org/hibernate/validator/cfg/ConstraintMapping
instanceKlass org/springframework/boot/convert/LenientObjectToEnumConverterFactory
instanceKlass javax/validation/MessageInterpolator
instanceKlass javax/validation/ClockProvider
instanceKlass org/springframework/core/io/DefaultResourceLoader
instanceKlass javax/validation/ParameterNameProvider
instanceKlass javax/validation/ConstraintValidatorFactory
instanceKlass org/springframework/boot/convert/StringToFileConverter
instanceKlass org/hibernate/validator/spi/resourceloading/ResourceBundleLocator
instanceKlass org/hibernate/validator/internal/engine/ConfigurationImpl
instanceKlass org/springframework/boot/convert/NumberToDataSizeConverter
instanceKlass javax/validation/spi/ConfigurationState
instanceKlass org/hibernate/validator/HibernateValidatorConfiguration
instanceKlass org/springframework/util/unit/DataSize
instanceKlass org/springframework/boot/convert/StringToDataSizeConverter
instanceKlass org/springframework/boot/convert/DurationToNumberConverter
instanceKlass javax/validation/ValidatorFactory
instanceKlass org/springframework/boot/convert/NumberToDurationConverter
instanceKlass javax/validation/Configuration
instanceKlass org/springframework/boot/convert/DurationToStringConverter
instanceKlass org/hibernate/validator/HibernateValidator
instanceKlass org/springframework/boot/convert/StringToDurationConverter
instanceKlass org/springframework/boot/convert/DelimitedStringToCollectionConverter
instanceKlass javax/validation/spi/ValidationProvider
instanceKlass org/springframework/boot/convert/DelimitedStringToArrayConverter
instanceKlass javax/validation/Validation$GetValidationProviderListAction
instanceKlass javax/validation/Validation$DefaultValidationProviderResolver
instanceKlass org/springframework/boot/convert/CollectionToDelimitedStringConverter
instanceKlass javax/validation/ValidationProviderResolver
instanceKlass org/springframework/boot/convert/ArrayToDelimitedStringConverter
instanceKlass javax/validation/Validation$GenericBootstrapImpl
instanceKlass javax/validation/spi/BootstrapState
instanceKlass org/springframework/boot/convert/IsoOffsetFormatter
instanceKlass javax/validation/bootstrap/GenericBootstrap
instanceKlass java/net/InetAddress
instanceKlass javax/validation/bootstrap/ProviderSpecificBootstrap
instanceKlass org/springframework/boot/convert/InetAddressFormatter
instanceKlass javax/validation/Validation
instanceKlass java/lang/invoke/LambdaForm$MH
instanceKlass org/springframework/format/support/FormattingConversionService$$Lambda$27
instanceKlass sun/reflect/generics/tree/ArrayTypeSignature
instanceKlass sun/reflect/generics/tree/CharSignature
instanceKlass org/springframework/boot/autoconfigure/BackgroundPreinitializer$ValidationInitializer
instanceKlass org/springframework/boot/convert/CharArrayFormatter
instanceKlass org/springframework/format/datetime/joda/MonthDayFormatter
instanceKlass org/springframework/format/datetime/joda/YearMonthFormatter
instanceKlass org/springframework/format/datetime/joda/DurationFormatter
instanceKlass org/joda/time/base/AbstractDuration
instanceKlass org/joda/time/ReadableDuration
instanceKlass org/springframework/format/datetime/joda/PeriodFormatter
instanceKlass org/joda/time/base/AbstractPeriod
instanceKlass org/joda/time/ReadablePeriod
instanceKlass org/springframework/format/datetime/joda/DateTimeParser
instanceKlass org/springframework/format/datetime/joda/ReadableInstantPrinter
instanceKlass org/springframework/format/datetime/joda/LocalDateTimeParser
instanceKlass org/springframework/format/datetime/joda/LocalTimeParser
instanceKlass org/springframework/format/datetime/joda/LocalDateParser
instanceKlass org/springframework/format/datetime/joda/ReadablePartialPrinter
instanceKlass org/joda/time/format/DateTimeFormatter
instanceKlass org/joda/time/format/DateTimeFormat$StyleFormatter
instanceKlass java/util/concurrent/atomic/AtomicReferenceArray
instanceKlass org/joda/time/format/InternalParser
instanceKlass org/joda/time/format/InternalPrinter
instanceKlass org/joda/time/format/DateTimeFormat
instanceKlass org/springframework/format/datetime/joda/JodaTimeFormatterRegistrar$1
instanceKlass org/springframework/format/datetime/joda/JodaTimeConverters$LocalDateTimeToLocalTimeConverter
instanceKlass org/springframework/format/datetime/joda/JodaTimeConverters$LocalDateTimeToLocalDateConverter
instanceKlass org/springframework/format/datetime/joda/JodaTimeConverters$LongToReadableInstantConverter
instanceKlass org/springframework/format/datetime/joda/JodaTimeConverters$CalendarToReadableInstantConverter
instanceKlass org/springframework/format/datetime/joda/JodaTimeConverters$DateToReadableInstantConverter
instanceKlass org/springframework/format/datetime/joda/JodaTimeConverters$DateTimeToLongConverter
instanceKlass org/springframework/format/datetime/joda/JodaTimeConverters$DateTimeToCalendarConverter
instanceKlass org/springframework/format/datetime/joda/JodaTimeConverters$DateTimeToDateConverter
instanceKlass org/springframework/format/datetime/joda/JodaTimeConverters$DateTimeToInstantConverter
instanceKlass org/joda/time/ReadWritableDateTime
instanceKlass org/joda/time/ReadWritableInstant
instanceKlass org/springframework/format/datetime/joda/JodaTimeConverters$DateTimeToMutableDateTimeConverter
instanceKlass org/springframework/format/datetime/joda/JodaTimeConverters$DateTimeToDateMidnightConverter
instanceKlass org/springframework/format/datetime/joda/JodaTimeConverters$DateTimeToLocalDateTimeConverter
instanceKlass org/springframework/format/datetime/joda/JodaTimeConverters$DateTimeToLocalTimeConverter
instanceKlass org/joda/time/base/AbstractInstant
instanceKlass org/joda/time/ReadableDateTime
instanceKlass org/joda/time/ReadableInstant
instanceKlass org/springframework/format/datetime/joda/JodaTimeConverters$DateTimeToLocalDateConverter
instanceKlass org/springframework/format/datetime/joda/JodaTimeConverters
instanceKlass org/springframework/format/datetime/joda/DateTimeFormatterFactory
instanceKlass org/springframework/format/datetime/joda/JodaTimeFormatterRegistrar
instanceKlass org/springframework/format/annotation/DateTimeFormat
instanceKlass org/springframework/format/datetime/standard/MonthDayFormatter
instanceKlass java/time/MonthDay
instanceKlass org/springframework/format/datetime/standard/YearMonthFormatter
instanceKlass java/time/YearMonth
instanceKlass org/springframework/format/datetime/standard/MonthFormatter
instanceKlass org/springframework/format/datetime/standard/YearFormatter
instanceKlass java/time/Year
instanceKlass org/springframework/format/datetime/standard/DurationFormatter
instanceKlass org/springframework/format/datetime/standard/PeriodFormatter
instanceKlass org/springframework/format/datetime/standard/InstantFormatter
instanceKlass java/time/OffsetTime
instanceKlass org/springframework/format/support/FormattingConversionService$ParserConverter
instanceKlass org/springframework/format/support/FormattingConversionService$PrinterConverter
instanceKlass org/springframework/format/datetime/standard/TemporalAccessorParser
instanceKlass org/springframework/format/datetime/standard/TemporalAccessorPrinter
instanceKlass java/time/format/DateTimeFormatterBuilder$LocalizedPrinterParser
instanceKlass java/time/format/DateTimeFormatter$$Lambda$26
instanceKlass java/time/format/DateTimeFormatter$$Lambda$25
instanceKlass java/time/Period
instanceKlass java/time/chrono/ChronoPeriod
instanceKlass java/time/format/DateTimeFormatterBuilder$TextPrinterParser
instanceKlass java/time/format/DateTimeTextProvider$1
instanceKlass java/time/format/DateTimeTextProvider
instanceKlass java/util/AbstractMap$SimpleImmutableEntry
instanceKlass java/time/format/DateTimeTextProvider$LocaleStore
instanceKlass java/time/format/DateTimeFormatterBuilder$InstantPrinterParser
instanceKlass java/time/format/DateTimeFormatterBuilder$StringLiteralPrinterParser
instanceKlass java/time/format/DateTimeFormatterBuilder$ZoneIdPrinterParser
instanceKlass java/time/format/DateTimeFormatterBuilder$FractionPrinterParser
instanceKlass java/time/format/DateTimeFormatterBuilder$OffsetIdPrinterParser
instanceKlass java/time/format/DecimalStyle
instanceKlass java/time/format/DateTimeFormatterBuilder$CompositePrinterParser
instanceKlass java/time/chrono/AbstractChronology$$Lambda$24
instanceKlass java/time/chrono/AbstractChronology$$Lambda$23
instanceKlass java/time/chrono/AbstractChronology$$Lambda$22
instanceKlass java/lang/invoke/LambdaForm$BMH
instanceKlass java/lang/invoke/LambdaForm$MH
instanceKlass java/lang/invoke/LambdaForm$BMH
instanceKlass java/lang/invoke/LambdaForm$BMH
instanceKlass java/time/chrono/AbstractChronology
instanceKlass java/time/chrono/Chronology
instanceKlass java/time/format/DateTimeFormatterBuilder$CharLiteralPrinterParser
instanceKlass java/time/format/DateTimeFormatterBuilder$NumberPrinterParser
instanceKlass java/time/format/DateTimeFormatterBuilder$DateTimePrinterParser
instanceKlass java/time/format/DateTimeFormatterBuilder$2
instanceKlass java/time/temporal/IsoFields
instanceKlass java/time/temporal/ValueRange
instanceKlass java/time/Duration
instanceKlass java/time/temporal/TemporalAmount
instanceKlass java/time/temporal/TemporalUnit
instanceKlass java/time/temporal/TemporalField
instanceKlass java/time/format/DateTimeFormatterBuilder$$Lambda$21
instanceKlass java/time/temporal/TemporalQuery
instanceKlass java/lang/invoke/LambdaForm$DMH
instanceKlass java/time/format/DateTimeFormatterBuilder
instanceKlass java/time/format/DateTimeFormatter
instanceKlass org/springframework/format/datetime/standard/DateTimeFormatterRegistrar$1
instanceKlass org/springframework/format/datetime/standard/DateTimeConverters$InstantToLongConverter
instanceKlass org/springframework/format/datetime/standard/DateTimeConverters$LongToInstantConverter
instanceKlass org/springframework/format/datetime/standard/DateTimeConverters$CalendarToInstantConverter
instanceKlass org/springframework/format/datetime/standard/DateTimeConverters$CalendarToLocalDateTimeConverter
instanceKlass org/springframework/format/datetime/standard/DateTimeConverters$CalendarToLocalTimeConverter
instanceKlass org/springframework/format/datetime/standard/DateTimeConverters$CalendarToLocalDateConverter
instanceKlass org/springframework/format/datetime/standard/DateTimeConverters$CalendarToOffsetDateTimeConverter
instanceKlass org/springframework/format/datetime/standard/DateTimeConverters$CalendarToZonedDateTimeConverter
instanceKlass org/springframework/format/datetime/standard/DateTimeConverters$OffsetDateTimeToInstantConverter
instanceKlass org/springframework/format/datetime/standard/DateTimeConverters$OffsetDateTimeToZonedDateTimeConverter
instanceKlass org/springframework/format/datetime/standard/DateTimeConverters$OffsetDateTimeToLocalDateTimeConverter
instanceKlass org/springframework/format/datetime/standard/DateTimeConverters$OffsetDateTimeToLocalTimeConverter
instanceKlass org/springframework/format/datetime/standard/DateTimeConverters$OffsetDateTimeToLocalDateConverter
instanceKlass java/time/Instant
instanceKlass org/springframework/format/datetime/standard/DateTimeConverters$ZonedDateTimeToInstantConverter
instanceKlass java/time/OffsetDateTime
instanceKlass org/springframework/format/datetime/standard/DateTimeConverters$ZonedDateTimeToOffsetDateTimeConverter
instanceKlass org/springframework/format/datetime/standard/DateTimeConverters$ZonedDateTimeToLocalDateTimeConverter
instanceKlass org/springframework/format/datetime/standard/DateTimeConverters$ZonedDateTimeToLocalTimeConverter
instanceKlass org/springframework/format/datetime/standard/DateTimeConverters$ZonedDateTimeToLocalDateConverter
instanceKlass java/time/LocalTime
instanceKlass org/springframework/format/datetime/standard/DateTimeConverters$LocalDateTimeToLocalTimeConverter
instanceKlass java/time/LocalDate
instanceKlass java/time/chrono/ChronoLocalDate
instanceKlass java/time/LocalDateTime
instanceKlass java/time/chrono/ChronoLocalDateTime
instanceKlass java/time/temporal/TemporalAdjuster
instanceKlass org/springframework/format/datetime/standard/DateTimeConverters$LocalDateTimeToLocalDateConverter
instanceKlass org/springframework/format/datetime/DateFormatterRegistrar$LongToCalendarConverter
instanceKlass org/springframework/format/datetime/DateFormatterRegistrar$LongToDateConverter
instanceKlass org/springframework/format/datetime/DateFormatterRegistrar$CalendarToLongConverter
instanceKlass org/springframework/format/datetime/DateFormatterRegistrar$CalendarToDateConverter
instanceKlass org/springframework/format/datetime/DateFormatterRegistrar$DateToCalendarConverter
instanceKlass org/springframework/format/datetime/DateFormatterRegistrar$DateToLongConverter
instanceKlass org/springframework/format/datetime/DateFormatterRegistrar
instanceKlass org/springframework/format/datetime/standard/DateTimeConverters
instanceKlass org/springframework/format/datetime/standard/DateTimeFormatterFactory
instanceKlass org/springframework/format/datetime/standard/DateTimeFormatterRegistrar
instanceKlass org/springframework/format/FormatterRegistrar
instanceKlass org/springframework/format/support/FormattingConversionService$AnnotationParserConverter
instanceKlass org/springframework/format/support/FormattingConversionService$AnnotationPrinterConverter
instanceKlass org/springframework/util/NumberUtils
instanceKlass org/springframework/core/GenericTypeResolver$$Lambda$19
instanceKlass org/springframework/format/annotation/NumberFormat
instanceKlass org/springframework/core/GenericTypeResolver
instanceKlass org/springframework/context/support/EmbeddedValueResolutionSupport
instanceKlass org/springframework/core/convert/support/ObjectToOptionalConverter
instanceKlass org/springframework/core/convert/support/FallbackObjectToStringConverter
instanceKlass org/springframework/core/convert/support/IdToEntityConverter
instanceKlass org/springframework/core/convert/support/ObjectToObjectConverter
instanceKlass java/time/ZonedDateTime
instanceKlass java/time/chrono/ChronoZonedDateTime
instanceKlass java/time/temporal/Temporal
instanceKlass java/time/temporal/TemporalAccessor
instanceKlass org/springframework/core/convert/support/ZonedDateTimeToCalendarConverter
instanceKlass java/time/ZoneId
instanceKlass org/springframework/core/convert/support/ZoneIdToTimeZoneConverter
instanceKlass org/springframework/core/convert/support/StringToTimeZoneConverter
instanceKlass org/springframework/core/convert/support/ByteBufferConverter
instanceKlass org/springframework/core/convert/TypeDescriptor$AnnotatedElementAdapter
instanceKlass org/springframework/core/convert/TypeDescriptor
instanceKlass org/springframework/core/convert/support/StreamConverter
instanceKlass org/springframework/core/convert/support/ObjectToCollectionConverter
instanceKlass org/springframework/core/convert/support/CollectionToObjectConverter
instanceKlass org/springframework/core/convert/support/StringToCollectionConverter
instanceKlass org/springframework/core/convert/support/ObjectToArrayConverter
instanceKlass org/springframework/core/convert/support/ArrayToObjectConverter
instanceKlass org/springframework/core/convert/support/StringToArrayConverter
instanceKlass org/springframework/core/convert/support/CollectionToStringConverter
instanceKlass org/springframework/core/convert/support/ArrayToStringConverter
instanceKlass org/springframework/core/convert/support/MapToMapConverter
instanceKlass org/springframework/core/convert/support/CollectionToCollectionConverter
instanceKlass org/springframework/core/convert/support/ArrayToArrayConverter
instanceKlass org/springframework/core/convert/support/CollectionToArrayConverter
instanceKlass org/springframework/core/convert/support/ArrayToCollectionConverter
instanceKlass java/util/UUID
instanceKlass org/springframework/core/convert/support/StringToUUIDConverter
instanceKlass org/springframework/core/convert/support/PropertiesToStringConverter
instanceKlass org/springframework/core/convert/support/StringToPropertiesConverter
instanceKlass org/springframework/core/convert/support/StringToCurrencyConverter
instanceKlass org/springframework/core/convert/support/StringToCharsetConverter
instanceKlass org/springframework/core/convert/support/StringToLocaleConverter
instanceKlass org/springframework/core/convert/support/IntegerToEnumConverterFactory
instanceKlass sun/nio/ch/Interruptible
instanceKlass java/util/concurrent/locks/LockSupport
instanceKlass sun/reflect/generics/tree/Wildcard
instanceKlass sun/reflect/generics/tree/BottomSignature
instanceKlass org/springframework/core/convert/support/AbstractConditionalEnumConverter
instanceKlass org/springframework/core/convert/support/StringToEnumConverterFactory
instanceKlass org/springframework/core/convert/support/StringToBooleanConverter
instanceKlass org/springframework/core/convert/support/CharacterToNumberFactory
instanceKlass java/util/TreeMap$Entry
instanceKlass java/lang/ProcessEnvironment$CheckedEntry
instanceKlass java/lang/ProcessEnvironment$CheckedEntrySet$1
instanceKlass org/springframework/core/convert/support/NumberToCharacterConverter
instanceKlass org/springframework/core/convert/support/StringToCharacterConverter
instanceKlass org/springframework/core/convert/support/GenericConversionService$ConverterAdapter
instanceKlass java/util/NavigableMap
instanceKlass java/util/SortedMap
instanceKlass org/springframework/core/convert/support/ObjectToStringConverter
instanceKlass java/lang/ProcessEnvironment$EntryComparator
instanceKlass org/springframework/core/convert/support/StringToNumberConverterFactory
instanceKlass java/lang/ProcessEnvironment$NameComparator
instanceKlass org/springframework/core/convert/support/GenericConversionService$Converters$$Lambda$18
instanceKlass org/springframework/core/convert/support/GenericConversionService$ConvertersForPair
instanceKlass javax/naming/spi/NamingManager
instanceKlass org/springframework/core/convert/converter/GenericConverter$ConvertiblePair
instanceKlass org/springframework/core/convert/support/GenericConversionService$ConverterFactoryAdapter
instanceKlass com/sun/naming/internal/VersionHelper12$5
instanceKlass org/springframework/core/convert/converter/ConditionalGenericConverter
instanceKlass com/sun/naming/internal/VersionHelper12$InputStreamEnumeration$1
instanceKlass com/sun/naming/internal/VersionHelper12$InputStreamEnumeration
instanceKlass javax/naming/NamingEnumeration
instanceKlass com/sun/naming/internal/VersionHelper12$6
instanceKlass com/sun/naming/internal/VersionHelper12$7
instanceKlass com/sun/naming/internal/VersionHelper12$3
instanceKlass org/springframework/core/convert/support/NumberToNumberConverterFactory
instanceKlass org/springframework/core/convert/converter/ConditionalConverter
instanceKlass com/sun/naming/internal/VersionHelper12$1
instanceKlass com/sun/naming/internal/VersionHelper
instanceKlass org/springframework/core/convert/converter/ConverterFactory
instanceKlass com/sun/naming/internal/ResourceManager
instanceKlass org/springframework/core/convert/converter/Converter
instanceKlass javax/naming/InitialContext
instanceKlass javax/naming/Context
instanceKlass org/springframework/core/convert/support/GenericConversionService$Converters
instanceKlass org/springframework/core/SpringProperties
instanceKlass org/joda/time/base/AbstractPartial
instanceKlass org/springframework/jndi/JndiAccessor
instanceKlass org/joda/time/ReadablePartial
instanceKlass org/springframework/core/env/AbstractPropertyResolver
instanceKlass org/springframework/core/convert/support/GenericConversionService$NoOpConverter
instanceKlass org/springframework/core/env/MutablePropertySources
instanceKlass org/springframework/format/Formatter
instanceKlass org/springframework/format/AnnotationFormatterFactory
instanceKlass java/util/Collections$1
instanceKlass org/springframework/format/Parser
instanceKlass org/springframework/format/Printer
instanceKlass org/springframework/core/env/PropertySources
instanceKlass org/springframework/core/env/AbstractEnvironment
instanceKlass org/springframework/core/convert/converter/GenericConverter
instanceKlass org/springframework/core/convert/support/GenericConversionService
instanceKlass org/springframework/core/convert/support/ConfigurableConversionService
instanceKlass org/springframework/core/convert/ConversionService
instanceKlass org/springframework/web/context/ConfigurableWebEnvironment
instanceKlass org/springframework/boot/SpringApplication$1
instanceKlass org/springframework/core/env/CommandLineArgs
instanceKlass org/springframework/context/EmbeddedValueResolverAware
instanceKlass org/springframework/core/env/SimpleCommandLineArgsParser
instanceKlass org/springframework/format/FormatterRegistry
instanceKlass org/springframework/core/convert/converter/ConverterRegistry
instanceKlass org/springframework/boot/DefaultApplicationArguments
instanceKlass org/springframework/boot/autoconfigure/BackgroundPreinitializer$ConversionServiceInitializer
instanceKlass org/springframework/boot/autoconfigure/BackgroundPreinitializer$1
instanceKlass sun/util/logging/LoggingSupport$2
instanceKlass java/util/logging/Formatter
instanceKlass java/util/logging/ErrorManager
instanceKlass java/util/logging/LogManager$5
instanceKlass java/util/logging/LoggingProxyImpl
instanceKlass sun/util/logging/LoggingProxy
instanceKlass sun/util/logging/LoggingSupport$1
instanceKlass sun/util/logging/LoggingSupport
instanceKlass sun/util/logging/PlatformLogger$LoggerProxy
instanceKlass sun/util/logging/PlatformLogger$1
instanceKlass sun/util/logging/PlatformLogger
instanceKlass java/util/logging/LogManager$LoggerContext$1
instanceKlass java/util/logging/Logger$LoggerBundle
instanceKlass java/util/logging/Logger
instanceKlass java/util/logging/LogManager$3
instanceKlass java/util/logging/LogManager$2
instanceKlass java/lang/Shutdown$Lock
instanceKlass java/lang/Shutdown
instanceKlass java/lang/ApplicationShutdownHooks$1
instanceKlass java/lang/ApplicationShutdownHooks
instanceKlass java/util/logging/LogManager$LogNode
instanceKlass java/util/logging/LogManager$LoggerContext
instanceKlass java/util/logging/LogManager$1
instanceKlass java/util/logging/Level$KnownLevel
instanceKlass java/util/logging/Level
instanceKlass java/util/logging/LogManager
instanceKlass java/util/logging/Handler
instanceKlass java/util/Formattable
instanceKlass java/util/Formatter$Conversion
instanceKlass java/util/Formatter$Flags
instanceKlass java/util/Formatter$FormatSpecifier
instanceKlass java/util/Formatter$FixedString
instanceKlass java/util/Formatter$FormatString
instanceKlass java/util/regex/ASCII
instanceKlass java/util/regex/Matcher
instanceKlass java/util/regex/MatchResult
instanceKlass java/util/regex/Pattern$TreeInfo
instanceKlass java/util/regex/Pattern$Node
instanceKlass java/util/regex/Pattern
instanceKlass java/util/Formatter
instanceKlass org/springframework/boot/logging/LoggingSystem$$Lambda$17
instanceKlass org/springframework/boot/logging/AbstractLoggingSystem$LogLevels
instanceKlass org/springframework/boot/logging/LoggerConfigurationComparator
instanceKlass ch/qos/logback/classic/spi/LoggerContextListener
instanceKlass org/springframework/boot/logging/logback/LogbackConfigurator
instanceKlass java/util/Collections$UnmodifiableMap$UnmodifiableEntrySet$UnmodifiableEntry
instanceKlass java/util/Collections$UnmodifiableMap$UnmodifiableEntrySet$$Lambda$16
instanceKlass java/util/stream/Sink$ChainedReference
instanceKlass java/util/stream/FindOps$$Lambda$15
instanceKlass java/lang/invoke/LambdaForm$DMH
instanceKlass java/util/stream/FindOps$FindSink
instanceKlass java/util/stream/TerminalSink
instanceKlass java/util/stream/Sink
instanceKlass java/util/stream/FindOps$$Lambda$14
instanceKlass java/lang/invoke/LambdaForm$DMH
instanceKlass java/util/stream/FindOps$FindOp
instanceKlass java/util/stream/TerminalOp
instanceKlass java/util/stream/FindOps
instanceKlass org/springframework/boot/logging/LoggingSystem$$Lambda$13
instanceKlass org/springframework/boot/logging/LoggingSystem$$Lambda$12
instanceKlass java/util/function/Predicate
instanceKlass java/util/EnumMap$1
instanceKlass java/util/stream/StreamOpFlag$MaskBuilder
instanceKlass java/util/stream/PipelineHelper
instanceKlass java/util/stream/Stream
instanceKlass java/util/stream/BaseStream
instanceKlass java/util/stream/StreamSupport
instanceKlass java/util/Spliterators$IteratorSpliterator
instanceKlass java/util/Spliterator$OfDouble
instanceKlass java/util/Spliterator$OfLong
instanceKlass java/util/Spliterator$OfInt
instanceKlass java/util/Spliterator$OfPrimitive
instanceKlass java/util/Spliterators$EmptySpliterator
instanceKlass java/util/Spliterators
instanceKlass java/util/Collections$UnmodifiableMap$UnmodifiableEntrySet$UnmodifiableEntrySetSpliterator
instanceKlass org/springframework/boot/logging/LoggingSystem
instanceKlass org/springframework/aop/SpringProxy
instanceKlass org/springframework/aop/support/AopUtils
instanceKlass org/springframework/core/ResolvableType$WildcardBounds
instanceKlass org/springframework/context/event/GenericApplicationListenerAdapter
instanceKlass org/springframework/context/event/AbstractApplicationEventMulticaster$ListenerCacheKey
instanceKlass org/springframework/core/ResolvableTypeProvider
instanceKlass org/springframework/aop/framework/Advised
instanceKlass org/springframework/aop/TargetClassAware
instanceKlass org/springframework/aop/framework/AopProxyUtils
instanceKlass org/springframework/context/event/AbstractApplicationEventMulticaster$ListenerRetriever
instanceKlass org/springframework/context/event/AbstractApplicationEventMulticaster
instanceKlass org/springframework/beans/factory/BeanFactoryAware
instanceKlass org/springframework/beans/factory/BeanClassLoaderAware
instanceKlass org/springframework/context/event/ApplicationEventMulticaster
instanceKlass org/springframework/util/ErrorHandler
instanceKlass org/springframework/boot/context/event/EventPublishingRunListener
instanceKlass org/springframework/boot/SpringApplicationRunListener
instanceKlass org/springframework/boot/SpringApplicationRunListeners
instanceKlass org/springframework/util/StopWatch
instanceKlass org/springframework/core/annotation/TypeMappedAnnotation$$Lambda$11
instanceKlass org/springframework/core/annotation/ValueExtractor
instanceKlass org/springframework/core/annotation/AnnotationTypeMappings$$Lambda$10
instanceKlass java/util/function/Consumer
instanceKlass java/lang/invoke/LambdaForm$DMH
instanceKlass org/springframework/core/annotation/AliasFor
instanceKlass org/springframework/core/annotation/AnnotationTypeMapping$MirrorSets
instanceKlass org/springframework/core/annotation/AnnotationTypeMapping$MirrorSets$MirrorSet
instanceKlass org/springframework/core/annotation/AnnotationTypeMapping
instanceKlass org/springframework/core/annotation/AnnotationTypeMappings$Cache$$Lambda$9
instanceKlass java/lang/invoke/LambdaForm$MH
instanceKlass org/springframework/core/annotation/AnnotationTypeMappings$$Lambda$8
instanceKlass org/springframework/core/annotation/AnnotationTypeMappings$Cache
instanceKlass org/springframework/core/annotation/AnnotationTypeMappings
instanceKlass org/springframework/core/annotation/RepeatableContainers$StandardRepeatableContainers$$Lambda$7
instanceKlass org/springframework/core/annotation/AttributeMethods$$Lambda$6
instanceKlass org/springframework/core/annotation/AttributeMethods$$Lambda$5
instanceKlass java/lang/invoke/LambdaForm$DMH
instanceKlass java/lang/invoke/LambdaForm$DMH
instanceKlass org/springframework/core/annotation/AttributeMethods
instanceKlass java/util/concurrent/CountDownLatch
instanceKlass org/springframework/boot/autoconfigure/BackgroundPreinitializer
instanceKlass org/springframework/boot/liquibase/LiquibaseServiceLocatorApplicationListener
instanceKlass org/springframework/core/ResolvableType$DefaultVariableResolver
instanceKlass sun/reflect/generics/reflectiveObjects/ParameterizedTypeImpl
instanceKlass org/springframework/boot/context/properties/source/ConfigurationPropertyName$ElementsParser
instanceKlass org/springframework/boot/context/properties/source/ConfigurationPropertyName$Elements
instanceKlass org/springframework/boot/context/properties/source/ConfigurationPropertyName
instanceKlass org/springframework/boot/context/logging/LoggingApplicationListener
instanceKlass org/springframework/boot/context/logging/ClasspathLoggingApplicationListener
instanceKlass org/springframework/context/event/GenericApplicationListener
instanceKlass org/springframework/boot/context/config/DelegatingApplicationListener
instanceKlass org/springframework/core/ResolvableType$TypeVariablesVariableResolver
instanceKlass org/springframework/core/ResolvableType$SyntheticParameterizedType
instanceKlass org/springframework/core/SerializableTypeWrapper$SerializableTypeProxy
instanceKlass java/lang/reflect/WildcardType
instanceKlass java/lang/reflect/ParameterizedType
instanceKlass org/springframework/core/SerializableTypeWrapper
instanceKlass sun/reflect/generics/reflectiveObjects/LazyReflectiveObjectGenerator
instanceKlass java/lang/reflect/TypeVariable
instanceKlass sun/reflect/generics/tree/TypeVariableSignature
instanceKlass sun/reflect/generics/tree/ClassSignature
instanceKlass sun/reflect/generics/tree/Signature
instanceKlass sun/reflect/generics/tree/FormalTypeParameter
instanceKlass org/springframework/core/ResolvableType$EmptyType
instanceKlass org/springframework/core/ResolvableType$VariableResolver
instanceKlass org/springframework/core/SerializableTypeWrapper$TypeProvider
instanceKlass org/springframework/core/ResolvableType
instanceKlass org/springframework/boot/context/properties/bind/Bindable
instanceKlass org/springframework/boot/context/config/ConfigFileApplicationListener
instanceKlass org/springframework/context/event/SmartApplicationListener
instanceKlass org/springframework/boot/context/config/AnsiOutputApplicationListener
instanceKlass org/springframework/boot/context/FileEncodingApplicationListener
instanceKlass org/springframework/boot/logging/DeferredLog
instanceKlass org/springframework/boot/cloud/CloudFoundryVcapEnvironmentPostProcessor
instanceKlass org/springframework/boot/env/EnvironmentPostProcessor
instanceKlass org/springframework/boot/builder/ParentContextCloserApplicationListener
instanceKlass org/springframework/context/ApplicationContextAware
instanceKlass org/springframework/beans/factory/Aware
instanceKlass org/springframework/boot/ClearCachesApplicationListener
instanceKlass java/lang/annotation/Target
instanceKlass java/lang/reflect/WeakCache$Value
instanceKlass sun/misc/ProxyGenerator$ExceptionTableEntry
instanceKlass sun/misc/ProxyGenerator$PrimitiveTypeInfo
instanceKlass sun/misc/ProxyGenerator$FieldInfo
instanceKlass java/io/DataOutput
instanceKlass sun/misc/ProxyGenerator$ConstantPool$Entry
instanceKlass sun/misc/ProxyGenerator$MethodInfo
instanceKlass sun/misc/ProxyGenerator$ProxyMethod
instanceKlass sun/misc/ProxyGenerator$ConstantPool
instanceKlass sun/misc/ProxyGenerator
instanceKlass java/lang/reflect/WeakCache$Factory
instanceKlass java/util/function/Supplier
instanceKlass java/lang/reflect/Proxy$ProxyClassFactory
instanceKlass java/lang/reflect/Proxy$KeyFactory
instanceKlass java/util/function/BiFunction
instanceKlass java/lang/reflect/WeakCache
instanceKlass java/lang/reflect/Proxy
instanceKlass sun/reflect/annotation/AnnotationInvocationHandler
instanceKlass java/lang/reflect/InvocationHandler
instanceKlass sun/reflect/annotation/AnnotationParser$1
instanceKlass sun/reflect/annotation/ExceptionProxy
instanceKlass java/lang/annotation/Documented
instanceKlass java/lang/annotation/Inherited
instanceKlass java/lang/annotation/Retention
instanceKlass sun/reflect/annotation/AnnotationType$1
instanceKlass java/lang/reflect/GenericArrayType
instanceKlass java/lang/FunctionalInterface
instanceKlass sun/reflect/generics/visitor/Reifier
instanceKlass sun/reflect/generics/visitor/TypeTreeVisitor
instanceKlass sun/reflect/generics/factory/CoreReflectionFactory
instanceKlass sun/reflect/generics/factory/GenericsFactory
instanceKlass sun/reflect/generics/scope/AbstractScope
instanceKlass sun/reflect/generics/scope/Scope
instanceKlass sun/reflect/generics/tree/ClassTypeSignature
instanceKlass sun/reflect/generics/tree/SimpleClassTypeSignature
instanceKlass sun/reflect/generics/tree/FieldTypeSignature
instanceKlass sun/reflect/generics/tree/BaseType
instanceKlass sun/reflect/generics/tree/TypeSignature
instanceKlass sun/reflect/generics/tree/ReturnType
instanceKlass sun/reflect/generics/tree/TypeArgument
instanceKlass sun/reflect/generics/tree/TypeTree
instanceKlass sun/reflect/generics/tree/Tree
instanceKlass sun/reflect/generics/parser/SignatureParser
instanceKlass org/springframework/util/ObjectUtils
instanceKlass org/springframework/core/DecoratingProxy
instanceKlass org/springframework/core/annotation/AbstractMergedAnnotation
instanceKlass sun/reflect/annotation/AnnotationParser
instanceKlass org/springframework/core/annotation/AnnotationsScanner$1
instanceKlass org/springframework/core/annotation/MergedAnnotationSelectors$FirstDirectlyDeclared
instanceKlass org/springframework/core/annotation/MergedAnnotationSelectors$Nearest
instanceKlass org/springframework/core/annotation/MergedAnnotationSelector
instanceKlass org/springframework/core/annotation/MergedAnnotationSelectors
instanceKlass org/springframework/core/annotation/MergedAnnotation
instanceKlass org/springframework/core/annotation/TypeMappedAnnotations$MergedAnnotationFinder
instanceKlass org/springframework/core/annotation/Order
instanceKlass org/springframework/core/annotation/OrderUtils
instanceKlass org/springframework/core/annotation/AnnotationsScanner
instanceKlass java/util/Spliterator
instanceKlass org/springframework/core/annotation/AnnotationsProcessor
instanceKlass org/springframework/core/annotation/TypeMappedAnnotations
instanceKlass org/springframework/core/annotation/AnnotationFilter$2
instanceKlass org/springframework/core/annotation/AnnotationFilter$1
instanceKlass java/util/ComparableTimSort
instanceKlass org/springframework/core/annotation/PackagesAnnotationFilter
instanceKlass org/springframework/core/annotation/AnnotationFilter
instanceKlass org/springframework/core/annotation/RepeatableContainers
instanceKlass org/springframework/core/annotation/MergedAnnotations
instanceKlass org/springframework/core/PriorityOrdered
instanceKlass java/util/TimSort
instanceKlass java/util/Arrays$LegacyMergeSort
instanceKlass org/springframework/core/OrderComparator
instanceKlass org/springframework/boot/autoconfigure/logging/ConditionEvaluationReportLoggingListener
instanceKlass org/springframework/boot/autoconfigure/SharedMetadataReaderFactoryContextInitializer
instanceKlass org/springframework/boot/web/context/ServerPortInfoApplicationContextInitializer
instanceKlass org/springframework/context/ApplicationListener
instanceKlass java/util/EventListener
instanceKlass org/springframework/boot/rsocket/context/RSocketPortInfoApplicationContextInitializer
instanceKlass org/springframework/boot/context/config/DelegatingApplicationContextInitializer
instanceKlass org/springframework/boot/context/ContextIdApplicationContextInitializer
instanceKlass org/springframework/core/Ordered
instanceKlass org/springframework/core/KotlinDetector
instanceKlass org/springframework/util/ReflectionUtils$$Lambda$4
instanceKlass org/springframework/util/ReflectionUtils$FieldFilter
instanceKlass org/springframework/util/ReflectionUtils$$Lambda$3
instanceKlass org/springframework/util/ReflectionUtils$MethodFilter
instanceKlass java/lang/invoke/LambdaForm$DMH
instanceKlass java/lang/invoke/LambdaForm$DMH
instanceKlass org/springframework/util/ReflectionUtils
instanceKlass java/util/Collections$UnmodifiableMap
instanceKlass org/springframework/beans/BeanUtils
instanceKlass org/springframework/boot/context/ConfigurationWarningsApplicationContextInitializer
instanceKlass java/util/LinkedList$ListItr
instanceKlass org/springframework/util/ConcurrentReferenceHashMap$Entry
instanceKlass java/lang/invoke/LambdaForm$MH
instanceKlass java/lang/invoke/LambdaForm$DMH
instanceKlass java/lang/invoke/LambdaForm$DMH
instanceKlass org/springframework/util/ConcurrentReferenceHashMap$Segment$$Lambda$2
instanceKlass org/springframework/util/ConcurrentReferenceHashMap$Entries
instanceKlass java/lang/invoke/LambdaForm$DMH
instanceKlass java/lang/Class$4
instanceKlass java/util/zip/ZipFile$ZipEntryIterator
instanceKlass java/util/jar/JarFile$JarEntryIterator
instanceKlass java/lang/invoke/LambdaForm$MH
instanceKlass java/lang/invoke/LambdaForm$MH
instanceKlass java/lang/invoke/InnerClassLambdaMetafactory$1
instanceKlass org/springframework/util/LinkedMultiValueMap$$Lambda$1
instanceKlass java/lang/invoke/InfoFromMemberName
instanceKlass java/lang/invoke/MethodHandleInfo
instanceKlass java/security/AccessController$1
instanceKlass java/lang/invoke/AbstractValidatingLambdaMetafactory
instanceKlass java/lang/invoke/LambdaForm$BMH
instanceKlass java/lang/invoke/LambdaForm$BMH
instanceKlass java/lang/invoke/LambdaForm$BMH
instanceKlass java/lang/invoke/LambdaForm$BMH
instanceKlass sun/reflect/UnsafeFieldAccessorFactory
instanceKlass jdk/internal/org/objectweb/asm/FieldVisitor
instanceKlass java/lang/invoke/BoundMethodHandle$Factory$1
instanceKlass java/lang/invoke/BoundMethodHandle$SpeciesData$1
instanceKlass java/lang/invoke/LambdaForm$BMH
instanceKlass java/lang/invoke/LambdaForm$MH
instanceKlass java/lang/invoke/LambdaForm$BMH
instanceKlass java/lang/invoke/LambdaForm$MH
instanceKlass java/lang/invoke/LambdaForm$DMH
instanceKlass java/lang/invoke/LambdaForm$DMH
instanceKlass java/lang/invoke/LambdaForm$BMH
instanceKlass java/lang/invoke/LambdaForm$BMH
instanceKlass java/lang/invoke/LambdaForm$MH
instanceKlass java/lang/invoke/LambdaFormBuffer
instanceKlass java/lang/invoke/LambdaFormEditor
instanceKlass java/lang/invoke/LambdaForm$BMH
instanceKlass java/lang/invoke/LambdaForm$DMH
instanceKlass java/lang/invoke/LambdaForm$DMH
instanceKlass java/lang/invoke/LambdaForm$DMH
instanceKlass java/lang/invoke/LambdaForm$DMH
instanceKlass java/lang/invoke/LambdaForm$MH
instanceKlass java/lang/invoke/LambdaForm$DMH
instanceKlass java/lang/invoke/LambdaForm$DMH
instanceKlass java/lang/invoke/LambdaForm$MH
instanceKlass java/lang/invoke/LambdaForm$DMH
instanceKlass java/lang/invoke/LambdaForm$DMH
instanceKlass java/lang/invoke/LambdaForm$MH
instanceKlass java/lang/invoke/LambdaForm$DMH
instanceKlass java/lang/invoke/LambdaForm$DMH
instanceKlass java/lang/invoke/LambdaForm$MH
instanceKlass java/lang/invoke/LambdaForm$DMH
instanceKlass java/lang/invoke/LambdaForm$DMH
instanceKlass java/lang/invoke/LambdaForm$MH
instanceKlass java/lang/invoke/LambdaForm$DMH
instanceKlass java/lang/invoke/LambdaForm$MH
instanceKlass java/lang/invoke/LambdaForm$DMH
instanceKlass java/lang/invoke/LambdaForm$DMH
instanceKlass java/lang/invoke/LambdaForm$MH
instanceKlass java/lang/invoke/LambdaForm$DMH
instanceKlass java/lang/invoke/LambdaForm$DMH
instanceKlass java/lang/invoke/LambdaForm$MH
instanceKlass java/lang/invoke/LambdaForm$DMH
instanceKlass java/lang/invoke/LambdaForm$MH
instanceKlass java/lang/invoke/LambdaForm$DMH
instanceKlass java/lang/invoke/LambdaForm$MH
instanceKlass java/lang/invoke/LambdaForm$DMH
instanceKlass java/lang/invoke/LambdaForm$DMH
instanceKlass java/lang/invoke/MethodHandleImpl$Lazy
instanceKlass java/lang/invoke/LambdaForm$BMH
instanceKlass java/lang/invoke/LambdaForm$MH
instanceKlass java/lang/invoke/LambdaForm$DMH
instanceKlass java/lang/invoke/LambdaForm$DMH
instanceKlass java/lang/invoke/LambdaForm$DMH
instanceKlass java/lang/invoke/LambdaForm$DMH
instanceKlass java/util/SubList$1
instanceKlass java/util/ListIterator
instanceKlass java/lang/invoke/LambdaForm$MH
instanceKlass java/lang/invoke/LambdaForm$MH
instanceKlass java/lang/invoke/LambdaForm$MH
instanceKlass java/lang/invoke/LambdaForm$MH
instanceKlass java/lang/invoke/LambdaForm$MH
instanceKlass java/lang/invoke/LambdaForm$MH
instanceKlass java/lang/invoke/LambdaForm$MH
instanceKlass java/lang/invoke/LambdaForm$MH
instanceKlass java/lang/invoke/LambdaForm$MH
instanceKlass java/lang/invoke/LambdaForm$MH
instanceKlass java/lang/invoke/LambdaForm$MH
instanceKlass java/lang/invoke/LambdaForm$MH
instanceKlass java/lang/invoke/InvokerBytecodeGenerator$CpPatch
instanceKlass java/lang/invoke/LambdaForm$DMH
instanceKlass java/lang/invoke/LambdaForm$DMH
instanceKlass java/lang/invoke/LambdaForm$DMH
instanceKlass java/lang/invoke/LambdaForm$DMH
instanceKlass java/lang/invoke/LambdaForm$DMH
instanceKlass java/lang/invoke/LambdaForm$DMH
instanceKlass sun/invoke/empty/Empty
instanceKlass sun/invoke/util/VerifyType
instanceKlass java/lang/invoke/InvokerBytecodeGenerator$2
instanceKlass jdk/internal/org/objectweb/asm/AnnotationVisitor
instanceKlass jdk/internal/org/objectweb/asm/Frame
instanceKlass jdk/internal/org/objectweb/asm/Label
instanceKlass jdk/internal/org/objectweb/asm/Type
instanceKlass jdk/internal/org/objectweb/asm/MethodVisitor
instanceKlass jdk/internal/org/objectweb/asm/Item
instanceKlass jdk/internal/org/objectweb/asm/ByteVector
instanceKlass jdk/internal/org/objectweb/asm/ClassVisitor
instanceKlass java/lang/invoke/InvokerBytecodeGenerator
instanceKlass java/lang/invoke/DirectMethodHandle$Lazy
instanceKlass sun/invoke/util/BytecodeDescriptor
instanceKlass java/lang/invoke/BoundMethodHandle$Factory
instanceKlass java/lang/invoke/BoundMethodHandle$SpeciesData
instanceKlass java/lang/invoke/LambdaForm$NamedFunction
instanceKlass java/lang/invoke/LambdaForm$Name
instanceKlass sun/invoke/util/ValueConversions
instanceKlass sun/invoke/util/VerifyAccess
instanceKlass java/lang/Long$LongCache
instanceKlass java/lang/Character$CharacterCache
instanceKlass java/lang/Short$ShortCache
instanceKlass java/lang/Byte$ByteCache
instanceKlass sun/invoke/util/Wrapper$Format
instanceKlass java/lang/invoke/MethodHandles
instanceKlass java/lang/invoke/Invokers
instanceKlass java/lang/invoke/MethodTypeForm
instanceKlass java/lang/invoke/MethodType$ConcurrentWeakInternSet
instanceKlass java/lang/invoke/MethodHandles$Lookup
instanceKlass java/lang/invoke/LambdaMetafactory
instanceKlass org/springframework/util/ResourceUtils
instanceKlass org/springframework/util/PropertiesPersister
instanceKlass org/springframework/core/io/support/PropertiesLoaderUtils
instanceKlass org/springframework/util/CollectionUtils
instanceKlass org/springframework/util/StringUtils
instanceKlass java/nio/channels/ReadableByteChannel
instanceKlass java/nio/channels/Channel
instanceKlass org/springframework/core/io/AbstractResource
instanceKlass org/springframework/util/LinkedMultiValueMap
instanceKlass org/springframework/core/io/Resource
instanceKlass org/springframework/core/io/InputStreamSource
instanceKlass org/springframework/util/MultiValueMap
instanceKlass org/springframework/core/io/support/SpringFactoriesLoader
instanceKlass org/springframework/context/ApplicationContextInitializer
instanceKlass org/springframework/web/context/ConfigurableWebApplicationContext
instanceKlass org/springframework/context/ConfigurableApplicationContext
instanceKlass org/springframework/context/Lifecycle
instanceKlass org/springframework/web/context/WebApplicationContext
instanceKlass javax/servlet/Servlet
instanceKlass java/io/Externalizable
instanceKlass java/util/Optional
instanceKlass java/util/IdentityHashMap$EntryIterator$Entry
instanceKlass java/util/IdentityHashMap$IdentityHashMapIterator
instanceKlass org/springframework/util/ConcurrentReferenceHashMap$Reference
instanceKlass org/springframework/util/ConcurrentReferenceHashMap$ReferenceManager
instanceKlass org/springframework/util/ConcurrentReferenceHashMap$Task
instanceKlass org/springframework/util/ClassUtils
instanceKlass org/springframework/util/Assert
instanceKlass ch/qos/logback/classic/util/LoggerNameUtil
instanceKlass ch/qos/logback/classic/selector/DefaultContextSelector
instanceKlass ch/qos/logback/core/util/StatusPrinter
instanceKlass ch/qos/logback/core/status/StatusUtil
instanceKlass ch/qos/logback/core/spi/AppenderAttachableImpl
instanceKlass java/lang/StringCoding$StringEncoder
instanceKlass ch/qos/logback/core/util/EnvUtil
instanceKlass ch/qos/logback/core/pattern/Converter
instanceKlass java/util/Date
instanceKlass java/text/DigitList
instanceKlass java/text/FieldPosition
instanceKlass java/util/Currency$CurrencyNameGetter
instanceKlass java/util/Currency$1
instanceKlass java/util/Currency
instanceKlass java/text/DecimalFormatSymbols
instanceKlass java/util/concurrent/atomic/AtomicMarkableReference$Pair
instanceKlass java/util/concurrent/atomic/AtomicMarkableReference
instanceKlass java/text/DateFormatSymbols
instanceKlass sun/util/calendar/CalendarUtils
instanceKlass sun/util/calendar/CalendarDate
instanceKlass java/util/Collections$EmptyIterator
instanceKlass sun/util/locale/LanguageTag
instanceKlass java/util/ResourceBundle$CacheKeyReference
instanceKlass java/util/ResourceBundle$CacheKey
instanceKlass java/util/ResourceBundle$RBClassLoader$1
instanceKlass java/util/spi/ResourceBundleControlProvider
instanceKlass java/util/ResourceBundle
instanceKlass java/util/ResourceBundle$Control
instanceKlass sun/util/resources/LocaleData$1
instanceKlass sun/util/resources/LocaleData
instanceKlass sun/util/locale/provider/LocaleResources
instanceKlass sun/util/locale/provider/CalendarDataUtility$CalendarWeekParameterGetter
instanceKlass sun/util/locale/provider/LocaleServiceProviderPool$LocalizedObjectGetter
instanceKlass sun/util/locale/provider/SPILocaleProviderAdapter$1
instanceKlass sun/util/locale/provider/LocaleServiceProviderPool
instanceKlass sun/util/locale/provider/CalendarDataUtility
instanceKlass java/util/Calendar$Builder
instanceKlass sun/util/locale/provider/JRELocaleProviderAdapter$1
instanceKlass sun/util/locale/provider/LocaleDataMetaInfo
instanceKlass sun/util/locale/provider/AvailableLanguageTags
instanceKlass sun/util/locale/provider/LocaleProviderAdapter$1
instanceKlass java/util/Collections$UnmodifiableCollection$1
instanceKlass sun/util/locale/provider/ResourceBundleBasedAdapter
instanceKlass sun/util/locale/provider/LocaleProviderAdapter
instanceKlass java/util/spi/LocaleServiceProvider
instanceKlass java/util/Calendar
instanceKlass java/util/TimeZone$1
instanceKlass sun/util/calendar/ZoneInfoFile$ZoneOffsetTransitionRule
instanceKlass java/io/DataInput
instanceKlass sun/util/calendar/ZoneInfoFile$1
instanceKlass sun/util/calendar/ZoneInfoFile
instanceKlass sun/util/calendar/CalendarSystem
instanceKlass java/util/TimeZone
instanceKlass java/util/Locale$1
instanceKlass java/text/AttributedCharacterIterator$Attribute
instanceKlass java/text/Format
instanceKlass ch/qos/logback/core/util/CachingDateFormatter
instanceKlass java/util/concurrent/atomic/AtomicBoolean
instanceKlass ch/qos/logback/core/util/COWArrayList
instanceKlass ch/qos/logback/core/spi/FilterAttachableImpl
instanceKlass ch/qos/logback/core/Appender
instanceKlass ch/qos/logback/core/spi/FilterAttachable
instanceKlass ch/qos/logback/core/encoder/Encoder
instanceKlass ch/qos/logback/core/Layout
instanceKlass ch/qos/logback/core/spi/ContextAwareBase
instanceKlass java/util/ServiceLoader$1
instanceKlass java/util/ServiceLoader$LazyIterator
instanceKlass java/util/ServiceLoader
instanceKlass ch/qos/logback/classic/util/EnvUtil
instanceKlass ch/qos/logback/classic/spi/Configurator
instanceKlass ch/qos/logback/core/spi/ContextAware
instanceKlass ch/qos/logback/core/status/StatusBase
instanceKlass java/util/Collections$3
instanceKlass java/util/HashMap$HashIterator
instanceKlass java/security/PermissionsEnumerator
instanceKlass sun/security/provider/PolicyFile$7
instanceKlass sun/security/provider/PolicyFile$5
instanceKlass sun/security/action/GetBooleanAction
instanceKlass sun/security/util/SecurityConstants
instanceKlass sun/security/provider/PolicyFile$PolicyEntry
instanceKlass java/util/Vector$1
instanceKlass sun/security/provider/PolicyParser$PermissionEntry
instanceKlass sun/security/provider/PolicyParser$GrantEntry
instanceKlass java/io/StreamTokenizer
instanceKlass sun/security/util/PolicyUtil
instanceKlass sun/security/provider/PolicyParser
instanceKlass sun/security/util/PropertyExpander
instanceKlass sun/security/provider/PolicyFile$3
instanceKlass java/security/ProtectionDomain$2$1
instanceKlass sun/misc/JavaSecurityProtectionDomainAccess$ProtectionDomainCache
instanceKlass java/util/Collections$SynchronizedMap
instanceKlass sun/security/provider/PolicyFile$PolicyInfo
instanceKlass sun/security/provider/PolicyFile$1
instanceKlass java/security/Security$1
instanceKlass java/security/Security
instanceKlass java/security/Policy$1
instanceKlass java/security/Policy$PolicyInfo
instanceKlass java/util/concurrent/atomic/AtomicReference
instanceKlass java/security/Policy
instanceKlass ch/qos/logback/core/util/Loader$1
instanceKlass ch/qos/logback/core/util/Loader
instanceKlass ch/qos/logback/core/util/OptionHelper
instanceKlass ch/qos/logback/core/status/StatusListener
instanceKlass ch/qos/logback/core/util/StatusListenerConfigHelper
instanceKlass ch/qos/logback/classic/util/ContextInitializer
instanceKlass ch/qos/logback/classic/selector/ContextSelector
instanceKlass ch/qos/logback/classic/util/ContextSelectorStaticBinder
instanceKlass ch/qos/logback/classic/Level
instanceKlass ch/qos/logback/classic/spi/ILoggingEvent
instanceKlass ch/qos/logback/core/spi/DeferredProcessingAware
instanceKlass ch/qos/logback/classic/Logger
instanceKlass ch/qos/logback/core/spi/AppenderAttachable
instanceKlass org/slf4j/spi/LocationAwareLogger
instanceKlass ch/qos/logback/classic/spi/LoggerContextVO
instanceKlass java/util/concurrent/CopyOnWriteArrayList
instanceKlass ch/qos/logback/core/spi/LogbackLock
instanceKlass ch/qos/logback/core/helpers/CyclicBuffer
instanceKlass ch/qos/logback/core/BasicStatusManager
instanceKlass ch/qos/logback/core/status/Status
instanceKlass java/util/concurrent/ExecutorService
instanceKlass java/util/concurrent/Executor
instanceKlass ch/qos/logback/core/status/StatusManager
instanceKlass ch/qos/logback/core/ContextBase
instanceKlass ch/qos/logback/core/spi/LifeCycle
instanceKlass ch/qos/logback/core/Context
instanceKlass ch/qos/logback/core/spi/PropertyContainer
instanceKlass org/slf4j/impl/StaticLoggerBinder
instanceKlass org/slf4j/spi/LoggerFactoryBinder
instanceKlass org/slf4j/helpers/Util
instanceKlass org/slf4j/helpers/NOPLoggerFactory
instanceKlass java/util/concurrent/LinkedBlockingQueue$Node
instanceKlass java/util/concurrent/locks/AbstractQueuedSynchronizer$ConditionObject
instanceKlass java/util/concurrent/locks/Condition
instanceKlass java/util/concurrent/BlockingQueue
instanceKlass org/slf4j/Logger
instanceKlass org/slf4j/helpers/SubstituteLoggerFactory
instanceKlass org/slf4j/event/LoggingEvent
instanceKlass org/slf4j/ILoggerFactory
instanceKlass org/slf4j/LoggerFactory
instanceKlass org/apache/commons/logging/impl/SLF4JLog
instanceKlass org/apache/commons/logging/impl/SLF4JLocationAwareLog
instanceKlass org/apache/commons/logging/Log
instanceKlass org/apache/commons/logging/LogFactory$2
instanceKlass sun/net/www/protocol/jar/JarFileFactory
instanceKlass sun/net/www/protocol/jar/URLJarFile$URLJarFileCloseController
instanceKlass java/net/URLClassLoader$2
instanceKlass org/apache/commons/logging/LogFactory$3
instanceKlass sun/nio/cs/ThreadLocalCoders$Cache
instanceKlass sun/nio/cs/ThreadLocalCoders
instanceKlass java/net/URLClassLoader$3$1
instanceKlass java/util/jar/JarVerifier$3
instanceKlass java/security/CodeSigner
instanceKlass java/util/jar/JarVerifier
instanceKlass sun/misc/CompoundEnumeration
instanceKlass java/net/URLClassLoader$3
instanceKlass sun/misc/URLClassPath$1
instanceKlass java/lang/ClassLoader$2
instanceKlass sun/misc/URLClassPath$2
instanceKlass sun/misc/Launcher$BootClassPathHolder$1
instanceKlass sun/misc/Launcher$BootClassPathHolder
instanceKlass org/apache/commons/logging/LogFactory$4
instanceKlass org/apache/commons/logging/impl/WeakHashtable$Referenced
instanceKlass org/apache/commons/logging/LogFactory$1
instanceKlass org/apache/commons/logging/LogFactory$6
instanceKlass org/apache/commons/logging/LogFactory
instanceKlass org/springframework/beans/factory/config/BeanFactoryPostProcessor
instanceKlass org/springframework/core/env/PropertySource
instanceKlass org/springframework/core/env/ConfigurableEnvironment
instanceKlass org/springframework/core/env/ConfigurablePropertyResolver
instanceKlass org/springframework/core/env/Environment
instanceKlass org/springframework/core/env/PropertyResolver
instanceKlass java/util/EventObject
instanceKlass org/springframework/context/ApplicationContext
instanceKlass org/springframework/core/io/support/ResourcePatternResolver
instanceKlass org/springframework/core/io/ResourceLoader
instanceKlass org/springframework/context/ApplicationEventPublisher
instanceKlass org/springframework/context/MessageSource
instanceKlass org/springframework/beans/factory/HierarchicalBeanFactory
instanceKlass org/springframework/beans/factory/ListableBeanFactory
instanceKlass org/springframework/beans/factory/BeanFactory
instanceKlass org/springframework/core/env/EnvironmentCapable
instanceKlass org/springframework/boot/ApplicationArguments
instanceKlass org/springframework/boot/SpringApplication
instanceKlass java/util/zip/CRC32
instanceKlass java/util/zip/Checksum
instanceKlass sun/misc/ASCIICaseInsensitiveComparator
instanceKlass java/util/jar/Attributes$Name
instanceKlass java/util/jar/Attributes
instanceKlass java/nio/file/attribute/FileTime
instanceKlass java/util/zip/ZipUtils
instanceKlass sun/launcher/LauncherHelper$FXHelper
instanceKlass com/zbkj/admin/CrmebAdminApplication
instanceKlass java/io/FilePermission$1
instanceKlass sun/nio/fs/AbstractPath
instanceKlass sun/net/www/MessageHeader
instanceKlass java/net/URLConnection
instanceKlass java/security/PermissionCollection
instanceKlass sun/nio/ByteBuffered
instanceKlass java/lang/Package
instanceKlass sun/misc/Resource
instanceKlass sun/misc/IOUtils
instanceKlass sun/security/action/GetIntegerAction
instanceKlass sun/security/util/SignatureFileVerifier
instanceKlass sun/misc/ExtensionDependency
instanceKlass com/intellij/rt/debugger/agent/CaptureStorage$9
instanceKlass com/intellij/rt/debugger/agent/CaptureStorage$Callable
instanceKlass com/intellij/rt/debugger/agent/CaptureStorage$4
instanceKlass java/util/LinkedList$Node
instanceKlass java/util/zip/ZStreamRef
instanceKlass java/util/zip/Inflater
instanceKlass java/util/zip/ZipEntry
instanceKlass sun/misc/JarIndex
instanceKlass sun/nio/ch/DirectBuffer
instanceKlass sun/misc/PerfCounter$CoreCounters
instanceKlass sun/misc/Perf
instanceKlass sun/misc/Perf$GetPerfAction
instanceKlass sun/misc/PerfCounter
instanceKlass java/util/zip/ZipCoder
instanceKlass java/util/Deque
instanceKlass java/util/Queue
instanceKlass java/util/jar/JavaUtilJarAccessImpl
instanceKlass sun/misc/JavaUtilJarAccess
instanceKlass sun/misc/FileURLMapper
instanceKlass sun/misc/URLClassPath$JarLoader$1
instanceKlass java/util/zip/ZipFile$1
instanceKlass sun/misc/JavaUtilZipFileAccess
instanceKlass java/util/zip/ZipFile
instanceKlass java/util/zip/ZipConstants
instanceKlass sun/misc/URLClassPath$Loader
instanceKlass sun/misc/URLClassPath$3
instanceKlass sun/net/util/URLUtil
instanceKlass java/net/URLClassLoader$1
instanceKlass java/lang/StringCoding$StringDecoder
instanceKlass java/lang/ThreadLocal$ThreadLocalMap
instanceKlass java/lang/invoke/MethodHandleStatics$1
instanceKlass java/lang/invoke/MethodHandleStatics
instanceKlass java/lang/invoke/MemberName$Factory
instanceKlass java/lang/ClassValue$Version
instanceKlass java/lang/ClassValue$Identity
instanceKlass java/lang/ClassValue
instanceKlass java/lang/invoke/MethodHandleImpl$3
instanceKlass java/lang/invoke/MethodHandleImpl$2
instanceKlass java/util/function/Function
instanceKlass java/lang/invoke/MethodHandleImpl$1
instanceKlass java/lang/invoke/MethodHandleImpl
instanceKlass jdk/jfr/internal/EventWriter
instanceKlass com/intellij/rt/debugger/agent/SpilledVariablesTransformer$SpillingTransformer
instanceKlass com/intellij/rt/debugger/agent/SpilledVariablesTransformer
instanceKlass com/intellij/rt/debugger/agent/CollectionBreakpointInstrumentor$CollectionBreakpointTransformer
instanceKlass com/intellij/rt/debugger/agent/CollectionBreakpointInstrumentor$KnownMethod
instanceKlass com/intellij/rt/debugger/agent/CollectionBreakpointInstrumentor$KnownMethodsSet
instanceKlass java/util/concurrent/locks/AbstractQueuedSynchronizer$Node
instanceKlass java/util/concurrent/locks/AbstractOwnableSynchronizer
instanceKlass com/intellij/rt/debugger/agent/CollectionBreakpointInstrumentor$ConcurrentIdentityHashMap
instanceKlass com/intellij/rt/debugger/agent/CollectionBreakpointInstrumentor
instanceKlass com/intellij/rt/debugger/agent/SuspendHelper$1
instanceKlass com/intellij/rt/debugger/agent/SuspendHelper
instanceKlass com/intellij/rt/debugger/agent/CaptureAgent$CaptureTransformer
instanceKlass com/intellij/rt/debugger/agent/CaptureStorage$ConcurrentIdentityWeakHashMap
instanceKlass org/jetbrains/capture/org/objectweb/asm/AnnotationVisitor
instanceKlass org/jetbrains/capture/org/objectweb/asm/Handler
instanceKlass org/jetbrains/capture/org/objectweb/asm/Edge
instanceKlass java/lang/Void
instanceKlass java/lang/Class$MethodArray
instanceKlass com/intellij/rt/debugger/agent/CaptureStorage
instanceKlass org/jetbrains/capture/org/objectweb/asm/Frame
instanceKlass org/jetbrains/capture/org/objectweb/asm/MethodVisitor
instanceKlass org/jetbrains/capture/org/objectweb/asm/FieldVisitor
instanceKlass org/jetbrains/capture/org/objectweb/asm/Context
instanceKlass org/jetbrains/capture/org/objectweb/asm/Attribute
instanceKlass java/lang/StringCoding
instanceKlass java/nio/charset/StandardCharsets
instanceKlass org/jetbrains/capture/org/objectweb/asm/Symbol
instanceKlass org/jetbrains/capture/org/objectweb/asm/ByteVector
instanceKlass org/jetbrains/capture/org/objectweb/asm/SymbolTable
instanceKlass org/jetbrains/capture/org/objectweb/asm/ClassVisitor
instanceKlass org/jetbrains/capture/org/objectweb/asm/Label
instanceKlass org/jetbrains/capture/org/objectweb/asm/ClassReader
instanceKlass com/intellij/rt/debugger/agent/ClassTransformer
instanceKlass java/util/ArrayList$Itr
instanceKlass org/jetbrains/capture/org/objectweb/asm/Type
instanceKlass com/intellij/rt/debugger/agent/ThrowableTransformer
instanceKlass com/intellij/rt/debugger/agent/CaptureAgent$CoroutineOwnerKeyProvider
instanceKlass com/intellij/rt/debugger/agent/CaptureAgent$FieldKeyProvider
instanceKlass com/intellij/rt/debugger/agent/CaptureAgent$InstrumentPoint
instanceKlass com/intellij/rt/debugger/agent/CaptureAgent$1
instanceKlass com/intellij/rt/debugger/agent/CaptureAgent$ParamKeyProvider
instanceKlass com/intellij/rt/debugger/agent/CaptureAgent$KeyProvider
instanceKlass com/intellij/rt/debugger/agent/CaptureAgent
instanceKlass com/intellij/rt/debugger/agent/StateFlowTransformer
instanceKlass com/intellij/rt/debugger/agent/SharedFlowTransformer
instanceKlass java/lang/instrument/ClassFileTransformer
instanceKlass java/util/Properties$LineReader
instanceKlass sun/instrument/InstrumentationImpl$1
instanceKlass com/intellij/rt/debugger/agent/DebuggerAgent
instanceKlass sun/instrument/TransformerManager$TransformerInfo
instanceKlass sun/instrument/TransformerManager
instanceKlass sun/instrument/InstrumentationImpl
instanceKlass java/lang/instrument/Instrumentation
instanceKlass sun/misc/VMSupport
instanceKlass java/lang/SystemClassLoaderAction
instanceKlass java/util/LinkedHashMap$LinkedHashIterator
instanceKlass sun/misc/Launcher$AppClassLoader$1
instanceKlass sun/misc/URLClassPath
instanceKlass java/security/Principal
instanceKlass java/security/ProtectionDomain$Key
instanceKlass java/security/ProtectionDomain$2
instanceKlass sun/misc/JavaSecurityProtectionDomainAccess
instanceKlass java/security/ProtectionDomain$JavaSecurityAccessImpl
instanceKlass sun/misc/JavaSecurityAccess
instanceKlass sun/net/util/IPAddressUtil
instanceKlass java/net/URLStreamHandler
instanceKlass java/net/Parts
instanceKlass java/util/BitSet
instanceKlass sun/net/www/ParseUtil
instanceKlass java/io/FileInputStream$1
instanceKlass sun/util/locale/LocaleUtils
instanceKlass java/util/Locale$LocaleKey
instanceKlass sun/util/locale/BaseLocale$Key
instanceKlass sun/util/locale/BaseLocale
instanceKlass java/util/concurrent/ConcurrentHashMap$CollectionView
instanceKlass java/util/concurrent/ConcurrentHashMap$CounterCell
instanceKlass java/util/concurrent/ConcurrentHashMap$Node
instanceKlass java/util/concurrent/locks/ReentrantLock
instanceKlass java/util/concurrent/locks/Lock
instanceKlass java/util/concurrent/ConcurrentMap
instanceKlass sun/util/locale/LocaleObjectCache
instanceKlass java/util/Locale
instanceKlass java/lang/reflect/Array
instanceKlass java/nio/charset/CoderResult$Cache
instanceKlass java/nio/charset/CoderResult
instanceKlass java/nio/charset/CharsetDecoder
instanceKlass sun/nio/cs/ArrayDecoder
instanceKlass java/io/Reader
instanceKlass java/lang/Readable
instanceKlass sun/misc/MetaIndex
instanceKlass java/util/StringTokenizer
instanceKlass sun/misc/Launcher$ExtClassLoader$1
instanceKlass java/net/URLClassLoader$7
instanceKlass sun/misc/JavaNetAccess
instanceKlass java/lang/ClassLoader$ParallelLoaders
instanceKlass sun/security/util/Debug
instanceKlass sun/misc/Launcher$Factory
instanceKlass java/net/URLStreamHandlerFactory
instanceKlass java/lang/Compiler$1
instanceKlass java/lang/Compiler
instanceKlass java/lang/System$2
instanceKlass sun/misc/JavaLangAccess
instanceKlass sun/io/Win32ErrorMode
instanceKlass sun/misc/OSEnvironment
instanceKlass java/lang/Integer$IntegerCache
instanceKlass sun/misc/NativeSignalHandler
instanceKlass sun/misc/Signal
instanceKlass java/lang/Terminator$1
instanceKlass sun/misc/SignalHandler
instanceKlass java/lang/Terminator
instanceKlass java/lang/ClassLoader$NativeLibrary
instanceKlass java/io/ExpiringCache$Entry
instanceKlass java/lang/ClassLoader$3
instanceKlass java/nio/file/Path
instanceKlass java/nio/file/Watchable
instanceKlass java/io/ExpiringCache
instanceKlass java/net/URI$Parser
instanceKlass java/net/URI
instanceKlass java/lang/CharacterData
instanceKlass sun/nio/cs/SingleByte
instanceKlass sun/nio/fs/Util
instanceKlass sun/nio/fs/WindowsPathParser$Result
instanceKlass java/lang/Enum
instanceKlass sun/nio/fs/WindowsPathParser
instanceKlass java/util/AbstractList$Itr
instanceKlass java/nio/file/FileSystem
instanceKlass java/nio/file/spi/FileSystemProvider
instanceKlass sun/nio/fs/DefaultFileSystemProvider
instanceKlass java/io/FileSystem
instanceKlass java/io/DefaultFileSystem
instanceKlass java/nio/Bits$1
instanceKlass sun/misc/JavaNioAccess
instanceKlass java/nio/ByteOrder
instanceKlass java/nio/Bits
instanceKlass java/nio/charset/CodingErrorAction
instanceKlass java/nio/charset/CharsetEncoder
instanceKlass sun/nio/cs/ArrayEncoder
instanceKlass sun/reflect/ReflectionFactory$1
instanceKlass java/lang/Class$1
instanceKlass sun/nio/cs/HistoricallyNamedCharset
instanceKlass sun/security/action/GetPropertyAction
instanceKlass java/lang/ThreadLocal
instanceKlass java/nio/charset/spi/CharsetProvider
instanceKlass java/nio/charset/Charset
instanceKlass java/io/Writer
instanceKlass java/util/Arrays
instanceKlass sun/reflect/misc/ReflectUtil
instanceKlass java/lang/reflect/ReflectAccess
instanceKlass sun/reflect/LangReflectAccess
instanceKlass java/lang/reflect/Modifier
instanceKlass sun/reflect/annotation/AnnotationType
instanceKlass java/lang/Class$AnnotationData
instanceKlass sun/reflect/generics/repository/AbstractRepository
instanceKlass java/lang/Class$Atomic
instanceKlass java/lang/Class$ReflectionData
instanceKlass java/lang/Class$3
instanceKlass java/util/concurrent/atomic/AtomicReferenceFieldUpdater$AtomicReferenceFieldUpdaterImpl$1
instanceKlass java/security/PrivilegedExceptionAction
instanceKlass java/util/concurrent/atomic/AtomicReferenceFieldUpdater
instanceKlass java/io/OutputStream
instanceKlass java/io/Flushable
instanceKlass java/io/FileDescriptor$1
instanceKlass sun/misc/JavaIOFileDescriptorAccess
instanceKlass java/io/FileDescriptor
instanceKlass sun/misc/Version
instanceKlass jdk/internal/util/StaticProperty
instanceKlass java/lang/Runtime
instanceKlass java/util/Hashtable$Enumerator
instanceKlass java/util/Iterator
instanceKlass java/util/Enumeration
instanceKlass java/util/Objects
instanceKlass java/util/Collections$SynchronizedCollection
instanceKlass java/lang/Math
instanceKlass java/util/Hashtable$Entry
instanceKlass sun/misc/VM
instanceKlass java/util/HashMap$Node
instanceKlass java/util/Map$Entry
instanceKlass sun/reflect/Reflection
instanceKlass sun/misc/SharedSecrets
instanceKlass java/lang/ref/Reference$1
instanceKlass sun/misc/JavaLangRefAccess
instanceKlass java/lang/ref/ReferenceQueue$Lock
instanceKlass java/util/Collections$UnmodifiableCollection
instanceKlass java/util/AbstractMap
instanceKlass java/util/Set
instanceKlass java/util/Collections
instanceKlass java/lang/ref/Reference$Lock
instanceKlass sun/reflect/ReflectionFactory
instanceKlass java/util/AbstractCollection
instanceKlass java/util/RandomAccess
instanceKlass java/util/List
instanceKlass java/util/Collection
instanceKlass java/lang/Iterable
instanceKlass java/security/cert/Certificate
instanceKlass sun/reflect/ReflectionFactory$GetReflectionFactoryAction
instanceKlass java/security/PrivilegedAction
instanceKlass java/security/AccessController
instanceKlass java/security/Permission
instanceKlass java/security/Guard
instanceKlass java/lang/String$CaseInsensitiveComparator
instanceKlass java/util/Comparator
instanceKlass java/io/ObjectStreamField
instanceKlass java/lang/Number
instanceKlass java/lang/Character
instanceKlass java/lang/Boolean
instanceKlass java/nio/Buffer
instanceKlass java/lang/StackTraceElement
instanceKlass java/security/CodeSource
instanceKlass sun/misc/Launcher
instanceKlass java/util/jar/Manifest
instanceKlass java/net/URL
instanceKlass java/io/File
instanceKlass java/io/InputStream
instanceKlass java/io/Closeable
instanceKlass java/lang/AutoCloseable
instanceKlass sun/misc/Unsafe
instanceKlass java/lang/AbstractStringBuilder
instanceKlass java/lang/Appendable
instanceKlass java/lang/invoke/CallSite
instanceKlass java/lang/invoke/MethodType
instanceKlass java/lang/invoke/LambdaForm
instanceKlass java/lang/invoke/MethodHandleNatives
instanceKlass java/lang/invoke/MemberName
instanceKlass java/lang/invoke/MethodHandle
instanceKlass sun/reflect/CallerSensitive
instanceKlass java/lang/annotation/Annotation
instanceKlass sun/reflect/FieldAccessor
instanceKlass sun/reflect/ConstantPool
instanceKlass sun/reflect/ConstructorAccessor
instanceKlass sun/reflect/MethodAccessor
instanceKlass sun/reflect/MagicAccessorImpl
instanceKlass java/lang/reflect/Parameter
instanceKlass java/lang/reflect/Member
instanceKlass java/lang/reflect/AccessibleObject
instanceKlass java/util/Dictionary
instanceKlass java/util/Map
instanceKlass java/lang/ThreadGroup
instanceKlass java/lang/Thread$UncaughtExceptionHandler
instanceKlass java/lang/Thread
instanceKlass java/lang/Runnable
instanceKlass java/lang/ref/ReferenceQueue
instanceKlass java/lang/ref/Reference
instanceKlass java/security/AccessControlContext
instanceKlass java/security/ProtectionDomain
instanceKlass java/lang/SecurityManager
instanceKlass java/lang/Throwable
instanceKlass java/lang/System
instanceKlass java/lang/ClassLoader
instanceKlass java/lang/Cloneable
instanceKlass java/lang/Class
instanceKlass java/lang/reflect/Type
instanceKlass java/lang/reflect/GenericDeclaration
instanceKlass java/lang/reflect/AnnotatedElement
instanceKlass java/lang/String
instanceKlass java/lang/CharSequence
instanceKlass java/lang/Comparable
instanceKlass java/io/Serializable
ciInstanceKlass java/lang/Object 1 1 78 7 10 10 10 10 8 10 10 10 100 8 10 3 8 10 10 7 1 1 1 1 1 1 1 1 1 1 1 1 1 1 1 1 1 7 1 1 1 1 1 1 7 1 1 7 1 1 1 1 12 12 7 12 12 1 12 7 12 12 1 1 12 1 12 12 1 1 1 1 1 1 1 1 1 1 1 1
ciInstanceKlass java/io/Serializable 1 1 7 100 100 1 1 1 1
ciInstanceKlass java/lang/String 1 1 548 10 8 9 9 10 100 10 10 10 10 100 10 10 10 10 10 100 8 10 10 8 10 10 10 10 10 10 10 10 10 10 10 100 10 10 10 10 10 10 10 10 10 7 10 10 10 100 7 10 10 11 11 10 10 9 11 10 10 10 10 7 3 10 10 10 10 10 10 10 10 10 10 10 10 10 10 10 11 10 10 10 10 10 7 10 10 8 10 10 3 3 7 10 10 10 10 10 11 7 10 10 7 10 10 10 11 11 11 7 3 10 10 10 10 8 8 8 10 10 10 10 10 10 10 10 10 10 10 7 10 10 10 10 8 10 10 8 8 10 10 10 10 7 9 7 10 7 100 100 100 1 1 1 1 1 1 1 1 1 5 0 1 1 1 1 1 1 1 1 1 1 1 1 1 1 100 100 1 100 1 100 1 1 1 1 1 1 1 1 7 1 100 1 1 1 1 100 100 100 1 1 1 1 1 1 1 1 1 1 1 1 1 1 1 1 1 1 1 1 1 1 1 1 1 1 1 1 1 100 1 1 1 1 1 1 1 1 1 1 1 1 1 1 1 1 1 1 1 1 1 1 1 1 1 1 1 1 1 1 1 1 1 1 1 1 100 1 1 1 100 100 1 100 1 1 1 100 1 1 1 1 1 1 1 1 1 1 1 1 1 1 1 1 1 1 1 1 1 1 1 1 1 12 1 12 12 7 12 1 12 12 12 12 1 7 12 12 12 12 12 1 1 7 12 1 12 12 12 12 12 12 12 100 12 12 1 12 12 7 12 7 12 12 12 12 1 12 1 1 12 12 12 12 7 12 12 7 12 12 12 12 12 1 12 12 12 12 12 12 12 12 12 12 12 12 12 12 12 12 12 12 7 12 12 1 12 12 1 12 1 12 12 12 12 7 12 1 12 12 1 12 12 100 12 100 12 12 1 12 12 12 7 12 1 1 1 100 12 12 12 12 12 12 12 12 12 12 12 1 12 12 1 12 1 1 7 12 100 12 7 12 12 1 12 1 12 1 1 1 1 1 1 1 1 1 1 1 1 1 1 1 1 1 1 1 1 1 1 1 1 1 1 1 1 1 1 1 1 1 1 1 1 1 1 1 1 1 1 1 1 1 1 1 1 1 1 1 1 1 1 1 1 1 1 1 1 1 1 1 1 1 1 1 1 1 1 1 1 1 1 1 1 1 1 1 1 1 1 1 1 1 1 1 1 1 1 1 1 1 1 1 1 1 1 1 1 1
staticfield java/lang/String serialPersistentFields [Ljava/io/ObjectStreamField; 0 [Ljava/io/ObjectStreamField;
staticfield java/lang/String CASE_INSENSITIVE_ORDER Ljava/util/Comparator; java/lang/String$CaseInsensitiveComparator
ciInstanceKlass java/lang/reflect/GenericDeclaration 1 0 30 100 100 100 1 1 1 1 1 1 1 1 1 1 100 1 8 1 1 12 10 1 1 1 8 1 1 1 8 1
ciInstanceKlass java/lang/reflect/Type 1 1 14 10 100 7 1 1 1 1 1 1 12 1 1 1
ciInstanceKlass java/lang/Class 1 1 1236 9 9 10 10 10 10 9 9 9 9 7 10 10 8 10 8 8 10 10 10 10 10 10 10 10 10 8 10 8 8 10 11 10 10 10 10 10 9 10 100 10 9 7 7 8 10 10 7 10 10 7 7 10 10 10 10 9 10 7 10 100 10 10 10 9 10 10 10 10 10 7 7 10 10 10 10 10 9 10 7 10 10 10 10 10 10 10 10 10 10 10 10 10 10 10 10 10 10 100 8 10 10 7 10 100 11 10 10 10 10 10 10 10 8 10 10 10 8 9 10 10 10 10 8 10 8 10 10 10 10 8 10 100 9 10 10 10 10 10 100 10 100 10 10 10 10 10 10 10 10 7 10 10 10 10 10 10 10 10 10 10 10 10 10 9 10 9 7 10 9 10 7 10 9 10 10 10 10 10 10 10 8 10 10 9 10 7 9 10 10 7 10 10 10 10 9 10 9 10 10 10 10 9 9 10 9 7 10 7 10 10 11 11 11 7 11 11 9 9 7 7 10 9 9 10 10 9 7 10 10 10 10 10 10 10 10 10 10 10 10 10 10 10 10 10 10 10 10 10 10 10 10 10 8 7 10 8 8 8 8 10 10 9 9 10 7 9 7 10 7 7 10 10 10 8 10 7 10 7 10 100 8 10 7 10 10 11 10 7 10 10 8 8 10 10 9 11 7 11 9 10 10 10 9 9 10 10 10 10 10 11 11 11 11 7 11 10 10 7 11 10 10 10 11 11 7 10 10 9 9 10 10 10 10 7 9 100 7 100 100 1 1 1 1 7 1 1 1 1 1 3 1 3 1 3 1 1 1 1 1 1 1 1 1 1 1 1 1 1 1 1 1 1 1 1 1 1 1 1 1 5 0 1 1 1 1 1 1 1 1 1 1 1 1 1 1 1 1 100 1 1 1 1 1 1 1 1 1 1 1 100 100 100 1 100 1 1 1 7 1 1 1 1 100 1 1 1 1 1 1 100 100 100 1 1 1 1 1 1 1 1 1 1 1 1 1 1 1 1 100 1 1 1 100 1 1 1 1 1 1 1 1 1 1 100 1 1 1 1 100 1 1 1 1 1 1 1 1 1 1 100 100 100 100 7 1 1 1 1 1 1 1 1 100 1 1 1 1 1 1 1 100 1 1 1 1 1 1 1 1 100 1 1 1 1 1 1 1 1 1 1 1 100 1 1 1 1 1 1 1 1 1 1 1 1 1 1 1 1 1 1 1 100 1 1 1 1 1 1 1 1 1 1 100 1 1 1 1 1 1 1 1 1 1 1 1 1 1 1 1 1 1 100 1 1 100 100 1 1 1 1 1 1 1 1 1 1 100 1 1 1 1 1 1 1 1 1 1 1 1 1 1 1 1 1 1 1 100 1 1 1 1 1 1 1 1 1 1 1 1 1 100 1 1 1 1 1 1 1 1 100 1 100 1 1 1 1 1 1 1 1 1 1 1 1 1 1 1 1 1 1 1 1 1 1 1 100 1 1 100 100 1 1 1 1 1 1 1 1 1 1 1 1 1 1 1 1 1 1 1 1 1 12 12 12 12 12 12 12 12 12 12 1 12 1 12 1 1 12 12 12 12 7 12 12 12 12 1 12 1 1 12 12 7 12 7 12 12 7 12 100 12 7 12 100 12 1 12 12 1 1 1 12 12 1 12 7 12 1 1 12 12 12 12 12 1 100 12 12 12 12 12 12 12 12 7 1 1 12 12 7 12 12 12 12 7 12 1 12 12 12 12 12 12 100 12 12 12 12 12 12 7 12 12 12 1 1 12 1 12 1 12 100 12 12 12 100 12 12 1 12 12 12 1 12 12 12 12 12 1 12 1 12 12 12 12 1 12 1 12 12 12 12 12 1 12 1 12 12 12 12 12 12 12 12 1 12 12 12 12 12 12 12 12 12 12 12 12 12 12 1 12 12 1 12 12 100 12 12 12 100 12 12 12 12 1 12 12 12 12 1 12 12 12 1 12 12 7 12 7 12 12 12 12 12 12 12 12 12 12 12 12 1 1 12 7 12 12 7 12 1 12 7 12 12 1 1 12 12 12 12 12 12 1 12 12 12 12 12 12 12 12 12 12 12 12 12 12 12 12 12 12 12 12 1 1 7 1 1 1 1 12 12 12 12 12 1 12 1 1 1 1 12 7 1 12 1 12 1 12 1 1 1 12 7 12 12 1 12 1 1 7 12 12 12 12 1 12 12 100 12 7 12 12 12 12 12 12 12 12 12 12 7 12 12 1 1 12 7 12 12 1 7 12 12 12 12 1 12 12 12 100 12 12 7 12 12 12 1 12 1 1 1 1 1 100 1 1 1 1 1 1 1 1 1 1 1 1 1 1 1 1 1 1 1 1 1 1 1 1 1 1 1 1 1 1 1 1 1 1 1 1 1 1 1 1 1 1 1 1 1 1 1 1 1 1 1 1 1 1 1 1 1 1 1 1 1 1 1 1 1 1 1 1 1 1 1 1 1 1 1 1 1 1 1 1 1 1 1 1 1 1 1 1 1 1 1 1 1 1 1 1 1 1 1 1 1 1 1 1 1 1 1 1 1 1 1 1 1 1 1 1 1 1 1 1 1 1 1 1 1 1 1 1 1 1 1 1 1 1 1 1 1 1 1 1 1 1 1 1 1 1 1 1 1 1 1 1 1 1 1 1 1 1 1 1 1 1 1 1 1 1 1 1 1 1 1 1 1 1 1 1 1 1 1 1 1 1 1 1 1 1 1 1 1 1 1 1 1 1 1 1 1 1 1 1 1 1 1 1 1 1 1 1 1
staticfield java/lang/Class serialPersistentFields [Ljava/io/ObjectStreamField; 0 [Ljava/io/ObjectStreamField;
ciInstanceKlass java/lang/Cloneable 1 0 7 100 100 1 1 1 1
instanceKlass org/apache/ibatis/ognl/enhance/ContextClassLoader
instanceKlass org/springframework/core/DecoratingClassLoader
instanceKlass java/util/ResourceBundle$RBClassLoader
instanceKlass sun/reflect/DelegatingClassLoader
instanceKlass java/security/SecureClassLoader
ciInstanceKlass java/lang/ClassLoader 1 1 848 9 9 9 10 10 10 10 7 10 7 7 7 10 10 9 7 10 9 9 9 9 9 9 10 10 7 10 9 9 7 9 7 10 10 10 10 10 10 10 10 10 7 10 10 10 10 10 10 10 10 10 10 10 10 10 10 10 100 10 100 10 10 10 10 10 100 7 10 8 10 10 10 8 10 100 8 10 10 10 10 10 10 10 10 10 10 10 10 10 10 10 10 10 10 10 10 10 10 10 10 8 11 9 11 10 8 8 10 10 10 10 10 10 10 10 7 7 10 10 10 7 10 10 10 7 10 10 10 10 10 10 7 10 10 10 7 10 10 10 9 9 100 8 10 10 10 7 10 10 100 10 100 10 100 10 10 10 10 10 9 10 10 7 10 7 10 10 10 10 10 10 10 10 11 11 11 100 10 9 10 10 7 8 10 9 8 10 9 8 7 10 10 7 8 10 10 10 8 8 10 10 10 8 8 10 10 7 10 10 10 9 10 10 7 9 10 10 8 8 10 10 10 8 10 10 10 10 9 10 10 10 100 10 10 10 10 9 9 9 9 9 10 7 7 10 1 1 7 1 1 1 1 1 1 1 1 1 1 1 1 1 1 1 1 1 1 1 1 1 1 1 1 1 1 1 1 1 1 1 1 1 1 1 1 1 1 1 1 1 1 1 1 1 1 1 1 1 1 100 1 1 100 100 1 1 1 1 1 1 100 100 100 100 100 1 1 1 1 1 1 100 100 1 1 1 1 7 1 1 1 1 1 1 1 1 1 1 100 1 1 1 1 1 1 1 1 1 1 1 1 1 1 1 1 100 100 1 1 1 1 1 1 1 1 1 1 1 1 1 1 100 1 1 1 1 1 1 1 1 1 1 1 100 100 1 1 1 1 1 100 100 1 1 1 1 1 100 100 1 1 1 1 1 1 1 1 1 1 1 1 100 1 1 1 1 1 1 1 1 100 1 1 100 1 1 1 1 100 100 1 1 1 1 1 1 1 1 1 1 100 1 100 1 1 1 1 1 1 1 1 1 12 12 12 12 7 12 100 12 12 1 1 1 12 12 12 1 12 12 12 12 12 12 12 12 1 12 12 1 12 1 12 12 12 12 12 12 12 12 1 12 7 12 12 12 12 12 12 12 12 12 100 12 7 12 12 12 12 1 12 1 12 7 12 12 12 12 1 1 1 12 12 1 12 1 1 12 12 12 12 7 12 12 12 12 12 12 100 12 12 12 12 12 12 12 12 12 12 7 12 12 1 100 12 12 12 12 1 1 12 12 12 12 12 12 12 12 1 1 12 12 12 1 12 100 12 7 12 1 12 12 12 7 12 7 12 1 12 7 12 1 12 12 12 12 12 1 1 12 12 1 12 12 1 12 1 100 1 12 12 12 12 12 100 12 12 12 1 1 12 12 12 12 12 12 12 100 12 1 12 12 12 12 1 1 12 1 12 12 1 1 12 1 1 12 12 1 1 12 12 7 12 1 1 12 1 12 12 12 12 12 1 12 12 1 1 12 1 12 12 12 12 12 12 12 12 1 12 12 12 12 100 12 12 12 12 12 12 1 1 1 1 1 1 1 1 1 1 1 1 1 1 1 1 1 1 1 1 1 1 1 1 1 1 1 1 1 1 1 1 1 1 1 1 1 1 1 1 1 1 1 1 1 1 1 1 1 1 1 1 1 1 1 1 1 1 1 1 1 1 1 1 1 1 1 1 1 1 1 1 1 1 1 1 1 1 1 1 1 1 1 1 1 1 1 1 1 1 1 1 1 1 1 1 1 1 1 1 1 1 1 1 1 1 1 1 1 1 1 1 1 1 1 1 1 1 1 1 1 1 1 1 1 1 1 1 1 1 1 1 1 1 1 1 1 1 1 1 1 1 1 1 1 1 1 1 1 1 1 1 1 1 1 1 1 1 1
staticfield java/lang/ClassLoader nocerts [Ljava/security/cert/Certificate; 0 [Ljava/security/cert/Certificate;
ciInstanceKlass java/lang/System 1 1 380 10 10 10 10 10 9 7 10 11 10 10 10 100 8 10 10 8 10 100 10 8 10 10 100 10 10 9 10 9 9 7 10 10 10 10 10 10 100 100 8 10 10 7 10 100 8 10 8 10 100 8 10 100 10 8 10 10 10 8 10 10 10 10 10 10 10 10 10 7 7 10 10 100 10 10 8 10 10 7 9 10 7 9 10 9 7 10 8 10 8 8 10 10 10 10 10 10 10 10 7 10 10 10 9 9 9 100 1 1 1 1 1 1 1 1 1 1 1 1 1 1 1 1 1 1 1 1 1 1 1 1 1 1 1 100 100 1 1 1 7 1 100 1 1 1 1 1 100 1 1 1 1 1 1 1 1 1 1 1 1 1 1 1 1 1 1 1 1 1 1 1 1 1 1 1 1 1 1 1 1 1 1 1 1 1 1 1 1 1 1 1 100 1 1 1 1 1 12 12 12 12 12 12 1 7 12 100 12 100 12 12 12 1 1 12 100 12 1 12 1 12 12 100 12 1 12 100 12 12 12 12 12 1 12 12 12 12 12 1 1 1 12 12 1 12 1 1 1 12 1 1 1 1 12 12 7 12 1 12 7 12 12 12 12 12 7 12 12 12 1 1 12 12 1 12 7 12 1 7 12 7 12 1 7 12 12 1 12 12 1 12 1 12 1 1 12 7 12 12 7 12 12 7 12 12 12 1 12 12 12 12 12 1 1 1 1 1 1 1 1 1 1 1 1 1 1 1 1 1 1 1 1 1 1 1 1 1 1 1 1 1 1 1 1 1 1 1 1 1 1 1 1 1 1 1 1 1 1 1 1 1 1 1 1 1 1 1 1 1 1 1 1 1 1 1 1 1 1 1
staticfield java/lang/System in Ljava/io/InputStream; java/io/BufferedInputStream
staticfield java/lang/System out Ljava/io/PrintStream; java/io/PrintStream
staticfield java/lang/System err Ljava/io/PrintStream; java/io/PrintStream
instanceKlass io/netty/util/ResourceLeakDetector$Record
instanceKlass java/lang/Exception
instanceKlass java/lang/Error
ciInstanceKlass java/lang/Throwable 1 1 372 10 9 9 9 9 9 10 9 10 10 100 7 10 8 10 8 10 10 10 100 8 10 10 10 10 8 9 10 100 10 10 7 10 10 11 10 10 10 8 10 10 7 8 8 10 10 8 8 9 10 100 10 11 8 8 10 8 10 8 7 10 9 10 10 7 10 7 10 10 100 8 10 10 10 10 100 10 10 11 11 11 8 8 10 11 10 9 8 7 10 100 8 10 11 8 9 10 9 11 100 10 10 100 100 1 1 1 7 1 100 1 1 1 1 5 0 1 1 1 1 1 1 1 1 1 1 1 1 1 1 1 1 1 1 1 1 1 1 1 1 1 1 1 1 1 1 100 100 1 1 1 1 1 1 1 1 1 1 1 1 100 100 100 1 1 1 1 1 1 1 1 1 1 1 1 1 1 1 1 1 100 100 100 1 100 100 1 1 1 1 1 1 1 1 1 1 1 12 12 12 12 12 12 12 12 12 12 1 1 1 12 1 100 12 12 1 1 12 7 12 12 1 100 12 12 1 12 12 1 7 12 7 12 12 12 12 1 12 12 1 1 1 12 12 1 1 12 100 12 1 12 1 1 12 1 12 1 1 12 12 12 7 12 12 1 12 7 1 1 12 100 12 100 12 1 100 12 12 100 12 100 12 12 1 1 100 12 1 1 12 1 1 12 1 12 100 12 12 12 12 12 1 1 1 1 1 1 1 1 1 1 1 1 1 1 1 1 1 1 1 1 1 1 1 1 1 1 1 1 1 1 1 1 1 1 1 1 1 1 1 1 1 1 1 1 1 1 1 1 1 1 1 1 1 1 1 1 1 1 1 1 1 1 7 1 12 10 1 1 12 10
staticfield java/lang/Throwable UNASSIGNED_STACK [Ljava/lang/StackTraceElement; 0 [Ljava/lang/StackTraceElement;
staticfield java/lang/Throwable SUPPRESSED_SENTINEL Ljava/util/List; java/util/Collections$UnmodifiableRandomAccessList
staticfield java/lang/Throwable EMPTY_THROWABLE_ARRAY [Ljava/lang/Throwable; 0 [Ljava/lang/Throwable;
staticfield java/lang/Throwable $assertionsDisabled Z 1
instanceKlass com/google/common/util/concurrent/ExecutionError
instanceKlass org/apache/ibatis/ognl/OgnlParser$LookaheadSuccess
instanceKlass org/apache/ibatis/ognl/TokenMgrError
instanceKlass java/lang/AssertionError
instanceKlass java/util/ServiceConfigurationError
instanceKlass java/lang/VirtualMachineError
instanceKlass java/lang/LinkageError
instanceKlass java/lang/ThreadDeath
ciInstanceKlass java/lang/Error 1 1 30 10 10 10 10 10 100 7 1 1 1 5 0 1 1 1 1 1 1 1 1 1 1 12 12 12 12 12 1 1
ciInstanceKlass java/lang/ThreadDeath 0 0 18 10 100 100 1 1 1 5 0 1 1 1 1 1 1 12 1 1
instanceKlass org/quartz/core/JobRunShell$VetoedException
instanceKlass net/minidev/json/parser/ParseException
instanceKlass org/apache/ibatis/ognl/ParseException
instanceKlass java/rmi/NotBoundException
instanceKlass org/quartz/impl/jdbcjobstore/InvalidConfigurationException
instanceKlass javax/security/auth/callback/UnsupportedCallbackException
instanceKlass org/apache/http/HttpException
instanceKlass sun/security/ec/ECOperations$IntermediateValueException
instanceKlass java/awt/FontFormatException
instanceKlass org/json/JSONException
instanceKlass org/apache/ibatis/javassist/NotFoundException
instanceKlass org/apache/ibatis/ognl/OgnlException
instanceKlass org/apache/ibatis/javassist/CannotCompileException
instanceKlass org/apache/tomcat/websocket/AuthenticationException
instanceKlass javax/websocket/DeploymentException
instanceKlass java/lang/instrument/IllegalClassFormatException
instanceKlass org/apache/catalina/connector/CoyoteAdapter$RecycleRequiredException
instanceKlass org/ietf/jgss/GSSException
instanceKlass org/apache/catalina/LifecycleException
instanceKlass org/aspectj/lang/reflect/NoSuchPointcutException
instanceKlass org/aspectj/lang/reflect/NoSuchAdviceException
instanceKlass org/springframework/core/NestedCheckedException
instanceKlass java/sql/SQLException
instanceKlass javax/management/JMException
instanceKlass com/alipay/api/AlipayApiException
instanceKlass org/springframework/web/bind/MethodArgumentNotValidException
instanceKlass org/quartz/SchedulerException
instanceKlass java/util/concurrent/ExecutionException
instanceKlass me/chanjar/weixin/common/error/WxErrorException
instanceKlass java/beans/PropertyVetoException
instanceKlass org/springframework/expression/AccessException
instanceKlass org/springframework/validation/BindException
instanceKlass javax/servlet/ServletException
instanceKlass java/util/concurrent/TimeoutException
instanceKlass ch/qos/logback/core/util/PropertySetterException
instanceKlass javax/xml/bind/JAXBException
instanceKlass ch/qos/logback/core/joran/spi/ActionException
instanceKlass javax/xml/parsers/ParserConfigurationException
instanceKlass javax/xml/transform/TransformerException
instanceKlass java/beans/IntrospectionException
instanceKlass org/xml/sax/SAXException
instanceKlass java/lang/CloneNotSupportedException
instanceKlass javax/xml/stream/XMLStreamException
instanceKlass java/text/ParseException
instanceKlass javax/naming/NamingException
instanceKlass java/net/URISyntaxException
instanceKlass ch/qos/logback/core/boolex/EvaluationException
instanceKlass java/security/GeneralSecurityException
instanceKlass ch/qos/logback/core/util/DynamicClassLoadingException
instanceKlass ch/qos/logback/core/util/IncompatibleClassException
instanceKlass ch/qos/logback/core/spi/ScanException
instanceKlass ch/qos/logback/core/joran/spi/JoranException
instanceKlass java/security/PrivilegedActionException
instanceKlass java/io/IOException
instanceKlass java/lang/InterruptedException
instanceKlass java/lang/ReflectiveOperationException
instanceKlass java/lang/RuntimeException
ciInstanceKlass java/lang/Exception 1 1 30 10 10 10 10 10 100 7 1 1 1 5 0 1 1 1 1 1 1 1 1 1 1 12 12 12 12 12 1 1
instanceKlass cn/hutool/core/exceptions/UtilException
instanceKlass com/github/pagehelper/PageException
instanceKlass com/jayway/jsonpath/JsonPathException
instanceKlass org/springframework/security/web/firewall/RequestRejectedException
instanceKlass org/springframework/boot/actuate/endpoint/web/servlet/AbstractWebMvcEndpointHandlerMapping$BadOperationRequestException
instanceKlass org/springframework/boot/actuate/endpoint/InvalidEndpointRequestException
instanceKlass com/google/common/cache/CacheLoader$InvalidCacheLoadException
instanceKlass com/google/common/util/concurrent/UncheckedExecutionException
instanceKlass java/lang/reflect/MalformedParametersException
instanceKlass com/mysql/cj/exceptions/CJException
instanceKlass org/apache/http/ParseException
instanceKlass java/security/ProviderException
instanceKlass cn/hutool/json/JSONException
instanceKlass org/springframework/security/access/AccessDeniedException
instanceKlass org/springframework/expression/spel/InternalParseException
instanceKlass cn/hutool/core/date/DateException
instanceKlass com/alibaba/fastjson/JSONException
instanceKlass org/apache/ibatis/ognl/enhance/UnsupportedCompilationException
instanceKlass org/apache/tomcat/util/threads/StopPooledThreadException
instanceKlass redis/clients/jedis/exceptions/JedisException
instanceKlass com/alibaba/druid/DruidRuntimeException
instanceKlass java/util/EmptyStackException
instanceKlass org/apache/coyote/ProtocolException
instanceKlass javax/management/JMRuntimeException
instanceKlass org/apache/juli/logging/LogConfigurationException
instanceKlass org/springframework/context/NoSuchMessageException
instanceKlass java/lang/NegativeArraySizeException
instanceKlass org/aspectj/apache/bcel/generic/ClassGenException
instanceKlass org/aspectj/apache/bcel/classfile/ClassFormatException
instanceKlass org/aspectj/bridge/AbortException
instanceKlass org/aspectj/weaver/BCException
instanceKlass org/aspectj/weaver/tools/UnsupportedPointcutPrimitiveException
instanceKlass org/aspectj/weaver/patterns/ParserException
instanceKlass org/springframework/aop/aspectj/AspectJAdviceParameterNameDiscoverer$AmbiguousBindingException
instanceKlass org/aspectj/weaver/reflect/ReflectionWorld$ReflectionWorldException
instanceKlass java/util/concurrent/CompletionException
instanceKlass java/io/UncheckedIOException
instanceKlass com/google/gson/JsonParseException
instanceKlass org/springframework/transaction/interceptor/TransactionAspectSupport$ThrowableHolderException
instanceKlass java/util/concurrent/RejectedExecutionException
instanceKlass com/qcloud/cos/exception/CosClientException
instanceKlass com/baomidou/mybatisplus/core/exceptions/MybatisPlusException
instanceKlass org/springframework/security/core/AuthenticationException
instanceKlass com/zbkj/common/exception/CrmebException
instanceKlass org/springframework/cglib/core/ClassNameReader$EarlyExitException
instanceKlass org/springframework/cglib/core/CodeGenerationException
instanceKlass org/springframework/objenesis/ObjenesisException
instanceKlass org/springframework/data/mapping/MappingException
instanceKlass org/apache/ibatis/exceptions/IbatisException
instanceKlass java/lang/TypeNotPresentException
instanceKlass me/chanjar/weixin/common/error/WxRuntimeException
instanceKlass org/springframework/boot/autoconfigure/condition/OnBeanCondition$BeanTypeDeductionException
instanceKlass org/springframework/expression/ExpressionException
instanceKlass org/springframework/boot/autoconfigure/session/NonUniqueSessionRepositoryException
instanceKlass org/springframework/boot/autoconfigure/flyway/FlywayMigrationScriptMissingException
instanceKlass org/springframework/boot/context/properties/source/InvalidConfigurationPropertyValueException
instanceKlass org/springframework/boot/web/server/WebServerException
instanceKlass org/springframework/boot/context/properties/bind/validation/BindValidationException
instanceKlass java/time/DateTimeException
instanceKlass java/nio/file/FileSystemNotFoundException
instanceKlass javax/el/ELException
instanceKlass org/springframework/boot/context/properties/bind/UnboundConfigurationPropertiesException
instanceKlass org/springframework/boot/context/properties/bind/BindException
instanceKlass java/lang/reflect/MalformedParameterizedTypeException
instanceKlass org/yaml/snakeyaml/error/YAMLException
instanceKlass org/apache/logging/log4j/LoggingException
instanceKlass java/util/ConcurrentModificationException
instanceKlass javax/validation/ValidationException
instanceKlass java/util/MissingResourceException
instanceKlass java/lang/UnsupportedOperationException
instanceKlass org/springframework/boot/context/properties/source/InvalidConfigurationPropertyNameException
instanceKlass java/util/NoSuchElementException
instanceKlass java/lang/reflect/UndeclaredThrowableException
instanceKlass org/springframework/core/NestedRuntimeException
instanceKlass java/lang/invoke/WrongMethodTypeException
instanceKlass ch/qos/logback/core/LogbackException
instanceKlass java/lang/IndexOutOfBoundsException
instanceKlass org/apache/commons/logging/LogConfigurationException
instanceKlass java/lang/SecurityException
instanceKlass java/lang/IllegalStateException
instanceKlass java/lang/IllegalArgumentException
instanceKlass java/lang/ArithmeticException
instanceKlass java/lang/NullPointerException
instanceKlass java/lang/IllegalMonitorStateException
instanceKlass java/lang/ArrayStoreException
instanceKlass java/lang/ClassCastException
ciInstanceKlass java/lang/RuntimeException 1 1 30 10 10 10 10 10 100 7 1 1 1 5 0 1 1 1 1 1 1 1 1 1 1 12 12 12 12 12 1 1
instanceKlass javax/crypto/JceSecurityManager
ciInstanceKlass java/lang/SecurityManager 1 1 383 9 10 100 9 10 9 7 10 100 8 10 10 10 10 10 10 10 10 10 100 10 10 9 10 10 10 100 8 10 9 9 8 9 100 10 8 10 10 10 100 10 10 100 100 8 10 8 8 8 8 8 8 10 8 8 8 8 8 10 10 8 100 8 10 8 8 8 8 8 10 8 100 8 8 10 8 9 8 9 9 8 10 100 8 10 10 100 10 10 10 8 9 9 100 10 10 10 9 8 8 9 9 100 10 9 8 8 8 10 10 9 100 10 10 7 1 1 1 1 1 1 1 1 1 1 1 1 1 1 1 1 1 1 1 1 1 1 100 1 1 1 100 100 100 1 1 1 1 100 1 1 1 100 1 1 1 1 1 1 1 1 1 1 1 1 1 1 1 1 1 1 100 1 1 1 1 1 1 1 100 1 1 1 1 1 1 1 1 1 1 1 1 1 100 1 1 1 1 1 100 1 1 1 1 1 100 100 1 1 1 1 1 100 1 1 1 1 1 1 1 1 12 12 1 12 12 12 1 7 12 1 1 12 12 12 12 12 12 12 100 12 1 12 7 12 12 7 12 1 1 12 12 1 12 1 1 12 12 12 1 12 1 1 1 12 1 1 1 1 1 1 12 1 1 1 1 1 12 12 1 1 1 1 1 1 1 1 100 12 1 1 1 1 1 100 12 1 12 12 1 12 1 1 12 1 12 12 12 1 12 12 1 12 12 12 12 1 1 12 12 1 12 1 1 1 12 100 12 12 1 12 1 1 1 1 1 1 1 1 1 1 1 1 1 1 1 1 1 1 1 1 1 1 1 1 1 1 1 1 1 1 1 1 1 1 1 1 1 1 1 1 1 1 1 1 1 1 1 1 1 1 1
staticfield java/lang/SecurityManager packageAccessLock Ljava/lang/Object; java/lang/Object
staticfield java/lang/SecurityManager packageDefinitionLock Ljava/lang/Object; java/lang/Object
ciInstanceKlass java/security/ProtectionDomain 1 1 287 9 10 9 7 10 9 9 9 10 7 9 9 7 9 10 7 10 10 10 10 9 10 8 100 8 10 10 10 10 10 8 11 8 10 8 8 10 10 10 10 8 10 8 8 10 9 10 9 10 100 100 10 10 7 10 100 10 10 11 11 11 100 10 10 11 11 10 10 11 10 7 10 10 8 10 7 10 10 7 7 1 1 1 1 1 1 1 1 1 1 1 1 1 1 1 1 1 1 1 1 1 1 1 100 100 100 1 100 1 1 1 1 1 1 1 1 1 1 1 1 1 1 100 100 1 100 100 1 100 100 100 100 100 100 100 1 1 1 1 1 1 12 12 12 1 12 12 12 12 12 1 12 12 1 12 100 12 7 7 12 12 12 100 12 1 1 1 12 12 100 12 12 1 1 12 1 1 12 12 12 12 1 12 1 1 100 12 12 12 12 100 12 1 1 100 12 1 1 12 12 100 12 12 100 12 1 12 12 12 12 100 12 12 12 1 12 7 12 1 7 12 1 12 1 1 1 1 1 1 1 1 1 1 1 1 1 1 1 1 1 1 1 1 1 1 1 1 1 1 1 1 1 1 1 1 1 1 1 1 1 1 1 1 1 1 1 1 1 1 1 1 1 1 1 1 1 1 1 1 1 1 1 1 1 1 1
staticfield java/security/ProtectionDomain debug Lsun/security/util/Debug; null
ciInstanceKlass java/security/AccessControlContext 1 1 313 9 9 10 8 10 10 9 9 9 10 7 100 10 11 11 11 11 7 11 10 10 9 10 11 10 7 100 8 10 10 7 9 9 9 9 9 9 9 10 9 10 10 8 10 10 10 7 10 10 10 10 8 10 8 10 8 8 10 8 10 8 10 10 10 8 8 100 10 10 7 10 8 10 10 10 8 10 10 10 7 10 10 10 10 10 10 10 10 7 1 1 1 1 1 1 1 1 1 1 1 1 1 1 1 1 1 1 1 1 1 1 1 1 1 1 100 100 1 1 100 1 100 100 1 1 1 1 1 1 1 1 100 1 1 1 100 1 1 100 1 1 1 1 1 1 1 1 1 1 1 1 1 1 1 1 1 1 1 1 1 1 1 12 12 7 12 1 7 12 12 12 12 12 7 12 1 12 100 12 12 12 12 1 12 12 7 12 100 12 100 12 100 12 1 1 1 12 12 1 12 12 12 12 12 12 12 7 12 12 12 12 1 12 12 100 12 1 12 100 12 1 100 12 1 100 12 1 1 12 1 12 1 12 12 12 1 1 1 12 12 1 12 1 12 1 12 12 12 1 12 12 12 12 12 12 1 1 1 1 1 1 1 1 1 1 1 1 1 1 1 1 1 1 1 1 1 1 1 1 1 1 1 1 1 1 1 1 1 1 1 1 1 1 1 1 1 1 1 1 1 1 1 1 1 1 1 1 1 1 1 1 1
instanceKlass java/net/URLClassLoader
ciInstanceKlass java/security/SecureClassLoader 1 1 134 10 7 10 9 10 10 9 10 10 10 10 10 7 10 10 7 10 10 10 9 100 10 8 10 10 10 10 8 100 8 10 8 10 10 7 7 1 1 1 1 1 1 1 1 1 1 1 1 1 100 100 100 1 1 1 1 1 1 1 1 1 1 100 100 100 1 1 1 1 12 1 12 12 7 12 100 12 12 12 12 12 12 12 1 12 1 12 12 12 12 1 1 12 12 12 7 12 1 1 1 12 1 12 12 1 1 1 1 1 1 1 1 1 1 1 1 1 1 1 1 1 1 1 1 1 1 1 1 1 1 1 1 1
staticfield java/security/SecureClassLoader debug Lsun/security/util/Debug; null
instanceKlass java/lang/reflect/InvocationTargetException
instanceKlass java/lang/NoSuchFieldException
instanceKlass java/lang/InstantiationException
instanceKlass java/lang/NoSuchMethodException
instanceKlass java/lang/IllegalAccessException
instanceKlass java/lang/ClassNotFoundException
ciInstanceKlass java/lang/ReflectiveOperationException 1 1 27 10 10 10 10 100 7 1 1 1 5 0 1 1 1 1 1 1 1 1 1 12 12 12 12 1 1
ciInstanceKlass java/lang/ClassNotFoundException 1 1 32 100 10 10 9 100 7 1 1 1 5 0 1 1 1 1 1 1 1 1 1 1 1 1 1 1 12 12 12 1 1 1
instanceKlass java/lang/VerifyError
instanceKlass java/lang/UnsatisfiedLinkError
instanceKlass java/lang/ExceptionInInitializerError
instanceKlass java/lang/ClassCircularityError
instanceKlass java/lang/ClassFormatError
instanceKlass java/lang/IncompatibleClassChangeError
instanceKlass java/lang/BootstrapMethodError
instanceKlass java/lang/NoClassDefFoundError
ciInstanceKlass java/lang/LinkageError 1 1 24 10 10 10 100 7 1 1 1 5 0 1 1 1 1 1 1 1 1 12 12 12 1 1
ciInstanceKlass java/lang/NoClassDefFoundError 0 0 21 10 10 100 100 1 1 1 5 0 1 1 1 1 1 1 1 12 12 1 1
ciInstanceKlass java/lang/ClassCastException 1 1 21 10 10 100 7 1 1 1 5 0 1 1 1 1 1 1 1 12 12 1 1
ciInstanceKlass java/lang/ArrayStoreException 1 1 21 10 10 100 100 1 1 1 5 0 1 1 1 1 1 1 1 12 12 1 1
instanceKlass java/lang/InternalError
instanceKlass java/lang/StackOverflowError
instanceKlass java/lang/OutOfMemoryError
ciInstanceKlass java/lang/VirtualMachineError 1 1 27 10 10 10 10 100 7 1 1 1 5 0 1 1 1 1 1 1 1 1 1 12 12 12 12 1 1
instanceKlass io/netty/util/internal/OutOfDirectMemoryError
ciInstanceKlass java/lang/OutOfMemoryError 1 1 21 10 10 100 100 1 1 1 5 0 1 1 1 1 1 1 1 12 12 1 1
ciInstanceKlass java/lang/StackOverflowError 1 1 21 10 10 100 100 1 1 1 5 0 1 1 1 1 1 1 1 12 12 1 1
ciInstanceKlass java/lang/IllegalMonitorStateException 1 1 21 10 10 100 100 1 1 1 5 0 1 1 1 1 1 1 1 12 12 1 1
instanceKlass java/lang/ref/PhantomReference
instanceKlass java/lang/ref/FinalReference
instanceKlass java/lang/ref/WeakReference
instanceKlass java/lang/ref/SoftReference
ciInstanceKlass java/lang/ref/Reference 1 1 146 9 9 7 9 10 100 10 100 10 9 9 10 9 9 100 10 10 10 7 10 10 10 10 7 8 10 7 10 10 10 7 10 10 7 7 1 1 1 1 1 1 1 1 1 1 1 1 1 1 1 1 1 1 1 1 1 1 1 100 100 100 100 100 100 100 1 1 1 1 1 1 1 1 1 1 1 1 1 1 1 1 100 1 1 1 12 12 1 12 12 1 12 1 12 12 7 12 12 12 12 1 12 12 1 12 12 12 7 12 1 1 12 1 12 12 12 1 7 12 1 1 1 1 1 1 1 1 1 1 1 1 1 1 1 1 1 1 1 1 1 1 1 1 1 1
instanceKlass com/google/common/cache/LocalCache$SoftValueReference
instanceKlass org/aspectj/apache/bcel/util/ClassLoaderRepository$SoftHashMap$SpecialValue
instanceKlass sun/security/util/MemoryCache$SoftCacheEntry
instanceKlass org/springframework/util/ConcurrentReferenceHashMap$SoftEntryReference
instanceKlass java/lang/invoke/LambdaFormEditor$Transform
instanceKlass sun/util/locale/provider/LocaleResources$ResourceReference
instanceKlass java/util/ResourceBundle$BundleReference
instanceKlass sun/util/locale/LocaleObjectCache$CacheEntry
ciInstanceKlass java/lang/ref/SoftReference 1 1 35 10 9 9 10 10 7 7 1 1 1 1 1 1 1 1 1 1 1 1 1 1 100 1 1 1 1 12 12 12 12 12 1 1 1
instanceKlass io/netty/util/ResourceLeakDetector$DefaultResourceLeak
instanceKlass com/google/common/cache/LocalCache$WeakValueReference
instanceKlass java/io/ObjectStreamClass$FieldReflectorKey
instanceKlass java/io/ObjectStreamClass$WeakClassKey
instanceKlass java/beans/WeakIdentityMap$Entry
instanceKlass java/util/concurrent/ForkJoinTask$ExceptionNode
instanceKlass org/apache/tomcat/util/collections/ManagedConcurrentWeakHashMap$Key
instanceKlass com/sun/jmx/mbeanserver/WeakIdentityHashMap$IdentityWeakReference
instanceKlass java/lang/reflect/Proxy$Key2
instanceKlass org/springframework/cglib/core/WeakCacheKey
instanceKlass com/intellij/rt/debugger/agent/CaptureStorage$ConcurrentIdentityWeakHashMap$WeakKey
instanceKlass java/util/logging/LogManager$LoggerWeakRef
instanceKlass java/lang/reflect/WeakCache$CacheValue
instanceKlass java/lang/reflect/Proxy$Key1
instanceKlass java/lang/reflect/WeakCache$CacheKey
instanceKlass java/lang/invoke/MethodType$ConcurrentWeakInternSet$WeakEntry
instanceKlass java/util/ResourceBundle$LoaderReference
instanceKlass org/apache/commons/logging/impl/WeakHashtable$WeakKey
instanceKlass java/lang/ThreadLocal$ThreadLocalMap$Entry
instanceKlass java/lang/ClassValue$Entry
instanceKlass java/util/WeakHashMap$Entry
ciInstanceKlass java/lang/ref/WeakReference 1 1 20 10 10 100 7 1 1 1 1 1 1 1 1 1 1 1 12 12 1 1
instanceKlass java/lang/ref/Finalizer
ciInstanceKlass java/lang/ref/FinalReference 1 1 25 10 100 8 10 100 7 1 1 1 1 1 1 1 1 1 1 1 12 1 1 12 1 1 1
instanceKlass com/mysql/cj/jdbc/AbandonedConnectionCleanupThread$ConnectionFinalizerPhantomReference
instanceKlass sun/misc/Cleaner
ciInstanceKlass java/lang/ref/PhantomReference 1 1 19 10 100 7 1 1 1 1 1 1 1 1 1 1 1 1 12 1 1
ciInstanceKlass java/lang/ref/Finalizer 1 1 143 10 9 9 9 9 9 10 10 7 10 10 10 10 7 11 100 10 100 10 10 10 100 10 10 7 10 7 10 10 10 10 7 10 7 10 10 10 7 1 1 1 1 1 1 1 1 1 1 1 1 1 1 1 1 1 1 1 100 100 1 1 1 1 1 1 1 1 1 1 1 1 1 1 1 1 100 1 1 1 12 12 12 12 12 12 12 12 1 12 12 12 12 1 7 12 1 12 1 12 100 12 100 12 1 12 12 1 1 12 12 7 12 1 12 1 12 12 12 1 1 1 1 1 1 1 1 1 1 1 1 1 1 1 1 1 1 1 1 1 1 1 1
staticfield java/lang/ref/Finalizer lock Ljava/lang/Object; java/lang/Object
instanceKlass java/lang/ref/ReferenceQueue$Null
ciInstanceKlass java/lang/ref/ReferenceQueue 1 1 133 10 7 10 9 9 9 9 9 9 9 100 10 9 7 10 10 10 100 8 10 10 10 5 0 10 11 7 10 7 10 7 100 1 1 1 1 1 1 1 1 1 1 1 1 1 1 1 1 1 1 1 1 1 1 1 1 100 100 100 100 1 1 1 1 1 1 1 1 100 1 1 1 1 1 1 1 1 12 1 12 12 12 12 7 12 12 12 12 1 12 1 7 12 12 12 1 1 12 100 12 12 12 100 12 1 7 12 1 1 1 1 1 1 1 1 1 1 1 1 1 1 1 1 1 1 1 1 1 1 1 1 1
staticfield java/lang/ref/ReferenceQueue $assertionsDisabled Z 1
instanceKlass org/apache/tomcat/util/net/NioBlockingSelector$BlockPoller
instanceKlass io/lettuce/core/metrics/DefaultCommandLatencyCollector$DefaultPauseDetectorWrapper$1
instanceKlass io/netty/util/concurrent/FastThreadLocalThread
instanceKlass org/quartz/core/QuartzSchedulerThread
instanceKlass org/quartz/simpl/SimpleThreadPool$WorkerThread
instanceKlass org/quartz/impl/jdbcjobstore/JobStoreSupport$ClusterManager
instanceKlass org/quartz/impl/jdbcjobstore/JobStoreSupport$MisfireHandler
instanceKlass org/springframework/scheduling/quartz/SchedulerFactoryBean$1
instanceKlass me/chanjar/weixin/common/util/http/apache/DefaultApacheHttpClientBuilder$IdleConnectionMonitorThread
instanceKlass java/util/concurrent/ForkJoinWorkerThread
instanceKlass com/alibaba/druid/pool/DruidDataSource$LogStatsThread
instanceKlass com/alibaba/druid/pool/DruidDataSource$DestroyConnectionThread
instanceKlass com/alibaba/druid/pool/DruidDataSource$CreateConnectionThread
instanceKlass org/apache/tomcat/util/threads/TaskThread
instanceKlass org/springframework/boot/web/embedded/tomcat/TomcatWebServer$1
instanceKlass org/springframework/context/support/AbstractApplicationContext$1
instanceKlass java/util/logging/LogManager$Cleaner
instanceKlass java/lang/ref/Finalizer$FinalizerThread
instanceKlass java/lang/ref/Reference$ReferenceHandler
ciInstanceKlass java/lang/Thread 1 1 561 9 9 9 9 100 8 10 3 8 3 10 10 100 8 10 9 10 10 10 10 10 10 10 9 10 10 9 10 9 10 9 10 9 10 9 9 10 9 10 9 10 9 100 10 10 9 9 9 7 7 10 8 10 10 10 10 10 100 10 10 10 10 100 11 9 10 10 10 9 10 9 10 100 10 10 100 10 10 11 10 100 10 10 10 7 10 10 10 10 10 10 10 10 10 10 7 8 10 10 10 8 10 8 10 8 8 10 10 7 8 10 9 9 10 10 10 9 10 100 10 11 9 9 10 100 10 11 100 10 10 11 10 100 10 10 10 8 9 10 11 10 11 10 7 8 7 1 1 100 1 100 1 100 1 1 1 1 1 1 1 1 1 1 1 1 1 1 1 1 1 1 1 1 1 1 1 100 1 1 1 1 1 1 1 1 1 1 1 1 1 1 1 3 1 3 1 3 1 1 1 1 1 1 1 1 1 1 1 1 1 1 1 1 1 1 1 1 1 1 1 1 1 100 100 100 100 1 1 1 1 1 1 100 1 1 1 1 100 100 100 100 100 1 1 1 1 1 1 1 1 1 1 1 1 1 1 1 1 1 1 1 1 1 1 1 1 1 1 1 1 1 1 1 1 1 1 1 1 1 1 1 1 1 1 1 1 1 1 1 1 1 1 1 1 1 1 1 100 100 1 1 100 100 1 1 1 1 100 100 1 1 1 1 1 1 1 1 1 1 1 1 1 1 100 1 1 1 1 100 1 1 1 1 1 1 1 1 1 1 1 12 12 12 12 1 1 12 1 12 12 1 1 12 12 7 12 100 12 7 12 12 12 12 12 12 12 12 12 12 12 12 12 7 12 12 12 12 12 7 12 12 12 12 1 12 12 12 12 1 1 1 12 12 12 12 12 1 12 12 12 1 12 7 12 12 12 12 12 100 12 12 1 12 1 12 100 12 12 1 12 12 1 12 12 12 12 12 12 12 12 12 1 1 12 12 1 12 1 1 1 100 12 100 12 1 12 12 12 12 12 12 1 12 100 12 12 12 12 1 12 100 12 1 12 12 12 12 1 12 12 100 12 12 12 12 100 12 12 12 1 1 1 1 1 1 1 1 1 1 1 1 1 1 1 1 1 1 1 1 1 1 1 1 1 1 1 1 1 1 1 1 1 1 1 1 1 1 1 1 1 1 1 1 1 1 1 1 1 1 1 1 1 1 1 1 1 1 1 1 1 1 1 1 1 1 1 1 1 1 1 1 1 1 1 1 1 1 1 1 1
staticfield java/lang/Thread EMPTY_STACK_TRACE [Ljava/lang/StackTraceElement; 0 [Ljava/lang/StackTraceElement;
staticfield java/lang/Thread SUBCLASS_IMPLEMENTATION_PERMISSION Ljava/lang/RuntimePermission; java/lang/RuntimePermission
ciInstanceKlass java/lang/ThreadGroup 1 1 275 10 9 8 9 7 9 9 10 10 10 10 10 9 9 10 10 9 10 9 9 10 100 10 10 10 9 10 10 9 10 10 10 10 10 10 10 10 10 10 10 100 10 10 10 7 10 7 10 9 10 8 10 10 10 10 11 100 9 100 10 8 10 10 8 10 10 10 10 10 8 10 8 10 8 7 100 1 1 1 1 1 1 1 1 1 1 1 1 1 1 1 1 1 1 1 1 1 1 1 1 1 1 1 1 1 1 1 1 1 1 1 1 1 1 1 1 100 100 100 1 1 1 100 1 1 1 1 1 1 1 1 1 1 1 1 1 1 1 1 1 100 1 1 1 1 1 1 1 1 1 1 1 100 1 1 100 1 1 1 1 12 12 1 12 1 12 12 12 12 12 12 12 12 12 12 12 12 100 12 12 12 7 12 12 7 12 100 12 12 12 12 12 12 12 12 12 12 12 12 12 12 1 12 12 1 12 12 12 12 1 100 12 12 12 12 1 12 1 1 12 12 1 12 100 12 100 12 12 100 1 1 12 1 1 1 1 1 1 1 1 1 1 1 1 1 1 1 1 1 1 1 1 1 1 1 1 1 1 1 1 1 1 1 1 1 1 1 1 1 1 1 1 1 1
ciInstanceKlass java/util/Map 1 1 139 11 11 10 11 11 11 11 7 11 11 100 100 10 11 11 11 11 10 11 11 7 100 1 1 1 1 1 1 1 1 1 1 1 1 1 1 1 1 1 1 1 1 1 1 1 1 1 1 1 1 1 1 1 1 1 1 1 1 100 1 1 1 100 100 100 100 100 1 1 1 100 1 1 1 1 1 1 1 1 1 1 1 1 1 1 1 1 1 1 1 12 12 7 12 12 7 12 7 12 12 1 12 12 1 1 12 7 12 100 12 12 12 12 12 7 12 1 1 1 1 1 1 1 1 1 1 1 1 1 1 1 1 1 1 1 1 1 1
instanceKlass java/util/Hashtable
ciInstanceKlass java/util/Dictionary 1 1 31 10 100 7 1 1 1 1 1 1 1 1 1 1 1 1 1 1 1 1 1 1 1 1 1 1 1 1 12 1 1
instanceKlass org/apache/commons/logging/impl/WeakHashtable
instanceKlass java/util/Properties
ciInstanceKlass java/util/Hashtable 1 1 453 100 9 9 9 10 10 100 100 10 8 10 10 10 10 10 8 10 9 7 7 4 10 9 4 10 11 10 10 10 100 10 9 10 9 10 10 3 9 9 3 10 10 10 11 11 11 11 7 11 11 10 10 10 9 9 9 100 100 10 10 8 10 10 8 10 8 10 7 10 10 7 10 10 7 10 100 10 10 7 11 11 100 10 10 10 11 100 10 100 11 11 10 10 10 10 10 8 10 7 8 10 4 10 4 10 8 10 10 100 11 10 10 10 10 7 100 100 100 1 1 1 100 1 1 1 1 1 1 1 1 1 1 1 1 1 1 1 1 1 5 0 1 1 1 1 1 1 1 1 1 1 3 1 3 1 3 1 1 1 1 1 100 1 1 1 1 1 1 1 1 1 1 1 1 1 1 1 100 1 1 100 1 1 1 1 1 1 1 1 1 1 1 1 100 1 1 1 100 1 1 100 100 100 1 1 1 1 1 1 1 1 1 1 1 1 100 100 100 1 1 1 1 1 100 1 1 1 100 1 1 1 1 1 1 1 1 100 1 1 1 1 1 1 1 1 1 1 100 1 7 1 1 100 7 1 1 1 1 1 1 1 1 1 1 1 1 1 1 1 1 12 12 12 12 12 1 1 1 12 12 12 12 7 12 1 12 12 1 1 7 12 12 12 12 12 12 12 1 12 7 12 12 12 12 12 12 12 12 12 12 7 12 7 12 12 1 12 12 12 12 12 12 12 1 1 12 1 12 1 1 7 12 1 12 12 1 12 12 1 1 12 1 12 12 1 7 12 100 12 1 100 12 100 12 12 100 12 12 12 100 12 100 12 1 1 12 12 1 12 100 12 1 100 12 12 12 12 1 1 1 1 1 1 1 1 1 1 1 1 1 1 1 1 1 1 1 1 1 1 1 1 1 1 1 1 1 1 1 1 1 1 1 1 1 1 1 1 1 1 1 1 1 1 1 1 1 1 1 1 1 1 1 1 1 1 1 1 1 1 1 1 1 1 1 1 1 1 1 1 1 1 1
instanceKlass java/security/Provider
instanceKlass org/springframework/beans/factory/support/ManagedProperties
instanceKlass org/springframework/core/SortedProperties
ciInstanceKlass java/util/Properties 1 1 273 10 10 9 10 7 10 10 10 10 9 10 100 3 100 8 10 7 10 10 100 10 10 10 10 10 8 10 10 10 10 10 7 100 10 10 100 8 10 10 100 10 10 100 10 10 10 10 11 11 10 10 8 10 10 100 10 10 8 10 100 10 10 10 7 10 10 10 10 8 10 8 10 10 9 7 100 1 1 1 1 1 1 5 0 1 1 1 1 1 1 1 1 1 1 1 1 1 1 1 1 1 1 100 100 100 1 1 1 1 100 1 1 100 100 1 1 100 1 1 1 1 1 100 1 1 100 100 100 1 7 1 1 1 1 1 1 1 1 1 1 1 1 1 1 100 1 1 1 1 1 1 1 1 1 1 1 1 12 12 12 12 1 12 12 12 12 12 12 1 1 1 12 1 12 12 1 12 12 12 12 12 1 12 12 12 12 12 1 1 12 12 1 1 12 12 1 12 1 12 7 12 12 12 12 1 12 100 12 1 12 12 1 12 1 12 12 1 12 12 12 1 100 12 1 100 12 1 1 1 1 1 1 1 1 1 1 1 1 1 1 1 1 1 1 1 1 1 1 1 1 1 1 1 1 1 1 1 1 1 1 1 1 1 1 1 1 1 1 1 1 1 1
staticfield java/util/Properties hexDigit [C 16
instanceKlass java/lang/reflect/Executable
instanceKlass java/lang/reflect/Field
ciInstanceKlass java/lang/reflect/AccessibleObject 1 1 147 10 9 10 10 7 10 7 100 8 10 9 10 100 8 10 11 10 10 10 9 10 10 100 10 10 7 8 10 7 10 10 7 9 7 7 7 1 1 1 1 1 1 1 1 1 1 1 1 1 100 1 1 1 1 1 1 1 1 1 1 1 1 1 1 1 1 1 1 1 1 1 1 1 1 1 100 100 100 1 1 1 1 1 1 1 7 12 12 100 12 12 1 12 1 1 1 12 12 12 1 1 12 12 12 12 12 12 100 12 12 1 12 7 12 1 1 1 1 1 7 12 1 12 1 1 1 1 1 1 1 1 1 1 1 1 1 1 1 1 1 1 1 1 1 1 1
staticfield java/lang/reflect/AccessibleObject ACCESS_PERMISSION Ljava/security/Permission; java/lang/reflect/ReflectPermission
staticfield java/lang/reflect/AccessibleObject reflectionFactory Lsun/reflect/ReflectionFactory; sun/reflect/ReflectionFactory
ciInstanceKlass java/lang/reflect/Field 1 1 372 9 10 10 10 9 10 10 10 10 9 9 9 9 9 9 9 100 8 10 7 10 9 9 10 7 10 10 10 10 10 10 10 100 10 8 10 10 8 10 10 8 10 11 9 10 10 10 10 11 11 11 11 11 11 11 11 11 11 11 11 11 11 11 11 11 11 10 10 9 10 10 10 10 11 10 100 10 10 9 10 11 10 10 9 10 7 100 1 1 1 1 1 1 1 1 1 1 1 1 1 1 1 1 1 1 1 1 1 1 1 1 1 1 1 1 1 1 1 1 1 1 1 1 1 1 1 1 1 1 1 1 1 1 1 1 1 1 1 100 1 1 100 100 1 100 1 1 1 100 1 1 1 1 1 1 1 1 1 1 1 1 1 1 1 1 1 1 1 1 1 1 1 1 1 1 1 1 1 1 1 1 1 1 1 1 1 100 1 1 1 1 1 1 1 1 1 1 1 1 1 100 100 100 1 1 1 1 1 1 1 12 12 7 12 7 12 12 12 12 7 12 12 12 12 12 12 12 12 12 1 1 12 1 12 12 12 12 1 12 12 12 12 12 7 7 12 1 1 12 12 1 12 12 1 100 12 7 12 12 12 12 7 12 12 12 12 12 12 12 12 12 12 12 12 12 12 12 12 12 12 12 12 12 7 12 12 7 12 12 7 12 1 100 12 7 12 12 7 12 7 12 12 12 100 12 100 12 1 1 1 1 1 1 1 1 1 1 1 1 1 1 1 1 1 1 1 1 1 1 1 1 1 1 1 1 1 1 1 1 1 1 1 1 1 1 1 1 1 1 1 1 1 1 1 1 1 1 1 1 1 1 100 1 1 1 1 1 1 1 1 1
ciInstanceKlass java/lang/reflect/Parameter 1 1 215 10 9 9 9 9 9 9 7 10 10 10 100 10 10 11 10 10 10 10 10 8 8 10 10 10 8 10 8 10 10 10 10 10 10 10 10 10 10 11 10 7 10 10 10 10 10 9 7 10 11 11 7 100 1 1 1 1 1 1 1 1 1 1 1 1 1 1 1 1 1 1 1 1 1 1 1 100 1 1 1 1 1 1 100 100 100 1 1 1 1 1 1 1 1 1 100 1 1 1 1 1 1 1 1 1 1 1 1 1 1 1 1 1 1 100 1 1 1 12 12 12 12 12 12 12 1 12 12 7 12 1 12 100 12 12 100 12 12 12 12 1 1 7 12 12 12 1 1 12 12 12 12 12 12 12 7 12 12 7 12 7 12 1 7 12 12 12 12 12 12 1 12 12 1 1 1 1 1 1 1 1 1 1 1 1 1 1 1 1 1 1 1 1 1 1 1 1 1 1 1 1 1 1 1 1 1 1 1 1 1 1 1 1 1
instanceKlass java/lang/reflect/Constructor
instanceKlass java/lang/reflect/Method
ciInstanceKlass java/lang/reflect/Executable 1 1 389 10 10 10 11 10 10 10 8 10 10 10 7 8 7 10 10 10 10 8 10 100 8 10 8 10 10 8 10 10 11 10 8 8 10 10 7 10 100 10 10 10 10 10 10 7 10 10 10 10 10 7 10 7 8 10 10 100 8 10 10 10 10 10 8 8 3 8 9 10 100 8 9 10 10 10 10 10 10 7 10 10 10 10 11 10 7 10 10 9 10 10 10 9 10 10 9 10 9 10 9 7 7 100 100 1 1 1 1 1 1 1 1 1 1 1 1 1 1 1 1 1 1 1 1 1 1 1 1 1 1 1 1 1 1 1 1 1 100 100 100 100 1 1 1 1 1 100 100 100 100 1 1 1 1 1 1 1 1 1 1 1 1 1 1 1 1 1 1 100 1 1 1 1 1 1 100 1 1 1 1 1 1 1 1 1 1 1 1 1 1 1 1 1 1 1 1 1 1 1 1 100 100 100 1 1 1 1 1 1 1 1 1 1 1 12 7 12 12 7 12 7 12 12 12 1 12 12 12 1 1 1 12 12 12 1 12 1 1 12 1 12 7 1 12 12 12 1 1 7 12 12 1 12 1 12 12 7 12 12 12 1 12 12 12 12 7 12 12 1 1 12 12 1 1 12 12 12 12 1 1 1 12 12 1 1 12 12 12 12 12 12 12 1 12 12 7 12 12 7 12 12 1 100 12 12 12 12 12 12 7 12 7 12 12 12 12 12 12 12 1 1 1 1 1 1 1 1 1 1 1 1 1 1 1 1 1 1 1 1 1 1 1 1 1 1 1 1 1 1 1 1 1 1 1 1 1 1 1 1 1 1 1 1 1 1 1 1 1 1 1 1 1 100 1 1 1 1 1 1 1 1 1 1 1 1 1 1 1
ciInstanceKlass java/lang/reflect/Method 1 1 353 9 10 10 9 10 10 10 10 9 9 9 9 9 9 9 9 9 9 9 100 8 10 7 10 9 10 10 7 7 10 10 10 7 10 10 10 10 10 10 10 10 10 10 10 10 10 10 10 10 10 11 9 10 10 10 10 11 10 7 10 10 10 10 9 10 10 10 10 10 11 10 7 100 7 10 8 10 10 10 10 10 10 10 8 7 1 1 1 1 1 1 1 1 1 1 1 1 1 1 1 1 1 1 1 1 1 1 1 1 1 1 1 1 1 1 1 1 1 1 1 1 1 1 1 1 1 1 1 1 1 1 1 1 1 1 1 1 1 1 1 1 1 1 1 1 1 1 1 1 1 1 1 100 1 1 1 1 1 1 1 1 100 1 100 100 1 1 1 1 1 1 1 1 1 1 1 1 1 100 100 1 1 1 1 1 1 1 1 1 1 1 1 1 1 12 7 12 7 12 12 12 12 7 12 12 12 12 12 12 12 12 12 12 12 12 12 1 1 12 1 12 12 12 12 1 1 12 12 7 12 12 7 12 12 12 7 12 12 7 7 12 12 12 12 12 12 12 12 12 7 12 7 12 12 12 12 7 12 12 1 12 12 12 12 12 7 12 12 7 12 7 12 7 12 7 12 7 12 1 1 1 1 12 12 12 12 12 12 1 1 1 1 1 1 1 1 1 1 1 1 1 1 1 1 1 1 1 1 1 1 1 1 1 1 1 1 1 1 1 1 1 1 1 1 1 1 1 1 1 1 1 1 1 1 1 1 1 1 1 1 1 1 1 1 1 1 1 1 1 1 1 1
ciInstanceKlass java/lang/reflect/Constructor 1 1 335 10 10 9 10 10 10 9 10 9 9 9 9 9 9 9 9 100 8 10 7 10 9 10 10 10 10 7 100 10 7 10 10 10 10 10 10 10 10 10 10 10 9 10 10 10 10 100 8 10 11 10 10 10 9 10 10 10 10 10 10 10 10 10 100 8 10 10 10 10 10 10 11 9 10 7 1 1 1 1 1 1 1 1 1 1 1 1 1 1 1 1 1 1 1 1 1 1 1 1 1 1 1 1 1 1 1 1 1 1 1 1 1 1 1 1 1 1 1 1 1 1 1 1 1 1 1 1 1 1 1 1 1 1 1 1 1 1 1 1 1 1 1 1 1 1 100 1 100 100 100 1 1 1 1 1 1 1 1 1 1 1 1 1 1 1 1 1 1 1 1 1 1 1 100 1 1 1 1 1 1 7 12 7 12 12 12 12 7 12 12 12 12 12 12 12 12 12 12 12 1 1 12 1 12 12 12 7 12 12 12 1 1 7 12 12 7 12 12 7 12 12 12 12 100 12 12 12 12 7 12 12 12 12 1 1 12 7 12 12 12 12 12 7 12 12 12 12 12 12 12 12 12 1 1 12 12 12 12 100 12 100 12 100 12 100 12 1 1 1 1 1 1 1 1 1 1 1 1 1 1 1 1 1 1 1 1 1 1 1 1 1 1 1 1 1 1 1 1 1 1 1 1 1 1 1 1 1 1 1 1 1 1 1 1 1 1 1 1 1 1 1 1 1 1 100 1 1 1 1 1 1 1 1 1
instanceKlass sun/reflect/FieldAccessorImpl
instanceKlass sun/reflect/ConstructorAccessorImpl
instanceKlass sun/reflect/MethodAccessorImpl
ciInstanceKlass sun/reflect/MagicAccessorImpl 1 1 13 10 100 7 1 1 1 1 1 1 12 1 1
instanceKlass sun/reflect/GeneratedMethodAccessor231
instanceKlass sun/reflect/GeneratedMethodAccessor230
instanceKlass sun/reflect/GeneratedMethodAccessor229
instanceKlass sun/reflect/GeneratedMethodAccessor228
instanceKlass sun/reflect/GeneratedMethodAccessor227
instanceKlass sun/reflect/GeneratedMethodAccessor226
instanceKlass sun/reflect/GeneratedMethodAccessor225
instanceKlass sun/reflect/GeneratedMethodAccessor224
instanceKlass sun/reflect/GeneratedMethodAccessor223
instanceKlass sun/reflect/GeneratedMethodAccessor222
instanceKlass sun/reflect/GeneratedMethodAccessor221
instanceKlass sun/reflect/GeneratedMethodAccessor220
instanceKlass sun/reflect/GeneratedMethodAccessor219
instanceKlass sun/reflect/GeneratedMethodAccessor218
instanceKlass sun/reflect/GeneratedMethodAccessor217
instanceKlass sun/reflect/GeneratedMethodAccessor216
instanceKlass sun/reflect/GeneratedMethodAccessor215
instanceKlass sun/reflect/GeneratedMethodAccessor214
instanceKlass sun/reflect/GeneratedMethodAccessor213
instanceKlass sun/reflect/GeneratedMethodAccessor212
instanceKlass sun/reflect/GeneratedMethodAccessor211
instanceKlass sun/reflect/GeneratedMethodAccessor210
instanceKlass sun/reflect/GeneratedMethodAccessor209
instanceKlass sun/reflect/GeneratedMethodAccessor208
instanceKlass sun/reflect/GeneratedMethodAccessor207
instanceKlass sun/reflect/GeneratedMethodAccessor206
instanceKlass sun/reflect/GeneratedMethodAccessor205
instanceKlass sun/reflect/GeneratedMethodAccessor204
instanceKlass sun/reflect/GeneratedMethodAccessor203
instanceKlass sun/reflect/GeneratedMethodAccessor201
instanceKlass sun/reflect/GeneratedMethodAccessor202
instanceKlass sun/reflect/GeneratedMethodAccessor200
instanceKlass sun/reflect/GeneratedMethodAccessor198
instanceKlass sun/reflect/GeneratedMethodAccessor199
instanceKlass sun/reflect/GeneratedMethodAccessor197
instanceKlass sun/reflect/GeneratedMethodAccessor196
instanceKlass sun/reflect/GeneratedMethodAccessor195
instanceKlass sun/reflect/GeneratedMethodAccessor194
instanceKlass sun/reflect/GeneratedMethodAccessor193
instanceKlass sun/reflect/GeneratedMethodAccessor192
instanceKlass sun/reflect/GeneratedMethodAccessor191
instanceKlass sun/reflect/GeneratedMethodAccessor190
instanceKlass sun/reflect/GeneratedMethodAccessor189
instanceKlass sun/reflect/GeneratedMethodAccessor187
instanceKlass sun/reflect/GeneratedMethodAccessor186
instanceKlass sun/reflect/GeneratedMethodAccessor188
instanceKlass sun/reflect/GeneratedMethodAccessor185
instanceKlass sun/reflect/GeneratedMethodAccessor184
instanceKlass sun/reflect/GeneratedMethodAccessor183
instanceKlass sun/reflect/GeneratedMethodAccessor182
instanceKlass sun/reflect/GeneratedMethodAccessor181
instanceKlass sun/reflect/GeneratedMethodAccessor180
instanceKlass sun/reflect/GeneratedMethodAccessor179
instanceKlass sun/reflect/GeneratedMethodAccessor178
instanceKlass sun/reflect/GeneratedMethodAccessor177
instanceKlass sun/reflect/GeneratedMethodAccessor176
instanceKlass sun/reflect/GeneratedMethodAccessor175
instanceKlass sun/reflect/GeneratedMethodAccessor174
instanceKlass sun/reflect/GeneratedMethodAccessor173
instanceKlass sun/reflect/GeneratedMethodAccessor172
instanceKlass sun/reflect/GeneratedMethodAccessor171
instanceKlass sun/reflect/GeneratedMethodAccessor170
instanceKlass sun/reflect/GeneratedMethodAccessor169
instanceKlass sun/reflect/GeneratedMethodAccessor168
instanceKlass sun/reflect/GeneratedMethodAccessor167
instanceKlass sun/reflect/GeneratedMethodAccessor166
instanceKlass sun/reflect/GeneratedMethodAccessor165
instanceKlass sun/reflect/GeneratedMethodAccessor164
instanceKlass sun/reflect/GeneratedMethodAccessor163
instanceKlass sun/reflect/GeneratedMethodAccessor162
instanceKlass sun/reflect/GeneratedMethodAccessor161
instanceKlass sun/reflect/GeneratedMethodAccessor160
instanceKlass sun/reflect/GeneratedMethodAccessor159
instanceKlass sun/reflect/GeneratedMethodAccessor158
instanceKlass sun/reflect/GeneratedMethodAccessor157
instanceKlass sun/reflect/GeneratedMethodAccessor156
instanceKlass sun/reflect/GeneratedMethodAccessor155
instanceKlass sun/reflect/GeneratedMethodAccessor154
instanceKlass sun/reflect/GeneratedMethodAccessor153
instanceKlass sun/reflect/GeneratedMethodAccessor152
instanceKlass sun/reflect/GeneratedMethodAccessor151
instanceKlass sun/reflect/GeneratedMethodAccessor150
instanceKlass sun/reflect/GeneratedMethodAccessor149
instanceKlass sun/reflect/GeneratedMethodAccessor148
instanceKlass sun/reflect/GeneratedMethodAccessor147
instanceKlass sun/reflect/GeneratedMethodAccessor146
instanceKlass sun/reflect/GeneratedMethodAccessor145
instanceKlass sun/reflect/GeneratedMethodAccessor144
instanceKlass sun/reflect/GeneratedMethodAccessor143
instanceKlass sun/reflect/GeneratedMethodAccessor142
instanceKlass sun/reflect/GeneratedMethodAccessor141
instanceKlass sun/reflect/GeneratedMethodAccessor140
instanceKlass sun/reflect/GeneratedMethodAccessor139
instanceKlass sun/reflect/GeneratedMethodAccessor138
instanceKlass sun/reflect/GeneratedMethodAccessor137
instanceKlass sun/reflect/GeneratedMethodAccessor136
instanceKlass sun/reflect/GeneratedMethodAccessor135
instanceKlass sun/reflect/GeneratedMethodAccessor134
instanceKlass sun/reflect/GeneratedMethodAccessor133
instanceKlass sun/reflect/GeneratedMethodAccessor132
instanceKlass sun/reflect/GeneratedMethodAccessor131
instanceKlass sun/reflect/GeneratedMethodAccessor130
instanceKlass sun/reflect/GeneratedMethodAccessor129
instanceKlass sun/reflect/GeneratedMethodAccessor128
instanceKlass sun/reflect/GeneratedMethodAccessor127
instanceKlass sun/reflect/GeneratedMethodAccessor126
instanceKlass sun/reflect/GeneratedMethodAccessor125
instanceKlass sun/reflect/GeneratedMethodAccessor124
instanceKlass sun/reflect/GeneratedMethodAccessor123
instanceKlass sun/reflect/GeneratedMethodAccessor122
instanceKlass sun/reflect/GeneratedMethodAccessor121
instanceKlass sun/reflect/GeneratedMethodAccessor120
instanceKlass sun/reflect/GeneratedMethodAccessor119
instanceKlass sun/reflect/GeneratedMethodAccessor118
instanceKlass sun/reflect/GeneratedMethodAccessor117
instanceKlass sun/reflect/GeneratedMethodAccessor116
instanceKlass sun/reflect/GeneratedMethodAccessor115
instanceKlass sun/reflect/GeneratedMethodAccessor114
instanceKlass sun/reflect/GeneratedMethodAccessor113
instanceKlass sun/reflect/GeneratedMethodAccessor112
instanceKlass sun/reflect/GeneratedMethodAccessor111
instanceKlass sun/reflect/GeneratedMethodAccessor110
instanceKlass sun/reflect/GeneratedMethodAccessor109
instanceKlass sun/reflect/GeneratedMethodAccessor108
instanceKlass sun/reflect/GeneratedMethodAccessor107
instanceKlass sun/reflect/GeneratedMethodAccessor106
instanceKlass sun/reflect/GeneratedMethodAccessor105
instanceKlass sun/reflect/GeneratedMethodAccessor104
instanceKlass sun/reflect/GeneratedMethodAccessor103
instanceKlass sun/reflect/GeneratedMethodAccessor102
instanceKlass sun/reflect/GeneratedMethodAccessor101
instanceKlass sun/reflect/GeneratedMethodAccessor100
instanceKlass sun/reflect/GeneratedMethodAccessor99
instanceKlass sun/reflect/GeneratedMethodAccessor98
instanceKlass sun/reflect/GeneratedMethodAccessor97
instanceKlass sun/reflect/GeneratedMethodAccessor96
instanceKlass sun/reflect/GeneratedMethodAccessor95
instanceKlass sun/reflect/GeneratedMethodAccessor94
instanceKlass sun/reflect/GeneratedMethodAccessor93
instanceKlass sun/reflect/GeneratedMethodAccessor92
instanceKlass sun/reflect/GeneratedMethodAccessor91
instanceKlass sun/reflect/GeneratedMethodAccessor90
instanceKlass sun/reflect/GeneratedMethodAccessor89
instanceKlass sun/reflect/GeneratedMethodAccessor88
instanceKlass sun/reflect/GeneratedMethodAccessor87
instanceKlass sun/reflect/GeneratedMethodAccessor86
instanceKlass sun/reflect/GeneratedMethodAccessor85
instanceKlass sun/reflect/GeneratedMethodAccessor84
instanceKlass sun/reflect/GeneratedMethodAccessor83
instanceKlass sun/reflect/GeneratedMethodAccessor82
instanceKlass sun/reflect/GeneratedMethodAccessor81
instanceKlass sun/reflect/GeneratedMethodAccessor80
instanceKlass sun/reflect/GeneratedMethodAccessor79
instanceKlass sun/reflect/GeneratedMethodAccessor78
instanceKlass sun/reflect/GeneratedMethodAccessor77
instanceKlass sun/reflect/GeneratedMethodAccessor76
instanceKlass sun/reflect/GeneratedMethodAccessor75
instanceKlass sun/reflect/GeneratedMethodAccessor74
instanceKlass sun/reflect/GeneratedMethodAccessor73
instanceKlass sun/reflect/GeneratedMethodAccessor72
instanceKlass sun/reflect/GeneratedMethodAccessor71
instanceKlass sun/reflect/GeneratedMethodAccessor70
instanceKlass sun/reflect/GeneratedMethodAccessor69
instanceKlass sun/reflect/GeneratedMethodAccessor68
instanceKlass sun/reflect/GeneratedMethodAccessor67
instanceKlass sun/reflect/GeneratedMethodAccessor66
instanceKlass sun/reflect/GeneratedMethodAccessor65
instanceKlass sun/reflect/GeneratedMethodAccessor64
instanceKlass sun/reflect/GeneratedMethodAccessor63
instanceKlass sun/reflect/GeneratedMethodAccessor62
instanceKlass sun/reflect/GeneratedMethodAccessor61
instanceKlass sun/reflect/GeneratedMethodAccessor60
instanceKlass sun/reflect/GeneratedMethodAccessor59
instanceKlass sun/reflect/GeneratedMethodAccessor58
instanceKlass sun/reflect/GeneratedMethodAccessor57
instanceKlass sun/reflect/GeneratedMethodAccessor56
instanceKlass sun/reflect/GeneratedMethodAccessor55
instanceKlass sun/reflect/GeneratedMethodAccessor54
instanceKlass sun/reflect/GeneratedMethodAccessor53
instanceKlass sun/reflect/GeneratedMethodAccessor52
instanceKlass sun/reflect/GeneratedMethodAccessor51
instanceKlass sun/reflect/GeneratedMethodAccessor50
instanceKlass sun/reflect/GeneratedMethodAccessor49
instanceKlass sun/reflect/GeneratedMethodAccessor48
instanceKlass sun/reflect/GeneratedMethodAccessor47
instanceKlass sun/reflect/GeneratedMethodAccessor46
instanceKlass sun/reflect/GeneratedMethodAccessor45
instanceKlass sun/reflect/GeneratedMethodAccessor44
instanceKlass sun/reflect/GeneratedMethodAccessor43
instanceKlass sun/reflect/GeneratedMethodAccessor42
instanceKlass sun/reflect/GeneratedMethodAccessor41
instanceKlass sun/reflect/GeneratedMethodAccessor40
instanceKlass sun/reflect/GeneratedMethodAccessor39
instanceKlass sun/reflect/GeneratedMethodAccessor38
instanceKlass sun/reflect/GeneratedMethodAccessor37
instanceKlass sun/reflect/GeneratedMethodAccessor36
instanceKlass sun/reflect/GeneratedMethodAccessor35
instanceKlass sun/reflect/GeneratedMethodAccessor34
instanceKlass sun/reflect/GeneratedMethodAccessor33
instanceKlass sun/reflect/GeneratedMethodAccessor32
instanceKlass sun/reflect/GeneratedMethodAccessor31
instanceKlass sun/reflect/GeneratedMethodAccessor30
instanceKlass sun/reflect/GeneratedMethodAccessor29
instanceKlass sun/reflect/GeneratedMethodAccessor28
instanceKlass sun/reflect/GeneratedMethodAccessor27
instanceKlass sun/reflect/GeneratedMethodAccessor26
instanceKlass sun/reflect/GeneratedMethodAccessor25
instanceKlass sun/reflect/GeneratedMethodAccessor24
instanceKlass sun/reflect/GeneratedMethodAccessor23
instanceKlass sun/reflect/GeneratedMethodAccessor22
instanceKlass sun/reflect/GeneratedMethodAccessor21
instanceKlass sun/reflect/GeneratedMethodAccessor20
instanceKlass sun/reflect/GeneratedMethodAccessor19
instanceKlass sun/reflect/GeneratedMethodAccessor18
instanceKlass sun/reflect/GeneratedMethodAccessor17
instanceKlass sun/reflect/GeneratedMethodAccessor16
instanceKlass sun/reflect/GeneratedMethodAccessor15
instanceKlass sun/reflect/GeneratedMethodAccessor14
instanceKlass sun/reflect/GeneratedMethodAccessor13
instanceKlass sun/reflect/GeneratedMethodAccessor12
instanceKlass sun/reflect/GeneratedMethodAccessor11
instanceKlass sun/reflect/GeneratedMethodAccessor10
instanceKlass sun/reflect/GeneratedMethodAccessor9
instanceKlass sun/reflect/GeneratedMethodAccessor8
instanceKlass sun/reflect/GeneratedMethodAccessor7
instanceKlass sun/reflect/GeneratedMethodAccessor6
instanceKlass sun/reflect/GeneratedMethodAccessor5
instanceKlass sun/reflect/GeneratedMethodAccessor4
instanceKlass sun/reflect/GeneratedMethodAccessor3
instanceKlass sun/reflect/GeneratedMethodAccessor2
instanceKlass sun/reflect/GeneratedMethodAccessor1
instanceKlass sun/reflect/DelegatingMethodAccessorImpl
instanceKlass sun/reflect/NativeMethodAccessorImpl
ciInstanceKlass sun/reflect/MethodAccessorImpl 1 1 22 10 100 7 100 1 1 1 1 1 1 1 100 100 1 1 12 1 1 1 1 1
instanceKlass sun/reflect/GeneratedConstructorAccessor126
instanceKlass sun/reflect/GeneratedConstructorAccessor125
instanceKlass sun/reflect/GeneratedConstructorAccessor124
instanceKlass sun/reflect/GeneratedConstructorAccessor123
instanceKlass sun/reflect/GeneratedConstructorAccessor122
instanceKlass sun/reflect/GeneratedConstructorAccessor118
instanceKlass sun/reflect/GeneratedConstructorAccessor120
instanceKlass sun/reflect/GeneratedConstructorAccessor121
instanceKlass sun/reflect/GeneratedConstructorAccessor119
instanceKlass sun/reflect/GeneratedConstructorAccessor117
instanceKlass sun/reflect/GeneratedConstructorAccessor116
instanceKlass sun/reflect/GeneratedConstructorAccessor115
instanceKlass sun/reflect/GeneratedConstructorAccessor114
instanceKlass sun/reflect/GeneratedConstructorAccessor113
instanceKlass sun/reflect/GeneratedConstructorAccessor112
instanceKlass sun/reflect/GeneratedConstructorAccessor111
instanceKlass sun/reflect/GeneratedConstructorAccessor110
instanceKlass sun/reflect/GeneratedConstructorAccessor109
instanceKlass sun/reflect/GeneratedConstructorAccessor108
instanceKlass sun/reflect/GeneratedConstructorAccessor107
instanceKlass sun/reflect/GeneratedConstructorAccessor106
instanceKlass sun/reflect/GeneratedConstructorAccessor105
instanceKlass sun/reflect/GeneratedConstructorAccessor104
instanceKlass sun/reflect/GeneratedConstructorAccessor103
instanceKlass sun/reflect/GeneratedConstructorAccessor102
instanceKlass sun/reflect/GeneratedConstructorAccessor101
instanceKlass sun/reflect/GeneratedConstructorAccessor100
instanceKlass sun/reflect/GeneratedConstructorAccessor99
instanceKlass sun/reflect/GeneratedConstructorAccessor98
instanceKlass sun/reflect/GeneratedConstructorAccessor97
instanceKlass sun/reflect/GeneratedConstructorAccessor96
instanceKlass sun/reflect/GeneratedConstructorAccessor95
instanceKlass sun/reflect/GeneratedConstructorAccessor94
instanceKlass sun/reflect/GeneratedConstructorAccessor93
instanceKlass sun/reflect/GeneratedConstructorAccessor92
instanceKlass sun/reflect/GeneratedConstructorAccessor91
instanceKlass sun/reflect/GeneratedConstructorAccessor90
instanceKlass sun/reflect/GeneratedConstructorAccessor89
instanceKlass sun/reflect/GeneratedConstructorAccessor88
instanceKlass sun/reflect/GeneratedConstructorAccessor87
instanceKlass sun/reflect/GeneratedConstructorAccessor86
instanceKlass sun/reflect/GeneratedConstructorAccessor85
instanceKlass sun/reflect/GeneratedConstructorAccessor84
instanceKlass sun/reflect/GeneratedConstructorAccessor83
instanceKlass sun/reflect/GeneratedConstructorAccessor82
instanceKlass sun/reflect/GeneratedConstructorAccessor81
instanceKlass sun/reflect/GeneratedConstructorAccessor80
instanceKlass sun/reflect/GeneratedConstructorAccessor79
instanceKlass sun/reflect/GeneratedConstructorAccessor78
instanceKlass sun/reflect/GeneratedConstructorAccessor77
instanceKlass sun/reflect/GeneratedConstructorAccessor76
instanceKlass sun/reflect/GeneratedConstructorAccessor75
instanceKlass sun/reflect/GeneratedConstructorAccessor74
instanceKlass sun/reflect/GeneratedConstructorAccessor73
instanceKlass sun/reflect/GeneratedConstructorAccessor72
instanceKlass sun/reflect/GeneratedConstructorAccessor71
instanceKlass sun/reflect/GeneratedConstructorAccessor70
instanceKlass sun/reflect/GeneratedConstructorAccessor69
instanceKlass sun/reflect/GeneratedConstructorAccessor68
instanceKlass sun/reflect/GeneratedConstructorAccessor67
instanceKlass sun/reflect/GeneratedConstructorAccessor66
instanceKlass sun/reflect/GeneratedConstructorAccessor65
instanceKlass sun/reflect/GeneratedConstructorAccessor64
instanceKlass sun/reflect/GeneratedConstructorAccessor63
instanceKlass sun/reflect/GeneratedConstructorAccessor62
instanceKlass sun/reflect/GeneratedConstructorAccessor61
instanceKlass sun/reflect/GeneratedConstructorAccessor60
instanceKlass sun/reflect/GeneratedConstructorAccessor59
instanceKlass sun/reflect/GeneratedConstructorAccessor58
instanceKlass sun/reflect/GeneratedConstructorAccessor57
instanceKlass sun/reflect/GeneratedConstructorAccessor56
instanceKlass sun/reflect/GeneratedConstructorAccessor55
instanceKlass sun/reflect/GeneratedConstructorAccessor54
instanceKlass sun/reflect/SerializationConstructorAccessorImpl
instanceKlass sun/reflect/GeneratedConstructorAccessor53
instanceKlass sun/reflect/GeneratedConstructorAccessor52
instanceKlass sun/reflect/GeneratedConstructorAccessor51
instanceKlass sun/reflect/GeneratedConstructorAccessor50
instanceKlass sun/reflect/GeneratedConstructorAccessor49
instanceKlass sun/reflect/GeneratedConstructorAccessor48
instanceKlass sun/reflect/GeneratedConstructorAccessor47
instanceKlass sun/reflect/GeneratedConstructorAccessor46
instanceKlass sun/reflect/GeneratedConstructorAccessor45
instanceKlass sun/reflect/GeneratedConstructorAccessor44
instanceKlass sun/reflect/GeneratedConstructorAccessor43
instanceKlass sun/reflect/GeneratedConstructorAccessor42
instanceKlass sun/reflect/GeneratedConstructorAccessor41
instanceKlass sun/reflect/GeneratedConstructorAccessor40
instanceKlass sun/reflect/GeneratedConstructorAccessor39
instanceKlass sun/reflect/GeneratedConstructorAccessor38
instanceKlass sun/reflect/GeneratedConstructorAccessor37
instanceKlass sun/reflect/GeneratedConstructorAccessor36
instanceKlass sun/reflect/GeneratedConstructorAccessor35
instanceKlass sun/reflect/GeneratedConstructorAccessor34
instanceKlass sun/reflect/GeneratedConstructorAccessor33
instanceKlass sun/reflect/GeneratedConstructorAccessor32
instanceKlass sun/reflect/GeneratedConstructorAccessor31
instanceKlass sun/reflect/GeneratedConstructorAccessor30
instanceKlass sun/reflect/GeneratedConstructorAccessor29
instanceKlass sun/reflect/GeneratedConstructorAccessor28
instanceKlass sun/reflect/GeneratedConstructorAccessor27
instanceKlass sun/reflect/GeneratedConstructorAccessor26
instanceKlass sun/reflect/GeneratedConstructorAccessor25
instanceKlass sun/reflect/GeneratedConstructorAccessor24
instanceKlass sun/reflect/GeneratedConstructorAccessor23
instanceKlass sun/reflect/GeneratedConstructorAccessor22
instanceKlass sun/reflect/GeneratedConstructorAccessor21
instanceKlass sun/reflect/GeneratedConstructorAccessor20
instanceKlass sun/reflect/GeneratedConstructorAccessor19
instanceKlass sun/reflect/GeneratedConstructorAccessor18
instanceKlass sun/reflect/GeneratedConstructorAccessor17
instanceKlass sun/reflect/GeneratedConstructorAccessor16
instanceKlass sun/reflect/GeneratedConstructorAccessor15
instanceKlass sun/reflect/GeneratedConstructorAccessor14
instanceKlass sun/reflect/GeneratedConstructorAccessor13
instanceKlass sun/reflect/GeneratedConstructorAccessor12
instanceKlass sun/reflect/GeneratedConstructorAccessor11
instanceKlass sun/reflect/GeneratedConstructorAccessor10
instanceKlass sun/reflect/GeneratedConstructorAccessor9
instanceKlass sun/reflect/GeneratedConstructorAccessor8
instanceKlass sun/reflect/GeneratedConstructorAccessor7
instanceKlass sun/reflect/GeneratedConstructorAccessor6
instanceKlass sun/reflect/GeneratedConstructorAccessor5
instanceKlass sun/reflect/GeneratedConstructorAccessor4
instanceKlass sun/reflect/GeneratedConstructorAccessor3
instanceKlass sun/reflect/GeneratedConstructorAccessor2
instanceKlass sun/reflect/BootstrapConstructorAccessorImpl
instanceKlass sun/reflect/GeneratedConstructorAccessor1
instanceKlass sun/reflect/DelegatingConstructorAccessorImpl
instanceKlass sun/reflect/NativeConstructorAccessorImpl
ciInstanceKlass sun/reflect/ConstructorAccessorImpl 1 1 24 10 100 7 100 1 1 1 1 1 1 1 100 100 100 1 1 12 1 1 1 1 1 1
ciInstanceKlass sun/reflect/DelegatingClassLoader 1 1 13 10 100 7 1 1 1 1 1 1 12 1 1
ciInstanceKlass sun/reflect/ConstantPool 1 1 106 10 9 10 10 10 10 10 10 10 10 10 10 10 10 10 10 7 7 8 10 100 1 1 1 1 1 1 1 1 1 1 1 1 1 1 1 1 1 1 1 1 1 1 1 1 1 1 1 1 1 1 1 1 1 1 1 1 1 1 1 1 1 1 1 1 1 1 1 1 1 1 1 1 1 1 1 1 1 1 1 1 12 12 12 12 12 12 12 12 12 12 12 12 12 12 12 12 1 1 7 12 1 1 1 1
instanceKlass sun/reflect/UnsafeFieldAccessorImpl
ciInstanceKlass sun/reflect/FieldAccessorImpl 1 1 56 10 100 7 100 1 1 1 1 1 1 1 100 1 1 1 1 1 1 1 1 1 1 1 1 1 1 1 1 1 1 100 1 1 1 1 1 1 1 1 1 1 1 1 1 1 1 1 1 1 12 1 1 1 1 1
instanceKlass sun/reflect/UnsafeQualifiedFieldAccessorImpl
instanceKlass sun/reflect/UnsafeIntegerFieldAccessorImpl
instanceKlass sun/reflect/UnsafeObjectFieldAccessorImpl
instanceKlass sun/reflect/UnsafeStaticFieldAccessorImpl
ciInstanceKlass sun/reflect/UnsafeFieldAccessorImpl 1 1 233 10 9 10 10 9 10 9 10 10 9 10 10 10 10 100 10 10 10 8 10 10 100 8 10 8 10 8 10 100 10 10 8 10 8 10 8 10 8 10 8 10 8 10 8 10 8 10 8 10 10 8 8 8 8 8 8 10 8 8 8 10 10 7 7 1 1 1 1 1 1 1 1 1 1 1 1 1 100 100 1 1 1 1 1 1 1 1 1 100 100 1 1 1 1 1 1 1 1 1 1 1 1 1 1 1 1 1 1 1 1 1 1 1 1 12 12 7 12 7 12 12 7 12 12 12 12 12 12 7 12 7 12 12 1 12 12 1 12 1 1 12 1 12 1 12 1 12 1 12 1 100 12 1 100 12 1 100 12 1 100 12 1 100 12 1 100 12 1 100 12 1 100 12 12 1 1 1 1 1 1 100 12 1 1 1 12 12 1 1 1 1 1 1 1 1 1 1 1 1 1 1 1 1 1 1 1 1 1 1 1 1 1 1 1 1 1 1 1 1 1 1 1 1 1 1 1 1 1 1 1 1 1
staticfield sun/reflect/UnsafeFieldAccessorImpl unsafe Lsun/misc/Unsafe; sun/misc/Unsafe
instanceKlass sun/reflect/UnsafeQualifiedStaticFieldAccessorImpl
instanceKlass sun/reflect/UnsafeStaticObjectFieldAccessorImpl
ciInstanceKlass sun/reflect/UnsafeStaticFieldAccessorImpl 1 1 38 10 9 10 9 7 7 8 10 7 1 1 1 1 1 1 1 1 1 1 12 12 7 12 12 1 1 7 12 1 1 1 1 1 1 1 1 1
ciInstanceKlass java/lang/annotation/Annotation 1 1 17 100 100 1 1 1 1 1 1 1 1 1 1 1 1 1 1
ciInstanceKlass sun/reflect/CallerSensitive 1 1 17 100 100 100 1 1 1 1 1 1 1 1 1 1 1 1 1
instanceKlass java/lang/invoke/DelegatingMethodHandle
instanceKlass java/lang/invoke/BoundMethodHandle
instanceKlass java/lang/invoke/DirectMethodHandle
ciInstanceKlass java/lang/invoke/MethodHandle 1 1 444 9 10 10 10 9 10 10 10 10 10 10 11 10 10 10 9 10 100 100 10 8 10 10 8 10 10 10 10 10 10 10 10 10 7 10 10 10 8 10 10 10 10 10 8 10 8 10 8 10 9 100 10 9 9 8 10 10 10 10 10 10 10 10 8 10 10 10 10 10 10 9 8 10 10 8 10 10 10 10 10 10 8 10 10 100 9 10 7 10 10 9 10 10 8 9 9 9 10 10 10 10 7 10 10 8 10 10 100 10 100 1 1 1 1 1 1 1 1 1 1 1 1 1 1 1 1 1 1 1 1 1 1 100 1 1 1 1 1 1 1 1 1 1 1 1 1 1 1 100 1 1 1 1 1 1 1 100 100 1 1 1 1 1 100 100 1 1 1 1 1 1 1 1 1 1 1 1 1 1 1 1 1 1 1 1 100 1 1 1 1 1 1 1 1 1 1 1 1 7 1 1 1 1 1 1 1 1 1 1 1 1 1 1 1 1 1 100 1 1 12 12 12 7 12 12 12 7 12 12 100 12 12 12 100 12 12 12 12 12 12 1 1 1 12 12 1 12 12 7 12 12 12 12 12 7 12 7 12 1 12 12 12 1 7 12 12 12 12 12 1 12 1 12 1 100 12 12 1 100 12 100 1 12 12 12 12 12 12 12 12 1 12 12 12 12 12 12 12 1 12 12 1 12 12 7 12 12 12 1 12 12 1 12 1 100 12 12 12 12 12 1 12 12 12 7 12 12 12 12 1 12 12 12 12 1 12 1 1 1 1 1 1 1 1 1 1 1 1 1 1 1 1 1 1 1 1 1 1 1 1 1 1 1 1 1 1 1 1 1 1 1 1 1 1 1 1 1 1 1 1 1 1 1 1 1 1 1 1 1 1 1 1 1 1 1 1 1 1 1 1 1 1 1 1 1 1 1 1 1 1 1 1 1 1 1 1 1 1 1 1 1 1 1 1 1 1 1 1 1 1 1 1 1 1 1 1 1 1 1 1 1 1 1
staticfield java/lang/invoke/MethodHandle FORM_OFFSET J 20
staticfield java/lang/invoke/MethodHandle $assertionsDisabled Z 1
instanceKlass java/lang/invoke/DirectMethodHandle$StaticAccessor
instanceKlass java/lang/invoke/DirectMethodHandle$Constructor
instanceKlass java/lang/invoke/DirectMethodHandle$Special
instanceKlass java/lang/invoke/DirectMethodHandle$Accessor
instanceKlass java/lang/invoke/DirectMethodHandle$Interface
ciInstanceKlass java/lang/invoke/DirectMethodHandle 1 1 712 100 7 7 10 10 10 100 10 10 10 10 10 7 7 10 10 10 10 10 10 10 9 100 10 9 10 10 10 10 10 10 7 10 10 10 10 7 10 7 10 7 10 10 10 7 10 10 7 10 10 10 10 10 10 10 10 8 10 10 10 10 10 9 7 10 10 10 7 10 8 10 10 10 10 10 10 10 10 10 10 10 10 10 10 10 10 10 10 10 8 8 8 8 8 8 8 8 8 8 8 10 10 7 9 7 10 100 10 10 10 10 7 9 10 9 9 9 10 7 10 9 10 10 8 10 10 10 10 9 9 10 10 7 7 7 9 10 10 10 10 9 10 100 10 100 10 10 9 9 10 9 10 10 10 10 10 9 10 10 10 10 9 9 10 10 9 9 9 9 10 9 9 10 10 9 10 9 10 10 7 10 10 10 10 10 8 8 8 9 10 7 10 10 9 9 9 9 9 9 8 8 8 8 10 10 9 9 100 1 7 1 1 1 1 1 1 100 1 1 1 1 7 1 1 1 1 1 1 1 1 1 1 1 1 1 1 1 1 1 1 1 1 1 1 1 1 100 100 100 100 1 1 1 1 1 1 1 1 1 1 100 1 1 1 1 1 1 1 1 1 1 1 1 1 1 100 100 100 1 1 1 1 1 1 1 1 1 1 1 1 100 100 1 1 1 1 7 1 1 1 1 1 1 1 1 1 1 1 1 1 1 1 1 1 1 100 100 1 1 1 1 1 7 1 1 1 1 12 12 12 1 12 12 12 12 12 1 1 12 12 12 12 12 12 12 12 1 12 12 12 12 12 12 12 1 7 12 12 12 12 1 12 1 12 1 12 12 12 1 12 12 1 12 12 12 12 100 12 100 12 12 12 12 12 12 7 12 1 12 7 12 12 1 1 12 12 12 12 12 12 12 12 12 12 12 12 7 12 12 12 12 12 1 1 1 1 1 1 1 1 1 1 1 12 12 1 12 1 12 1 7 12 12 12 12 1 12 12 12 12 12 12 1 12 12 7 12 12 1 12 12 12 12 12 12 7 12 12 1 1 1 12 12 12 12 12 12 12 1 12 1 12 12 12 12 12 12 12 12 12 12 12 12 12 7 12 12 7 12 12 12 12 12 12 12 12 12 12 12 12 12 12 12 12 12 12 12 1 12 12 7 12 12 12 1 1 1 7 12 1 12 12 12 12 12 12 12 12 1 1 1 1 12 12 12 12 1 1 1 1 1 1 1 1 1 1 1 1 1 1 1 1 1 1 1 1 1 1 1 1 1 1 1 1 1 1 1 1 1 1 1 1 1 1 1 1 1 1 1 1 1 1 1 1 1 1 1 1 1 1 1 1 1 1 1 1 1 1 1 1 1 1 1 1 1 1 1 1 1 1 1 1 1 1 1 1 1 1 1 1 1 1 1 1 1 1 1 1 1 1 1 1 1 1 100 1 1 1 1 1 1 1 1 1 1 1 1 1 1 1 1 1 1 1 1 1 1 1 1 1 1 1 1 1 1 1 1 1 1 1 1 1 1 1 1 1 1 1 1 1 1 1 1 1 1 1 1 1 1 1 1 1 1 1 1 1 1 1 1 1 1 1 1 1 1 1 1 1 1 1 1
staticfield java/lang/invoke/DirectMethodHandle IMPL_NAMES Ljava/lang/invoke/MemberName$Factory; java/lang/invoke/MemberName$Factory
staticfield java/lang/invoke/DirectMethodHandle ACCESSOR_FORMS [Ljava/lang/invoke/LambdaForm; 132 [Ljava/lang/invoke/LambdaForm;
staticfield java/lang/invoke/DirectMethodHandle $assertionsDisabled Z 1
ciInstanceKlass java/lang/invoke/MemberName 1 1 654 7 7 100 10 10 10 9 9 10 9 10 10 10 10 10 10 10 9 10 100 7 10 8 10 10 10 10 9 8 10 7 7 10 10 7 7 7 10 9 100 8 10 10 10 10 10 10 10 10 10 8 8 8 10 10 9 3 10 10 10 10 10 10 10 10 10 7 8 10 10 8 9 8 9 10 8 10 10 10 10 10 100 10 10 8 10 10 8 10 10 100 10 10 8 8 10 10 10 10 10 10 10 10 10 3 10 3 10 3 3 3 3 3 3 10 100 10 3 10 3 10 10 10 10 10 10 10 10 10 10 10 10 100 10 10 10 100 10 10 10 10 100 10 10 8 10 10 10 10 10 10 10 10 10 10 10 100 10 100 8 10 10 10 10 10 10 10 8 8 8 8 10 10 10 8 8 10 8 10 10 10 8 8 10 10 8 8 100 10 8 8 8 8 10 7 7 7 10 100 10 7 10 9 10 100 100 7 1 1 1 1 1 1 1 1 1 1 1 1 1 1 1 3 1 3 1 3 1 3 1 3 1 3 1 1 1 1 1 1 1 1 3 1 1 1 1 3 1 1 1 1 1 1 1 1 1 1 1 1 1 1 1 100 100 1 100 1 1 1 1 1 1 1 1 1 1 1 1 1 1 1 1 1 1 1 1 1 1 1 1 1 1 1 1 100 1 1 1 1 1 1 1 1 1 1 1 1 1 1 1 1 1 1 1 1 1 1 1 1 1 1 1 1 1 1 1 1 1 100 100 1 1 1 1 1 100 1 1 1 100 1 1 1 1 1 1 1 1 1 100 1 1 1 1 1 1 1 1 100 1 1 1 1 1 1 1 1 1 100 1 1 1 1 1 100 1 1 1 1 1 1 1 1 1 1 1 1 1 1 7 1 1 12 12 12 12 12 12 12 12 12 12 12 12 12 12 100 12 12 1 1 12 1 12 12 12 12 12 1 100 12 1 1 12 1 1 1 12 12 1 1 12 12 12 12 12 12 12 12 12 1 1 1 100 12 12 12 12 12 12 12 12 12 12 12 1 12 12 100 100 12 1 12 12 12 12 12 1 12 12 1 12 12 1 12 12 1 12 12 1 1 12 12 12 12 12 12 12 12 12 12 12 100 1 1 7 12 12 12 12 12 7 12 12 12 12 12 12 1 12 1 12 12 1 12 100 12 100 12 12 12 12 12 12 12 1 12 1 1 7 12 12 7 12 12 12 1 1 1 1 12 12 12 1 1 12 1 12 12 1 1 12 1 1 1 1 1 1 1 12 1 1 1 1 1 7 12 12 12 1 1 1 1 1 1 1 1 1 1 1 1 1 1 1 1 1 1 1 1 1 1 1 1 1 1 1 1 1 1 1 1 1 1 1 1 1 1 1 1 1 1 1 1 1 1 1 1 1 1 1 1 1 1 1 1 1 1 1 1 1 1 1 1 1 1 1 1 1 1 1 1 1 1 1 1 1 1 1 1 1 1 1 1
staticfield java/lang/invoke/MemberName $assertionsDisabled Z 1
ciInstanceKlass java/lang/invoke/MethodHandleNatives 1 1 442 100 10 9 10 100 10 10 10 10 8 8 8 8 8 8 8 8 8 8 7 10 7 10 10 100 10 10 8 10 8 10 8 10 9 8 10 100 10 100 100 8 7 7 10 10 7 9 10 10 10 7 10 10 10 10 100 10 9 8 10 8 10 8 8 8 100 8 10 10 10 10 10 100 10 10 8 8 10 10 10 8 10 8 8 9 10 10 10 100 100 10 10 10 100 100 10 10 100 10 10 100 100 10 10 10 10 100 10 10 10 10 10 10 10 8 8 100 10 100 10 10 10 10 7 10 10 10 9 10 10 10 1 1 1 1 1 1 1 1 1 1 1 1 1 1 1 1 100 1 1 1 1 1 1 1 1 1 1 1 1 1 1 1 1 1 1 1 1 1 1 1 1 1 1 1 1 1 1 1 1 1 1 1 100 100 100 1 1 100 100 100 100 1 1 100 1 1 100 1 1 1 1 1 1 1 1 1 1 1 1 1 100 100 100 100 1 1 1 100 100 1 1 1 1 1 1 1 1 1 12 12 12 1 12 12 12 1 1 1 1 1 1 1 1 1 1 1 12 1 12 100 12 1 12 1 12 1 12 1 12 100 12 1 100 12 1 12 1 1 1 1 1 12 1 7 12 12 12 7 12 1 12 7 12 12 12 1 100 12 12 1 12 1 12 1 1 1 1 1 12 12 12 12 12 1 12 12 1 1 12 12 1 100 12 1 1 7 12 12 12 12 1 1 12 1 1 1 1 1 100 12 12 1 12 7 12 12 12 12 12 1 1 1 12 1 12 12 12 12 1 12 12 12 12 7 12 12 12 1 1 1 1 1 1 1 1 1 1 1 1 1 1 1 1 1 1 1 1 1 1 1 1 1 1 1 1 1 1 1 1 1 1 1 1 1 1 1 1 1 1 1 1 1 1 1 1 1 1 1 1 1 1 1 100 1 1 1 1 1 1 1 1 1 1 1 1 1 1 1 1 1 1 1 1 1 1 1 1 1 1 1
staticfield java/lang/invoke/MethodHandleNatives COUNT_GWT Z 1
staticfield java/lang/invoke/MethodHandleNatives $assertionsDisabled Z 1
ciInstanceKlass java/lang/invoke/LambdaForm 1 1 986 7 100 9 10 10 9 9 10 100 10 9 10 9 10 7 9 10 9 9 9 10 7 10 10 10 10 10 10 10 9 10 8 10 10 10 10 7 10 10 8 10 10 10 100 8 10 10 10 10 10 7 10 7 10 10 9 9 10 10 100 10 10 10 10 10 10 10 10 10 10 8 10 10 8 8 9 9 9 10 10 10 9 10 10 10 10 10 10 10 10 8 8 8 8 8 8 8 8 10 9 10 10 10 10 10 10 10 7 10 10 9 10 10 10 10 10 10 8 10 100 100 10 10 10 10 11 11 11 7 10 10 10 10 7 10 8 10 10 8 10 10 10 7 10 8 10 9 10 10 8 8 10 10 8 8 8 10 10 9 10 8 8 9 10 10 8 8 8 100 8 100 8 100 8 10 8 10 9 10 10 9 10 10 10 10 10 10 10 10 10 10 8 100 10 10 9 10 8 8 100 8 8 9 8 8 8 10 8 8 8 10 10 8 8 8 10 8 10 8 8 8 8 8 10 10 10 10 10 10 10 10 10 10 10 10 10 10 10 10 10 10 10 9 8 10 11 11 9 9 9 9 9 10 10 8 10 8 9 7 10 100 10 7 10 9 10 10 10 10 9 10 10 9 10 9 10 9 7 9 9 10 100 10 10 10 10 9 100 1 100 1 100 1 1 1 7 1 1 1 1 1 1 1 1 1 1 1 1 1 1 1 1 1 1 1 1 1 3 1 3 1 3 1 1 1 3 1 1 1 7 1 1 1 1 1 1 1 1 1 1 1 1 1 1 1 1 1 1 1 1 100 100 100 1 1 1 1 1 1 100 1 1 1 1 1 1 1 100 100 100 100 1 1 1 1 1 1 1 1 1 1 1 1 1 1 1 1 1 1 1 1 1 1 1 1 1 1 1 1 1 1 1 100 1 1 1 1 100 1 100 100 1 1 1 1 1 1 1 1 1 100 1 1 1 1 1 1 1 100 1 1 1 1 1 1 1 1 1 1 1 1 100 1 1 1 1 1 1 1 1 1 1 1 1 1 1 1 1 1 100 1 1 1 1 100 1 1 1 100 1 1 1 1 1 1 1 1 1 1 1 1 1 1 1 1 1 1 1 1 1 1 1 100 100 100 1 1 1 1 1 1 1 1 1 1 1 1 1 1 1 1 1 1 1 1 1 1 1 1 1 1 100 1 1 12 12 12 12 12 12 1 12 12 12 7 12 12 12 12 12 12 12 1 12 12 100 12 100 12 12 12 12 12 12 1 12 12 12 7 12 1 12 1 12 12 12 1 1 12 12 12 12 12 1 12 1 12 12 12 12 12 12 1 12 12 12 12 12 12 100 12 12 1 12 12 1 1 12 12 12 12 7 12 12 12 7 12 12 12 12 12 12 12 1 1 1 1 1 1 1 1 12 12 12 12 12 12 12 12 12 1 12 12 12 12 12 12 12 7 12 12 1 1 7 12 12 12 7 12 7 12 12 1 12 12 12 12 1 12 1 12 12 1 12 12 1 12 1 12 12 12 12 1 1 12 12 1 1 1 12 12 100 12 12 1 1 12 12 12 1 1 1 1 1 1 1 1 1 12 1 12 7 12 12 12 12 12 12 12 12 12 12 12 12 1 1 12 12 12 12 1 1 1 1 1 12 1 1 1 100 12 1 1 1 12 12 1 1 1 12 1 12 1 1 1 1 1 12 12 12 7 12 12 12 12 12 12 12 12 12 12 12 12 12 12 12 12 1 12 12 12 12 12 12 12 12 12 12 1 12 1 12 1 12 1 12 1 12 12 12 12 12 12 12 7 12 12 12 12 12 12 12 12 1 12 12 12 1 1 1 1 1 1 1 1 1 1 1 1 1 1 1 1 1 1 1 1 1 1 1 1 1 1 1 1 1 1 1 1 1 1 1 1 1 1 1 1 1 1 1 1 1 1 1 1 1 1 1 1 1 1 1 1 1 1 1 1 1 1 1 1 1 1 1 1 1 1 1 1 1 1 1 1 1 1 1 1 1 1 1 1 1 1 1 1 1 1 1 1 1 1 1 1 1 1 1 1 1 1 1 1 1 1 1 1 1 1 1 1 1 1 1 1 1 1 1 1 1 1 1 1 1 1 1 1 1 1 1 1 1 1 1 1 1 1 1 1 1 1 1 1 1 1 1 1 1 1 1 1 1 1 1 1 1 1 1 1 1 1 1 1 1 1 1 1 1 1 1 1 1 1 1 1 1 1
staticfield java/lang/invoke/LambdaForm COMPILE_THRESHOLD I 0
staticfield java/lang/invoke/LambdaForm INTERNED_ARGUMENTS [[Ljava/lang/invoke/LambdaForm$Name; 5 [[Ljava/lang/invoke/LambdaForm$Name;
staticfield java/lang/invoke/LambdaForm IMPL_NAMES Ljava/lang/invoke/MemberName$Factory; java/lang/invoke/MemberName$Factory
staticfield java/lang/invoke/LambdaForm LF_identityForm [Ljava/lang/invoke/LambdaForm; 6 [Ljava/lang/invoke/LambdaForm;
staticfield java/lang/invoke/LambdaForm LF_zeroForm [Ljava/lang/invoke/LambdaForm; 6 [Ljava/lang/invoke/LambdaForm;
staticfield java/lang/invoke/LambdaForm NF_identity [Ljava/lang/invoke/LambdaForm$NamedFunction; 6 [Ljava/lang/invoke/LambdaForm$NamedFunction;
staticfield java/lang/invoke/LambdaForm NF_zero [Ljava/lang/invoke/LambdaForm$NamedFunction; 6 [Ljava/lang/invoke/LambdaForm$NamedFunction;
staticfield java/lang/invoke/LambdaForm DEBUG_NAME_COUNTERS Ljava/util/HashMap; null
staticfield java/lang/invoke/LambdaForm TRACE_INTERPRETER Z 0
staticfield java/lang/invoke/LambdaForm $assertionsDisabled Z 1
ciInstanceKlass java/lang/invoke/MethodType 1 1 603 7 10 10 10 9 10 7 9 9 10 9 8 10 10 9 9 10 7 10 8 10 10 10 100 8 10 100 10 10 10 10 11 9 11 7 10 9 10 10 10 10 10 9 7 10 7 10 10 10 10 10 10 10 10 10 10 8 8 10 9 100 10 10 10 10 10 10 10 10 10 8 10 10 10 10 10 11 10 10 10 10 10 7 10 10 10 10 9 7 10 10 10 10 10 10 10 10 8 8 10 8 10 10 9 10 10 10 10 10 10 10 10 10 10 10 10 9 7 10 10 10 10 10 8 10 11 9 10 10 10 10 10 9 9 10 9 10 10 100 10 7 10 7 9 8 10 10 8 100 100 10 100 1 1 1 1 1 5 0 1 1 1 1 1 1 1 1 1 1 1 1 1 1 1 1 1 1 1 3 1 3 1 3 1 1 1 1 1 1 1 1 1 1 1 1 1 1 1 1 1 100 100 1 1 1 1 1 1 1 1 1 1 1 1 1 1 1 1 1 1 1 1 1 1 1 1 1 1 1 1 1 1 1 1 1 1 1 1 1 1 1 1 1 1 1 1 1 1 1 1 1 1 1 1 1 1 1 1 1 1 1 1 1 1 1 1 1 1 1 1 1 1 1 1 1 1 1 1 1 1 1 1 1 1 1 1 1 1 1 1 1 1 1 1 1 1 1 1 1 1 100 1 1 1 1 100 1 1 1 1 1 1 1 100 1 1 100 1 1 1 1 1 1 100 100 1 100 1 1 1 1 1 100 1 1 100 1 1 1 1 100 1 1 1 12 12 12 12 7 12 12 12 7 12 7 12 1 7 12 12 7 7 12 1 1 12 12 12 1 1 12 1 12 12 12 7 12 12 12 1 7 12 12 12 12 12 12 12 12 1 12 1 12 12 7 12 12 12 12 12 12 12 12 1 1 12 12 1 12 12 12 12 100 12 12 12 1 12 12 7 12 12 12 12 12 12 12 12 12 1 12 12 12 12 1 12 7 12 12 7 12 12 12 1 1 12 1 100 12 12 12 12 12 12 12 12 12 100 12 12 12 12 12 12 1 12 12 12 7 12 12 1 7 12 12 12 12 12 100 12 12 12 12 12 7 12 12 100 12 12 12 1 1 12 12 12 1 1 12 1 1 1 1 1 1 1 1 1 1 1 1 1 1 1 1 1 1 1 1 1 1 1 1 1 1 1 1 1 1 1 1 1 1 1 1 1 1 1 1 1 1 1 1 1 1 1 1 1 1 1 1 1 1 1 1 1 1 1 1 1 1 1 1 1 1 1 1 1 1 1 1 1 1 1 1 1 1 1 1 1 1 1 1 1 1 1 1 1 1 1 1 1 1 1 1 1 1 1 1 1 1 1
staticfield java/lang/invoke/MethodType internTable Ljava/lang/invoke/MethodType$ConcurrentWeakInternSet; java/lang/invoke/MethodType$ConcurrentWeakInternSet
staticfield java/lang/invoke/MethodType NO_PTYPES [Ljava/lang/Class; 0 [Ljava/lang/Class;
staticfield java/lang/invoke/MethodType objectOnlyTypes [Ljava/lang/invoke/MethodType; 20 [Ljava/lang/invoke/MethodType;
staticfield java/lang/invoke/MethodType serialPersistentFields [Ljava/io/ObjectStreamField; 0 [Ljava/io/ObjectStreamField;
staticfield java/lang/invoke/MethodType rtypeOffset J 12
staticfield java/lang/invoke/MethodType ptypesOffset J 16
staticfield java/lang/invoke/MethodType $assertionsDisabled Z 1
ciInstanceKlass java/lang/BootstrapMethodError 0 0 39 10 10 10 10 10 100 100 1 1 1 5 0 1 1 1 1 1 1 1 1 100 100 1 1 12 12 12 100 12 12 1 1 1 1 1 1 1 1
instanceKlass java/lang/invoke/VolatileCallSite
instanceKlass java/lang/invoke/MutableCallSite
instanceKlass java/lang/invoke/ConstantCallSite
ciInstanceKlass java/lang/invoke/CallSite 1 1 322 10 10 9 10 10 100 7 10 7 10 10 10 100 100 10 10 10 8 10 10 10 9 10 10 10 10 100 8 10 10 10 100 10 9 10 10 10 10 9 9 10 10 9 10 10 10 10 10 10 7 10 10 10 10 10 10 7 100 8 10 10 10 10 10 7 100 8 10 10 100 8 10 7 10 10 10 8 10 10 8 10 10 100 10 8 10 10 100 100 10 1 1 1 1 1 1 1 1 1 1 1 1 1 1 1 1 1 1 1 1 1 100 1 1 1 1 1 1 1 1 100 1 1 1 1 1 100 100 100 100 100 100 100 1 1 1 1 1 1 1 1 100 100 1 1 12 12 12 12 12 1 1 12 1 12 12 12 1 1 100 12 12 1 12 12 12 12 12 100 12 12 1 1 12 12 1 12 12 12 12 12 100 12 7 12 12 7 12 12 7 12 12 12 12 12 7 12 12 1 12 12 12 12 12 12 1 1 1 12 12 100 12 12 1 1 1 12 1 1 12 1 12 12 7 12 12 12 12 12 1 12 12 12 1 1 12 1 1 1 1 1 1 1 1 1 1 1 1 1 1 1 1 1 1 1 1 1 1 1 1 1 1 1 1 1 1 1 1 1 1 1 1 1 1 1 1 1 1 1 1 1 1 1 1 1 1 1 1 1 1 1 1 1 1 1 1 1 1 1 1 1 1 1 1 1 1 1 1 1 1 1 1 1 1 1 1 1 1 1 1 1
staticfield java/lang/invoke/CallSite GET_TARGET Ljava/lang/invoke/MethodHandle; java/lang/invoke/DirectMethodHandle
staticfield java/lang/invoke/CallSite THROW_UCS Ljava/lang/invoke/MethodHandle; java/lang/invoke/MethodHandleImpl$AsVarargsCollector
staticfield java/lang/invoke/CallSite TARGET_OFFSET J 12
ciInstanceKlass java/lang/invoke/ConstantCallSite 1 1 42 10 9 10 100 10 9 100 10 10 7 7 1 1 1 1 1 1 1 1 100 1 1 1 1 1 1 1 12 12 12 1 12 12 1 12 1 1 1 1 1 1
ciInstanceKlass java/lang/invoke/MutableCallSite 0 0 57 10 10 9 10 10 10 9 10 10 100 10 100 100 1 1 1 1 1 1 1 1 1 1 1 1 1 1 1 1 1 1 12 12 12 12 12 12 12 12 100 12 1 12 1 1 1 1 1 1 1 1 1 1 1 1 1
ciInstanceKlass java/lang/invoke/VolatileCallSite 0 0 33 10 10 10 10 10 10 100 100 1 1 1 1 1 1 1 1 1 1 1 12 12 12 12 12 12 1 1 1 1 1 1 1
instanceKlass java/lang/StringBuilder
instanceKlass java/lang/StringBuffer
ciInstanceKlass java/lang/AbstractStringBuilder 1 1 318 7 10 9 9 10 10 10 7 3 10 3 100 10 100 10 10 10 10 100 10 10 10 8 10 10 10 10 10 10 10 10 10 10 10 7 10 11 10 8 100 10 8 10 10 8 8 10 10 11 3 8 10 10 7 5 0 8 10 10 10 10 10 10 10 10 100 10 8 8 10 10 10 8 8 8 10 10 8 10 10 10 10 10 10 10 10 10 10 10 10 10 10 10 7 100 7 1 1 1 1 1 1 1 1 1 1 1 1 1 1 1 1 1 1 1 1 1 1 1 1 1 1 1 1 1 1 1 1 1 1 1 1 1 1 1 1 1 1 1 1 1 1 1 1 1 1 1 1 1 1 1 1 1 1 1 1 1 1 1 1 1 1 1 1 1 1 1 1 1 1 1 1 1 1 1 1 1 1 1 1 1 100 1 1 1 1 1 12 12 12 12 12 7 12 1 12 1 1 12 12 7 12 12 1 12 12 1 12 7 12 12 12 12 12 12 100 1 12 12 1 1 1 12 12 1 1 12 12 1 12 12 1 1 12 12 7 12 12 12 12 12 1 1 1 12 12 12 1 1 1 12 12 1 12 12 12 12 12 12 12 12 12 12 12 12 12 12 12 1 1 1 1 1 1 1 1 1 1 1 1 1 1 1 1 1 1 1 1 1 1 1 1 1 1 1 1 1 1 1 1 1 1 1 1 1 1 1 1 1 1 1 1 1 1 1 1 1
ciInstanceKlass java/lang/StringBuffer 1 1 378 10 10 10 11 10 10 9 9 10 10 9 10 100 10 10 10 10 10 10 10 10 10 10 10 10 10 10 10 10 10 10 10 10 10 10 10 10 10 10 10 10 10 10 10 10 10 10 10 10 10 10 10 10 10 10 10 7 10 10 8 10 8 10 8 10 10 10 10 7 10 100 8 10 10 10 10 10 10 10 10 10 10 10 10 10 10 10 10 10 10 10 10 10 10 10 10 10 10 10 10 10 10 7 10 9 9 9 7 7 100 100 1 1 1 1 1 5 0 1 1 1 1 1 1 1 1 1 1 1 1 1 1 1 1 1 1 1 1 1 1 1 1 1 1 1 1 1 1 1 1 1 1 1 1 1 1 1 1 1 1 1 1 1 1 1 1 1 1 1 1 1 1 1 1 1 1 1 1 1 1 1 1 1 1 1 1 1 1 1 1 1 1 1 1 1 100 1 1 100 100 1 1 1 1 1 1 1 1 1 1 1 1 1 1 1 1 1 1 1 1 1 1 1 1 1 1 1 1 1 1 1 1 1 1 12 12 12 12 12 12 12 12 12 12 1 12 12 12 12 12 12 12 12 12 12 12 12 12 12 12 12 12 12 12 12 12 12 12 12 12 12 12 12 12 12 12 12 12 12 12 12 12 12 12 7 12 1 12 100 12 1 100 12 1 12 1 12 12 100 12 100 12 12 1 1 12 12 12 12 12 12 12 12 12 12 12 12 12 12 12 12 12 12 12 12 12 12 12 12 12 12 12 12 12 12 1 12 7 12 7 12 1 1 1 1 1 1 1 1 1 1 1 1 1 1 1 1 1 1 1 1 1 1 1 1 1 1 1 1 1 1 1 1 1 1 1 1
staticfield java/lang/StringBuffer serialPersistentFields [Ljava/io/ObjectStreamField; 3 [Ljava/io/ObjectStreamField;
ciInstanceKlass java/lang/StringBuilder 1 1 333 10 10 10 11 10 10 10 10 10 10 10 10 10 10 10 10 10 10 10 10 10 10 10 10 10 10 10 10 10 10 10 10 10 10 10 10 10 10 10 10 7 9 9 10 10 10 10 10 10 10 100 100 8 10 10 10 10 10 10 10 10 10 10 10 10 10 10 10 10 10 10 10 10 10 10 10 10 10 10 10 10 10 10 10 10 10 10 10 10 10 10 10 10 10 10 10 10 7 7 100 100 1 1 1 5 0 1 1 1 1 1 1 1 1 1 1 1 1 1 1 1 1 1 1 1 1 1 1 1 1 1 1 1 1 1 1 1 1 1 1 1 1 1 1 1 1 1 1 1 1 1 1 1 1 1 1 100 1 1 1 100 1 1 1 1 1 1 1 1 1 1 1 1 1 1 1 1 1 1 1 1 1 1 1 1 1 1 1 1 1 1 1 1 1 1 1 1 1 1 1 1 1 1 1 1 1 1 1 1 1 1 1 1 1 1 1 12 12 12 12 12 12 12 12 12 12 12 12 12 12 12 12 12 12 12 12 12 12 12 12 12 12 12 12 12 12 12 12 12 12 12 12 12 12 1 12 12 12 100 12 12 12 100 12 12 12 1 1 1 12 12 12 12 12 12 12 12 12 12 12 12 12 12 12 12 12 12 12 12 12 12 12 12 12 12 12 12 12 12 12 12 12 12 12 12 12 12 12 12 12 12 12 1 1 1 1 1 1 1 1 1 1 1 1 1 1 1 1 1 1 1 1
ciInstanceKlass sun/misc/Unsafe 1 1 390 10 10 10 10 7 8 10 9 10 10 10 10 10 10 10 10 10 10 10 10 10 10 10 10 10 10 10 10 10 10 10 10 10 10 10 10 10 10 10 10 100 10 10 7 7 8 10 10 7 10 9 7 9 7 9 7 9 7 9 7 9 7 9 7 9 7 9 10 9 9 9 9 9 9 9 9 9 10 9 7 1 1 1 1 1 3 1 1 1 1 1 1 1 1 1 1 1 1 1 1 1 1 1 1 1 1 1 1 1 1 1 1 1 100 1 1 1 1 1 1 1 1 1 1 1 1 1 1 1 1 1 1 1 1 1 1 1 1 1 1 1 1 1 1 1 1 1 1 1 1 1 1 1 1 1 1 1 1 1 1 1 1 1 1 1 1 1 1 1 1 1 1 1 1 1 1 1 1 1 1 1 1 1 1 1 1 1 1 1 1 1 1 1 1 1 1 1 1 1 1 1 1 1 100 1 1 1 1 1 1 1 1 1 1 1 1 1 1 1 1 1 1 1 1 1 1 1 1 1 1 1 7 1 1 1 1 1 1 1 1 1 1 1 1 1 1 1 1 1 1 1 1 1 1 1 1 1 1 1 1 1 1 1 1 1 1 1 1 1 1 1 1 1 1 1 1 1 1 1 1 1 1 1 1 1 1 12 7 12 7 12 7 12 1 1 12 12 12 12 12 12 12 12 12 12 12 12 12 12 12 12 12 12 12 12 12 12 100 12 100 12 12 12 12 12 12 12 12 12 12 12 1 12 1 1 12 1 12 12 1 12 1 12 1 12 1 12 1 12 1 12 1 12 1 12 12 12 12 12 12 12 12 12 12 12 12 12 1 1 1 1 1 1 1 1 1 1 1 1 1 1 1 1 1 1 1 1 1 1
staticfield sun/misc/Unsafe theUnsafe Lsun/misc/Unsafe; sun/misc/Unsafe
staticfield sun/misc/Unsafe ARRAY_BOOLEAN_BASE_OFFSET I 16
staticfield sun/misc/Unsafe ARRAY_BYTE_BASE_OFFSET I 16
staticfield sun/misc/Unsafe ARRAY_SHORT_BASE_OFFSET I 16
staticfield sun/misc/Unsafe ARRAY_CHAR_BASE_OFFSET I 16
staticfield sun/misc/Unsafe ARRAY_INT_BASE_OFFSET I 16
staticfield sun/misc/Unsafe ARRAY_LONG_BASE_OFFSET I 16
staticfield sun/misc/Unsafe ARRAY_FLOAT_BASE_OFFSET I 16
staticfield sun/misc/Unsafe ARRAY_DOUBLE_BASE_OFFSET I 16
staticfield sun/misc/Unsafe ARRAY_OBJECT_BASE_OFFSET I 16
staticfield sun/misc/Unsafe ARRAY_BOOLEAN_INDEX_SCALE I 1
staticfield sun/misc/Unsafe ARRAY_BYTE_INDEX_SCALE I 1
staticfield sun/misc/Unsafe ARRAY_SHORT_INDEX_SCALE I 2
staticfield sun/misc/Unsafe ARRAY_CHAR_INDEX_SCALE I 2
staticfield sun/misc/Unsafe ARRAY_INT_INDEX_SCALE I 4
staticfield sun/misc/Unsafe ARRAY_LONG_INDEX_SCALE I 8
staticfield sun/misc/Unsafe ARRAY_FLOAT_INDEX_SCALE I 4
staticfield sun/misc/Unsafe ARRAY_DOUBLE_INDEX_SCALE I 8
staticfield sun/misc/Unsafe ARRAY_OBJECT_INDEX_SCALE I 4
staticfield sun/misc/Unsafe ADDRESS_SIZE I 8
instanceKlass org/apache/catalina/webresources/TrackedInputStream
instanceKlass java/io/ObjectInputStream$PeekInputStream
instanceKlass java/io/ObjectInputStream$BlockDataInputStream
instanceKlass com/mysql/cj/protocol/a/CompressedInputStream
instanceKlass com/mysql/cj/protocol/ReadAheadInputStream
instanceKlass org/apache/http/client/entity/DeflateInputStream
instanceKlass javax/servlet/ServletInputStream
instanceKlass java/util/jar/JarVerifier$VerifierStream
instanceKlass java/io/ObjectInputStream
instanceKlass sun/nio/ch/ChannelInputStream
instanceKlass com/sun/org/apache/xerces/internal/impl/XMLEntityManager$RewindableInputStream
instanceKlass java/util/zip/ZipFile$ZipFileInputStream
instanceKlass java/io/FilterInputStream
instanceKlass java/io/FileInputStream
instanceKlass java/io/ByteArrayInputStream
ciInstanceKlass java/io/InputStream 1 1 63 10 10 100 10 100 10 10 100 7 5 0 10 8 10 7 100 1 1 1 3 1 1 1 1 1 1 1 1 1 1 100 1 1 100 100 1 1 1 1 1 1 1 1 1 12 12 1 1 12 1 1 100 12 1 12 1 1 1 1 1 1 1
instanceKlass sun/security/util/DerInputBuffer
ciInstanceKlass java/io/ByteArrayInputStream 1 1 62 10 9 9 9 9 10 100 10 100 10 10 7 7 1 1 1 1 1 1 1 1 1 1 1 1 1 1 1 1 1 1 1 1 1 1 1 1 1 100 1 1 12 12 12 12 12 7 12 1 1 7 12 1 1 1 1 1 1 1 1 1
ciInstanceKlass java/io/File 1 1 597 9 9 10 9 9 9 10 9 9 100 10 8 10 10 100 10 10 10 10 10 100 8 10 10 8 10 8 10 8 10 8 10 8 10 8 10 8 10 9 10 10 10 10 10 10 10 7 10 10 10 10 10 7 8 10 10 10 8 10 7 10 10 10 10 7 10 100 10 10 10 10 10 8 7 10 100 100 10 10 10 7 10 10 10 10 10 10 10 10 10 10 10 7 7 10 11 11 11 11 100 10 10 10 10 7 11 10 10 10 10 10 10 10 8 10 10 10 10 10 10 10 10 100 8 10 10 10 8 8 10 10 100 8 10 10 10 10 10 10 10 10 8 10 10 9 9 10 9 10 9 10 10 10 10 10 10 9 10 9 9 10 10 10 8 100 7 100 100 7 1 1 7 1 1 1 1 1 1 1 1 1 1 1 1 1 1 1 1 1 1 1 1 1 5 0 1 1 1 1 1 1 1 1 1 100 1 1 1 1 1 100 100 1 1 1 1 100 1 1 1 1 1 1 1 1 1 1 1 1 1 1 1 1 1 1 1 1 1 100 1 100 1 1 1 1 1 1 1 1 1 1 1 1 1 1 1 1 100 1 1 1 100 100 1 100 1 1 100 1 1 1 1 1 1 1 1 1 1 1 1 1 1 1 1 1 100 1 1 1 1 1 1 1 1 1 1 1 100 7 1 1 100 100 100 1 1 100 1 1 1 1 12 12 12 12 12 12 12 12 12 1 1 12 12 1 12 12 12 12 1 1 12 12 1 12 1 12 1 12 1 12 1 12 1 12 1 12 12 12 12 12 12 12 12 12 1 12 12 12 12 12 1 1 12 12 1 12 1 12 12 12 1 1 12 12 12 12 1 1 12 1 1 12 7 12 100 12 1 12 12 12 12 12 12 12 12 7 12 12 12 1 1 7 12 100 12 12 12 1 12 1 100 12 12 12 12 12 12 12 12 1 12 12 12 12 12 12 12 12 1 1 12 12 1 1 12 12 1 1 12 12 12 12 100 12 12 100 12 100 12 12 12 12 7 12 12 12 12 7 12 7 12 7 12 7 12 12 12 12 12 12 12 12 12 12 1 1 1 1 1 1 1 1 1 1 1 1 1 1 1 1 1 1 1 1 1 1 1 1 1 1 1 1 1 1 1 1 1 1 1 1 1 1 1 1 1 1 1 1 1 1 1 1 1 1 1 1 1 1 1 1 1 1 1 1 1 1 1 1 1 1 1 1 1 1 1 1 1 1 1 1 1 1 1 1 1 1 1 1 1 1 1 1 1 1 1 1 1 1 1 1 1 1 1 1 1 1 1 1 1 1 1 1 1 1 1 1 1 1 1 1 1 1 1 1 1
staticfield java/io/File fs Ljava/io/FileSystem; java/io/WinNTFileSystem
staticfield java/io/File separatorChar C 92
staticfield java/io/File separator Ljava/lang/String; "\"
staticfield java/io/File pathSeparatorChar C 59
staticfield java/io/File pathSeparator Ljava/lang/String; ";"
staticfield java/io/File PATH_OFFSET J 16
staticfield java/io/File PREFIX_LENGTH_OFFSET J 12
staticfield java/io/File UNSAFE Lsun/misc/Unsafe; sun/misc/Unsafe
staticfield java/io/File $assertionsDisabled Z 1
instanceKlass org/apache/catalina/loader/WebappClassLoaderBase
instanceKlass sun/misc/Launcher$ExtClassLoader
instanceKlass sun/misc/Launcher$AppClassLoader
ciInstanceKlass java/net/URLClassLoader 1 1 550 9 10 9 10 7 10 9 10 10 10 7 10 10 10 10 10 10 7 10 10 10 7 7 100 8 10 10 10 10 11 11 11 100 11 11 10 11 11 11 10 10 10 7 10 10 7 100 10 7 10 10 10 10 100 7 10 8 10 8 10 10 10 8 8 10 10 10 100 100 8 10 10 10 10 10 10 10 10 10 7 10 10 10 10 10 10 10 10 8 10 11 9 10 9 9 9 9 9 9 10 8 10 7 10 10 7 10 10 7 10 10 10 10 7 10 9 10 8 100 8 10 10 8 10 10 9 10 10 10 10 100 8 10 100 10 10 100 10 10 7 100 10 7 10 10 10 7 1 1 1 1 1 1 1 1 1 1 1 1 1 1 100 100 100 100 1 100 1 1 1 100 1 1 100 100 100 100 100 100 100 100 100 1 1 100 100 100 100 1 1 1 1 1 1 1 100 100 1 1 1 100 1 1 100 1 1 100 1 1 100 100 1 1 1 1 1 1 1 1 1 100 100 100 1 1 1 1 1 1 1 1 1 1 1 1 12 12 12 12 1 12 12 7 12 100 12 7 12 1 12 12 12 12 7 12 1 12 12 12 1 1 1 1 12 12 12 12 100 12 100 12 12 1 12 100 12 12 12 12 12 12 12 1 12 12 1 1 12 1 12 7 12 12 1 1 1 12 1 12 12 1 1 12 12 12 1 1 1 12 12 7 12 7 12 12 12 12 12 12 1 12 7 12 12 12 12 12 7 12 12 1 12 7 12 7 12 7 12 12 12 12 12 12 12 7 12 1 12 1 12 1 12 12 1 12 12 12 12 1 7 12 7 12 12 1 1 1 12 12 1 12 12 12 100 12 12 12 12 1 1 1 12 7 12 1 12 12 1 1 1 12 7 12 1 1 1 1 1 1 1 1 1 1 1 1 1 1 1 1 1 1 1 1 1 1 1 1 1 1 1 1 1 1 1 1 1 1 1 1 1 1 1 1 1 1 1 1 1 1 1 1 1 1 1 1 1 1 1 1 1 1 1 1 1 1 1 1 1 1 1 1 1 1 1 1 1 1 1 1 1 1 1 1 1 1 1 1 1 1 1 1 1 1 1 1 1 1 1 1 1 1 1 1 1 1 1 1 1 1 1 1 1 1 1 1 1 1 1 1 1 1 1 1 1 1 1 1 1 1 1 1 1 1 1 1 1 1 1 1 1 1 1 1 1 1 1 1 1 1 1 1 1 1 1 1 1 1 1 1
ciInstanceKlass java/net/URL 1 1 607 10 10 10 9 9 10 10 10 9 10 8 10 7 10 10 8 10 9 7 8 10 10 8 9 7 10 10 9 10 9 8 9 10 9 10 8 9 10 10 8 10 7 10 10 10 10 10 8 10 10 10 8 9 8 10 10 100 10 10 10 10 9 10 9 10 10 10 10 100 100 10 7 10 10 10 10 10 7 10 10 10 100 10 10 100 8 10 9 10 10 9 10 100 10 10 10 10 10 10 10 10 10 10 10 9 9 100 8 10 10 9 10 10 7 11 7 8 8 10 10 7 8 8 7 10 10 10 10 8 8 10 100 10 10 10 10 10 10 8 10 100 10 8 8 10 8 8 8 8 100 10 9 10 10 10 10 10 10 10 10 10 10 10 10 10 10 10 100 8 10 10 10 10 10 7 10 7 7 10 9 9 100 1 1 1 1 1 5 0 1 1 1 1 1 1 1 1 1 1 1 1 1 1 1 1 1 1 1 1 1 1 1 1 1 1 1 1 1 1 1 1 1 1 1 1 100 100 100 100 1 1 1 100 100 1 1 1 1 1 1 100 100 1 1 1 1 1 1 1 1 1 1 1 1 1 1 1 1 1 1 1 1 1 1 1 100 1 1 1 100 100 100 1 1 1 1 1 1 1 100 1 1 100 100 100 1 1 1 1 100 100 1 100 1 1 1 1 1 1 1 1 1 1 1 1 1 12 12 12 12 12 7 12 12 12 12 12 1 12 1 12 1 12 12 1 1 12 12 1 12 1 12 12 12 12 1 12 12 12 12 1 12 12 7 12 1 12 1 12 12 12 12 12 1 12 12 12 1 12 1 12 12 1 12 12 7 12 12 100 12 100 12 12 12 12 12 100 12 1 1 12 1 12 12 12 12 12 1 12 1 12 12 1 1 100 12 100 12 12 100 12 12 1 12 12 12 12 12 12 12 12 7 12 12 12 12 12 1 1 12 12 12 12 1 7 12 1 1 1 7 12 1 1 1 1 12 12 12 1 1 7 12 1 100 12 12 12 12 100 12 100 12 100 12 1 12 1 12 12 12 12 12 12 12 12 12 12 12 12 12 12 1 1 12 12 100 12 1 1 1 12 7 12 12 1 1 1 1 1 1 1 1 1 1 1 1 1 1 1 1 1 1 1 1 1 1 1 1 1 1 1 1 1 1 1 1 1 1 1 1 1 1 1 1 1 1 1 1 1 1 1 1 1 1 1 1 1 1 1 1 1 1 1 1 1 1 1 1 1 1 1 1 1 1 1 1 1 1 1 1 1 1 1 1 1 1 1 1 1 1 1 1 1 1 1 1 1 1 1 1 1 1 1 1 1 1 1 1 1 1 1 1 1 1 1 1 1 1 1 1 1 1 1 1 1 1
staticfield java/net/URL serialPersistentFields [Ljava/io/ObjectStreamField; 7 [Ljava/io/ObjectStreamField;
ciInstanceKlass java/util/jar/Manifest 1 1 265 10 7 10 9 7 10 9 9 10 10 10 10 10 11 11 10 10 100 100 10 8 10 10 10 10 11 100 10 10 11 11 11 11 100 100 8 10 11 7 8 10 10 10 8 10 10 10 11 10 10 10 8 10 7 10 10 10 100 8 10 10 8 10 10 10 10 11 10 10 10 100 7 10 11 10 11 10 7 100 1 1 1 1 1 1 1 1 1 1 1 1 1 1 1 1 1 1 1 1 1 1 1 1 1 1 1 100 1 1 1 100 100 100 100 100 1 1 1 100 100 100 100 1 1 100 1 1 1 1 1 1 1 1 1 1 12 1 12 1 12 12 12 12 12 12 12 7 12 12 100 12 1 1 1 12 12 12 12 1 12 12 12 100 12 100 12 12 1 1 1 1 12 1 1 12 12 12 1 12 12 12 12 12 12 1 12 1 12 12 12 1 1 12 1 12 7 12 12 12 12 12 7 12 12 1 1 12 12 12 1 1 1 1 1 1 1 1 1 1 1 1 1 1 1 1 1 1 1 1 1 1 1 1 1 1 1 1 1 1 1 1 1 1 1 1 1 1 1 1 1 1 1 1 1 1 1 1 1 1 1 1 1 1 1
ciInstanceKlass sun/misc/Launcher 1 1 234 9 10 10 9 9 10 10 100 100 8 10 10 9 8 10 10 8 10 10 8 10 8 100 10 10 10 100 100 100 100 10 100 10 8 10 10 10 9 7 10 9 10 7 10 10 8 10 10 10 10 10 100 10 7 10 7 10 8 7 100 1 1 7 1 7 1 7 1 1 1 1 1 1 1 1 1 1 1 1 1 1 1 1 1 1 100 100 100 100 100 100 100 100 100 1 1 1 1 1 1 100 1 1 100 1 1 100 1 1 1 1 1 1 1 1 1 12 12 12 12 12 12 12 1 1 1 12 12 12 1 7 12 12 1 7 12 100 12 1 7 12 1 1 100 12 100 12 1 1 1 1 12 1 1 12 12 12 12 1 12 12 12 1 12 1 12 12 12 12 7 12 1 12 1 12 1 1 1 1 1 1 1 1 1 1 1 1 1 1 1 1 1 1 1 1 1 1 1 1 1 1 1 1 1 1 1 1 1 1 1 1 1 1 1 1 1 1 1 1 1 1 1 1 1 1 1 1 1 1 1 1 1 1
ciInstanceKlass sun/misc/Launcher$AppClassLoader 1 1 203 8 10 100 10 7 10 10 7 10 10 10 11 9 10 10 10 10 10 10 10 10 7 10 10 10 7 8 10 10 9 10 100 10 10 10 10 100 10 100 100 10 100 10 10 100 10 7 10 10 7 7 1 1 1 1 1 1 1 1 1 1 1 100 100 1 7 1 1 1 1 100 1 1 1 1 1 1 1 1 7 1 1 1 1 1 7 12 1 12 1 12 7 12 1 12 12 7 12 7 12 12 7 12 7 12 12 12 100 12 12 12 12 1 12 12 12 1 1 7 12 12 100 12 1 12 12 12 1 12 1 1 12 1 12 12 1 12 1 7 12 12 1 1 1 1 1 1 1 1 1 1 1 1 1 1 1 1 1 1 1 1 1 1 1 1 1 1 1 1 1 1 1 1 1 1 1 1 1 1 1 1 1 1 1 1 1 1 1 1 1 1 1 1 1 1 1 1 1 1 1 1 1
staticfield sun/misc/Launcher$AppClassLoader $assertionsDisabled Z 1
ciInstanceKlass sun/misc/Launcher$ExtClassLoader 1 1 243 10 9 7 10 7 10 10 100 10 7 10 10 10 10 10 11 10 8 10 7 9 10 10 7 10 10 7 10 10 8 10 10 10 10 10 7 10 10 10 10 100 10 11 10 10 8 10 10 10 100 10 100 100 10 100 10 10 100 10 10 7 1 1 1 1 1 1 1 1 1 100 100 1 1 100 1 1 1 1 1 1 100 100 100 1 1 100 100 1 1 100 100 100 100 1 1 1 1 1 1 1 12 12 7 1 12 1 12 7 12 1 12 1 12 12 12 12 7 12 7 12 7 12 1 7 12 1 12 12 12 1 12 12 1 12 1 7 12 12 12 12 12 1 12 12 12 12 1 7 12 7 12 12 1 7 12 12 12 1 12 1 1 12 1 12 12 1 12 7 12 1 1 1 1 1 1 1 1 1 1 1 1 1 1 1 1 1 1 1 1 1 1 1 1 1 1 1 1 1 1 1 1 1 1 1 1 1 1 1 1 1 1 1 1 1 1 1 1 1 1 1 1 1 1 1 1 1 1 1 1 1 1 1 1 1 1 1 1 1 1 1 1
ciInstanceKlass java/security/CodeSource 1 1 351 10 9 9 9 9 10 7 10 100 10 7 10 10 10 7 10 10 10 10 10 7 10 10 10 10 10 10 10 10 10 10 10 10 10 8 10 10 10 10 8 10 10 100 10 10 8 10 10 10 8 8 9 100 8 10 10 8 10 8 8 8 10 10 10 10 10 10 100 100 10 10 10 10 10 100 10 10 8 10 10 10 100 10 100 100 8 8 10 10 10 100 10 10 11 10 10 11 10 10 8 100 10 10 7 10 11 11 7 100 1 1 1 5 0 1 1 1 1 1 1 1 1 1 1 1 1 1 1 1 100 100 1 1 1 1 1 1 1 1 1 100 1 1 1 1 1 1 1 100 1 1 100 1 1 100 100 100 1 1 1 100 100 100 100 100 100 100 100 1 1 1 1 12 12 12 12 12 100 12 7 7 12 1 12 12 7 1 12 7 12 12 12 1 12 7 100 12 100 12 12 7 12 12 12 12 1 12 12 12 12 1 12 1 12 1 12 12 12 1 1 12 1 1 12 12 1 12 1 1 1 100 12 12 12 12 12 12 1 1 12 12 12 100 12 12 1 12 1 12 12 12 1 12 1 1 1 1 12 100 12 1 12 12 100 12 12 12 100 1 1 12 12 1 12 12 1 1 1 1 1 1 1 1 1 1 1 1 1 1 1 1 1 1 1 1 1 1 1 1 1 1 1 1 1 1 1 1 1 1 1 1 1 1 1 1 1 1 1 1 1 1 1 1 1 1 1 1 1 1 1 1 1 1 1 1 1 1 1 1 1 1 1 1 1 1 1 1 1 1 1
ciInstanceKlass java/lang/StackTraceElement 1 1 101 10 8 10 7 9 8 9 9 9 7 10 10 10 8 10 8 8 8 10 8 10 8 7 10 10 10 10 7 100 1 1 1 1 1 1 1 1 1 5 0 1 1 1 1 1 1 1 1 1 1 1 1 1 1 100 100 100 1 1 1 1 1 12 1 7 12 1 12 1 12 12 12 1 12 12 1 12 1 1 1 12 1 12 1 1 12 12 12 12 1 1 1 1 1 1 1 1 1 1 1
instanceKlass java/nio/ShortBuffer
instanceKlass java/nio/IntBuffer
instanceKlass java/nio/LongBuffer
instanceKlass java/nio/CharBuffer
instanceKlass java/nio/ByteBuffer
ciInstanceKlass java/nio/Buffer 1 1 106 100 10 9 9 100 100 10 8 10 10 10 10 9 10 10 8 8 8 9 10 100 10 100 10 100 10 100 10 7 7 1 1 1 3 1 1 1 1 1 1 1 1 1 1 1 100 1 1 1 1 1 1 1 1 1 1 1 1 1 1 1 1 1 1 1 1 1 1 1 1 1 1 1 1 1 1 12 12 12 1 1 1 12 12 12 12 12 12 12 1 1 1 12 1 1 1 1 1 1 1 1 1 1 1 1
ciInstanceKlass java/lang/Boolean 1 1 112 10 9 10 10 8 10 9 9 8 10 7 10 10 100 100 10 10 8 10 9 7 100 100 1 1 1 1 1 1 1 1 1 1 1 1 5 0 1 1 1 1 1 1 1 1 1 1 1 1 100 1 1 1 100 1 1 1 1 1 1 1 100 1 1 1 1 1 1 1 1 1 1 1 1 1 1 12 12 12 12 1 7 12 12 12 1 12 1 12 7 12 1 1 12 12 1 7 12 12 1 1 1 1 1 1 1 1 1 1 1 1
staticfield java/lang/Boolean TRUE Ljava/lang/Boolean; java/lang/Boolean
staticfield java/lang/Boolean FALSE Ljava/lang/Boolean; java/lang/Boolean
staticfield java/lang/Boolean TYPE Ljava/lang/Class; java/lang/Class
ciInstanceKlass java/lang/Character 1 1 460 7 100 10 9 9 10 10 10 10 3 3 3 3 3 10 10 3 11 11 10 10 100 10 10 3 10 10 10 100 10 10 10 10 10 10 10 10 10 10 10 10 10 10 10 10 10 10 10 10 10 10 10 10 10 10 10 10 10 10 10 10 10 10 10 10 10 10 10 10 5 0 10 10 10 10 10 10 10 10 10 10 9 100 10 10 10 3 10 10 100 10 10 10 10 8 10 9 10 10 10 10 8 10 9 7 100 100 7 1 1 100 1 100 1 100 1 1 1 1 3 1 3 1 1 3 1 3 1 1 1 1 1 1 1 3 1 1 3 1 3 1 3 1 3 1 3 1 3 1 3 1 3 1 3 1 3 1 3 1 3 1 3 1 3 1 3 1 3 1 3 1 3 1 3 1 3 1 3 1 3 1 3 1 3 1 3 1 3 1 3 1 3 1 1 1 1 1 1 1 1 1 1 1 1 1 1 1 1 1 1 1 3 1 1 1 3 1 1 3 1 1 1 1 1 3 1 1 1 5 0 1 1 1 1 1 1 1 1 1 1 1 1 1 1 1 1 1 1 1 1 1 1 1 1 1 1 1 1 1 1 1 1 1 1 1 1 1 1 1 1 1 1 1 1 1 1 1 1 1 1 1 1 1 1 1 1 1 1 1 1 1 1 1 1 1 1 1 1 1 1 1 1 1 1 1 1 1 1 1 1 1 1 1 1 1 1 1 1 1 1 1 1 1 1 1 1 1 1 1 1 1 1 100 100 1 1 1 1 1 1 1 1 12 12 12 12 12 12 7 12 12 12 7 12 12 12 12 1 12 12 12 12 1 12 12 12 12 12 12 7 12 12 12 12 12 12 12 12 12 12 12 12 12 12 12 12 12 12 12 12 12 12 12 12 12 12 12 12 12 12 1 12 12 100 12 12 1 12 12 12 1 100 12 100 12 12 12 7 12 1 12 12 1 1 1 1 1 1 1 1 1 1 1 1 1 1 1 1 1 1 1 1 1 1 1 1 1 1 1 1 1 1 1 1 1 1 1 1 1
staticfield java/lang/Character TYPE Ljava/lang/Class; java/lang/Class
staticfield java/lang/Character $assertionsDisabled Z 1
instanceKlass com/google/gson/internal/LazilyParsedNumber
instanceKlass java/util/concurrent/atomic/Striped64
instanceKlass java/math/BigDecimal
instanceKlass java/math/BigInteger
instanceKlass java/util/concurrent/atomic/AtomicLong
instanceKlass java/util/concurrent/atomic/AtomicInteger
instanceKlass java/lang/Long
instanceKlass java/lang/Integer
instanceKlass java/lang/Short
instanceKlass java/lang/Byte
instanceKlass java/lang/Double
instanceKlass java/lang/Float
ciInstanceKlass java/lang/Number 1 1 34 10 10 100 7 100 1 1 1 5 0 1 1 1 1 1 1 1 1 1 1 1 1 1 1 1 1 1 1 12 12 1 1 1
ciInstanceKlass java/lang/Float 1 1 175 7 100 10 10 100 4 100 10 10 8 8 10 10 10 10 4 4 4 10 9 10 10 10 10 10 10 3 3 3 10 10 10 10 8 10 9 7 100 1 1 1 1 1 4 1 1 1 4 1 1 3 1 3 1 3 1 3 1 1 1 1 1 1 1 5 0 1 1 1 1 1 1 1 1 1 100 1 1 1 1 1 1 1 1 1 1 1 1 1 1 1 1 1 1 1 1 1 1 1 1 1 1 1 1 1 1 1 1 1 1 1 1 1 1 1 1 1 1 1 1 1 1 1 1 1 7 12 100 12 1 1 12 100 12 1 1 100 12 12 12 12 12 12 12 12 12 12 12 12 12 12 12 1 7 12 12 1 1 1 1 1 1 1 1 1 1 1 1 1 1 1 1 1 1
staticfield java/lang/Float TYPE Ljava/lang/Class; java/lang/Class
ciInstanceKlass java/lang/Double 1 1 229 7 100 10 10 10 100 10 10 6 0 8 10 8 10 8 100 6 0 10 5 0 5 0 8 8 10 10 8 10 8 8 8 10 10 10 10 10 10 10 10 6 0 6 0 6 0 10 9 10 10 10 10 5 0 5 0 10 10 10 10 8 10 9 7 100 1 1 1 1 1 6 0 1 1 1 6 0 1 1 3 1 3 1 3 1 3 1 1 1 1 1 1 1 5 0 1 1 1 1 1 1 100 100 1 1 1 100 1 1 1 1 1 1 1 1 1 1 1 1 1 1 1 1 1 1 1 1 1 1 1 1 1 1 1 1 1 1 1 1 1 1 1 1 1 1 1 1 1 1 1 1 1 1 1 1 1 7 12 12 12 1 12 100 12 1 12 1 12 1 1 12 1 1 100 12 100 12 1 12 1 1 1 12 12 12 12 12 12 12 12 12 12 12 12 12 12 12 12 12 1 7 12 12 1 1 1 1 1 1 1 1 1 1 1 1 1 1 1 1 1 1 1 1 1 1 1 1 1
staticfield java/lang/Double TYPE Ljava/lang/Class; java/lang/Class
ciInstanceKlass java/lang/Byte 1 1 153 7 10 9 10 100 100 10 8 10 8 10 10 10 10 10 10 10 10 8 8 10 9 10 10 10 10 5 0 10 8 10 9 7 100 7 1 1 1 1 1 3 1 3 1 1 1 1 1 1 1 3 1 3 1 1 5 0 1 1 1 1 1 1 1 1 1 1 1 1 1 1 1 1 1 1 1 1 1 1 1 1 1 1 1 1 1 1 1 1 1 1 1 1 1 1 1 1 1 1 1 1 1 1 1 1 100 12 12 12 1 1 12 1 12 1 12 12 12 12 12 12 12 12 1 1 12 12 12 12 12 12 1 7 12 12 1 1 1 1 1 1 1 1 1 1 1 1 1 1 1 1 1
staticfield java/lang/Byte TYPE Ljava/lang/Class; java/lang/Class
ciInstanceKlass java/lang/Short 1 1 161 7 100 10 10 100 100 10 8 10 8 10 10 10 10 10 10 9 10 10 10 8 8 10 9 10 10 10 10 3 3 5 0 10 8 10 9 7 100 7 1 1 1 1 1 3 1 3 1 1 1 1 1 1 1 3 1 3 1 1 5 0 1 1 1 1 1 1 1 1 1 1 1 1 1 1 1 1 1 1 1 1 1 1 1 1 1 1 1 1 1 1 1 1 1 1 1 1 1 1 1 1 1 1 1 1 1 1 1 1 1 1 1 100 12 12 1 1 12 1 12 1 12 12 12 12 12 12 12 12 12 12 1 1 12 12 12 12 12 12 1 7 12 12 1 1 1 1 1 1 1 1 1 1 1 1 1 1 1 1 1
staticfield java/lang/Short TYPE Ljava/lang/Class; java/lang/Class
ciInstanceKlass java/lang/Integer 1 1 314 7 100 7 10 9 7 10 10 10 10 10 10 10 10 3 8 10 10 10 3 9 9 3 9 7 8 10 100 10 8 10 10 8 10 8 10 3 10 10 10 10 8 100 10 10 5 0 8 10 10 7 9 9 10 10 9 10 10 10 10 100 100 10 8 8 10 8 8 8 8 8 8 10 10 10 5 0 3 3 3 3 3 10 10 8 10 9 3 3 3 3 3 3 7 100 1 1 1 1 1 1 1 1 1 1 1 1 1 1 1 1 1 1 3 1 3 1 1 5 0 1 1 1 1 1 100 1 1 1 1 1 1 1 1 1 1 1 1 1 1 100 1 1 1 1 1 1 1 1 1 1 1 1 1 1 1 1 1 1 1 1 1 1 1 1 1 1 1 100 1 100 100 1 1 1 1 1 1 1 1 1 1 1 1 1 1 1 1 1 1 1 1 1 1 1 1 1 1 1 1 1 1 1 1 12 12 1 12 12 100 12 12 12 7 12 12 12 1 12 12 12 12 12 12 1 1 12 1 12 1 12 12 1 12 1 12 12 12 12 12 1 1 12 12 1 12 12 1 12 12 12 12 12 12 12 7 12 1 1 12 1 1 12 1 1 1 1 1 1 12 12 12 12 12 1 7 12 12 1 1 1 1 1 1 1 1 1 1 1 1 1 1 1 1 1 1 1 1 1 1 1 1 1 1 1 1 1 1 1 1 1 1 1
staticfield java/lang/Integer TYPE Ljava/lang/Class; java/lang/Class
staticfield java/lang/Integer digits [C 36
staticfield java/lang/Integer DigitTens [C 100
staticfield java/lang/Integer DigitOnes [C 100
staticfield java/lang/Integer sizeTable [I 10
ciInstanceKlass java/lang/Long 1 1 361 7 100 7 10 9 7 10 10 10 10 10 5 0 5 0 100 10 10 10 10 10 10 10 10 10 10 10 10 10 10 10 5 0 8 10 10 10 7 5 0 5 0 9 9 3 3 100 8 10 8 10 8 8 10 5 0 10 10 10 10 8 100 10 10 8 10 8 10 10 5 0 5 0 9 10 8 8 10 8 8 8 8 8 8 10 10 10 10 9 10 10 10 100 100 10 10 10 10 10 5 0 5 0 5 0 5 0 5 0 10 10 10 8 10 9 7 100 7 1 1 1 1 1 1 5 0 1 1 1 1 1 1 1 3 1 3 1 5 0 1 1 1 1 1 100 1 1 1 1 1 1 1 1 1 1 1 1 1 1 1 1 100 1 1 1 1 1 1 1 1 100 100 1 1 1 1 1 1 1 1 1 1 1 1 1 1 1 1 1 1 1 1 1 1 100 1 1 1 1 1 1 1 1 1 1 1 1 1 1 1 1 1 1 1 1 1 1 1 1 1 1 1 1 1 1 1 1 12 12 1 12 12 12 12 12 1 12 12 12 12 12 12 100 12 12 12 12 12 12 7 12 12 12 1 12 12 12 1 12 12 1 1 12 1 12 1 1 12 12 12 12 12 1 1 12 12 1 12 1 12 12 12 12 1 1 12 1 1 1 1 1 1 12 12 12 12 12 12 100 12 1 1 12 12 12 12 12 12 12 1 7 12 12 1 1 1 1 1 1 1 1 1 1 1 1 1 1 1 1 1 1 1 1 1 1 1 1 1 1 1 1 1 1 1 1 1 1 1 1 1 1 1 1 1 1 1 1 1 1 1
staticfield java/lang/Long TYPE Ljava/lang/Class; java/lang/Class
ciInstanceKlass java/lang/NullPointerException 1 1 21 10 10 100 7 1 1 1 5 0 1 1 1 1 1 1 1 12 12 1 1
ciInstanceKlass java/lang/ArithmeticException 1 1 21 10 10 100 100 1 1 1 5 0 1 1 1 1 1 1 1 12 12 1 1
ciInstanceKlass java/security/AccessController 1 1 191 10 10 10 10 10 10 10 10 100 8 10 10 10 10 10 10 10 10 10 7 10 7 10 10 7 10 10 10 8 10 8 10 8 100 10 10 10 10 10 8 10 8 8 10 8 10 10 7 100 1 1 1 1 1 1 1 1 1 1 1 1 1 100 1 1 1 100 100 1 1 1 100 1 1 1 1 1 1 100 1 1 1 1 1 1 1 1 1 1 1 1 1 1 100 100 100 1 1 12 12 12 12 7 12 12 12 12 1 1 12 12 12 12 12 12 12 100 12 12 1 12 1 12 12 1 12 12 12 1 12 1 100 12 1 1 12 12 100 12 12 1 100 12 1 1 12 1 12 12 1 1 1 1 1 1 1 1 1 1 1 1 1 1 1 1 1 1 1 1 1 1 1 1 1 1 1 1 1 1 1 1 1 1 1 1 1 1 1 1 1
ciInstanceKlass java/security/PrivilegedAction 1 0 12 100 100 1 1 1 1 1 1 1 1 1
ciInstanceKlass java/util/List 1 1 116 10 11 11 11 11 11 11 10 100 10 100 100 100 1 1 1 1 1 1 1 1 1 1 1 1 1 1 1 1 1 1 1 1 1 1 1 1 1 1 1 1 1 1 1 100 1 1 1 100 100 100 1 1 1 1 1 1 1 1 1 1 1 1 1 1 1 1 1 1 1 1 1 1 1 1 1 1 1 1 1 1 100 12 12 100 12 12 100 12 12 12 100 12 1 100 12 1 1 1 1 1 1 1 1 1 1 1 1 1 1 1 1 1 1 1
ciInstanceKlass java/util/Collections 1 1 683 10 11 7 11 7 10 10 11 100 11 11 10 11 11 11 10 10 10 11 10 11 11 9 100 10 10 10 11 10 11 100 8 10 11 11 11 10 10 10 10 11 10 10 10 7 10 7 10 100 10 100 10 7 10 7 10 7 10 7 10 100 10 100 10 10 7 10 10 100 10 100 10 7 10 100 10 10 10 7 10 100 10 100 10 100 10 10 100 100 10 100 10 100 10 100 10 100 10 100 10 100 10 100 10 100 10 9 9 9 9 10 9 9 10 7 10 7 10 100 10 7 10 7 10 100 100 10 8 10 10 10 10 100 10 9 10 100 9 10 7 10 7 10 11 11 10 100 11 11 11 7 10 100 10 7 10 7 10 7 10 100 1 1 1 1 7 1 1 1 1 1 1 1 1 7 1 100 1 7 1 1 1 1 1 1 1 1 1 1 1 1 1 1 1 1 1 1 1 1 1 1 1 1 1 1 1 1 1 1 1 1 3 1 3 1 3 1 3 1 3 1 3 1 3 1 3 1 1 1 1 1 1 1 1 1 1 1 1 1 1 1 1 1 1 1 1 1 1 1 100 1 100 1 1 100 1 1 1 1 100 1 1 100 1 1 1 1 1 1 1 1 1 1 1 1 1 1 100 1 1 1 1 1 1 1 1 1 1 1 1 1 1 1 1 1 1 1 1 1 1 1 1 1 1 1 1 1 1 1 1 1 1 1 1 1 1 1 1 1 1 1 1 1 1 1 1 1 1 1 1 1 1 1 1 1 1 1 1 1 1 1 1 1 1 1 1 1 1 1 1 1 1 1 1 1 1 1 1 1 1 1 1 1 1 1 1 1 1 1 1 1 1 1 1 1 1 1 1 1 1 1 1 1 1 1 1 1 1 1 1 1 1 1 1 1 1 1 1 1 1 1 1 1 1 1 1 1 1 1 1 1 1 1 1 1 1 1 1 1 1 1 1 1 1 1 1 1 100 1 1 1 1 1 1 1 1 100 1 1 1 1 1 1 1 1 1 1 1 1 1 1 1 12 7 12 1 12 1 12 12 12 1 12 12 12 100 12 12 12 12 12 12 100 12 12 12 12 12 1 12 12 12 12 12 1 1 12 7 12 100 12 12 12 12 12 12 12 12 12 1 12 1 12 1 12 1 12 1 12 1 1 12 1 12 1 12 1 12 1 12 1 1 1 1 12 1 1 1 1 12 100 12 1 1 12 1 12 1 12 1 12 1 12 1 1 12 1 12 1 12 12 12 12 12 12 12 12 12 1 12 1 1 1 1 12 1 1 1 12 12 12 1 12 12 12 1 12 12 1 1 7 12 12 12 1 12 1 1 12 1 12 1 1 1 1 1 1 1 1 1 1 1 1 1 1 1 1 1 1 1 1 1 1 1 1 1 1 1 1 1 1 1 1 1 1 1 1 1 1 1 1 1 1 1 1 1 1 1 1 1 1 1 1 1 1 1 1 1 1 1 1 1 1 1 1 1 1 1 1 1 100 1 1 1 1 1 1 1 1 1 1 1 1 1 1 1 1 1 1 1 1 1
staticfield java/util/Collections EMPTY_SET Ljava/util/Set; java/util/Collections$EmptySet
staticfield java/util/Collections EMPTY_LIST Ljava/util/List; java/util/Collections$EmptyList
staticfield java/util/Collections EMPTY_MAP Ljava/util/Map; java/util/Collections$EmptyMap
ciInstanceKlass java/util/Set 1 1 50 100 10 100 100 100 1 1 1 1 1 1 1 1 1 1 1 1 1 1 1 1 1 1 1 1 1 1 1 1 1 1 1 1 1 1 1 1 1 1 1 1 1 7 12 1 1 1 1 1
ciInstanceKlass java/util/Collections$EmptySet 1 1 82 10 10 10 11 7 10 10 9 7 7 100 1 1 1 5 0 1 1 1 1 1 1 1 1 1 1 1 1 1 1 1 1 1 1 1 1 1 1 1 1 1 1 1 1 1 1 1 1 1 100 1 1 1 1 1 12 7 12 100 12 1 7 12 100 12 12 1 1 1 1 1 1 1 1 1 1 1 1 1 1 1
instanceKlass com/google/common/collect/Maps$IteratorBasedAbstractMap
instanceKlass com/google/common/collect/Maps$ViewCachingAbstractMap
instanceKlass com/google/common/cache/LocalCache
instanceKlass sun/misc/SoftCache
instanceKlass io/micrometer/shaded/org/pcollections/HashPMap
instanceKlass io/micrometer/shaded/org/pcollections/IntTreePMap
instanceKlass org/apache/tomcat/util/collections/ManagedConcurrentWeakHashMap
instanceKlass org/aspectj/apache/bcel/util/ClassLoaderRepository$SoftHashMap
instanceKlass org/hibernate/validator/internal/util/ConcurrentReferenceHashMap
instanceKlass java/util/concurrent/ConcurrentSkipListMap
instanceKlass java/util/TreeMap$NavigableSubMap
instanceKlass java/util/Collections$SingletonMap
instanceKlass java/util/TreeMap
instanceKlass java/util/EnumMap
instanceKlass org/springframework/util/ConcurrentReferenceHashMap
instanceKlass java/util/IdentityHashMap
instanceKlass java/util/concurrent/ConcurrentHashMap
instanceKlass sun/util/PreHashedMap
instanceKlass java/util/WeakHashMap
instanceKlass java/util/HashMap
instanceKlass java/util/Collections$EmptyMap
ciInstanceKlass java/util/AbstractMap 1 1 161 10 10 10 11 10 11 11 11 7 11 10 11 100 10 11 11 10 11 9 7 10 9 7 10 7 11 11 11 100 100 11 8 100 10 10 8 10 10 10 7 7 100 1 1 100 1 1 1 1 1 1 1 1 1 1 1 1 1 1 1 1 1 1 1 100 1 1 1 1 1 1 1 1 100 100 1 1 1 1 1 100 1 1 100 1 1 1 1 1 100 100 100 1 1 1 100 100 1 1 1 7 1 1 1 1 1 1 12 12 12 7 12 12 7 12 12 1 12 12 12 1 12 12 12 12 1 12 12 1 1 12 12 1 1 12 1 1 12 1 12 12 12 1 1 1 1 1 1 1 1 1 1 1 1 1 1 1 1 1 1
ciInstanceKlass java/util/Collections$EmptyMap 1 1 101 10 10 10 7 11 10 100 10 9 7 7 100 1 1 1 5 0 1 1 1 1 1 1 1 1 1 1 1 1 1 1 1 1 1 1 1 1 1 1 100 1 1 1 1 1 1 1 1 1 1 1 1 1 1 1 1 1 1 1 1 1 1 1 1 1 1 1 1 1 1 1 1 1 1 100 1 1 1 1 12 7 12 1 12 7 12 1 12 1 1 1 1 1 1 1 1 1 1 1 1
ciInstanceKlass sun/misc/SharedSecrets 1 1 186 10 9 9 100 10 9 9 9 9 100 9 100 9 100 9 100 9 100 9 100 9 100 9 7 9 9 9 9 100 9 100 10 7 100 1 1 1 1 1 1 1 1 1 1 1 1 1 1 1 1 1 1 1 1 1 1 1 1 1 1 1 1 1 1 1 1 1 1 1 1 1 1 1 1 1 1 1 1 1 1 1 1 1 1 1 1 1 1 1 1 1 1 1 1 1 1 1 1 1 1 1 1 1 1 1 1 1 1 1 1 1 1 1 1 1 1 1 1 1 1 1 1 1 1 1 1 1 1 1 1 1 1 1 1 1 1 1 1 1 1 1 1 1 1 1 12 12 12 1 7 12 12 12 12 12 1 12 1 12 1 12 1 12 1 12 1 12 1 12 1 12 12 12 12 1 12 1 12 1 1 1 1 1 1 1
staticfield sun/misc/SharedSecrets unsafe Lsun/misc/Unsafe; sun/misc/Unsafe
instanceKlass org/apache/ibatis/session/defaults/DefaultSqlSession$StrictMap
instanceKlass sun/nio/ch/WindowsSelectorImpl$FdMap
instanceKlass net/minidev/json/JSONObject
instanceKlass org/apache/ibatis/builder/ParameterExpression
instanceKlass org/apache/ibatis/scripting/xmltags/DynamicContext$ContextMap
instanceKlass org/apache/ibatis/binding/MapperMethod$ParamMap
instanceKlass io/micrometer/core/instrument/binder/jvm/JvmGcMetrics$GcGenerationAge$1
instanceKlass org/apache/ibatis/session/Configuration$StrictMap
instanceKlass java/lang/ProcessEnvironment
instanceKlass java/util/LinkedHashMap
ciInstanceKlass java/util/HashMap 1 1 511 10 7 10 100 10 100 11 11 11 7 3 10 100 100 10 8 10 10 10 10 10 8 10 9 10 9 4 10 10 11 9 4 10 11 11 11 11 7 11 11 10 10 9 10 9 9 9 10 9 7 10 10 10 10 10 9 10 100 3 7 7 10 10 9 9 10 10 10 10 9 7 10 9 7 10 9 7 10 100 10 11 11 11 100 10 10 100 100 10 10 10 10 10 10 10 8 10 100 10 4 10 4 10 10 10 8 4 10 7 11 10 10 10 10 7 7 100 100 1 1 100 1 100 1 100 1 100 1 100 1 100 1 100 1 100 1 7 1 1 1 1 1 1 1 1 5 0 1 1 3 1 1 1 1 3 1 3 1 3 1 1 1 1 1 1 1 1 1 1 1 1 1 1 1 1 1 1 1 100 100 100 100 1 1 1 1 1 1 1 1 100 1 1 1 1 1 1 100 1 1 1 1 1 1 100 1 1 1 1 1 1 1 1 1 1 1 1 1 1 1 1 1 100 1 1 1 1 1 1 1 1 1 1 100 1 1 1 100 1 1 1 1 1 1 1 1 1 1 1 100 1 1 1 100 1 1 1 1 1 1 1 1 1 1 1 1 1 100 1 1 1 1 1 7 1 1 100 100 7 1 1 1 1 1 1 1 1 1 1 1 1 1 1 1 1 1 1 1 1 1 1 1 7 12 1 12 1 100 12 1 12 12 12 1 12 1 1 1 12 12 12 12 7 12 1 12 12 12 12 12 12 12 12 12 12 7 12 7 12 12 1 12 12 12 12 12 12 12 12 12 12 12 1 12 12 12 12 12 12 12 1 1 12 12 12 12 12 12 12 12 1 12 12 1 12 1 1 7 12 100 12 7 12 1 12 1 1 12 12 12 100 12 12 12 7 12 7 12 1 7 12 12 12 12 1 7 12 1 7 12 12 12 12 1 1 1 1 1 1 1 1 1 1 1 1 1 1 1 1 1 1 1 1 1 1 1 1 1 1 1 1 1 1 1 1 1 1 1 1 1 1 1 1 1 1 1 1 1 1 1 1 1 1 1 1 1 1 1 1 1 1 1 1 1 1 1 1 1 1 1 1 1 1 1 1 1 1 1 1 1 1 1 1 1 1 1 1 1 1 1 1 1 1 1 1 1 1 1 1 1
ciInstanceKlass java/util/Map$Entry 1 1 156 18 7 7 18 10 18 18 10 10 8 10 8 8 8 10 10 8 10 10 8 10 8 10 8 10 8 10 8 100 8 10 11 11 11 100 11 7 100 1 1 1 1 1 1 1 1 1 1 1 1 1 1 1 1 1 1 1 1 1 1 1 1 1 1 1 1 100 1 1 1 1 1 1 1 1 1 1 15 16 15 16 3 3 12 1 1 15 7 12 15 12 15 100 12 100 12 12 12 12 12 1 12 1 12 1 12 12 1 1 12 12 12 12 1 12 7 1 1 10 11 11 1 1 11 11 1 1 1 1 1 1 1 1 1 1 1 1 1 1 1 1 7 12 12 12 12 12 1 1 100 1 1 100 1 1
instanceKlass java/util/LinkedHashMap$Entry
ciInstanceKlass java/util/HashMap$Node 1 1 85 10 9 9 9 9 100 10 10 8 10 10 10 100 11 10 11 7 7 1 1 1 1 1 1 1 1 1 1 1 1 1 1 1 1 1 1 1 1 1 1 1 1 1 1 1 1 1 1 1 1 1 1 1 1 1 12 12 12 12 12 1 12 1 12 12 7 12 100 1 12 12 12 100 1 1 1 1 1 1 1 1 1 1 1
ciInstanceKlass java/lang/Math 1 1 289 10 10 10 10 10 10 10 6 0 7 6 0 10 10 10 10 10 10 10 10 10 10 10 10 100 3 3 3 10 100 5 0 5 0 5 0 5 0 5 0 9 10 100 8 10 8 10 100 5 0 5 0 100 3 5 0 3 10 10 9 9 10 10 7 6 0 9 100 10 10 10 10 10 4 10 10 10 10 10 10 10 10 10 10 10 10 5 0 5 0 3 6 0 4 6 0 6 0 7 4 4 6 0 10 9 10 9 10 4 6 0 100 100 1 1 1 1 1 6 0 1 1 1 1 1 1 1 1 1 1 1 1 1 1 1 1 1 1 1 1 1 1 1 1 1 1 1 1 1 1 1 1 1 1 1 1 1 1 1 1 1 1 1 1 1 1 1 1 1 1 1 1 1 1 1 1 1 1 1 1 1 1 1 1 1 1 1 1 1 1 1 1 1 1 1 1 1 1 1 1 1 1 1 12 100 12 12 12 12 12 12 1 12 12 12 12 12 12 12 12 12 12 12 12 1 12 1 12 100 12 1 1 12 1 12 1 1 12 12 12 12 12 12 1 12 1 12 12 12 12 12 12 12 12 12 12 12 12 12 12 12 12 1 12 12 12 12 7 12 1 1 1 1 1 1 1 1 1 1 1 1 1 1 1 1 1 1 1
staticfield java/lang/Math $assertionsDisabled Z 1
ciInstanceKlass java/util/Iterator 1 1 45 100 8 10 10 11 11 11 7 100 1 1 1 1 1 1 1 1 1 1 1 1 1 1 1 1 1 1 12 7 12 12 12 7 12 1 1 1 1 1 1 1 1 1 1
ciInstanceKlass java/lang/Class$Atomic 1 1 102 10 10 100 100 10 8 10 8 10 10 9 10 9 10 9 9 10 7 10 8 10 8 8 7 100 1 1 1 1 1 1 1 1 1 1 1 1 1 100 1 1 1 100 1 1 1 1 1 1 1 100 1 1 1 1 1 1 12 12 1 1 1 12 1 12 12 12 7 12 12 12 12 12 12 1 12 1 12 1 1 1 1 1 1 1 1 1 1 1 1 1 1 1 1 1 1 1 1 1 1 1
staticfield java/lang/Class$Atomic unsafe Lsun/misc/Unsafe; sun/misc/Unsafe
staticfield java/lang/Class$Atomic reflectionDataOffset J 36
staticfield java/lang/Class$Atomic annotationTypeOffset J 56
staticfield java/lang/Class$Atomic annotationDataOffset J 52
ciInstanceKlass java/lang/Class$AnnotationData 1 1 32 10 9 9 9 7 7 1 1 1 1 1 1 1 1 1 1 1 1 1 1 12 12 12 12 100 1 1 1 1 1 1
ciInstanceKlass sun/reflect/annotation/AnnotationType 1 1 251 10 11 7 10 11 9 100 10 10 10 100 8 10 7 10 10 7 7 10 9 10 9 9 10 10 10 10 10 100 10 10 8 10 10 10 10 10 11 10 7 7 11 11 7 10 11 9 11 9 11 9 9 9 7 9 7 9 7 9 7 9 7 9 7 9 7 9 7 8 8 8 8 10 10 7 1 1 1 1 1 1 1 1 1 1 1 1 1 1 1 1 1 1 1 100 100 1 1 1 100 100 100 100 100 1 1 1 1 1 1 1 1 1 1 1 1 1 1 1 1 1 7 12 7 12 1 12 12 12 1 12 12 1 1 12 1 12 7 12 1 1 12 12 12 12 12 7 12 7 12 12 12 12 1 12 1 12 12 12 12 12 7 12 12 1 1 12 12 1 7 12 12 7 12 12 12 12 12 12 12 1 1 1 1 1 1 1 1 1 1 1 1 12 12 1 1 1 1 1 1 1 1 1 1 1 1 1 1 1 1 1 1 1 1 1 1 1 1 1 1 1 1 1 1 1 1 1 1 1 1 1 1 1 1 1 1 1 1 1 1 1 1 1 1 1 1 1 1 1 1
staticfield sun/reflect/annotation/AnnotationType $assertionsDisabled Z 1
ciInstanceKlass java/lang/reflect/Modifier 1 1 153 100 10 7 10 8 10 8 8 8 8 8 8 8 8 8 8 8 10 10 10 8 3 7 10 10 7 7 10 10 100 1 1 1 3 1 3 1 3 1 3 1 3 1 3 1 3 1 3 1 3 1 3 1 3 1 3 1 1 1 3 1 3 1 3 1 1 3 1 3 1 3 1 3 1 3 1 1 1 1 1 1 1 1 1 1 1 1 1 1 1 1 1 1 1 1 1 1 100 1 1 1 1 1 1 1 1 1 1 1 1 1 12 1 1 12 1 1 1 1 1 1 1 1 1 1 1 12 12 7 12 1 1 1 1 7 12 1 1 12 1 1 1 1 1 1 1 1 1 1 1 1 1
instanceKlass java/nio/MappedByteBuffer
instanceKlass java/nio/HeapByteBuffer
ciInstanceKlass java/nio/ByteBuffer 1 1 258 10 9 10 9 9 9 9 10 7 10 100 10 7 10 10 100 10 10 10 10 100 10 10 10 10 100 10 100 10 10 10 9 100 10 100 10 10 10 10 8 10 10 8 10 8 10 8 10 10 7 10 10 10 10 9 10 10 7 100 1 1 1 1 1 1 1 1 1 1 1 1 1 100 100 1 1 1 1 1 1 100 1 1 1 1 1 1 1 1 1 1 1 1 1 1 1 1 1 1 1 1 1 1 1 1 1 100 1 1 1 1 1 1 1 100 1 1 1 1 1 1 1 1 1 1 1 1 1 1 1 1 1 1 1 1 1 1 1 1 1 1 1 1 1 1 1 1 1 1 1 1 1 1 1 1 1 1 1 1 1 1 1 1 1 1 1 1 1 1 1 1 12 12 7 12 7 12 12 12 12 12 1 12 1 12 1 12 12 1 12 12 12 1 12 12 12 1 1 12 12 12 1 1 100 12 100 12 12 1 12 12 1 12 1 12 1 12 12 1 12 100 12 12 100 12 12 12 1 1 1 1 1 1 1 1 1 1 1 1 1 1 1 1 1 1 1 1 1 1 1 1 1 1 1 1 1 1
ciInstanceKlass java/nio/HeapByteBuffer 1 1 272 10 10 10 7 9 9 10 10 10 100 10 10 10 10 10 100 10 10 10 10 100 10 100 10 10 10 10 10 9 100 10 10 10 10 9 10 10 10 10 100 10 100 10 10 10 7 10 100 10 10 10 7 10 100 10 10 10 100 10 100 10 10 10 100 10 100 10 10 10 100 10 100 10 10 7 1 1 1 1 1 1 1 1 1 1 1 1 1 1 1 1 1 1 1 1 1 1 1 1 1 1 100 100 1 1 1 1 1 1 1 1 1 1 1 1 100 1 1 1 1 1 1 1 1 100 1 1 1 1 1 1 1 100 1 1 1 1 1 1 1 1 100 1 1 1 1 1 1 1 1 100 1 1 1 1 1 1 1 1 100 1 1 1 1 12 12 12 1 12 12 12 12 12 1 12 12 12 12 1 12 7 12 12 12 1 1 12 12 12 12 12 1 12 12 12 12 7 12 12 12 12 1 12 1 12 12 1 1 12 12 1 1 12 12 1 1 12 12 1 1 12 12 1 1 7 12 1 1 1 1 1 1 1 1 1 1 1 1 1 1 1 1 1 1 1 1 1 1 1 1 1 1 1 1 1 1 1 1 1 1 1 1 1 1 1 1 1 1 1 1 1
staticfield java/nio/HeapByteBuffer $assertionsDisabled Z 1
ciInstanceKlass java/nio/Bits 1 1 608 9 9 9 10 10 10 10 10 10 10 10 10 10 10 10 10 10 10 10 10 10 10 10 10 10 10 10 10 10 10 10 10 10 10 10 5 0 5 0 10 10 10 10 10 10 10 10 10 10 10 10 5 0 10 5 0 5 0 5 0 5 0 10 10 10 10 10 10 10 10 10 10 10 10 10 10 10 10 10 10 10 10 10 10 10 10 10 10 10 10 10 10 10 10 10 10 10 10 9 10 10 9 100 8 10 9 10 10 10 9 9 7 8 10 10 7 8 10 8 8 8 8 8 8 9 10 10 9 10 10 11 10 10 10 7 10 100 100 8 10 10 10 10 10 10 9 100 10 5 0 10 10 10 10 5 0 10 10 100 10 100 10 10 10 10 10 10 10 5 0 10 9 9 10 7 10 7 10 10 100 1 1 1 1 1 1 1 1 1 1 1 1 1 1 1 1 1 1 1 3 1 3 1 1 1 1 1 1 1 1 1 1 1 1 1 1 1 1 1 1 1 1 1 1 1 1 1 1 1 1 1 1 1 1 1 1 1 1 1 1 1 1 1 1 1 1 1 1 1 1 1 1 1 1 1 1 1 1 1 1 1 1 1 1 1 1 1 1 1 1 1 1 1 1 1 1 1 1 1 1 1 1 1 1 1 1 1 1 1 1 1 1 1 1 1 1 1 1 1 1 1 1 1 1 1 1 1 1 1 1 1 1 1 1 1 1 1 1 1 1 1 1 1 1 1 1 1 1 1 1 1 1 1 1 100 1 100 100 100 1 1 1 1 1 1 1 1 1 1 1 1 1 1 1 1 1 1 1 100 1 1 1 1 1 1 1 1 1 1 1 1 12 12 12 12 100 12 100 12 100 12 100 12 7 12 12 12 12 12 12 12 12 12 12 12 12 12 12 12 12 12 12 12 12 12 12 12 12 12 12 12 12 12 12 12 12 12 12 12 12 12 12 12 12 12 12 12 12 12 12 12 12 12 12 12 12 12 12 12 12 100 12 12 12 12 12 12 12 12 12 12 100 12 12 12 12 12 12 12 12 12 12 12 7 12 12 12 1 1 12 12 12 12 12 12 1 1 7 12 1 1 12 1 1 1 1 1 1 12 7 12 12 12 12 7 12 100 12 100 12 100 12 12 1 12 1 1 1 12 12 12 12 12 12 1 12 12 12 12 7 12 12 1 1 12 12 12 12 12 12 12 7 12 12 12 1 1 12 1 1 1 1 1 1 1 1 1 1 1 1 1 1 1 1 1 1 1 1 1 1 1 1 1 1 1 1 1 1 1 1 1 1 1 1 1 1 1 1 1 1 1 1 1 1 1 1 1 1 1 1 1 1 1 1 1 1 1 1 1 1 1 1 1 1 1 1 1
staticfield java/nio/Bits unsafe Lsun/misc/Unsafe; sun/misc/Unsafe
staticfield java/nio/Bits byteOrder Ljava/nio/ByteOrder; java/nio/ByteOrder
staticfield java/nio/Bits reservedMemory Ljava/util/concurrent/atomic/AtomicLong; java/util/concurrent/atomic/AtomicLong
staticfield java/nio/Bits totalCapacity Ljava/util/concurrent/atomic/AtomicLong; java/util/concurrent/atomic/AtomicLong
staticfield java/nio/Bits count Ljava/util/concurrent/atomic/AtomicLong; java/util/concurrent/atomic/AtomicLong
staticfield java/nio/Bits $assertionsDisabled Z 1
ciInstanceKlass java/nio/ByteOrder 1 1 39 10 9 10 7 8 10 9 8 9 7 1 1 1 1 1 1 1 1 1 1 1 1 1 1 1 1 1 12 12 7 12 1 12 12 12 1 1 1
staticfield java/nio/ByteOrder BIG_ENDIAN Ljava/nio/ByteOrder; java/nio/ByteOrder
staticfield java/nio/ByteOrder LITTLE_ENDIAN Ljava/nio/ByteOrder; java/nio/ByteOrder
instanceKlass org/apache/commons/pool2/PooledObjectState
instanceKlass cn/hutool/core/date/DateField
instanceKlass redis/clients/jedis/Protocol$Command
instanceKlass com/fasterxml/jackson/annotation/JsonTypeInfo$Id
instanceKlass com/zbkj/common/enums/GroupBuyRecordEnum
instanceKlass org/apache/jasper/TrimSpacesOption
instanceKlass cn/hutool/core/date/Week
instanceKlass org/apache/tomcat/util/net/Acceptor$AcceptorState
instanceKlass java/net/StandardProtocolFamily
instanceKlass com/anji/captcha/model/common/RepCodeEnum
instanceKlass com/google/common/cache/RemovalCause
instanceKlass com/google/common/collect/Maps$EntryFunction
instanceKlass com/alibaba/fastjson/parser/Feature
instanceKlass com/alibaba/fastjson/serializer/SerializerFeature
instanceKlass javax/validation/constraints/Pattern$Flag
instanceKlass org/springframework/web/util/HierarchicalUriComponents$EncodeState
instanceKlass org/springframework/web/util/UriComponentsBuilder$EncodingHint
instanceKlass com/google/common/base/AbstractIterator$State
instanceKlass com/zbkj/common/result/CommonResultCode
instanceKlass com/fasterxml/jackson/databind/AnnotationIntrospector$ReferenceProperty$Type
instanceKlass com/google/common/cache/LocalCache$NullEntry
instanceKlass com/google/common/base/Functions$IdentityFunction
instanceKlass com/fasterxml/classmate/AnnotationInclusion
instanceKlass org/springframework/data/keyvalue/core/DefaultIdentifierGenerator
instanceKlass org/springframework/boot/actuate/info/InfoPropertiesInfoContributor$Mode
instanceKlass org/springframework/data/redis/connection/DataType
instanceKlass org/springframework/data/redis/core/convert/MappingRedisConverter$NaturalOrderingKeyComparator
instanceKlass org/springframework/data/convert/Jsr310Converters$StringToInstantConverter
instanceKlass org/springframework/data/convert/Jsr310Converters$StringToLocalDateTimeConverter
instanceKlass org/springframework/data/convert/Jsr310Converters$StringToLocalDateConverter
instanceKlass org/springframework/data/convert/Jsr310Converters$StringToPeriodConverter
instanceKlass org/springframework/data/convert/Jsr310Converters$PeriodToStringConverter
instanceKlass org/springframework/data/convert/Jsr310Converters$StringToDurationConverter
instanceKlass org/springframework/data/convert/Jsr310Converters$DurationToStringConverter
instanceKlass org/springframework/data/convert/Jsr310Converters$StringToZoneIdConverter
instanceKlass org/springframework/data/convert/Jsr310Converters$ZoneIdToStringConverter
instanceKlass org/springframework/data/convert/Jsr310Converters$InstantToLocalDateTimeConverter
instanceKlass org/springframework/data/convert/Jsr310Converters$LocalDateTimeToInstantConverter
instanceKlass org/springframework/data/convert/Jsr310Converters$InstantToDateConverter
instanceKlass org/springframework/data/convert/Jsr310Converters$DateToInstantConverter
instanceKlass org/springframework/data/convert/Jsr310Converters$LocalTimeToDateConverter
instanceKlass org/springframework/data/convert/Jsr310Converters$DateToLocalTimeConverter
instanceKlass org/springframework/data/convert/Jsr310Converters$LocalDateToDateConverter
instanceKlass org/springframework/data/convert/Jsr310Converters$DateToLocalDateConverter
instanceKlass org/springframework/data/convert/Jsr310Converters$LocalDateTimeToDateConverter
instanceKlass org/springframework/data/convert/Jsr310Converters$DateToLocalDateTimeConverter
instanceKlass org/springframework/data/convert/JodaTimeConverters$LocalDateTimeToJsr310Converter
instanceKlass org/springframework/data/convert/JodaTimeConverters$JodaLocalDateTimeToInstant
instanceKlass org/springframework/data/convert/JodaTimeConverters$InstantToJodaLocalDateTime
instanceKlass org/springframework/data/convert/JodaTimeConverters$LocalDateTimeToJodaDateTime
instanceKlass org/springframework/data/convert/JodaTimeConverters$LocalDateTimeToJodaLocalDateTime
instanceKlass org/springframework/data/convert/JodaTimeConverters$DateToDateTimeConverter
instanceKlass org/springframework/data/convert/JodaTimeConverters$DateToLocalDateTimeConverter
instanceKlass org/springframework/data/convert/JodaTimeConverters$DateToLocalDateConverter
instanceKlass org/springframework/data/convert/JodaTimeConverters$DateTimeToDateConverter
instanceKlass org/springframework/data/convert/JodaTimeConverters$LocalDateTimeToDateConverter
instanceKlass org/springframework/data/convert/JodaTimeConverters$LocalDateToDateConverter
instanceKlass io/lettuce/core/protocol/CommandType
instanceKlass reactor/core/publisher/FluxSink$OverflowStrategy
instanceKlass io/netty/util/ResourceLeakDetector$Level
instanceKlass io/lettuce/core/tracing/NoOpTracing
instanceKlass io/lettuce/core/resource/DnsResolvers
instanceKlass io/lettuce/core/resource/DefaultNettyCustomizer
instanceKlass org/springframework/boot/convert/DurationStyle$Unit
instanceKlass org/springframework/boot/convert/DurationStyle
instanceKlass org/springframework/data/domain/Sort$Direction
instanceKlass com/jayway/jsonpath/Option
instanceKlass com/fasterxml/jackson/core/JsonEncoding
instanceKlass org/springframework/security/web/header/writers/frameoptions/XFrameOptionsHeaderWriter$XFrameOptionsMode
instanceKlass org/springframework/expression/spel/support/ReflectionHelper$ArgumentsMatchKind
instanceKlass com/google/common/collect/AbstractIterator$State
instanceKlass com/google/common/base/Predicates$ObjectPredicate
instanceKlass io/swagger/models/Scheme
instanceKlass org/springframework/boot/actuate/endpoint/annotation/Selector$Match
instanceKlass org/springframework/boot/actuate/endpoint/web/WebEndpointHttpMethod
instanceKlass org/springframework/data/repository/support/Repositories$EmptyRepositoryFactoryInformation
instanceKlass org/springframework/data/geo/format/PointFormatter
instanceKlass org/springframework/data/geo/Metrics
instanceKlass org/springframework/data/geo/format/DistanceFormatter
instanceKlass com/google/common/cache/LocalCache$EntryFactory
instanceKlass com/google/common/cache/CacheBuilder$NullListener
instanceKlass com/google/common/cache/CacheBuilder$OneWeigher
instanceKlass com/google/common/cache/LocalCache$Strength
instanceKlass com/fasterxml/jackson/annotation/JsonTypeInfo$As
instanceKlass com/fasterxml/jackson/core/JsonToken
instanceKlass com/fasterxml/jackson/databind/ObjectMapper$DefaultTyping
instanceKlass com/fasterxml/jackson/core/StreamReadFeature
instanceKlass com/fasterxml/jackson/core/StreamWriteFeature
instanceKlass org/springframework/boot/jackson/JsonComponent$Scope
instanceKlass com/mysql/cj/QueryReturnType
instanceKlass com/mysql/cj/Query$CancelStatus
instanceKlass com/alibaba/druid/pool/PreparedStatementPool$MethodType
instanceKlass org/apache/ibatis/executor/ExecutionPlaceholder
instanceKlass com/baomidou/mybatisplus/core/enums/SqlLike
instanceKlass com/baomidou/mybatisplus/core/enums/WrapperKeyword
instanceKlass com/baomidou/mybatisplus/core/conditions/segments/MatchSegment
instanceKlass com/baomidou/mybatisplus/core/enums/SqlKeyword
instanceKlass java/sql/RowIdLifetime
instanceKlass org/quartz/Trigger$CompletedExecutionInstruction
instanceKlass org/quartz/Trigger$TriggerState
instanceKlass com/mysql/cj/MysqlType
instanceKlass com/mysql/cj/protocol/a/authentication/CachingSha2PasswordPlugin$AuthStage
instanceKlass com/mysql/cj/protocol/a/NativeConstants$StringSelfDataType
instanceKlass com/mysql/cj/protocol/a/NativeConstants$StringLengthDataType
instanceKlass com/mysql/cj/protocol/a/NativeConstants$IntegerDataType
instanceKlass java/net/Proxy$Type
instanceKlass com/mysql/cj/protocol/Resultset$Concurrency
instanceKlass com/mysql/cj/protocol/Resultset$Type
instanceKlass com/mysql/cj/conf/BooleanPropertyDefinition$AllowableValues
instanceKlass com/mysql/cj/conf/PropertyDefinitions$Compression
instanceKlass com/mysql/cj/conf/PropertyDefinitions$AuthMech
instanceKlass com/mysql/cj/conf/PropertyDefinitions$XdevapiSslMode
instanceKlass com/mysql/cj/conf/PropertyDefinitions$ZeroDatetimeBehavior
instanceKlass com/mysql/cj/conf/PropertyDefinitions$SslMode
instanceKlass com/mysql/cj/conf/PropertyDefinitions$DatabaseTerm
instanceKlass com/mysql/cj/util/SearchMode
instanceKlass com/mysql/cj/conf/PropertyKey
instanceKlass com/mysql/cj/conf/ConnectionUrl$HostsCardinality
instanceKlass com/mysql/cj/conf/ConnectionUrl$Type
instanceKlass me/chanjar/weixin/common/util/http/HttpType
instanceKlass org/apache/http/impl/cookie/RFC6265CookieSpecProvider$CompatibilityLevel
instanceKlass org/apache/http/impl/cookie/DefaultCookieSpecProvider$CompatibilityLevel
instanceKlass org/apache/http/conn/util/DomainType
instanceKlass sun/security/ssl/SupportedGroupsExtension$NamedGroupType
instanceKlass sun/security/ssl/CipherSuite$KeyExchange
instanceKlass sun/security/ssl/CipherSuite$MacAlg
instanceKlass sun/security/ssl/CipherSuite$HashAlg
instanceKlass sun/security/ssl/CipherType
instanceKlass sun/security/ssl/SSLCipher
instanceKlass sun/security/ssl/CipherSuite
instanceKlass java/security/CryptoPrimitive
instanceKlass sun/security/ssl/ProtocolVersion
instanceKlass com/sun/nio/file/ExtendedOpenOption
instanceKlass java/nio/file/StandardOpenOption
instanceKlass sun/font/EAttribute
instanceKlass com/anji/captcha/model/common/CaptchaBaseMapEnum
instanceKlass org/springframework/expression/spel/standard/TokenKind
instanceKlass org/springframework/web/util/DefaultUriBuilderFactory$EncodingMode
instanceKlass com/fasterxml/jackson/dataformat/cbor/CBORGenerator$Feature
instanceKlass com/fasterxml/jackson/dataformat/cbor/CBORParser$Feature
instanceKlass org/springframework/core/ResolvableType$WildcardBounds$Kind
instanceKlass org/apache/ibatis/session/TransactionIsolationLevel
instanceKlass org/apache/ibatis/mapping/ResultFlag
instanceKlass com/fasterxml/jackson/annotation/OptBoolean
instanceKlass com/fasterxml/jackson/annotation/JsonFormat$Feature
instanceKlass org/springframework/format/annotation/DateTimeFormat$ISO
instanceKlass org/apache/ibatis/mapping/ParameterMode
instanceKlass org/apache/ibatis/mapping/StatementType
instanceKlass org/apache/ibatis/mapping/SqlCommandType
instanceKlass com/baomidou/mybatisplus/annotation/FieldFill
instanceKlass io/swagger/annotations/ApiModelProperty$AccessMode
instanceKlass io/micrometer/core/instrument/binder/jvm/JvmGcMetrics$GcGenerationAge
instanceKlass org/apache/ibatis/session/AutoMappingUnknownColumnBehavior
instanceKlass org/apache/ibatis/session/LocalCacheScope
instanceKlass org/apache/ibatis/type/JdbcType
instanceKlass org/apache/ibatis/session/AutoMappingBehavior
instanceKlass org/apache/ibatis/mapping/ResultSetType
instanceKlass com/baomidou/mybatisplus/annotation/FieldStrategy
instanceKlass com/baomidou/mybatisplus/annotation/IdType
instanceKlass com/baomidou/mybatisplus/core/enums/SqlMethod
instanceKlass javax/websocket/CloseReason$CloseCodes
instanceKlass org/springframework/boot/autoconfigure/http/HttpProperties$Encoding$Type
instanceKlass org/springframework/security/config/annotation/AbstractConfiguredSecurityBuilder$BuildState
instanceKlass org/springframework/http/HttpMethod
instanceKlass org/springframework/boot/actuate/endpoint/http/ApiVersion
instanceKlass com/sun/management/VMOption$Origin
instanceKlass org/springframework/data/redis/connection/RedisClusterNode$Flag
instanceKlass org/springframework/data/redis/connection/convert/MapToPropertiesConverter
instanceKlass redis/clients/jedis/GeoUnit
instanceKlass org/springframework/boot/jdbc/EmbeddedDatabaseConnection
instanceKlass org/springframework/boot/actuate/autoconfigure/health/HealthProperties$Show
instanceKlass org/springframework/boot/actuate/endpoint/OperationType
instanceKlass java/lang/management/MemoryType
instanceKlass java/lang/management/PlatformComponent
instanceKlass java/lang/Thread$State
instanceKlass io/micrometer/core/instrument/config/MeterFilterReply
instanceKlass io/micrometer/core/instrument/Meter$Type
instanceKlass java/nio/file/FileVisitResult
instanceKlass java/nio/file/FileTreeWalker$EventType
instanceKlass java/nio/file/LinkOption
instanceKlass java/nio/file/FileVisitOption
instanceKlass org/apache/tomcat/JarScanType
instanceKlass org/apache/catalina/WebResourceRoot$ResourceSetType
instanceKlass org/apache/catalina/authenticator/AuthenticatorBase$AllowCorsPreflight
instanceKlass org/apache/tomcat/util/http/SameSiteCookies
instanceKlass javax/servlet/SessionTrackingMode
instanceKlass org/apache/tomcat/util/net/SocketEvent
instanceKlass org/apache/tomcat/util/net/AbstractEndpoint$BindState
instanceKlass org/apache/catalina/LifecycleState
instanceKlass org/springframework/util/unit/DataUnit
instanceKlass org/springframework/boot/autoconfigure/web/ServerProperties$Jetty$Accesslog$FORMAT
instanceKlass org/springframework/boot/autoconfigure/web/ErrorProperties$IncludeStacktrace
instanceKlass org/springframework/data/projection/ProxyProjectionFactory$PropertyAccessingMethodInvokerFactory
instanceKlass org/springframework/data/projection/ProxyProjectionFactory$MapAccessingMethodInterceptorFactory
instanceKlass org/aspectj/weaver/RuntimeVersion
instanceKlass javax/annotation/Resource$AuthenticationType
instanceKlass org/springframework/aop/aspectj/annotation/AbstractAspectJAdvisorFactory$AspectJAnnotationType
instanceKlass org/aspectj/lang/reflect/PerClauseKind
instanceKlass com/fasterxml/jackson/annotation/JsonCreator$Mode
instanceKlass sun/security/rsa/RSAUtil$KeyType
instanceKlass java/text/Normalizer$Form
instanceKlass sun/security/util/KnownOIDs
instanceKlass sun/security/util/DisabledAlgorithmConstraints$Constraint$Operator
instanceKlass org/springframework/boot/autoconfigure/quartz/JobStoreType
instanceKlass com/google/gson/FieldNamingPolicy
instanceKlass com/google/gson/LongSerializationPolicy
instanceKlass io/micrometer/core/instrument/simple/CountingMode
instanceKlass org/apache/ibatis/session/ExecutorType
instanceKlass org/springframework/boot/jdbc/DataSourceInitializationMode
instanceKlass com/anji/captcha/model/common/CaptchaTypeEnum
instanceKlass com/anji/captcha/properties/AjCaptchaProperties$StorageType
instanceKlass org/springframework/boot/autoconfigure/web/servlet/WebMvcProperties$LocaleResolver
instanceKlass org/springframework/validation/DefaultMessageCodesResolver$Format
instanceKlass org/springframework/boot/autoconfigure/web/ServerProperties$ForwardHeadersStrategy
instanceKlass javax/servlet/DispatcherType
instanceKlass org/springframework/boot/web/servlet/DispatcherType
instanceKlass org/springframework/data/repository/config/BootstrapMode
instanceKlass org/springframework/data/redis/core/RedisKeyValueAdapter$EnableKeyspaceEvents
instanceKlass org/springframework/data/repository/query/QueryLookupStrategy$Key
instanceKlass org/springframework/boot/context/properties/ConfigurationPropertiesBean$BindMethod
instanceKlass org/springframework/boot/actuate/autoconfigure/web/ManagementContextType
instanceKlass org/springframework/boot/actuate/autoconfigure/web/server/ManagementPortType
instanceKlass org/springframework/boot/autoconfigure/cache/CacheType
instanceKlass org/springframework/boot/autoconfigure/condition/SearchStrategy
instanceKlass org/springframework/security/config/http/SessionCreationPolicy
instanceKlass org/springframework/jdbc/datasource/embedded/EmbeddedDatabaseType
instanceKlass org/springframework/boot/autoconfigure/condition/ConditionMessage$Style
instanceKlass org/springframework/boot/autoconfigure/condition/FilteringSpringBootCondition$ClassNameFilter
instanceKlass org/springframework/boot/autoconfigure/condition/ConditionalOnWebApplication$Type
instanceKlass com/fasterxml/jackson/annotation/JsonProperty$Access
instanceKlass org/springframework/http/HttpStatus$Series
instanceKlass org/springframework/http/HttpStatus
instanceKlass org/springframework/transaction/annotation/Propagation
instanceKlass org/springframework/transaction/annotation/Isolation
instanceKlass com/zbkj/common/enums/MethodType
instanceKlass org/springframework/web/bind/annotation/RequestMethod
instanceKlass org/springframework/beans/factory/annotation/Autowire
instanceKlass org/springframework/context/annotation/ConfigurationCondition$ConfigurationPhase
instanceKlass com/sun/beans/util/Cache$Kind
instanceKlass org/springframework/expression/spel/SpelCompilerMode
instanceKlass org/springframework/core/annotation/MergedAnnotation$Adapt
instanceKlass org/springframework/context/annotation/FilterType
instanceKlass org/springframework/context/annotation/AdviceMode
instanceKlass com/fasterxml/jackson/annotation/PropertyAccessor
instanceKlass org/springframework/context/annotation/ScopedProxyMode
instanceKlass com/fasterxml/jackson/core/JsonParser$NumberType
instanceKlass org/springframework/boot/ansi/AnsiBackground
instanceKlass org/springframework/boot/ansi/AnsiStyle
instanceKlass com/fasterxml/jackson/databind/DeserializationFeature
instanceKlass com/fasterxml/jackson/databind/SerializationFeature
instanceKlass com/fasterxml/jackson/databind/MapperFeature
instanceKlass com/fasterxml/jackson/annotation/JsonFormat$Shape
instanceKlass com/fasterxml/jackson/annotation/JsonAutoDetect$Visibility
instanceKlass com/fasterxml/jackson/annotation/Nulls
instanceKlass com/fasterxml/jackson/annotation/JsonInclude$Include
instanceKlass com/fasterxml/jackson/core/JsonGenerator$Feature
instanceKlass com/fasterxml/jackson/core/JsonParser$Feature
instanceKlass com/fasterxml/jackson/core/JsonFactory$Feature
instanceKlass ch/qos/logback/core/rolling/helper/PeriodicityType
instanceKlass ch/qos/logback/core/rolling/SizeAndTimeBasedFNATP$Usage
instanceKlass ch/qos/logback/core/rolling/helper/CompressionMode
instanceKlass ch/qos/logback/core/pattern/parser/TokenStream$TokenizerState
instanceKlass ch/qos/logback/core/util/AggregationType
instanceKlass ch/qos/logback/core/joran/action/ActionUtil$Scope
instanceKlass ch/qos/logback/core/subst/Node$Type
instanceKlass ch/qos/logback/core/subst/Token$Type
instanceKlass ch/qos/logback/core/subst/Tokenizer$TokenizerState
instanceKlass jdk/xml/internal/XMLSecurityManager$NameMap
instanceKlass jdk/xml/internal/XMLSecurityManager$State
instanceKlass jdk/xml/internal/XMLSecurityManager$Processor
instanceKlass jdk/xml/internal/XMLSecurityManager$Limit
instanceKlass com/sun/org/apache/xalan/internal/utils/XMLSecurityPropertyManager$Property
instanceKlass com/sun/org/apache/xalan/internal/utils/FeaturePropertyBase$State
instanceKlass jdk/xml/internal/JdkXmlFeatures$State
instanceKlass jdk/xml/internal/JdkXmlFeatures$XmlFeature
instanceKlass com/sun/org/apache/xerces/internal/impl/XMLScanner$NameType
instanceKlass com/sun/org/apache/xerces/internal/util/Status
instanceKlass org/hibernate/validator/internal/metadata/raw/ConstrainedElement$ConstrainedElementKind
instanceKlass org/hibernate/validator/internal/metadata/raw/ConfigurationSource
instanceKlass com/sun/org/apache/xerces/internal/utils/XMLSecurityPropertyManager$Property
instanceKlass com/sun/org/apache/xerces/internal/utils/XMLSecurityPropertyManager$State
instanceKlass com/sun/org/apache/xerces/internal/utils/XMLSecurityManager$NameMap
instanceKlass com/sun/org/apache/xerces/internal/utils/XMLSecurityManager$State
instanceKlass com/sun/org/apache/xerces/internal/utils/XMLSecurityManager$Limit
instanceKlass org/hibernate/validator/internal/metadata/descriptor/ConstraintDescriptorImpl$ConstraintType
instanceKlass org/hibernate/validator/internal/util/ConcurrentReferenceHashMap$Option
instanceKlass org/hibernate/validator/internal/util/ConcurrentReferenceHashMap$ReferenceType
instanceKlass java/nio/file/attribute/PosixFilePermission
instanceKlass org/springframework/boot/ansi/AnsiColor
instanceKlass org/springframework/boot/ansi/AnsiOutput$Enabled
instanceKlass javax/validation/constraintvalidation/ValidationTarget
instanceKlass org/yaml/snakeyaml/tokens/Token$ID
instanceKlass org/yaml/snakeyaml/events/Event$ID
instanceKlass org/yaml/snakeyaml/DumperOptions$NonPrintableStyle
instanceKlass sun/reflect/annotation/TypeAnnotation$TypeAnnotationTarget
instanceKlass org/yaml/snakeyaml/DumperOptions$LineBreak
instanceKlass org/yaml/snakeyaml/DumperOptions$FlowStyle
instanceKlass org/yaml/snakeyaml/DumperOptions$ScalarStyle
instanceKlass org/yaml/snakeyaml/introspector/BeanAccess
instanceKlass javax/validation/executable/ExecutableType
instanceKlass org/yaml/snakeyaml/nodes/NodeId
instanceKlass org/jboss/logging/Logger$Level
instanceKlass org/springframework/beans/factory/config/YamlProcessor$ResolutionMethod
instanceKlass org/apache/logging/log4j/spi/StandardLevel
instanceKlass java/util/stream/Collector$Characteristics
instanceKlass org/springframework/boot/cloud/CloudPlatform
instanceKlass java/util/stream/MatchOps$MatchKind
instanceKlass org/springframework/boot/context/properties/source/ConfigurationPropertyName$Form
instanceKlass org/springframework/boot/context/properties/source/ConfigurationPropertyState
instanceKlass ch/qos/logback/core/spi/FilterReply
instanceKlass org/springframework/format/datetime/joda/JodaTimeFormatterRegistrar$Type
instanceKlass java/time/Month
instanceKlass java/time/format/TextStyle
instanceKlass java/time/format/DateTimeFormatterBuilder$SettingsParser
instanceKlass java/time/format/ResolverStyle
instanceKlass java/time/format/SignStyle
instanceKlass java/time/temporal/IsoFields$Unit
instanceKlass java/time/temporal/IsoFields$Field
instanceKlass java/time/temporal/ChronoUnit
instanceKlass java/time/temporal/ChronoField
instanceKlass java/time/format/FormatStyle
instanceKlass org/springframework/format/datetime/standard/DateTimeFormatterRegistrar$Type
instanceKlass sun/util/logging/PlatformLogger$Level
instanceKlass java/util/stream/StreamShape
instanceKlass java/util/stream/StreamOpFlag$Type
instanceKlass java/util/stream/StreamOpFlag
instanceKlass java/lang/annotation/ElementType
instanceKlass org/springframework/core/annotation/IntrospectionFailureLogger
instanceKlass org/springframework/boot/context/properties/source/ConfigurationPropertyName$ElementType
instanceKlass java/lang/annotation/RetentionPolicy
instanceKlass org/springframework/core/annotation/MergedAnnotations$SearchStrategy
instanceKlass org/springframework/boot/logging/LogLevel
instanceKlass org/springframework/util/ConcurrentReferenceHashMap$TaskOption
instanceKlass java/lang/invoke/LambdaFormEditor$Transform$Kind
instanceKlass java/lang/invoke/MethodHandleImpl$Intrinsic
instanceKlass java/lang/invoke/LambdaForm$BasicType
instanceKlass sun/invoke/util/Wrapper
instanceKlass org/springframework/util/ConcurrentReferenceHashMap$Restructure
instanceKlass org/springframework/util/ConcurrentReferenceHashMap$ReferenceType
instanceKlass org/springframework/boot/WebApplicationType
instanceKlass org/springframework/boot/Banner$Mode
instanceKlass java/math/RoundingMode
instanceKlass sun/util/locale/provider/LocaleProviderAdapter$Type
instanceKlass java/util/Locale$Category
instanceKlass ch/qos/logback/core/joran/spi/ConsoleTarget
instanceKlass java/util/concurrent/TimeUnit
instanceKlass sun/launcher/LauncherHelper
instanceKlass java/io/File$PathStatus
instanceKlass sun/nio/fs/WindowsPathType
ciInstanceKlass java/lang/Enum 1 1 121 9 9 10 10 100 10 10 10 100 10 10 7 10 11 100 8 10 7 7 10 8 10 10 8 10 10 100 8 10 10 7 100 100 1 1 1 1 1 1 1 1 1 1 1 1 1 1 1 1 1 1 1 1 100 1 1 1 1 100 1 1 1 1 1 1 1 1 100 100 1 100 1 1 1 1 12 12 12 12 1 12 12 1 7 12 1 12 7 12 1 1 12 1 1 1 12 12 1 12 1 1 12 1 1 1 1 1 1 1 1 1 1 1 1 1 1 1 1 1 1
instanceKlass org/springframework/jdbc/core/namedparam/NamedParameterJdbcTemplate$1
instanceKlass org/springframework/web/servlet/view/AbstractCachingViewResolver$2
instanceKlass org/springframework/ui/ModelMap
instanceKlass me/chanjar/weixin/common/util/res/StringManager$1
instanceKlass com/alibaba/druid/stat/JdbcDataSourceStat$1
instanceKlass com/mysql/cj/util/LRUCache
instanceKlass com/alibaba/druid/util/LRUCache
instanceKlass org/apache/tomcat/util/res/StringManager$1
instanceKlass org/springframework/beans/factory/support/ManagedMap
instanceKlass org/springframework/boot/autoconfigure/template/TemplateAvailabilityProviders$1
instanceKlass org/springframework/core/annotation/AnnotationAttributes
instanceKlass org/springframework/core/type/classreading/CachingMetadataReaderFactory$LocalResourceCache
instanceKlass org/springframework/util/LinkedCaseInsensitiveMap$1
instanceKlass com/fasterxml/classmate/util/LRUTypeCache$CacheMap
instanceKlass java/io/ExpiringCache$1
ciInstanceKlass java/util/LinkedHashMap 1 1 234 9 9 9 9 10 7 10 10 9 9 9 10 7 10 10 10 10 9 9 10 10 10 10 10 10 10 10 9 10 9 7 10 9 7 10 9 7 10 100 10 11 100 10 11 7 7 100 7 1 1 7 1 7 1 7 1 1 1 1 1 1 1 1 5 0 1 1 1 1 1 1 1 1 1 1 1 1 100 1 1 1 1 1 1 1 7 1 1 1 1 1 1 1 1 1 1 1 1 1 1 1 1 1 1 1 100 100 1 1 1 100 1 1 1 1 1 1 1 1 100 1 1 1 1 1 1 1 1 100 1 1 1 1 100 1 1 1 100 1 1 1 1 1 1 1 1 1 1 1 1 12 12 12 12 12 1 12 12 12 12 12 12 1 12 12 12 12 12 100 12 12 12 12 12 100 12 12 12 12 12 1 12 12 1 12 1 1 7 12 1 100 12 1 1 1 1 1 1 1 1 1 1 1 1 1 1 1 1 1 1 1 1 1 1 1 1 1 1 1 1 1 1 1 1 1 1 1 1 1 1 1 1 1
ciInstanceKlass java/io/ExpiringCache$1 1 1 45 9 10 10 10 7 7 1 1 1 1 1 1 1 100 1 1 1 1 1 100 1 1 1 1 1 7 12 12 12 12 12 1 1 100 1 1 1 1 1 1 1 1 1 1
instanceKlass java/util/HashMap$TreeNode
ciInstanceKlass java/util/LinkedHashMap$Entry 1 1 27 10 100 7 1 1 1 1 1 1 1 1 1 1 1 1 1 1 1 1 12 100 1 100 1 1 1
ciInstanceKlass java/lang/Integer$IntegerCache 1 1 73 10 7 10 9 8 10 10 10 7 3 10 100 9 9 10 100 10 100 1 1 1 3 1 1 1 1 1 1 1 1 1 1 1 100 100 1 1 12 1 7 12 12 1 7 12 12 100 12 1 1 1 12 1 12 12 12 1 1 1 1 1 1 1 1 1 1 1 1 1 1 1 1
staticfield java/lang/Integer$IntegerCache high I 127
staticfield java/lang/Integer$IntegerCache cache [Ljava/lang/Integer; 256 [Ljava/lang/Integer;
staticfield java/lang/Integer$IntegerCache $assertionsDisabled Z 1
ciInstanceKlass sun/misc/JavaLangAccess 1 0 46 100 100 1 1 1 1 1 1 1 1 1 1 1 1 1 1 1 1 1 1 1 1 1 1 1 1 1 1 1 1 1 1 1 1 1 1 1 1 1 100 1 1 1 1 1
ciInstanceKlass java/lang/System$2 1 1 116 10 10 10 10 10 10 10 10 10 7 10 10 10 10 100 10 7 10 10 100 7 100 1 1 1 1 1 1 1 1 1 1 1 1 1 1 1 1 1 1 1 1 1 1 1 1 1 1 1 1 1 1 1 1 1 1 1 1 1 1 1 1 1 100 1 1 1 100 12 12 7 12 12 12 12 12 12 12 12 1 12 7 12 12 12 1 12 1 12 12 1 1 1 1 1 1 1 1 1 1 1 1 1 1 1 1 1 1 1 1 1 1 1 1 1
instanceKlass org/springframework/web/servlet/resource/ResourceUrlEncodingFilter$LookupPathIndexException
instanceKlass java/security/InvalidParameterException
instanceKlass java/nio/file/InvalidPathException
instanceKlass org/springframework/aop/framework/adapter/UnknownAdviceTypeException
instanceKlass org/springframework/core/Constants$ConstantException
instanceKlass java/nio/charset/UnsupportedCharsetException
instanceKlass org/springframework/http/InvalidMediaTypeException
instanceKlass org/springframework/util/InvalidMimeTypeException
instanceKlass java/util/IllegalFormatException
instanceKlass java/util/regex/PatternSyntaxException
instanceKlass java/lang/NumberFormatException
ciInstanceKlass java/lang/IllegalArgumentException 1 1 27 10 10 10 10 100 7 1 1 1 5 0 1 1 1 1 1 1 1 1 1 12 12 12 12 1 1
ciInstanceKlass java/lang/reflect/Array 1 1 70 10 10 10 7 100 1 1 1 1 1 1 1 100 1 1 1 100 1 1 1 1 1 100 1 1 1 1 1 1 1 1 1 1 1 1 1 1 1 1 1 1 1 1 1 1 1 1 1 1 1 1 1 1 1 1 1 1 1 1 1 1 12 12 12 1 1 1 1 1
ciInstanceKlass java/util/HashMap$TreeNode 1 1 182 7 10 9 9 7 9 9 9 10 100 10 9 9 9 10 10 10 10 10 10 10 10 10 9 10 10 10 10 9 10 10 10 10 10 10 10 7 1 1 1 1 1 1 1 1 1 1 1 1 1 7 1 1 1 1 1 1 1 1 100 1 1 1 100 100 1 1 1 100 100 1 1 1 1 1 1 1 1 1 1 1 1 1 1 100 1 1 1 1 1 1 1 1 1 1 1 1 1 1 1 1 1 1 1 1 1 1 1 12 12 12 1 12 12 12 12 1 12 12 12 12 7 12 12 12 12 12 12 7 12 7 12 7 12 12 12 12 12 12 12 12 12 12 12 12 12 100 1 1 1 1 1 1 1 1 1 1 1 1 1 1 1 1 1 1 1 1 1 1 1 1 1 1 1 1 1 1 1 1 1 1
staticfield java/util/HashMap$TreeNode $assertionsDisabled Z 1
instanceKlass java/util/LinkedHashMap$LinkedValueIterator
instanceKlass java/util/LinkedHashMap$LinkedEntryIterator
instanceKlass java/util/LinkedHashMap$LinkedKeyIterator
ciInstanceKlass java/util/LinkedHashMap$LinkedHashIterator 1 1 82 9 10 9 9 9 9 9 100 10 100 10 9 100 10 9 10 10 7 7 1 7 1 1 1 1 1 1 1 1 1 1 1 1 1 1 1 1 1 1 1 100 1 1 1 100 1 1 12 12 7 12 12 12 12 12 1 1 12 1 7 12 7 12 12 1 1 1 1 1 1 1 1 1 1 1 1 1 1 1 1 1
ciInstanceKlass java/lang/Void 1 1 28 10 8 10 9 7 100 1 1 1 1 1 1 1 1 1 1 1 12 1 7 12 12 1 1 1 1 1
staticfield java/lang/Void TYPE Ljava/lang/Class; java/lang/Class
ciInstanceKlass java/nio/DirectByteBuffer 1 1 507 9 9 10 10 10 10 10 9 10 100 10 10 9 7 10 10 10 11 10 10 9 100 10 7 10 10 10 100 10 10 10 10 10 7 5 0 10 100 10 9 10 10 10 10 10 100 10 100 10 10 9 10 10 9 10 10 10 10 10 10 10 9 10 9 10 9 10 10 10 10 10 10 10 10 5 0 100 10 100 10 100 10 100 10 10 10 10 10 10 10 10 100 10 100 10 100 10 100 10 10 10 10 10 10 10 10 5 0 100 10 100 10 100 10 100 10 10 10 10 10 10 10 10 5 0 100 10 100 10 7 10 100 10 10 10 10 10 10 10 100 10 100 10 100 10 100 10 10 10 10 10 10 10 100 10 100 10 100 10 100 10 10 10 7 10 10 7 100 100 1 1 1 1 1 1 1 1 1 1 1 1 1 1 1 1 1 1 1 1 1 100 100 1 1 1 1 1 1 1 1 1 1 1 1 1 1 1 1 1 1 1 1 100 1 1 1 1 1 1 1 1 1 1 1 1 1 100 1 1 1 1 100 1 1 1 1 1 1 1 1 1 1 100 1 1 1 1 1 1 1 1 1 1 100 1 1 1 1 1 1 1 1 100 1 1 1 1 1 1 1 1 1 1 100 1 1 1 1 1 1 1 1 1 1 100 1 1 1 1 12 12 12 7 12 12 7 12 12 12 7 12 1 12 12 12 1 12 7 12 12 12 12 12 12 1 12 1 12 12 12 1 12 12 12 12 1 12 1 12 12 12 12 12 12 1 1 12 7 12 12 12 12 12 12 12 12 12 12 12 12 12 12 12 12 12 12 12 1 12 1 1 1 12 12 12 12 12 12 1 1 1 1 12 12 12 12 12 12 1 1 1 1 12 12 12 12 12 12 1 1 1 1 100 12 12 12 12 12 12 1 1 1 1 100 12 12 12 12 12 12 1 1 1 1 7 12 12 1 12 12 1 1 1 1 1 1 1 1 1 1 1 1 1 1 1 1 1 1 1 1 1 1 1 1 1 1 1 1 1 1 1 1 1 1 1 1 1 1 1 1 1 1 1 1 1 1 1 1 1 1 1 1 1 1 1 1 1 1 1 1 1 1 1 1 1 1 1 1 1 1 1 1 1 1 1 1 1 1 1 1 1 1 1 1 1 1
staticfield java/nio/DirectByteBuffer unsafe Lsun/misc/Unsafe; sun/misc/Unsafe
staticfield java/nio/DirectByteBuffer arrayBaseOffset J 16
staticfield java/nio/DirectByteBuffer unaligned Z 1
staticfield java/nio/DirectByteBuffer $assertionsDisabled Z 1
instanceKlass java/lang/StringIndexOutOfBoundsException
instanceKlass org/springframework/asm/MethodTooLargeException
instanceKlass org/springframework/asm/ClassTooLargeException
instanceKlass java/lang/ArrayIndexOutOfBoundsException
ciInstanceKlass java/lang/IndexOutOfBoundsException 1 1 21 10 10 100 7 1 1 1 5 0 1 1 1 1 1 1 1 12 12 1 1
ciInstanceKlass java/util/LinkedHashMap$LinkedEntrySet 1 1 118 9 10 9 10 7 10 100 11 10 10 10 11 10 100 10 100 10 9 9 11 9 100 10 7 7 1 1 1 1 1 1 1 1 1 1 1 1 1 1 1 1 1 1 1 100 100 100 1 1 1 1 1 1 100 1 1 1 1 12 12 7 12 12 1 1 12 100 1 12 100 12 12 100 12 12 12 1 7 12 1 12 12 100 12 100 12 1 1 1 1 1 1 1 1 1 1 1 1 1 1 1 1 1 1 1 1 1 1 1 1 1 1 1 1 1 1 1
ciInstanceKlass java/util/LinkedHashMap$LinkedEntryIterator 1 1 43 9 10 10 10 7 7 100 1 1 1 1 1 1 1 100 1 1 1 1 1 1 1 1 1 1 12 12 12 12 100 1 1 1 1 100 1 1 100 1 1 1 1
ciInstanceKlass java/util/Collections$EmptyIterator 1 1 52 10 10 100 10 100 10 10 7 9 7 100 1 1 1 1 1 1 1 1 1 1 1 1 1 1 1 1 1 1 1 100 1 1 1 1 1 12 1 1 100 12 100 1 12 1 1 1 1 1 1 1
staticfield java/util/Collections$EmptyIterator EMPTY_ITERATOR Ljava/util/Collections$EmptyIterator; java/util/Collections$EmptyIterator
ciInstanceKlass java/lang/Byte$ByteCache 1 1 26 10 7 9 10 7 100 1 1 1 1 1 1 1 1 1 1 12 1 12 12 1 1 1 1 1
staticfield java/lang/Byte$ByteCache cache [Ljava/lang/Byte; 256 [Ljava/lang/Byte;
ciInstanceKlass java/lang/Short$ShortCache 1 1 26 10 7 9 10 7 100 1 1 1 1 1 1 1 1 1 1 12 1 12 12 1 1 1 1 1
staticfield java/lang/Short$ShortCache cache [Ljava/lang/Short; 256 [Ljava/lang/Short;
ciInstanceKlass java/lang/Character$CharacterCache 1 1 26 10 7 9 10 7 100 1 1 1 1 1 1 1 1 1 1 12 1 12 12 1 1 1 1 1
staticfield java/lang/Character$CharacterCache cache [Ljava/lang/Character; 128 [Ljava/lang/Character;
ciInstanceKlass java/lang/Long$LongCache 1 1 26 10 7 9 10 7 100 1 1 1 1 1 1 1 1 1 1 12 1 12 12 1 1 1 1 1
staticfield java/lang/Long$LongCache cache [Ljava/lang/Long; 256 [Ljava/lang/Long;
ciInstanceKlass java/util/HashMap$EntrySet 1 1 114 9 10 9 10 7 10 100 11 10 10 10 11 10 7 10 100 10 9 9 11 9 100 10 7 7 1 1 1 1 1 1 1 1 1 1 1 1 1 1 1 1 1 1 1 100 100 100 1 1 1 1 1 1 100 1 1 1 1 12 12 7 12 12 1 1 12 100 1 12 12 12 100 12 12 12 1 1 12 1 12 12 100 12 12 1 1 1 1 1 1 1 1 1 1 1 1 1 1 1 1 1 1 1 1 1 1 1 1 1 1 1 1 1
ciInstanceKlass java/util/HashMap$EntryIterator 1 1 44 9 10 10 10 7 7 100 1 1 1 1 1 1 1 100 1 1 1 1 1 1 1 1 1 1 12 12 12 12 100 1 1 1 1 100 1 1 100 1 1 1 1 1
ciInstanceKlass sun/reflect/annotation/AnnotationParser 1 1 553 10 10 10 100 100 8 10 7 10 7 10 10 10 3 10 11 10 10 9 11 100 10 8 10 10 8 10 10 8 10 7 7 10 10 11 9 11 8 10 10 10 7 7 10 10 10 10 10 10 11 7 10 10 7 10 100 10 10 7 10 10 7 10 10 10 10 7 10 10 8 8 10 10 10 10 10 10 10 10 10 10 10 10 10 8 10 100 10 10 10 8 10 9 10 10 10 10 10 11 10 10 7 11 10 8 10 10 8 10 100 10 10 9 10 9 10 9 10 9 10 9 10 9 10 9 10 9 10 7 10 10 10 10 9 10 100 10 10 10 10 7 8 10 10 11 9 11 7 10 100 1 1 1 1 1 1 1 1 1 1 1 1 1 100 100 1 1 1 1 1 1 1 1 100 100 100 100 100 100 1 1 1 1 100 100 1 1 1 1 1 100 100 100 100 100 1 1 1 1 1 1 1 1 1 1 1 1 1 1 1 1 1 1 1 1 1 1 1 100 1 100 1 100 1 100 1 100 1 100 1 100 1 100 1 1 1 1 1 1 1 1 1 1 1 1 1 1 1 1 1 1 1 1 1 1 1 1 1 1 12 7 12 12 1 1 1 12 1 12 1 7 12 12 12 12 7 12 12 7 12 7 12 1 1 12 12 1 12 12 1 12 1 12 12 7 12 12 12 1 7 12 12 12 1 1 12 12 12 12 12 12 12 1 12 12 1 12 1 12 12 1 12 7 12 1 12 12 12 12 1 12 12 1 1 12 7 12 7 12 12 7 12 12 7 12 7 12 12 7 12 7 12 7 12 1 12 1 12 12 1 12 7 12 7 12 12 7 12 7 12 7 12 7 12 12 12 1 12 7 12 1 12 12 1 7 12 1 12 12 12 12 12 12 12 12 12 12 1 12 12 12 12 12 12 1 12 12 12 1 1 12 12 12 12 7 1 12 1 1 1 1 1 1 1 1 1 1 1 1 1 1 1 1 1 1 1 1 1 1 1 1 1 1 1 1 1 1 1 1 1 1 1 1 1 1 1 1 1 1 1 1 1 1 1 1 1 1 1 1 1 1 1 1 1 1 1 1 1 1 1 1 1 1 1 1 1 1 1 1 1 1 1 1 1 1 1 1 1 1 1 1 1 1 1 1 1 1 1 1 1 1 1 1 1 1 1 1 1 1 1 1 1 1 1 1 1 1 1 1 1 1 1 1 1 1 1 1 1 1 1 1 1 1 1 1 1 1 1 1 1 1 1
staticfield sun/reflect/annotation/AnnotationParser EMPTY_ANNOTATIONS_ARRAY [Ljava/lang/annotation/Annotation; 0 [Ljava/lang/annotation/Annotation;
staticfield sun/reflect/annotation/AnnotationParser EMPTY_ANNOTATION_ARRAY [Ljava/lang/annotation/Annotation; 0 [Ljava/lang/annotation/Annotation;
staticfield sun/reflect/annotation/AnnotationParser $assertionsDisabled Z 1
ciInstanceKlass java/util/NoSuchElementException 0 0 21 10 10 100 100 1 1 1 5 0 1 1 1 1 1 1 1 12 12 1 1
ciInstanceKlass sun/reflect/generics/parser/SignatureParser 1 1 398 7 10 9 9 9 9 10 100 10 10 10 10 100 100 10 8 10 8 10 10 10 8 10 10 10 10 10 10 10 10 10 10 10 10 7 7 10 8 10 10 11 10 11 11 7 10 10 10 10 10 10 10 10 10 10 8 8 8 10 10 8 10 8 10 10 7 10 10 8 8 8 10 10 7 7 10 10 10 8 8 10 8 10 8 10 10 10 10 10 10 10 10 10 10 8 8 7 7 7 10 10 10 10 8 10 8 10 7 7 10 10 8 10 7 1 1 1 1 1 1 1 1 3 1 1 3 1 1 1 1 1 1 1 1 1 1 1 1 1 1 1 1 1 1 1 1 1 1 1 1 1 1 1 1 1 1 1 100 1 1 1 1 1 1 1 1 1 1 1 100 1 1 1 1 1 1 1 1 1 1 100 1 1 100 1 1 1 1 1 1 1 1 1 1 1 1 1 1 1 1 1 1 1 1 1 1 1 12 12 12 12 12 7 12 1 12 12 12 1 1 1 12 1 12 12 12 1 12 12 12 12 12 12 12 12 7 12 12 12 1 1 12 1 12 12 7 12 12 12 12 1 12 12 12 12 12 12 7 12 12 12 12 1 1 1 12 12 1 12 1 12 12 1 7 12 12 1 1 1 12 12 1 1 12 7 12 7 12 1 1 7 12 1 12 1 7 12 12 7 12 7 12 7 12 7 12 7 12 7 12 7 12 7 12 1 1 1 1 1 12 12 12 7 12 1 12 1 1 1 7 12 12 1 7 12 1 1 1 1 1 1 1 1 1 1 1 1 1 1 1 1 1 1 1 1 1 1 1 1 1 1 1 1 1 1 1 1 1 1 1 1 1 1 1 1 1 1 1 1 1 1 1 1 1 1 1 1 1 1 1 1 1 1 1 1 1 1
staticfield sun/reflect/generics/parser/SignatureParser $assertionsDisabled Z 1
ciInstanceKlass sun/reflect/generics/tree/TypeTree 1 0 13 100 100 100 1 1 1 1 1 1 1 1 1
ciInstanceKlass sun/reflect/generics/tree/TypeArgument 1 0 9 100 100 100 1 1 1 1 1
ciInstanceKlass sun/reflect/generics/tree/TypeSignature 1 0 9 100 100 100 1 1 1 1 1
ciInstanceKlass sun/reflect/generics/tree/BaseType 1 0 9 100 100 100 1 1 1 1 1
ciInstanceKlass sun/reflect/generics/tree/FieldTypeSignature 1 0 13 100 100 100 100 100 1 1 1 1 1 1 1
ciInstanceKlass sun/reflect/generics/tree/SimpleClassTypeSignature 1 1 48 10 9 9 9 7 10 11 7 100 1 1 1 1 1 1 1 1 1 1 1 1 1 1 1 1 1 1 1 1 1 1 1 1 12 12 12 12 1 12 7 12 1 1 1 1 1 1
ciInstanceKlass sun/reflect/generics/tree/ClassTypeSignature 1 1 40 10 9 7 10 11 7 100 1 1 1 1 1 1 1 1 1 1 1 1 1 1 1 1 1 1 1 1 12 12 1 12 7 12 1 1 1 1 1 1
ciInstanceKlass sun/reflect/generics/scope/Scope 1 0 11 100 100 1 1 1 1 1 1 1 1
instanceKlass sun/reflect/generics/scope/ConstructorScope
instanceKlass sun/reflect/generics/scope/MethodScope
instanceKlass sun/reflect/generics/scope/ClassScope
ciInstanceKlass sun/reflect/generics/scope/AbstractScope 1 1 69 10 9 9 10 10 11 11 10 10 11 7 7 7 1 1 1 1 1 1 1 1 1 1 1 1 1 1 1 1 1 1 100 1 1 100 100 100 1 1 1 1 12 12 12 12 12 7 12 7 12 7 12 12 12 1 1 1 1 1 1 1 1 1 1 1 1 1 1
ciInstanceKlass sun/reflect/generics/scope/ClassScope 1 1 67 10 10 7 10 10 10 10 10 10 10 7 10 7 100 1 1 1 1 1 1 1 1 1 100 100 100 1 1 1 1 1 1 12 12 1 12 100 12 12 100 12 12 12 100 12 1 12 1 1 1 1 1 1 1 1 1 1 1 1 1 1 1 1 1 1 1
ciInstanceKlass sun/reflect/generics/factory/GenericsFactory 1 0 32 100 100 1 1 1 1 1 1 1 1 1 1 1 1 1 1 1 1 1 1 1 1 1 1 1 1 1 1 1 1 1
ciInstanceKlass sun/reflect/generics/factory/CoreReflectionFactory 1 1 172 10 9 9 7 10 7 10 9 7 100 8 10 10 7 10 10 10 10 10 10 11 10 10 7 7 10 10 10 10 9 9 9 9 9 9 9 9 9 10 7 100 1 1 1 1 1 1 1 1 1 1 1 1 1 1 1 1 1 1 1 1 1 1 1 1 1 1 1 1 1 1 1 1 100 1 1 1 1 1 1 1 1 1 1 1 1 1 1 1 1 12 12 12 1 12 1 12 12 1 1 1 12 1 12 12 7 12 7 12 7 12 12 7 12 12 12 1 1 12 7 12 12 7 12 7 12 7 7 7 7 7 7 7 7 12 1 1 1 1 1 1 1 1 1 1 1 1 1 1 1 1 1 1 1 1 1 1 1 1 1 1 1 1 1 1 1 1 1 1 1 1
staticfield sun/reflect/generics/factory/CoreReflectionFactory $assertionsDisabled Z 1
ciInstanceKlass sun/reflect/generics/visitor/TypeTreeVisitor 1 0 44 100 100 1 1 1 1 1 1 1 1 1 1 1 1 1 1 1 1 1 1 1 1 1 1 1 1 1 1 1 1 1 1 1 1 1 1 1 1 1 1 1 1 1
ciInstanceKlass sun/reflect/generics/visitor/Reifier 1 1 243 10 9 7 10 7 11 9 9 100 10 10 10 10 11 10 11 11 11 7 7 10 10 10 11 10 8 8 10 10 11 10 11 10 11 11 10 11 10 10 11 11 11 11 11 11 11 11 11 11 10 10 7 100 1 1 1 1 1 1 1 1 1 1 1 1 1 1 1 1 1 100 1 1 1 1 1 1 100 100 100 100 100 100 100 100 1 1 1 1 1 1 1 1 1 1 1 1 1 1 1 1 1 1 1 1 1 1 1 1 1 1 1 1 1 1 1 1 1 1 1 12 12 1 12 1 7 12 12 12 1 12 7 12 12 7 12 7 12 7 12 12 7 12 1 1 12 12 12 12 1 1 12 12 12 12 12 7 12 7 12 7 12 12 7 12 12 12 12 12 12 12 12 12 12 12 12 12 7 12 1 1 1 1 1 1 1 1 1 1 1 1 1 1 1 1 1 1 1 1 1 1 1 1 1 1 1 1 1 1 1 1 1 1 1 1 1 1 1 1 1 1 1 1 1 1 1 1 1 1 1 1 1 1 1 1 1 1 1 1 1 1 1
staticfield sun/reflect/generics/visitor/Reifier $assertionsDisabled Z 1
ciInstanceKlass java/lang/reflect/GenericArrayType 1 1 11 100 100 100 1 1 1 1 1 1 1
ciInstanceKlass sun/reflect/annotation/AnnotationType$1 1 1 42 9 9 10 10 10 7 7 100 1 1 1 1 1 1 1 1 1 1 1 1 1 1 1 1 100 12 12 12 12 7 12 12 1 1 1 1 1 1 1 1 1
ciInstanceKlass java/lang/annotation/Retention 1 1 19 100 100 100 1 1 1 1 1 1 1 1 1 1 1 1 1 1 1
ciInstanceKlass java/lang/annotation/Inherited 1 1 18 100 100 100 1 1 1 1 1 1 1 1 1 1 1 1 1 1
ciInstanceKlass java/lang/annotation/RetentionPolicy 1 1 48 9 10 7 7 10 10 8 10 9 8 9 8 9 7 1 1 1 1 1 1 1 1 1 1 1 1 1 1 1 1 1 1 1 1 12 7 12 1 12 12 12 12 12 1 1 1 1
staticfield java/lang/annotation/RetentionPolicy SOURCE Ljava/lang/annotation/RetentionPolicy; java/lang/annotation/RetentionPolicy
staticfield java/lang/annotation/RetentionPolicy CLASS Ljava/lang/annotation/RetentionPolicy; java/lang/annotation/RetentionPolicy
staticfield java/lang/annotation/RetentionPolicy RUNTIME Ljava/lang/annotation/RetentionPolicy; java/lang/annotation/RetentionPolicy
staticfield java/lang/annotation/RetentionPolicy $VALUES [Ljava/lang/annotation/RetentionPolicy; 3 [Ljava/lang/annotation/RetentionPolicy;
instanceKlass sun/reflect/annotation/AnnotationTypeMismatchExceptionProxy
ciInstanceKlass sun/reflect/annotation/ExceptionProxy 0 0 17 10 100 100 100 1 1 1 1 1 1 1 1 12 1 1 1
ciInstanceKlass sun/reflect/annotation/AnnotationTypeMismatchExceptionProxy 0 0 36 10 9 9 100 10 100 100 1 1 1 5 0 1 1 1 1 1 1 1 1 1 1 1 1 1 1 12 12 12 1 12 1 1 1 1
ciInstanceKlass sun/reflect/annotation/AnnotationParser$1 1 1 56 9 9 10 10 7 7 10 10 7 10 7 7 100 1 1 1 1 1 1 1 1 1 1 1 1 1 1 1 1 100 12 12 12 12 12 1 1 12 7 12 1 12 1 1 1 1 1 1 1 1 1 1 1 1 1
ciInstanceKlass com/sun/proxy/$Proxy0 1 1 113 1 1 1 1 1 7 12 10 1 1 1 1 1 1 12 9 1 7 12 9 1 100 1 7 1 1 12 11 1 100 1 1 12 10 1 100 1 100 1 100 1 100 1 12 10 1 1 1 12 9 1 100 1 1 1 12 9 1 7 1 1 1 12 9 1 100 1 12 10 1 1 1 12 9 1 7 1 1 1 8 1 1 12 10 8 1 1 12 10 8 1 8 8 8 8 1 100 1 100 1 12 10 1 12 10 1 100 1 100 10 1 100
ciInstanceKlass java/lang/reflect/ParameterizedType 1 1 14 100 100 100 1 1 1 1 1 1 1 1 1 1
ciInstanceKlass java/lang/annotation/ElementType 1 1 76 9 10 7 7 10 10 8 10 9 8 9 8 9 8 9 8 9 8 9 8 9 8 9 8 9 8 9 7 1 1 1 1 1 1 1 1 1 1 1 1 1 1 1 1 1 1 1 1 1 1 1 1 1 1 1 12 7 12 1 12 12 12 12 12 12 12 12 12 12 12 12 1 1 1 1
staticfield java/lang/annotation/ElementType TYPE Ljava/lang/annotation/ElementType; java/lang/annotation/ElementType
staticfield java/lang/annotation/ElementType FIELD Ljava/lang/annotation/ElementType; java/lang/annotation/ElementType
staticfield java/lang/annotation/ElementType METHOD Ljava/lang/annotation/ElementType; java/lang/annotation/ElementType
staticfield java/lang/annotation/ElementType PARAMETER Ljava/lang/annotation/ElementType; java/lang/annotation/ElementType
staticfield java/lang/annotation/ElementType CONSTRUCTOR Ljava/lang/annotation/ElementType; java/lang/annotation/ElementType
staticfield java/lang/annotation/ElementType LOCAL_VARIABLE Ljava/lang/annotation/ElementType; java/lang/annotation/ElementType
staticfield java/lang/annotation/ElementType ANNOTATION_TYPE Ljava/lang/annotation/ElementType; java/lang/annotation/ElementType
staticfield java/lang/annotation/ElementType PACKAGE Ljava/lang/annotation/ElementType; java/lang/annotation/ElementType
staticfield java/lang/annotation/ElementType TYPE_PARAMETER Ljava/lang/annotation/ElementType; java/lang/annotation/ElementType
staticfield java/lang/annotation/ElementType TYPE_USE Ljava/lang/annotation/ElementType; java/lang/annotation/ElementType
staticfield java/lang/annotation/ElementType $VALUES [Ljava/lang/annotation/ElementType; 10 [Ljava/lang/annotation/ElementType;
ciInstanceKlass com/sun/proxy/$Proxy3 1 1 113 1 1 1 1 1 7 12 10 1 1 1 1 1 1 12 9 1 7 12 9 1 100 1 7 1 1 12 11 1 100 1 1 12 10 1 100 1 100 1 100 1 100 1 12 10 1 1 1 12 9 1 100 1 1 1 12 9 1 7 1 1 1 12 9 1 100 1 12 10 1 1 1 12 9 1 100 1 1 1 8 1 1 12 10 8 1 1 12 10 8 1 8 8 8 8 1 100 1 100 1 12 10 1 12 10 1 100 1 100 10 1 100
ciInstanceKlass java/lang/ProcessEnvironment 1 1 276 9 10 10 10 10 100 100 10 8 10 8 10 10 8 100 10 7 10 10 10 10 10 10 7 10 10 100 10 10 7 10 10 10 10 9 11 9 9 10 7 7 10 100 10 10 9 10 10 10 11 11 11 100 11 11 8 10 10 10 10 10 10 10 10 10 10 7 10 7 10 10 10 10 10 7 10 11 7 100 1 1 1 1 1 1 100 1 1 1 1 5 0 1 1 3 1 1 1 1 1 1 1 1 1 1 1 1 1 1 1 1 1 1 1 1 1 1 1 1 1 1 1 1 1 1 1 1 1 1 1 1 1 1 1 1 1 1 1 1 1 1 1 1 100 100 100 100 100 100 1 1 1 1 1 1 1 1 1 1 1 1 1 1 1 1 12 12 12 12 12 1 1 12 1 12 1 12 12 1 1 1 12 12 12 12 12 12 1 12 12 1 12 12 1 12 12 12 12 12 12 1 1 1 12 7 12 12 100 12 100 12 12 1 12 12 1 12 12 12 12 12 12 12 12 12 12 1 12 1 12 12 12 1 12 12 1 1 1 1 1 1 1 1 1 1 1 1 1 1 1 1 1 1 1 1 1 1 1 1 1 1 1 1 1 1 1 1 1 1 1 1 1 1 1 1
staticfield java/lang/ProcessEnvironment nameComparator Ljava/lang/ProcessEnvironment$NameComparator; java/lang/ProcessEnvironment$NameComparator
staticfield java/lang/ProcessEnvironment entryComparator Ljava/lang/ProcessEnvironment$EntryComparator; java/lang/ProcessEnvironment$EntryComparator
staticfield java/lang/ProcessEnvironment theEnvironment Ljava/lang/ProcessEnvironment; java/lang/ProcessEnvironment
staticfield java/lang/ProcessEnvironment theUnmodifiableEnvironment Ljava/util/Map; java/util/Collections$UnmodifiableMap
staticfield java/lang/ProcessEnvironment theCaseInsensitiveEnvironment Ljava/util/Map; java/util/TreeMap
ciInstanceKlass java/lang/AssertionError 0 0 66 10 10 10 10 100 10 10 10 10 10 10 10 10 100 100 1 1 1 5 0 1 1 1 1 1 1 1 100 100 1 1 1 1 1 1 1 1 1 12 12 100 12 1 12 12 12 12 12 12 12 12 1 1 1 1 1 1 1 1 1 1 1 1 1 1
ciInstanceKlass java/util/ConcurrentModificationException 0 0 27 10 10 10 10 100 100 1 1 1 5 0 1 1 1 1 1 1 1 1 1 12 12 12 12 1 1
ciInstanceKlass com/sun/proxy/$Proxy9 1 1 105 1 1 1 1 1 7 12 10 1 1 1 1 1 1 12 9 1 7 12 9 1 100 1 7 1 1 12 11 1 100 1 1 12 10 1 100 1 100 1 100 1 100 1 12 10 1 1 1 12 9 1 100 1 1 1 12 9 1 7 1 1 1 12 9 1 100 1 12 10 1 1 1 8 1 1 12 10 8 1 1 12 10 8 1 8 8 8 1 100 1 100 1 12 10 1 12 10 1 100 1 100 10 1 100
ciInstanceKlass org/springframework/core/annotation/AnnotationAttributes 1 1 338 10 9 9 7 8 9 10 10 8 10 10 10 10 100 7 10 7 7 10 7 7 7 7 100 7 10 10 100 8 10 10 10 10 10 10 10 10 10 18 10 7 100 8 100 10 10 8 10 10 10 11 100 8 10 11 11 100 11 10 10 11 10 8 8 8 10 8 100 10 8 10 8 10 10 8 7 1 1 1 1 1 1 1 1 1 1 1 1 1 1 1 1 1 1 1 1 1 1 1 1 1 1 1 1 1 1 1 1 1 1 1 1 1 1 1 1 1 100 1 1 1 1 1 1 1 1 1 1 1 1 1 1 1 1 1 1 1 1 1 1 1 1 1 1 1 1 1 1 1 1 1 1 1 1 1 1 100 1 1 1 1 1 1 1 1 1 1 1 1 1 1 1 1 1 1 1 1 1 100 100 100 100 100 1 1 1 1 1 1 1 1 1 12 12 12 1 1 12 12 12 1 7 12 12 12 100 12 1 1 12 1 1 12 1 1 1 1 1 1 100 12 12 1 1 12 12 12 12 12 12 12 12 12 1 15 16 15 16 12 12 1 1 1 1 12 12 1 12 12 12 100 12 1 1 100 12 12 100 1 12 12 12 12 12 1 1 1 12 1 1 1 100 12 1 12 1 1 1 1 1 1 1 1 1 1 1 1 1 1 1 1 1 1 1 1 1 1 1 1 10 1 10 1 1 1 1 1 1 1 1 1 1 1 1 1 1 1 1 1 1 1 1 1 1 1 1 7 12 12 1 1 100 1 1 100 1 1
ciInstanceKlass java/lang/TypeNotPresentException 1 1 39 7 10 8 10 8 10 10 9 7 7 1 1 1 5 0 1 1 1 1 1 1 1 1 1 1 12 1 12 1 12 12 12 1 1 1 1 1 1
ciInstanceKlass org/springframework/web/bind/annotation/RequestMethod 1 1 72 9 10 7 7 10 10 8 10 9 8 9 8 9 8 9 8 9 8 9 8 9 8 9 7 1 1 1 1 1 1 1 1 1 1 1 1 1 1 1 1 1 1 1 1 1 1 1 1 1 1 1 1 1 12 7 12 1 12 12 12 12 12 12 12 12 12 12 1 1 1 1
staticfield org/springframework/web/bind/annotation/RequestMethod GET Lorg/springframework/web/bind/annotation/RequestMethod; org/springframework/web/bind/annotation/RequestMethod
staticfield org/springframework/web/bind/annotation/RequestMethod HEAD Lorg/springframework/web/bind/annotation/RequestMethod; org/springframework/web/bind/annotation/RequestMethod
staticfield org/springframework/web/bind/annotation/RequestMethod POST Lorg/springframework/web/bind/annotation/RequestMethod; org/springframework/web/bind/annotation/RequestMethod
staticfield org/springframework/web/bind/annotation/RequestMethod PUT Lorg/springframework/web/bind/annotation/RequestMethod; org/springframework/web/bind/annotation/RequestMethod
staticfield org/springframework/web/bind/annotation/RequestMethod PATCH Lorg/springframework/web/bind/annotation/RequestMethod; org/springframework/web/bind/annotation/RequestMethod
staticfield org/springframework/web/bind/annotation/RequestMethod DELETE Lorg/springframework/web/bind/annotation/RequestMethod; org/springframework/web/bind/annotation/RequestMethod
staticfield org/springframework/web/bind/annotation/RequestMethod OPTIONS Lorg/springframework/web/bind/annotation/RequestMethod; org/springframework/web/bind/annotation/RequestMethod
staticfield org/springframework/web/bind/annotation/RequestMethod TRACE Lorg/springframework/web/bind/annotation/RequestMethod; org/springframework/web/bind/annotation/RequestMethod
staticfield org/springframework/web/bind/annotation/RequestMethod $VALUES [Lorg/springframework/web/bind/annotation/RequestMethod; 8 [Lorg/springframework/web/bind/annotation/RequestMethod;
ciMethodData sun/reflect/annotation/AnnotationParser parseAnnotation2 (Ljava/nio/ByteBuffer;Lsun/reflect/ConstantPool;Ljava/lang/Class;Z[Ljava/lang/Class;)Ljava/lang/annotation/Annotation; 2 5828 orig 264 120 1 238 95 0 0 0 0 136 201 174 120 84 2 0 0 176 6 0 0 160 1 0 0 0 0 0 0 0 0 0 0 0 0 0 0 0 0 0 0 0 0 0 0 0 0 0 0 0 0 0 0 0 0 0 0 0 0 0 0 0 0 0 0 0 0 0 0 0 0 0 0 0 0 0 0 0 0 0 0 77 68 79 32 101 120 116 114 97 32 100 97 116 97 32 108 111 99 107 0 0 0 0 0 0 0 0 0 0 0 0 0 0 0 0 0 0 0 0 0 0 0 0 0 0 0 0 0 0 0 0 0 0 0 0 0 0 0 0 0 0 0 0 0 1 0 0 0 0 0 0 0 0 0 0 0 0 0 0 0 0 0 0 0 0 0 0 0 0 0 0 0 0 0 0 0 0 0 0 0 0 0 0 0 0 0 0 0 0 0 0 0 0 0 0 0 0 0 0 0 0 0 0 0 0 0 0 0 0 0 0 0 0 0 0 0 0 1 0 0 33 174 0 0 89 80 0 0 176 21 0 0 233 9 0 0 2 0 0 0 1 0 37 0 2 0 0 0 72 5 0 0 255 255 255 255 5 0 1 0 0 0 0 0 data 169 0x10005 0x0 0x2547d702080 0x15c4 0x0 0x0 0x130005 0x0 0x2547a2e61d0 0x15c4 0x0 0x0 0x1b0002 0x15c4 0x200003 0x15ba 0x48 0x280005 0x0 0x0 0x0 0x0 0x0 0x2d0003 0x15ba 0x88 0x330007 0x0 0x30 0x0 0x3e0002 0x0 0x440002 0x0 0x4c0007 0x14 0x20 0x0 0x540002 0x14 0x5b0007 0x13fd 0x60 0x1bd 0x620002 0x1bd 0x650007 0x8c 0x30 0x131 0x6a0002 0x131 0x740002 0x1489 0x790003 0x148d 0x28 0x800002 0x0 0x870005 0x0 0x25406daddb0 0x148c 0x0 0x0 0x920005 0x0 0x25406daddb0 0x148c 0x0 0x0 0x950002 0x148c 0x9b0005 0x0 0x2547d702080 0x148d 0x0 0x0 0xaa0007 0x1492 0x2c0 0xa05 0xae0005 0x0 0x2547d702080 0xa05 0x0 0x0 0xb90005 0x0 0x2547a2e61d0 0xa06 0x0 0x0 0xc20005 0x0 0x2547d703b60 0xa05 0x0 0x0 0xc70004 0x0 0x2547a2af690 0xa05 0x0 0x0 0xce0007 0xa04 0x48 0x0 0xd20002 0x0 0xd50003 0x0 0x198 0xdd0002 0xa05 0xe40004 0xfffffffffffff5f5 0x2547d700fd0 0x1 0x25413489b40 0x5 0xe70007 0xa0a 0x110 0x0 0xec0004 0x0 0x0 0x0 0x0 0x0 0xf10005 0x0 0x0 0x0 0x0 0x0 0xf60005 0x0 0x0 0x0 0x0 0x0 0xfb0004 0x0 0x0 0x0 0x0 0x0 0xfe0005 0x0 0x0 0x0 0x0 0x0 0x1080005 0x0 0x25406daec00 0xa0a 0x0 0x0 0x1110003 0xa0b 0xfffffffffffffd58 0x1180002 0x1492 oops 12 2 java/nio/HeapByteBuffer 8 sun/reflect/ConstantPool 61 sun/reflect/annotation/AnnotationType 67 sun/reflect/annotation/AnnotationType 75 java/nio/HeapByteBuffer 85 java/nio/HeapByteBuffer 91 sun/reflect/ConstantPool 97 java/util/HashMap 103 java/lang/Class 120 java/lang/annotation/RetentionPolicy 122 [Ljava/lang/annotation/ElementType; 160 java/util/LinkedHashMap
ciMethodData sun/reflect/annotation/AnnotationParser skipAnnotation (Ljava/nio/ByteBuffer;Z)V 1 396 orig 264 120 1 238 95 0 0 0 0 80 223 174 120 84 2 0 0 72 2 0 0 80 0 0 0 0 0 0 0 0 0 0 0 0 0 0 0 0 0 0 0 0 0 0 0 0 0 0 0 0 0 0 0 0 0 0 0 0 0 0 0 0 0 0 0 0 0 0 0 0 0 0 0 0 0 0 0 0 0 0 0 77 68 79 32 101 120 116 114 97 32 100 97 116 97 32 108 111 99 107 0 0 0 0 0 0 0 0 0 0 0 0 0 0 0 0 0 0 0 0 0 0 0 0 0 0 0 0 0 0 0 0 0 0 0 0 0 0 0 0 0 0 0 0 0 0 0 0 0 0 0 0 0 0 0 0 0 0 0 0 0 0 0 0 0 0 0 0 0 0 0 0 0 0 0 0 0 0 0 0 0 0 0 0 0 0 0 0 0 0 0 0 0 0 0 0 0 0 0 0 0 0 0 0 0 0 0 0 0 0 0 0 0 0 0 0 0 71 0 0 0 41 10 0 0 1 6 0 0 0 0 0 0 0 0 0 0 2 0 0 0 1 0 9 0 2 0 0 0 248 0 0 0 255 255 255 255 7 0 1 0 0 0 0 0 data 31 0x10007 0x145 0x50 0x0 0x50005 0x0 0x0 0x0 0x0 0x0 0xa0005 0x0 0x2547d702080 0x145 0x0 0x0 0x150007 0x145 0x78 0xc0 0x190005 0x0 0x2547d702080 0xc0 0x0 0x0 0x1e0002 0xc0 0x240003 0xc0 0xffffffffffffffa0 oops 2 12 java/nio/HeapByteBuffer 22 java/nio/HeapByteBuffer
ciMethodData sun/reflect/annotation/AnnotationParser contains ([Ljava/lang/Object;Ljava/lang/Object;)Z 1 760 orig 264 120 1 238 95 0 0 0 0 48 226 174 120 84 2 0 0 168 1 0 0 32 0 0 0 0 0 0 0 0 0 0 0 0 0 0 0 0 0 0 0 0 0 0 0 0 0 0 0 0 0 0 0 0 0 0 0 0 0 0 0 0 0 0 0 0 0 0 0 0 0 0 0 0 0 0 0 0 0 0 0 77 68 79 32 101 120 116 114 97 32 100 97 116 97 32 108 111 99 107 0 0 0 0 0 0 0 0 0 0 0 0 0 0 0 0 0 0 0 0 0 0 0 0 0 0 0 0 0 0 0 0 0 0 0 0 0 0 0 0 0 0 0 0 0 0 0 0 0 0 0 0 0 0 0 0 0 0 0 0 0 0 0 0 0 0 0 0 0 0 0 0 0 0 0 0 0 0 0 0 0 0 0 0 0 0 0 0 0 0 0 0 0 0 0 0 0 0 0 0 0 0 0 0 0 0 0 0 0 0 0 0 0 0 0 0 0 141 0 0 0 9 8 0 0 9 11 0 0 0 0 0 0 0 0 0 0 2 0 0 0 1 0 8 0 2 0 0 0 88 0 0 0 255 255 255 255 7 0 11 0 0 0 0 0 data 11 0xb0007 0xae 0x58 0x1b4 0x170007 0x161 0x20 0x53 0x1f0003 0x161 0xffffffffffffffc0 oops 0
ciMethodData java/util/LinkedHashMap <init> (Ljava/util/Map;)V 2 5501 orig 264 120 1 238 95 0 0 0 0 240 245 100 120 84 2 0 0 144 1 0 0 0 0 0 0 0 0 0 0 0 0 0 0 0 0 0 0 0 0 0 0 0 0 0 0 0 0 0 0 0 0 0 0 0 0 0 0 0 0 0 0 0 0 0 0 0 0 0 0 0 0 0 0 0 0 0 0 0 0 0 0 77 68 79 32 101 120 116 114 97 32 100 97 116 97 32 108 111 99 107 0 0 0 0 0 0 0 0 0 0 0 0 0 0 0 0 0 0 0 0 0 0 0 0 0 0 0 0 0 0 0 0 0 0 0 0 0 0 0 0 0 0 0 0 0 0 0 0 0 0 0 0 0 0 0 0 0 0 0 0 0 0 0 0 0 0 0 0 0 0 0 0 0 0 0 0 0 0 0 0 0 0 0 0 0 0 0 0 0 0 0 0 0 0 0 0 0 0 0 0 0 0 0 0 0 0 0 0 0 0 0 0 0 0 0 0 0 190 0 0 0 249 165 0 0 1 0 0 0 0 0 0 0 0 0 0 0 2 0 0 0 0 0 0 0 0 0 0 0 64 0 0 0 255 255 255 255 2 0 1 0 0 0 0 0 data 8 0x10002 0x14be 0xc0005 0x21 0x25406daec00 0x1471 0x25405ab1790 0x2c oops 2 4 java/util/LinkedHashMap 6 org/springframework/core/annotation/AnnotationAttributes
ciMethodData java/util/HashMap putMapEntries (Ljava/util/Map;Z)V 2 24595 orig 264 120 1 238 95 0 0 0 0 80 232 90 120 84 2 0 0 96 4 0 0 168 0 0 0 0 0 0 0 0 0 0 0 0 0 0 0 0 0 0 0 0 0 0 0 0 0 0 0 0 0 0 0 0 0 0 0 0 0 0 0 0 0 0 0 0 0 0 0 0 0 0 0 0 0 0 0 0 0 0 0 77 68 79 32 101 120 116 114 97 32 100 97 116 97 32 108 111 99 107 0 0 0 0 0 0 0 0 0 0 0 0 0 0 0 0 0 0 0 0 0 0 0 0 0 0 0 0 0 0 0 0 0 0 0 0 0 0 0 0 0 0 0 0 0 1 0 0 0 0 0 0 0 0 0 0 0 0 0 0 0 0 0 0 0 0 0 0 0 0 0 0 0 0 0 0 0 0 0 0 1 0 0 0 0 0 0 0 0 0 0 0 0 0 0 0 0 0 0 0 0 0 0 0 0 0 0 0 0 0 0 0 0 0 0 0 0 209 1 0 0 145 32 1 0 17 242 2 0 0 20 0 0 137 36 0 0 2 0 0 0 1 0 24 0 2 0 0 0 8 3 0 0 255 255 255 255 5 0 1 0 0 0 0 0 data 97 0x10005 0x4d8 0x2547d703b60 0x126c 0x25406daec00 0xcce 0x80007 0x101f 0x2d8 0x13f3 0xf0007 0x14f 0xa0 0x12a4 0x220007 0x0 0x38 0x12a4 0x280003 0x12a4 0x18 0x35e007 0x92 0x30 0x1213 0x3b0002 0x1213 0x410003 0x12a5 0x68 0x490007 0x113 0x50 0x3c 0x4d0005 0x0 0x25406daec00 0x3c 0x0 0x0 0x520005 0x5c2 0x2547d703b60 0xe31 0x25405ab1790 0x1 0x570005 0x380 0x2540db2ee50 0xe31 0x25406db1080 0x243 0x600005 0x1f9d 0x2540db2ef00 0x43c8 0x25406db11e0 0xed1 0x650007 0x13f4 0x138 0x5e42 0x6a0005 0x1c1d 0x2540db2ef00 0x3597 0x25406db11e0 0xc8e 0x6f0004 0x0 0x25405ab3080 0x3597 0x25406db1290 0xc8e 0x760005 0x1c1d 0x25405ab3080 0x3597 0x25406db1290 0xc8e 0x7f0005 0x1c1d 0x25405ab3080 0x3597 0x25406db1290 0xc8e 0x890002 0x5e42 0x920005 0x2e6f 0x25406daec00 0x2ee6 0x25405ab1790 0xed 0x960003 0x5e42 0xfffffffffffffeb0 oops 19 2 java/util/HashMap 4 java/util/LinkedHashMap 36 java/util/LinkedHashMap 42 java/util/HashMap 44 org/springframework/core/annotation/AnnotationAttributes 48 java/util/HashMap$EntrySet 50 java/util/LinkedHashMap$LinkedEntrySet 54 java/util/HashMap$EntryIterator 56 java/util/LinkedHashMap$LinkedEntryIterator 64 java/util/HashMap$EntryIterator 66 java/util/LinkedHashMap$LinkedEntryIterator 70 java/util/HashMap$Node 72 java/util/LinkedHashMap$Entry 76 java/util/HashMap$Node 78 java/util/LinkedHashMap$Entry 82 java/util/HashMap$Node 84 java/util/LinkedHashMap$Entry 90 java/util/LinkedHashMap 92 org/springframework/core/annotation/AnnotationAttributes
ciMethodData sun/reflect/annotation/AnnotationParser skipMemberValue (Ljava/nio/ByteBuffer;)V 1 436 orig 264 120 1 238 95 0 0 0 0 240 223 174 120 84 2 0 0 136 1 0 0 0 0 0 0 0 0 0 0 0 0 0 0 0 0 0 0 0 0 0 0 0 0 0 0 0 0 0 0 0 0 0 0 0 0 0 0 0 0 0 0 0 0 0 0 0 0 0 0 0 0 0 0 0 0 0 0 0 0 0 0 77 68 79 32 101 120 116 114 97 32 100 97 116 97 32 108 111 99 107 0 0 0 0 0 0 0 0 0 0 0 0 0 0 0 0 0 0 0 0 0 0 0 0 0 0 0 0 0 0 0 0 0 0 0 0 0 0 0 0 0 0 0 0 0 0 0 0 0 0 0 0 0 0 0 0 0 0 0 0 0 0 0 0 0 0 0 0 0 0 0 0 0 0 0 0 0 0 0 0 0 0 0 0 0 0 0 0 0 0 0 0 0 0 0 0 0 0 0 0 0 0 0 0 0 0 0 0 0 0 0 0 0 0 0 0 0 87 0 0 0 233 10 0 0 1 0 0 0 0 0 0 0 0 0 0 0 2 0 0 0 0 0 3 0 2 0 0 0 64 0 0 0 255 255 255 255 5 0 1 0 0 0 0 0 data 8 0x10005 0x0 0x2547d702080 0x15d 0x0 0x0 0x70002 0x15d oops 1 2 java/nio/HeapByteBuffer
ciMethodData sun/reflect/annotation/AnnotationParser parseMemberValue (Ljava/lang/Class;Ljava/nio/ByteBuffer;Lsun/reflect/ConstantPool;Ljava/lang/Class;)Ljava/lang/Object; 2 10165 orig 264 120 1 238 95 0 0 0 0 112 203 174 120 84 2 0 0 80 4 0 0 240 0 0 0 0 0 0 0 0 0 0 0 0 0 0 0 0 0 0 0 0 0 0 0 0 0 0 0 0 0 0 0 0 0 0 0 0 0 0 0 0 0 0 0 0 0 0 0 0 0 0 0 0 0 0 0 0 0 0 0 77 68 79 32 101 120 116 114 97 32 100 97 116 97 32 108 111 99 107 0 0 0 0 0 0 0 0 0 0 0 0 0 0 0 0 0 0 0 0 0 0 0 0 0 0 0 0 0 0 0 0 0 0 0 0 0 0 0 0 0 0 0 0 0 1 0 0 0 0 0 0 0 0 0 0 0 0 0 0 0 0 0 0 0 0 0 0 0 0 0 0 0 0 0 0 0 0 0 0 0 0 0 0 0 0 0 0 0 0 0 0 0 0 0 0 0 0 0 0 0 0 0 0 0 0 0 0 0 0 0 0 0 0 0 0 0 31 1 0 0 177 52 1 0 1 0 0 0 245 20 0 0 0 0 0 0 2 0 0 0 0 0 24 0 2 0 0 0 240 2 0 0 255 255 255 255 5 0 4 0 0 0 0 0 data 94 0x40005 0x0 0x2547d702080 0x2696 0x0 0x0 0xb0008 0xa 0x32 0xd0 0x0 0x98 0x50 0xc0 0x5 0x70 0x1a 0x60 0x380002 0x16e 0x3f0002 0x4c 0x440003 0x4b 0x60 0x4b0002 0x3 0x500003 0x3 0x38 0x570002 0x126c 0x5f0002 0x126d 0x660004 0xffffffffffffed47 0x2547a2e7850 0x9 0x2547a2e7c60 0x7 0x690007 0x0 0x1b0 0x12bb 0x6f0005 0x37 0x2547a2af690 0x1285 0x0 0x0 0x720007 0x12bb 0x160 0x0 0x7d0002 0x0 0x820005 0x0 0x0 0x0 0x0 0x0 0x850005 0x0 0x0 0x0 0x0 0x0 0x8a0005 0x0 0x0 0x0 0x0 0x0 0x8f0005 0x0 0x0 0x0 0x0 0x0 0x940005 0x0 0x0 0x0 0x0 0x0 0x970005 0x0 0x0 0x0 0x0 0x0 0x9a0002 0x0 oops 4 2 java/nio/HeapByteBuffer 36 java/lang/Boolean 38 java/lang/Integer 46 java/lang/Class
ciMethodData sun/reflect/annotation/AnnotationParser annotationForMap (Ljava/lang/Class;Ljava/util/Map;)Ljava/lang/annotation/Annotation; 2 5436 orig 264 120 1 238 95 0 0 0 0 40 202 174 120 84 2 0 0 160 1 0 0 0 0 0 0 0 0 0 0 0 0 0 0 0 0 0 0 0 0 0 0 0 0 0 0 0 0 0 0 0 0 0 0 0 0 0 0 0 0 0 0 0 0 0 0 0 0 0 0 0 0 0 0 0 0 0 0 0 0 0 0 77 68 79 32 101 120 116 114 97 32 100 97 116 97 32 108 111 99 107 0 0 0 0 0 0 0 0 0 0 0 0 0 0 0 0 0 0 0 0 0 0 0 0 0 0 0 0 0 0 0 0 0 0 0 0 0 0 0 0 0 0 0 0 0 0 0 0 0 0 0 0 0 0 0 0 0 0 0 0 0 0 0 0 0 0 0 0 0 0 0 0 0 0 0 0 0 0 0 0 0 0 0 0 0 0 0 0 0 0 0 0 0 0 0 0 0 0 0 0 0 0 0 0 0 0 0 0 0 0 0 0 0 0 0 0 0 187 0 0 0 9 164 0 0 1 0 0 0 0 0 0 0 0 0 0 0 2 0 0 0 0 0 0 0 0 0 0 0 80 0 0 0 255 255 255 255 2 0 6 0 0 0 0 0 data 10 0x60002 0x1481 0x90002 0x1481 0xc0004 0x0 0x2547d702130 0xdc 0x254068e2520 0x5a oops 2 6 com/sun/proxy/$Proxy0 8 com/sun/proxy/$Proxy3
ciMethodData sun/reflect/annotation/AnnotationParser$1 <init> (Ljava/lang/Class;Ljava/util/Map;)V 2 5436 orig 264 120 1 238 95 0 0 0 0 64 217 176 120 84 2 0 0 64 1 0 0 0 0 0 0 0 0 0 0 0 0 0 0 0 0 0 0 0 0 0 0 0 0 0 0 0 0 0 0 0 0 0 0 0 0 0 0 0 0 0 0 0 0 0 0 0 0 0 0 0 0 0 0 0 0 0 0 0 0 0 0 77 68 79 32 101 120 116 114 97 32 100 97 116 97 32 108 111 99 107 0 0 0 0 0 0 0 0 0 0 0 0 0 0 0 0 0 0 0 0 0 0 0 0 0 0 0 0 0 0 0 0 0 0 0 0 0 0 0 0 0 0 0 0 0 0 0 0 0 0 0 0 0 0 0 0 0 0 0 0 0 0 0 0 0 0 0 0 0 0 0 0 0 0 0 0 0 0 0 0 0 0 0 0 0 0 0 0 0 0 0 0 0 0 0 0 0 0 0 0 0 0 0 0 0 0 0 0 0 0 0 0 0 0 0 0 0 187 0 0 0 1 164 0 0 1 0 0 0 0 0 0 0 0 0 0 0 2 0 0 0 0 0 3 0 2 0 0 0 16 0 0 0 255 255 255 255 2 0 11 0 0 0 0 0 data 2 0xb0002 0x1480 oops 0
ciMethodData sun/reflect/annotation/AnnotationParser parseAnnotation (Ljava/nio/ByteBuffer;Lsun/reflect/ConstantPool;Ljava/lang/Class;Z)Ljava/lang/annotation/Annotation; 2 2758 orig 264 120 1 238 95 0 0 0 0 128 199 174 120 84 2 0 0 112 1 0 0 0 0 0 0 0 0 0 0 0 0 0 0 0 0 0 0 0 0 0 0 0 0 0 0 0 0 0 0 0 0 0 0 0 0 0 0 0 0 0 0 0 0 0 0 0 0 0 0 0 0 0 0 0 0 0 0 0 0 0 0 77 68 79 32 101 120 116 114 97 32 100 97 116 97 32 108 111 99 107 0 0 0 0 0 0 0 0 0 0 0 0 0 0 0 0 0 0 0 0 0 0 0 0 0 0 0 0 0 0 0 0 0 0 0 0 0 0 0 0 0 0 0 0 0 0 0 0 0 0 0 0 0 0 0 0 0 0 0 0 0 0 0 0 0 0 0 0 0 0 0 0 0 0 0 0 0 0 0 0 0 0 0 0 0 0 0 0 0 0 0 0 0 0 0 0 0 0 0 0 0 0 0 0 0 0 0 0 0 0 0 0 0 0 0 0 0 34 0 0 0 33 85 0 0 1 0 0 0 0 0 0 0 0 0 0 0 2 0 0 0 0 0 3 0 2 0 0 0 16 0 0 0 255 255 255 255 2 0 5 0 0 0 0 0 data 2 0x50002 0xaa4 oops 0
ciMethodData sun/reflect/annotation/AnnotationParser parseArray (Ljava/lang/Class;Ljava/nio/ByteBuffer;Lsun/reflect/ConstantPool;Ljava/lang/Class;)Ljava/lang/Object; 2 4840 orig 264 120 1 238 95 0 0 0 0 72 210 174 120 84 2 0 0 144 4 0 0 144 2 0 0 0 0 0 0 0 0 0 0 0 0 0 0 0 0 0 0 0 0 0 0 0 0 0 0 0 0 0 0 0 0 0 0 0 0 0 0 0 0 0 0 0 0 0 0 0 0 0 0 0 0 0 0 0 0 0 0 77 68 79 32 101 120 116 114 97 32 100 97 116 97 32 108 111 99 107 0 0 0 0 0 0 0 0 0 0 0 0 0 0 0 0 0 0 0 0 0 0 0 0 0 0 0 0 0 0 0 0 0 0 0 0 0 0 0 0 0 0 0 0 0 0 0 0 0 0 0 0 0 0 0 0 0 0 0 0 0 0 0 0 0 0 0 0 0 0 0 0 0 0 0 0 0 0 0 0 0 0 0 0 0 0 0 0 0 0 0 0 0 0 0 0 0 0 0 0 0 0 0 0 0 0 0 0 0 0 0 0 0 0 0 0 0 188 0 0 0 97 145 0 0 1 0 0 0 238 11 0 0 0 0 0 0 2 0 0 0 0 0 33 0 2 0 0 0 48 3 0 0 255 255 255 255 5 0 1 0 0 0 0 0 data 102 0x10005 0x0 0x2547d702080 0x122c 0x0 0x0 0xa0005 0x108 0x2547a2af690 0x1124 0x0 0x0 0x140007 0x122b 0x30 0x0 0x1b0002 0x0 0x240007 0x122c 0x30 0x0 0x2b0002 0x0 0x340007 0x122c 0x30 0x0 0x3b0002 0x0 0x440007 0x122c 0x30 0x0 0x4b0002 0x0 0x540007 0x122c 0x30 0x0 0x5b0002 0x0 0x640007 0x122c 0x30 0x0 0x6b0002 0x0 0x740007 0x122c 0x30 0x0 0x7b0002 0x0 0x840007 0x122b 0x30 0x0 0x8b0002 0x0 0x930007 0x2f2 0x30 0xf39 0x9a0002 0xf39 0xa20007 0x198 0x30 0x15b 0xaa0002 0x159 0xb00005 0x4 0x2547a2af690 0x194 0x0 0x0 0xb30007 0xaf 0x30 0xe9 0xbd0002 0xe9 0xc40007 0xaf 0x80 0x0 0xc90005 0x0 0x0 0x0 0x0 0x0 0xcc0007 0x0 0x30 0x0 0xd30002 0x0 0xde0002 0xaf oops 3 2 java/nio/HeapByteBuffer 8 java/lang/Class 74 java/lang/Class
ciMethodData sun/reflect/annotation/AnnotationParser parseEnumValue (Ljava/lang/Class;Ljava/nio/ByteBuffer;Lsun/reflect/ConstantPool;Ljava/lang/Class;)Ljava/lang/Object; 2 1559 orig 264 120 1 238 95 0 0 0 0 184 208 174 120 84 2 0 0 0 5 0 0 112 3 0 0 0 0 0 0 0 0 0 0 0 0 0 0 0 0 0 0 0 0 0 0 0 0 0 0 0 0 0 0 0 0 0 0 0 0 0 0 0 0 0 0 0 0 0 0 0 0 0 0 0 0 0 0 0 0 0 0 77 68 79 32 101 120 116 114 97 32 100 97 116 97 32 108 111 99 107 0 0 0 0 0 0 0 0 0 0 0 0 0 0 0 0 0 0 0 0 0 0 0 0 0 0 0 0 0 0 0 0 0 0 0 0 0 0 0 0 0 0 0 0 0 0 0 0 0 0 0 0 0 0 0 0 0 0 0 0 0 0 0 0 0 0 0 0 0 0 0 0 0 0 0 0 0 0 0 0 0 0 0 0 0 0 0 0 0 0 0 0 0 0 0 0 0 0 0 0 0 0 0 0 0 0 0 0 0 0 0 0 0 0 0 0 0 139 0 0 0 97 44 0 0 1 0 0 0 0 0 0 0 0 0 0 0 2 0 0 0 0 0 16 0 2 0 0 0 160 3 0 0 255 255 255 255 5 0 1 0 0 0 0 0 data 116 0x10005 0x0 0x2547d702080 0x58c 0x0 0x0 0xc0005 0x0 0x2547a2e61d0 0x58c 0x0 0x0 0x120005 0x0 0x2547d702080 0x58c 0x0 0x0 0x1d0005 0x0 0x2547a2e61d0 0x58c 0x0 0x0 0x260005 0x83 0x2547a2af600 0x509 0x0 0x0 0x290007 0x58c 0x180 0x0 0x2d0005 0x0 0x0 0x0 0x0 0x0 0x320005 0x0 0x0 0x0 0x0 0x0 0x350007 0x0 0x210 0x0 0x400002 0x0 0x450005 0x0 0x0 0x0 0x0 0x0 0x4a0005 0x0 0x0 0x0 0x0 0x0 0x4f0005 0x0 0x0 0x0 0x0 0x0 0x520005 0x0 0x0 0x0 0x0 0x0 0x550002 0x0 0x5d0002 0x58c 0x600007 0x58c 0x100 0x0 0x6b0002 0x0 0x700005 0x0 0x0 0x0 0x0 0x0 0x750005 0x0 0x0 0x0 0x0 0x0 0x7a0005 0x0 0x0 0x0 0x0 0x0 0x7d0005 0x0 0x0 0x0 0x0 0x0 0x800002 0x0 0x870002 0x58c 0x940002 0x0 oops 5 2 java/nio/HeapByteBuffer 8 sun/reflect/ConstantPool 14 java/nio/HeapByteBuffer 20 sun/reflect/ConstantPool 26 java/lang/String
ciMethodData sun/reflect/annotation/AnnotationParser parseConst (ILjava/nio/ByteBuffer;Lsun/reflect/ConstantPool;)Ljava/lang/Object; 2 4789 orig 264 120 1 238 95 0 0 0 0 224 204 174 120 84 2 0 0 80 5 0 0 8 3 0 0 0 0 0 0 0 0 0 0 0 0 0 0 0 0 0 0 0 0 0 0 0 0 0 0 0 0 0 0 0 0 0 0 0 0 0 0 0 0 0 0 0 0 0 0 0 0 0 0 0 0 0 0 0 0 0 0 77 68 79 32 101 120 116 114 97 32 100 97 116 97 32 108 111 99 107 0 0 0 0 0 0 0 0 0 0 0 0 0 0 0 0 0 0 0 0 0 0 0 0 0 0 0 0 0 0 0 0 0 0 0 0 0 0 0 0 0 0 0 0 0 0 0 0 0 0 0 0 0 0 0 0 0 0 0 0 0 0 0 0 0 0 0 0 0 0 0 0 0 0 0 0 0 0 0 0 0 0 0 0 0 0 0 0 0 0 0 0 0 0 0 0 0 0 0 0 0 0 0 0 0 0 0 0 0 0 0 0 0 0 0 0 0 118 0 0 0 249 145 0 0 1 0 0 0 0 0 0 0 0 0 0 0 2 0 0 0 0 0 35 0 2 0 0 0 248 3 0 0 255 255 255 255 5 0 1 0 0 0 0 0 data 127 0x10005 0x0 0x2547d702080 0x123f 0x0 0x0 0x90008 0x14 0x0 0x318 0x0 0xb0 0x0 0xf0 0x0 0x130 0x0 0x170 0x14 0x1b0 0x0 0x1f0 0x0 0x230 0x2a 0x270 0xdb 0x2e8 0x5e0005 0x0 0x0 0x0 0x0 0x0 0x620002 0x0 0x680005 0x0 0x0 0x0 0x0 0x0 0x6c0002 0x0 0x720005 0x0 0x0 0x0 0x0 0x0 0x750002 0x0 0x7b0005 0x0 0x0 0x0 0x0 0x0 0x7e0002 0x0 0x840005 0x0 0x2547a2e61d0 0xf3 0x0 0x0 0x870002 0xf3 0x8d0005 0x0 0x2547a2e61d0 0x4 0x0 0x0 0x900002 0x4 0x960005 0x0 0x0 0x0 0x0 0x0 0x9a0002 0x0 0xa00005 0x0 0x2547a2e61d0 0x241 0x0 0x0 0xa30007 0x192 0x38 0xaf 0xa70003 0xaf 0x18 0xab0002 0x241 0xb10005 0x0 0x2547a2e61d0 0xf07 0x0 0x0 0xbd0002 0x0 0xc20005 0x0 0x0 0x0 0x0 0x0 0xc60005 0x0 0x0 0x0 0x0 0x0 0xc90005 0x0 0x0 0x0 0x0 0x0 0xcc0002 0x0 oops 5 2 java/nio/HeapByteBuffer 62 sun/reflect/ConstantPool 70 sun/reflect/ConstantPool 86 sun/reflect/ConstantPool 101 sun/reflect/ConstantPool
ciMethodData sun/reflect/annotation/AnnotationParser parseStringArray (ILjava/nio/ByteBuffer;Lsun/reflect/ConstantPool;)Ljava/lang/Object; 2 4007 orig 264 120 1 238 95 0 0 0 0 8 219 174 120 84 2 0 0 224 2 0 0 0 0 0 0 0 0 0 0 0 0 0 0 0 0 0 0 0 0 0 0 0 0 0 0 0 0 0 0 0 0 0 0 0 0 0 0 0 0 0 0 0 0 0 0 0 0 0 0 0 0 0 0 0 0 0 0 0 0 0 0 77 68 79 32 101 120 116 114 97 32 100 97 116 97 32 108 111 99 107 0 0 0 0 0 0 0 0 0 0 0 0 0 0 0 0 0 0 0 0 0 0 0 0 0 0 0 0 0 0 0 0 0 0 0 0 0 0 0 0 0 0 0 0 0 0 0 0 0 0 0 0 0 0 0 0 0 0 0 0 0 0 0 0 0 0 0 0 0 0 0 0 0 0 0 0 0 0 0 0 1 0 0 0 0 0 0 0 0 0 0 0 0 0 0 0 0 0 0 0 0 0 0 0 0 0 0 0 0 0 0 0 0 0 0 0 0 3 1 0 0 25 117 0 0 57 11 0 0 220 9 0 0 0 0 0 0 2 0 0 0 1 0 12 0 2 0 0 0 136 1 0 0 255 255 255 255 7 224 17 0 0 0 0 0 data 49 0x11e007 0xea4 0x140 0x167 0x150005 0x0 0x2547d702080 0x167 0x0 0x0 0x1e0007 0x0 0xc8 0x167 0x220005 0x0 0x2547d702080 0x167 0x0 0x0 0x300005 0x0 0x2547a2e61d0 0x167 0x0 0x0 0x330004 0x0 0x2547a2af600 0x167 0x0 0x0 0x340003 0x167 0x28 0x3a0002 0x0 0x430003 0x167 0xfffffffffffffed8 0x480007 0xea4 0x48 0x0 0x4d0002 0x0 0x500003 0x0 0x18 oops 4 6 java/nio/HeapByteBuffer 16 java/nio/HeapByteBuffer 22 sun/reflect/ConstantPool 28 java/lang/String
ciMethodData sun/reflect/annotation/AnnotationParser parseClassArray (ILjava/nio/ByteBuffer;Lsun/reflect/ConstantPool;Ljava/lang/Class;)Ljava/lang/Object; 1 946 orig 264 120 1 238 95 0 0 0 0 248 219 174 120 84 2 0 0 152 2 0 0 200 0 0 0 0 0 0 0 0 0 0 0 0 0 0 0 0 0 0 0 0 0 0 0 0 0 0 0 0 0 0 0 0 0 0 0 0 0 0 0 0 0 0 0 0 0 0 0 0 0 0 0 0 0 0 0 0 0 0 0 77 68 79 32 101 120 116 114 97 32 100 97 116 97 32 108 111 99 107 0 0 0 0 0 0 0 0 0 0 0 0 0 0 0 0 0 0 0 0 0 0 0 0 0 0 0 0 0 0 0 0 0 0 0 0 0 0 0 0 0 0 0 0 0 0 0 0 0 0 0 0 0 0 0 0 0 0 0 0 0 0 0 0 0 0 0 0 0 0 0 0 0 0 0 0 0 0 0 0 0 0 0 0 0 0 0 0 0 0 0 0 0 0 0 0 0 0 0 0 0 0 0 0 0 0 0 0 0 0 0 0 0 0 0 0 0 28 0 0 0 177 28 0 0 57 11 0 0 0 0 0 0 0 0 0 0 2 0 0 0 1 0 12 0 2 0 0 0 56 1 0 0 255 255 255 255 7 0 18 0 0 0 0 0 data 39 0x120007 0x396 0xf0 0x167 0x160005 0x0 0x2547d702080 0x167 0x0 0x0 0x1f0007 0x0 0x78 0x167 0x290002 0x167 0x2c0004 0x0 0x2547a2af690 0x166 0x0 0x0 0x2d0003 0x167 0x28 0x330002 0x0 0x3c0003 0x167 0xffffffffffffff28 0x410007 0x396 0x48 0x0 0x460002 0x0 0x490003 0x0 0x18 oops 2 6 java/nio/HeapByteBuffer 18 java/lang/Class
ciMethodData sun/reflect/annotation/AnnotationParser parseEnumArray (ILjava/lang/Class;Ljava/nio/ByteBuffer;Lsun/reflect/ConstantPool;Ljava/lang/Class;)Ljava/lang/Object; 1 274 orig 264 120 1 238 95 0 0 0 0 240 220 174 120 84 2 0 0 16 3 0 0 240 0 0 0 0 0 0 0 0 0 0 0 0 0 0 0 0 0 0 0 0 0 0 0 0 0 0 0 0 0 0 0 0 0 0 0 0 0 0 0 0 0 0 0 0 0 0 0 0 0 0 0 0 0 0 0 0 0 0 0 77 68 79 32 101 120 116 114 97 32 100 97 116 97 32 108 111 99 107 0 0 0 0 0 0 0 0 0 0 0 0 0 0 0 0 0 0 0 0 0 0 0 0 0 0 0 0 0 0 0 0 0 0 0 0 0 0 0 0 0 0 0 0 0 0 0 0 0 0 0 0 0 0 0 0 0 0 0 0 0 0 0 0 0 0 5 0 0 0 0 0 0 0 0 0 0 0 0 0 0 0 0 0 0 0 0 0 0 0 0 0 0 0 0 0 0 0 0 0 0 0 0 0 0 0 0 0 0 0 0 0 0 0 0 0 0 61 0 0 0 57 7 0 0 89 4 0 0 0 0 0 0 0 0 0 0 2 0 0 0 0 0 0 0 0 0 0 0 168 1 0 0 255 255 255 255 2 0 2 0 0 0 0 0 data 53 0x20002 0xe7 0x50004 0x0 0x25413489b40 0x47 0x2547d618570 0x9d 0x80004 0x0 0x25413489b40 0x47 0x2547d618570 0x9d 0x190007 0xec 0xf0 0x86 0x1d0005 0x0 0x2547d702080 0x86 0x0 0x0 0x260007 0x0 0x78 0x86 0x320002 0x86 0x35d004 0x0 0x25413489bb0 0x83 0x2547d6185e0 0x8 0x360003 0x8b 0x28 0x3c0002 0x0 0x450003 0x8b 0xffffffffffffff28 0x4a0007 0xec 0x48 0x0 0x4f0002 0x0 0x520003 0x0 0x18 oops 7 4 [Ljava/lang/annotation/ElementType; 6 [Lorg/springframework/web/bind/annotation/RequestMethod; 10 [Ljava/lang/annotation/ElementType; 12 [Lorg/springframework/web/bind/annotation/RequestMethod; 20 java/nio/HeapByteBuffer 32 java/lang/annotation/ElementType 34 org/springframework/web/bind/annotation/RequestMethod
ciMethodData sun/reflect/ConstantPool getIntAt (I)I 1 859 orig 264 120 1 238 95 0 0 0 0 32 188 80 120 84 2 0 0 56 1 0 0 0 0 0 0 0 0 0 0 0 0 0 0 0 0 0 0 0 0 0 0 0 0 0 0 0 0 0 0 0 0 0 0 0 0 0 0 0 0 0 0 0 0 0 0 0 0 0 0 0 0 0 0 0 0 0 0 0 0 0 0 77 68 79 32 101 120 116 114 97 32 100 97 116 97 32 108 111 99 107 0 0 0 0 0 0 0 0 0 0 0 0 0 0 0 0 0 0 0 0 0 0 0 0 0 0 0 0 0 0 0 0 0 0 0 0 0 0 0 0 0 0 0 0 0 0 0 0 0 0 0 0 0 0 0 0 0 0 0 0 0 0 0 0 0 0 0 0 0 0 0 0 0 0 0 0 0 0 0 0 0 0 0 0 0 0 0 0 0 0 0 0 0 0 0 0 0 0 0 0 0 0 0 0 0 0 0 0 0 0 0 0 0 0 0 0 0 97 0 0 0 209 23 0 0 1 0 0 0 0 0 0 0 0 0 0 0 2 0 0 0 0 0 0 0 0 0 0 0 16 0 0 0 255 255 255 255 2 0 6 0 0 0 0 0 data 2 0x60002 0x2fa oops 0
ciMethodData java/util/LinkedHashMap$LinkedEntryIterator next ()Ljava/lang/Object; 2 5488 orig 264 120 1 238 95 0 0 0 0 240 145 134 120 84 2 0 0 120 1 0 0 0 0 0 0 0 0 0 0 0 0 0 0 0 0 0 0 0 0 0 0 0 0 0 0 0 0 0 0 0 0 0 0 0 0 0 0 0 0 0 0 0 0 0 0 0 0 0 0 0 0 0 0 0 0 0 0 0 0 0 0 77 68 79 32 101 120 116 114 97 32 100 97 116 97 32 108 111 99 107 0 0 0 0 0 0 0 0 0 0 0 0 0 0 0 0 0 0 0 0 0 0 0 0 0 0 0 0 0 0 0 0 0 0 0 0 0 0 0 0 0 0 0 0 0 0 0 0 0 0 0 0 0 0 0 0 0 0 0 0 0 0 0 0 0 0 0 0 0 0 0 0 0 0 0 0 0 0 0 0 0 0 0 0 0 0 0 0 0 0 0 0 0 0 0 0 0 0 0 0 0 0 0 0 0 0 0 0 0 0 0 0 0 0 0 0 0 0 1 0 0 129 163 0 0 1 0 0 0 0 0 0 0 0 0 0 0 2 0 0 0 0 0 3 0 2 0 0 0 48 0 0 0 255 255 255 255 5 0 1 0 0 0 0 0 data 6 0x10005 0x0 0x25406db11e0 0x1470 0x0 0x0 oops 1 2 java/util/LinkedHashMap$LinkedEntryIterator
ciMethodData java/util/LinkedHashMap$LinkedEntryIterator next ()Ljava/util/Map$Entry; 2 5488 orig 264 120 1 238 95 0 0 0 0 88 145 134 120 84 2 0 0 120 1 0 0 0 0 0 0 0 0 0 0 0 0 0 0 0 0 0 0 0 0 0 0 0 0 0 0 0 0 0 0 0 0 0 0 0 0 0 0 0 0 0 0 0 0 0 0 0 0 0 0 0 0 0 0 0 0 0 0 0 0 0 0 77 68 79 32 101 120 116 114 97 32 100 97 116 97 32 108 111 99 107 0 0 0 0 0 0 0 0 0 0 0 0 0 0 0 0 0 0 0 0 0 0 0 0 0 0 0 0 0 0 0 0 0 0 0 0 0 0 0 0 0 0 0 0 0 0 0 0 0 0 0 0 0 0 0 0 0 0 0 0 0 0 0 0 0 0 0 0 0 0 0 0 0 0 0 0 0 0 0 0 0 0 0 0 0 0 0 0 0 0 0 0 0 0 0 0 0 0 0 0 0 0 0 0 0 0 0 0 0 0 0 0 0 0 0 0 0 0 1 0 0 129 163 0 0 1 0 0 0 0 0 0 0 0 0 0 0 2 0 0 0 0 0 3 0 2 0 0 0 48 0 0 0 255 255 255 255 5 0 1 0 0 0 0 0 data 6 0x10005 0x0 0x25406db11e0 0x1470 0x0 0x0 oops 1 2 java/util/LinkedHashMap$LinkedEntryIterator
ciMethod java/lang/TypeNotPresentException <init> (Ljava/lang/String;Ljava/lang/Throwable;)V 73 1 20 0 0
ciMethodData java/util/HashMap$TreeNode getTreeNode (ILjava/lang/Object;)Ljava/util/HashMap$TreeNode; 2 1425 orig 264 120 1 238 95 0 0 0 0 184 224 105 120 84 2 0 0 240 1 0 0 80 0 0 0 0 0 0 0 0 0 0 0 0 0 0 0 0 0 0 0 0 0 0 0 0 0 0 0 0 0 0 0 0 0 0 0 0 0 0 0 0 0 0 0 0 0 0 0 0 0 0 0 0 0 0 0 0 0 0 0 77 68 79 32 101 120 116 114 97 32 100 97 116 97 32 108 111 99 107 0 0 0 0 0 0 0 0 0 0 0 0 0 0 0 0 0 0 0 0 0 0 0 0 0 0 0 0 0 0 0 0 0 0 0 0 0 0 0 0 0 0 0 0 0 0 0 0 0 0 0 0 0 0 0 0 0 0 0 0 0 0 0 0 0 0 0 0 0 0 0 0 0 0 0 0 0 0 0 0 0 0 0 0 0 0 0 0 0 0 0 0 0 0 0 0 0 0 0 0 0 0 0 0 0 0 0 0 0 0 0 0 0 0 0 0 0 72 0 0 0 73 42 0 0 1 0 0 0 0 0 0 0 0 0 0 0 2 0 0 0 1 0 10 0 2 0 0 0 152 0 0 0 255 255 255 255 7 0 4 0 0 0 0 0 data 19 0x40007 0x549 0x68 0x0 0x80005 0x0 0x0 0x0 0x0 0x0 0xb0003 0x0 0x18 0x120005 0xfa 0x254033ec9f0 0x44f 0x0 0x0 oops 1 15 java/util/HashMap$TreeNode
ciMethod java/lang/Object <init> ()V 4097 1 5977853 0 96
ciMethod java/lang/Object getClass ()Ljava/lang/Class; 5121 1 640 0 -1
ciMethod java/lang/Object hashCode ()I 2049 1 256 0 -1
ciMethod java/lang/Object equals (Ljava/lang/Object;)Z 2113 1 78533 0 -1
ciMethod java/lang/String equals (Ljava/lang/Object;)Z 4097 23081 21921 0 -1
ciMethod java/lang/String startsWith (Ljava/lang/String;I)Z 3697 24577 3631 0 672
ciMethod java/lang/String endsWith (Ljava/lang/String;)Z 2049 1 95160 0 608
ciMethod java/lang/String hashCode ()I 2809 32769 5399 0 320
ciMethod java/lang/Class isInstance (Ljava/lang/Object;)Z 2049 1 256 0 -1
ciMethod java/lang/Class isAnnotation ()Z 2073 1 45439 0 -1
ciMethod java/lang/Class getName ()Ljava/lang/String; 4097 1 1195299 0 -1
ciMethod java/lang/Class getSuperclass ()Ljava/lang/Class; 2049 1 256 0 -1
ciMethod java/lang/Class getComponentType ()Ljava/lang/Class; 3097 1 387 0 -1
ciMethod java/lang/Class getModifiers ()I 2049 1 256 0 -1
ciMethod java/lang/Class getCanonicalName ()Ljava/lang/String; 17 1 9 0 -1
ciMethod java/lang/Class getRawAnnotations ()[B 2049 1 256 0 -1
ciMethod java/lang/Class getConstantPool ()Lsun/reflect/ConstantPool; 2049 1 256 0 -1
ciMethod java/lang/Class isEnum ()Z 89 1 17820 0 160
ciMethod java/lang/Class enumConstantDirectory ()Ljava/util/Map; 2073 417 5385 0 -1
ciMethod java/lang/Class annotationData ()Ljava/lang/Class$AnnotationData; 189305 1 89220 0 0
ciMethod java/lang/Class createAnnotationData (I)Ljava/lang/Class$AnnotationData; 1057 1 1874 0 0
ciMethod java/lang/Class casAnnotationType (Lsun/reflect/annotation/AnnotationType;Lsun/reflect/annotation/AnnotationType;)Z 185 1 166 0 -1
ciMethod java/lang/Class getAnnotationType ()Lsun/reflect/annotation/AnnotationType; 1025 1 128 0 0
ciMethod java/lang/RuntimeException <init> (Ljava/lang/String;Ljava/lang/Throwable;)V 137 1 67 0 -1
ciMethod java/util/Map size ()I 0 0 1 0 -1
ciMethod java/util/Map containsKey (Ljava/lang/Object;)Z 0 0 1 0 -1
ciMethod java/util/Map get (Ljava/lang/Object;)Ljava/lang/Object; 0 0 1 0 -1
ciMethod java/util/Map put (Ljava/lang/Object;Ljava/lang/Object;)Ljava/lang/Object; 0 0 1 0 -1
ciMethod java/util/Map putAll (Ljava/util/Map;)V 0 0 1 0 -1
ciMethod java/util/Map entrySet ()Ljava/util/Set; 0 0 1 0 -1
ciMethod java/lang/reflect/Method getName ()Ljava/lang/String; 5001 1 625 0 -1
ciMethod java/lang/reflect/Method getModifiers ()I 1025 1 128 0 -1
ciMethod java/lang/reflect/Method getReturnType ()Ljava/lang/Class; 2049 1 256 0 -1
ciMethod java/lang/reflect/Method getParameterTypes ()[Ljava/lang/Class; 2057 1 249188 0 -1
ciMethod java/lang/reflect/Method isSynthetic ()Z 3305 1 18254 0 -1
ciMethod java/lang/reflect/Method getDefaultValue ()Ljava/lang/Object; 2057 1 7728 0 -1
ciMethod sun/reflect/ConstantPool getClassAt (I)Ljava/lang/Class; 0 0 1 0 0
ciMethod sun/reflect/ConstantPool getIntAt (I)I 777 1 859 0 0
ciMethod sun/reflect/ConstantPool getLongAt (I)J 0 0 220 0 0
ciMethod sun/reflect/ConstantPool getFloatAt (I)F 0 0 1 0 0
ciMethod sun/reflect/ConstantPool getDoubleAt (I)D 0 0 1 0 0
ciMethod sun/reflect/ConstantPool getUTF8At (I)Ljava/lang/String; 2049 1 16484 0 0
ciMethod sun/reflect/ConstantPool getClassAt0 (Ljava/lang/Object;I)Ljava/lang/Class; 0 0 1 0 -1
ciMethod sun/reflect/ConstantPool getIntAt0 (Ljava/lang/Object;I)I 2065 1 258 0 -1
ciMethod sun/reflect/ConstantPool getLongAt0 (Ljava/lang/Object;I)J 1761 1 220 0 -1
ciMethod sun/reflect/ConstantPool getFloatAt0 (Ljava/lang/Object;I)F 0 0 1 0 -1
ciMethod sun/reflect/ConstantPool getDoubleAt0 (Ljava/lang/Object;I)D 0 0 1 0 -1
ciMethod sun/reflect/ConstantPool getUTF8At0 (Ljava/lang/Object;I)Ljava/lang/String; 2049 1 256 0 -1
ciMethod java/lang/annotation/Annotation annotationType ()Ljava/lang/Class; 0 0 1 0 -1
ciMethod java/lang/StringBuilder <init> ()V 2913 1 441460 0 -1
ciMethod java/lang/StringBuilder <init> (Ljava/lang/String;)V 2065 1 60392 0 -1
ciMethod java/lang/StringBuilder append (Ljava/lang/String;)Ljava/lang/StringBuilder; 4097 1 1078217 0 -1
ciMethod java/lang/StringBuilder toString ()Ljava/lang/String; 2769 1 477543 0 -1
ciMethod sun/misc/Unsafe compareAndSwapObject (Ljava/lang/Object;JLjava/lang/Object;Ljava/lang/Object;)Z 2049 1 256 0 -1
ciMethod java/nio/Buffer <init> (IIII)V 257 1 5219 0 416
ciMethod java/nio/Buffer position (I)Ljava/nio/Buffer; 841 1 5230 0 128
ciMethod java/nio/Buffer limit (I)Ljava/nio/Buffer; 2289 1 5409 0 160
ciMethod java/nio/Buffer nextGetIndex ()I 2073 1 8332 0 96
ciMethod java/nio/Buffer nextGetIndex (I)I 2049 1 6483 0 96
ciMethod java/lang/Boolean valueOf (Z)Ljava/lang/Boolean; 2049 1 107890 0 64
ciMethod java/lang/Character <init> (C)V 1025 1 130 0 -1
ciMethod java/lang/Character valueOf (C)Ljava/lang/Character; 2657 1 428 0 0
ciMethod java/lang/Float valueOf (F)Ljava/lang/Float; 9 1 23 0 0
ciMethod java/lang/Float <init> (F)V 9 1 25 0 -1
ciMethod java/lang/Number <init> ()V 3393 1 68863 0 32
ciMethod java/lang/Double valueOf (D)Ljava/lang/Double; 17 1 4 0 0
ciMethod java/lang/Double <init> (D)V 17 1 6 0 -1
ciMethod java/lang/Byte valueOf (B)Ljava/lang/Byte; 2057 1 1650 0 0
ciMethod java/lang/Short valueOf (S)Ljava/lang/Short; 17 1 433 0 0
ciMethod java/lang/Short <init> (S)V 2049 1 3200 0 -1
ciMethod java/lang/Integer valueOf (I)Ljava/lang/Integer; 169 1 77770 0 192
ciMethod java/lang/Integer <init> (I)V 2129 1 56373 0 32
ciMethod java/lang/Long valueOf (J)Ljava/lang/Long; 777 1 4276 0 0
ciMethod java/lang/Long <init> (J)V 2089 1 3894 0 -1
ciMethod java/security/AccessController doPrivileged (Ljava/security/PrivilegedAction;)Ljava/lang/Object; 2057 1 257 0 -1
ciMethod java/util/List isEmpty ()Z 0 0 1 0 -1
ciMethod java/util/List iterator ()Ljava/util/Iterator; 0 0 1 0 -1
ciMethod java/util/Collections emptyIterator ()Ljava/util/Iterator; 2049 1 11885 0 0
ciMethod java/util/Collections emptySet ()Ljava/util/Set; 2065 1 22050 0 0
ciMethod java/util/Collections emptyMap ()Ljava/util/Map; 2001 1 7597 0 0
ciMethod java/util/Collections$EmptySet iterator ()Ljava/util/Iterator; 2049 1 5376 0 64
ciMethod java/util/Set iterator ()Ljava/util/Iterator; 0 0 1 0 -1
ciMethod java/util/Collections$EmptyMap size ()I 1049 1 131 0 0
ciMethod java/util/Collections$EmptyMap entrySet ()Ljava/util/Set; 2057 1 2089 0 0
ciMethod java/util/AbstractMap <init> ()V 2049 1 270808 0 32
ciMethod java/util/AbstractMap size ()I 0 0 1 0 -1
ciMethod sun/misc/SharedSecrets getJavaLangAccess ()Lsun/misc/JavaLangAccess; 3073 1 37713 0 0
ciMethod java/util/HashMap hash (Ljava/lang/Object;)I 4097 1 257571 0 160
ciMethod java/util/HashMap comparableClassFor (Ljava/lang/Object;)Ljava/lang/Class; 2273 1 5437 0 -1
ciMethod java/util/HashMap compareComparables (Ljava/lang/Class;Ljava/lang/Object;Ljava/lang/Object;)I 0 0 1 0 -1
ciMethod java/util/HashMap tableSizeFor (I)I 3177 1 5521 0 128
ciMethod java/util/HashMap <init> (IF)V 2713 1 5464 0 -1
ciMethod java/util/HashMap <init> (I)V 2049 1 41396 0 -1
ciMethod java/util/HashMap <init> ()V 721 1 242143 0 32
ciMethod java/util/HashMap putMapEntries (Ljava/util/Map;Z)V 1785 3721 9457 0 1056
ciMethod java/util/HashMap size ()I 4097 1 512 0 0
ciMethod java/util/HashMap get (Ljava/lang/Object;)Ljava/lang/Object; 524641 1 148820 0 864
ciMethod java/util/HashMap getNode (ILjava/lang/Object;)Ljava/util/HashMap$Node; 4097 113 21642 0 672
ciMethod java/util/HashMap put (Ljava/lang/Object;Ljava/lang/Object;)Ljava/lang/Object; 4097 1 70730 0 192
ciMethod java/util/HashMap putVal (ILjava/lang/Object;Ljava/lang/Object;ZZ)Ljava/lang/Object; 4097 489 67239 0 2176
ciMethod java/util/HashMap resize ()[Ljava/util/HashMap$Node; 65601 162561 20656 0 1696
ciMethod java/util/HashMap treeifyBin ([Ljava/util/HashMap$Node;I)V 1 1 31 0 -1
ciMethod java/util/HashMap putAll (Ljava/util/Map;)V 2065 1 6164 0 1056
ciMethod java/util/HashMap newNode (ILjava/lang/Object;Ljava/lang/Object;Ljava/util/HashMap$Node;)Ljava/util/HashMap$Node; 3985 1 5633 0 -1
ciMethod java/util/HashMap afterNodeAccess (Ljava/util/HashMap$Node;)V 2329 1 1317 0 -1
ciMethod java/util/HashMap afterNodeInsertion (Z)V 4097 1 1582 0 -1
ciMethod java/util/Map$Entry getKey ()Ljava/lang/Object; 0 0 1 0 -1
ciMethod java/util/Map$Entry getValue ()Ljava/lang/Object; 0 0 1 0 -1
ciMethod java/util/HashMap$Node getKey ()Ljava/lang/Object; 3089 1 386 0 0
ciMethod java/util/HashMap$Node getValue ()Ljava/lang/Object; 1025 1 128 0 0
ciMethod java/lang/Math max (II)I 2113 1 211722 0 -1
ciMethod java/lang/Math min (II)I 4097 1 239704 0 -1
ciMethod java/util/Iterator hasNext ()Z 0 0 1 0 -1
ciMethod java/util/Iterator next ()Ljava/lang/Object; 0 0 1 0 -1
ciMethod java/lang/Class$Atomic casAnnotationData (Ljava/lang/Class;Ljava/lang/Class$AnnotationData;Ljava/lang/Class$AnnotationData;)Z 11233 1 3236 0 0
ciMethod java/lang/Class$AnnotationData <init> (Ljava/util/Map;Ljava/util/Map;I)V 2049 1 3236 0 0
ciMethod sun/reflect/annotation/AnnotationType getInstance (Ljava/lang/Class;)Lsun/reflect/annotation/AnnotationType; 945 1 6265 0 384
ciMethod sun/reflect/annotation/AnnotationType <init> (Ljava/lang/Class;)V 193 385 166 0 -1
ciMethod sun/reflect/annotation/AnnotationType invocationHandlerReturnType (Ljava/lang/Class;)Ljava/lang/Class; 2097 1 6812 0 -1
ciMethod sun/reflect/annotation/AnnotationType memberTypes ()Ljava/util/Map; 1041 1 130 0 0
ciMethod sun/reflect/annotation/AnnotationType members ()Ljava/util/Map; 0 0 1 0 -1
ciMethod sun/reflect/annotation/AnnotationType memberDefaults ()Ljava/util/Map; 1041 1 130 0 0
ciMethod sun/reflect/annotation/AnnotationType retention ()Ljava/lang/annotation/RetentionPolicy; 1057 1 132 0 0
ciMethod sun/reflect/annotation/AnnotationType isInherited ()Z 1041 1 130 0 0
ciMethod java/lang/reflect/Modifier isPublic (I)Z 417 1 100961 0 -1
ciMethod java/lang/reflect/Modifier isAbstract (I)Z 2105 1 8544 0 -1
ciMethod java/nio/ByteBuffer <init> (IIII[BI)V 113 1 5276 0 576
ciMethod java/nio/ByteBuffer wrap ([BII)Ljava/nio/ByteBuffer; 1 1 13077 0 0
ciMethod java/nio/ByteBuffer wrap ([B)Ljava/nio/ByteBuffer; 1 1 13059 0 0
ciMethod java/nio/ByteBuffer get ()B 0 0 1 0 -1
ciMethod java/nio/ByteBuffer _get (I)B 0 0 1 0 -1
ciMethod java/nio/ByteBuffer getShort ()S 0 0 1 0 -1
ciMethod java/nio/ByteBuffer getInt ()I 0 0 1 0 -1
ciMethod java/nio/HeapByteBuffer <init> ([BII)V 0 0 13077 0 0
ciMethod java/nio/HeapByteBuffer ix (I)I 241 1 19260 0 0
ciMethod java/nio/HeapByteBuffer get ()B 2073 1 6673 0 192
ciMethod java/nio/HeapByteBuffer _get (I)B 2097 1 17803 0 0
ciMethod java/nio/HeapByteBuffer getShort ()S 2081 1 8452 0 352
ciMethod java/nio/Bits makeShort (BB)S 2081 1 9053 0 64
ciMethod java/nio/Bits getShortL (Ljava/nio/ByteBuffer;I)S 0 0 1 0 -1
ciMethod java/nio/Bits getShortB (Ljava/nio/ByteBuffer;I)S 2081 1 9067 0 320
ciMethod java/nio/Bits getShort (Ljava/nio/ByteBuffer;IZ)S 2081 1 8452 0 0
ciMethod java/nio/Bits byteOrder ()Ljava/nio/ByteOrder; 2049 1 5377 0 64
ciMethod java/lang/Enum valueOf (Ljava/lang/Class;Ljava/lang/String;)Ljava/lang/Enum; 2073 1 5385 3 3840
ciMethod java/util/LinkedHashMap <init> (I)V 369 1 9256 0 256
ciMethod java/util/LinkedHashMap <init> ()V 2049 1 33510 0 64
ciMethod java/util/LinkedHashMap <init> (Ljava/util/Map;)V 1521 1 5501 0 0
ciMethod java/util/LinkedHashMap entrySet ()Ljava/util/Set; 2049 1 9366 0 192
ciMethodData java/lang/Object <init> ()V 2 5977853 orig 264 120 1 238 95 0 0 0 0 128 4 76 120 84 2 0 0 32 1 0 0 0 0 0 0 0 0 0 0 0 0 0 0 0 0 0 0 0 0 0 0 0 0 0 0 0 0 0 0 0 0 0 0 0 0 0 0 0 0 0 0 0 0 0 0 0 0 0 0 0 0 0 0 0 0 0 0 0 0 0 0 77 68 79 32 101 120 116 114 97 32 100 97 116 97 32 108 111 99 107 0 0 0 0 0 0 0 0 0 0 0 0 0 0 0 0 0 0 0 0 0 0 0 0 0 0 0 0 0 0 0 0 0 0 0 0 0 0 0 0 0 0 0 0 0 0 0 0 0 0 0 0 0 0 0 0 0 0 0 0 0 0 0 0 0 0 0 0 0 0 0 0 0 0 0 0 0 0 0 0 0 0 0 0 0 0 0 0 0 0 0 0 0 0 0 0 0 0 0 0 0 0 0 0 0 0 0 0 0 0 0 0 0 0 0 0 0 0 2 0 0 233 167 217 2 1 0 0 0 0 0 0 0 0 0 0 0 2 0 0 0 0 0 0 0 0 0 0 0 0 0 0 0 255 255 255 255 0 0 0 0 0 0 0 0 data 0 oops 0
ciMethod sun/misc/JavaLangAccess getConstantPool (Ljava/lang/Class;)Lsun/reflect/ConstantPool; 0 0 1 0 -1
ciMethod sun/misc/JavaLangAccess casAnnotationType (Ljava/lang/Class;Lsun/reflect/annotation/AnnotationType;Lsun/reflect/annotation/AnnotationType;)Z 0 0 1 0 -1
ciMethod sun/misc/JavaLangAccess getAnnotationType (Ljava/lang/Class;)Lsun/reflect/annotation/AnnotationType; 0 0 1 0 -1
ciMethod sun/misc/JavaLangAccess getRawClassAnnotations (Ljava/lang/Class;)[B 0 0 1 0 -1
ciMethod java/lang/System$2 casAnnotationType (Ljava/lang/Class;Lsun/reflect/annotation/AnnotationType;Lsun/reflect/annotation/AnnotationType;)Z 185 1 167 0 0
ciMethod java/lang/System$2 getAnnotationType (Ljava/lang/Class;)Lsun/reflect/annotation/AnnotationType; 1977 1 6269 0 0
ciMethod java/lang/IllegalArgumentException <init> (Ljava/lang/String;)V 0 0 4 0 -1
ciMethod java/lang/reflect/Array newInstance (Ljava/lang/Class;I)Ljava/lang/Object; 9913 1 17552 0 0
ciMethod java/lang/reflect/Array newArray (Ljava/lang/Class;I)Ljava/lang/Object; 3089 1 386 0 -1
ciMethod java/util/HashMap$TreeNode root ()Ljava/util/HashMap$TreeNode; 0 0 1 0 -1
ciMethod java/util/HashMap$TreeNode find (ILjava/lang/Object;Ljava/lang/Class;)Ljava/util/HashMap$TreeNode; 2801 3489 5739 0 6784
ciMethod java/util/HashMap$TreeNode getTreeNode (ILjava/lang/Object;)Ljava/util/HashMap$TreeNode; 577 1 1425 0 0
ciMethod java/util/HashMap$TreeNode putTreeVal (Ljava/util/HashMap;[Ljava/util/HashMap$Node;ILjava/lang/Object;Ljava/lang/Object;)Ljava/util/HashMap$TreeNode; 1 1 3516 0 -1
ciMethod java/util/HashMap$TreeNode split (Ljava/util/HashMap;[Ljava/util/HashMap$Node;II)V 9 73 15 0 -1
ciMethodData java/lang/String hashCode ()I 2 76600 orig 264 120 1 238 95 0 0 0 0 152 80 76 120 84 2 0 0 152 1 0 0 32 0 0 0 0 0 0 0 0 0 0 0 0 0 0 0 0 0 0 0 0 0 0 0 0 0 0 0 0 0 0 0 0 0 0 0 0 0 0 0 0 0 0 0 0 0 0 0 0 0 0 0 0 0 0 0 0 0 0 0 77 68 79 32 101 120 116 114 97 32 100 97 116 97 32 108 111 99 107 0 0 0 0 0 0 0 0 0 0 0 0 0 0 0 0 0 0 0 0 0 0 0 0 0 0 0 0 0 0 0 0 0 0 0 0 0 0 0 0 0 0 0 0 0 0 0 0 0 0 0 0 0 0 0 0 0 0 0 0 0 0 0 0 0 0 0 0 0 0 0 0 0 0 0 0 0 0 0 0 0 0 0 0 0 0 0 0 0 0 0 0 0 0 0 0 0 0 0 0 0 0 0 0 0 0 0 0 0 0 0 0 0 0 0 0 0 0 16 0 0 193 157 0 0 193 217 8 0 0 0 0 0 0 0 0 0 2 0 0 0 0 0 0 0 0 0 0 0 120 0 0 0 255 255 255 255 7 0 6 0 0 0 0 0 data 15 0x60007 0xd67 0x78 0x651 0xe0007 0x3 0x58 0x64e 0x1e0007 0x64e 0x38 0x11b13 0x2d0003 0x11b13 0xffffffffffffffe0 oops 0
ciMethodData java/util/HashMap hash (Ljava/lang/Object;)I 2 257571 orig 264 120 1 238 95 0 0 0 0 176 225 90 120 84 2 0 0 176 1 0 0 0 0 0 0 0 0 0 0 0 0 0 0 0 0 0 0 0 0 0 0 0 0 0 0 0 0 0 0 0 0 0 0 0 0 0 0 0 0 0 0 0 0 0 0 0 0 0 0 0 0 0 0 0 0 0 0 0 0 0 0 77 68 79 32 101 120 116 114 97 32 100 97 116 97 32 108 111 99 107 0 0 0 0 0 0 0 0 0 0 0 0 0 0 0 0 0 0 0 0 0 0 0 0 0 0 0 0 0 0 0 0 0 0 0 0 0 0 0 0 0 0 0 0 0 0 0 0 0 0 0 0 0 0 0 0 0 0 0 0 0 0 0 0 0 0 0 0 0 0 0 0 0 0 0 0 0 0 0 0 1 0 0 0 0 0 0 0 0 0 0 0 0 0 0 0 0 0 0 0 0 0 0 0 0 0 0 0 0 0 0 0 0 0 0 0 0 0 2 0 0 25 97 31 0 1 0 0 0 61 92 0 0 0 0 0 0 2 0 0 0 0 0 6 0 2 0 0 0 104 0 0 0 255 255 255 255 7 224 1 0 0 0 0 0 data 13 0x1e007 0x3ea62 0x38 0x1c5 0x50003 0x1c5 0x48 0x90005 0x144d1 0x2547a2af600 0x21401 0x2547a2af690 0x4610 oops 2 9 java/lang/String 11 java/lang/Class
ciMethodData java/util/HashMap getNode (ILjava/lang/Object;)Ljava/util/HashMap$Node; 2 21642 orig 264 120 1 238 95 0 0 0 0 96 235 90 120 84 2 0 0 8 4 0 0 96 1 0 0 0 0 0 0 0 0 0 0 0 0 0 0 0 0 0 0 0 0 0 0 0 0 0 0 0 0 0 0 0 0 0 0 0 0 0 0 0 0 0 0 0 0 0 0 0 0 0 0 0 0 0 0 0 0 0 0 77 68 79 32 101 120 116 114 97 32 100 97 116 97 32 108 111 99 107 0 0 0 0 0 0 0 0 0 0 0 0 0 0 0 0 0 0 0 0 0 0 0 0 0 0 0 0 0 0 0 0 0 0 0 0 0 0 0 0 0 0 0 0 0 3 0 0 0 3 0 0 0 0 0 0 0 0 0 0 0 0 0 0 0 0 0 0 0 0 0 0 0 0 0 0 0 0 0 0 7 0 0 0 0 0 0 0 0 0 0 0 0 0 0 0 0 0 0 0 0 0 0 0 0 0 0 0 0 0 0 0 0 0 0 0 0 0 2 0 0 81 148 2 0 81 40 0 0 30 60 0 0 213 2 0 0 2 0 0 0 2 0 45 0 2 0 0 0 176 2 0 0 255 255 255 255 7 0 6 0 0 0 0 0 data 86 0x60007 0xef7 0x2b0 0x4393 0xe0007 0x0 0x290 0x4393 0x1c0007 0x1c03 0x270 0x2793 0x250007 0x1112 0xb0 0x1681 0x310007 0x791 0x90 0xef0 0x350007 0x0 0x70 0xef0 0x3b0005 0xa9e 0x2547a2af600 0x43d 0x2547a2e72b0 0x15 0x3ee007 0xe6 0x20 0xe0c 0x4c0007 0xa91 0x1a0 0x767 0x510004 0xfffffffffffff8b5 0x25406db1290 0x6b 0x25405ab3080 0x7d 0x54e007 0x74b 0x80 0x1f 0x590004 0x0 0x254033ec9f0 0x1f 0x0 0x0 0x5e0005 0x3 0x254033ec9f0 0x1c 0x0 0x0 0x680007 0x45c 0xb0 0x509 0x740007 0xd9 0x90 0x430 0x780007 0x0 0x70 0x430 0x7e0005 0x356 0x2547a2e72b0 0x7 0x2547a2af600 0xd3 0x81e007 0xf9 0x20 0x339 0x8f0007 0x21a 0xffffffffffffff50 0x33b oops 8 26 java/lang/String 28 java/io/File 40 java/util/LinkedHashMap$Entry 42 java/util/HashMap$Node 50 java/util/HashMap$TreeNode 56 java/util/HashMap$TreeNode 74 java/io/File 76 java/lang/String
ciMethod java/util/LinkedHashMap$LinkedHashIterator hasNext ()Z 3137 1 7663 0 64
ciMethod java/util/LinkedHashMap$LinkedHashIterator nextNode ()Ljava/util/LinkedHashMap$Entry; 3137 1 7101 0 192
ciMethodData java/lang/String startsWith (Ljava/lang/String;I)Z 2 20667 orig 264 120 1 238 95 0 0 0 0 144 78 76 120 84 2 0 0 176 1 0 0 32 0 0 0 0 0 0 0 0 0 0 0 0 0 0 0 0 0 0 0 0 0 0 0 0 0 0 0 0 0 0 0 0 0 0 0 0 0 0 0 0 0 0 0 0 0 0 0 0 0 0 0 0 0 0 0 0 0 0 0 77 68 79 32 101 120 116 114 97 32 100 97 116 97 32 108 111 99 107 0 0 0 0 0 0 0 0 0 0 0 0 0 0 0 0 0 0 0 0 0 0 0 0 0 0 0 0 0 0 0 0 0 0 0 0 0 0 0 0 0 0 0 0 0 0 0 0 0 0 0 0 0 0 0 0 0 0 0 0 0 0 0 0 0 0 0 0 0 0 0 0 0 0 0 0 0 0 0 0 0 0 0 0 0 0 0 0 0 0 0 0 0 0 0 0 0 0 0 0 0 0 0 0 0 0 0 0 0 0 0 0 0 0 0 0 0 0 12 0 0 9 99 0 0 217 37 2 0 0 0 0 0 0 0 0 0 2 0 0 0 1 0 13 0 2 0 0 0 128 0 0 0 255 255 255 255 7 0 25 0 0 0 0 0 data 16 0x190007 0x1b 0x40 0xc46 0x250007 0xc20 0x20 0x26 0x2f0007 0x2b5 0x40 0x4564 0x410007 0x3bf9 0xffffffffffffffe0 0x96b oops 0
ciMethodData java/util/HashMap get (Ljava/lang/Object;)Ljava/lang/Object; 2 148820 orig 264 120 1 238 95 0 0 0 0 48 234 90 120 84 2 0 0 200 1 0 0 16 0 0 0 0 0 0 0 0 0 0 0 0 0 0 0 0 0 0 0 0 0 0 0 0 0 0 0 0 0 0 0 0 0 0 0 0 0 0 0 0 0 0 0 0 0 0 0 0 0 0 0 0 0 0 0 0 0 0 0 77 68 79 32 101 120 116 114 97 32 100 97 116 97 32 108 111 99 107 0 0 0 0 0 0 0 0 0 0 0 0 0 0 0 0 0 0 0 0 0 0 0 0 0 0 0 0 0 0 0 0 0 0 0 0 0 0 0 0 0 0 0 0 0 4 0 0 0 0 0 0 0 0 0 0 0 0 0 0 0 0 0 0 0 0 0 0 0 0 0 0 0 0 0 0 0 0 0 0 0 0 0 0 0 0 0 0 0 0 0 0 0 0 0 0 0 0 0 0 0 0 0 0 0 0 0 0 0 0 0 0 0 0 0 0 0 0 2 0 0 65 41 10 0 1 0 0 0 104 176 0 0 0 0 0 0 2 0 0 0 0 0 10 0 2 0 0 0 120 0 0 0 255 255 255 255 2 0 2 0 0 0 0 0 data 15 0x20002 0x14527 0x60005 0xf92 0x2547d703b60 0x12d0b 0x25405aec3c0 0x88d 0xb0007 0x7b4a 0x38 0xc9e2 0xf0003 0xc9e2 0x18 oops 2 4 java/util/HashMap 6 java/lang/ProcessEnvironment
ciMethodData java/lang/String endsWith (Ljava/lang/String;)Z 2 95160 orig 264 120 1 238 95 0 0 0 0 200 79 76 120 84 2 0 0 128 1 0 0 0 0 0 0 0 0 0 0 0 0 0 0 0 0 0 0 0 0 0 0 0 0 0 0 0 0 0 0 0 0 0 0 0 0 0 0 0 0 0 0 0 0 0 0 0 0 0 0 0 0 0 0 0 0 0 0 0 0 0 0 77 68 79 32 101 120 116 114 97 32 100 97 116 97 32 108 111 99 107 0 0 0 0 0 0 0 0 0 0 0 0 0 0 0 0 0 0 0 0 0 0 0 0 0 0 0 0 0 0 0 0 0 0 0 0 0 0 0 0 0 0 0 0 0 0 0 0 0 0 0 0 0 0 0 0 0 0 0 0 0 0 0 0 0 0 0 0 0 0 0 0 0 0 0 0 0 0 0 0 0 0 0 0 0 0 0 0 0 0 0 0 0 0 0 0 0 0 0 0 0 0 0 0 0 0 0 0 0 0 0 0 0 0 0 0 0 0 1 0 0 193 149 11 0 1 0 0 0 0 0 0 0 0 0 0 0 2 0 0 0 0 0 3 0 2 0 0 0 48 0 0 0 255 255 255 255 5 0 13 0 0 0 0 0 data 6 0xd0005 0x0 0x2547a2af600 0x172b6 0x0 0x0 oops 1 2 java/lang/String
ciMethodData java/util/HashMap put (Ljava/lang/Object;Ljava/lang/Object;)Ljava/lang/Object; 2 70730 orig 264 120 1 238 95 0 0 0 0 160 236 90 120 84 2 0 0 152 1 0 0 0 0 0 0 0 0 0 0 0 0 0 0 0 0 0 0 0 0 0 0 0 0 0 0 0 0 0 0 0 0 0 0 0 0 0 0 0 0 0 0 0 0 0 0 0 0 0 0 0 0 0 0 0 0 0 0 0 0 0 0 77 68 79 32 101 120 116 114 97 32 100 97 116 97 32 108 111 99 107 0 0 0 0 0 0 0 0 0 0 0 0 0 0 0 0 0 0 0 0 0 0 0 0 0 0 0 0 0 0 0 0 0 0 0 0 0 0 0 0 0 0 0 0 0 1 0 0 0 0 0 0 0 0 0 0 0 0 0 0 0 0 0 0 0 0 0 0 0 0 0 0 0 0 0 0 0 0 0 0 0 0 0 0 0 0 0 0 0 0 0 0 0 0 0 0 0 0 0 0 0 0 0 0 0 0 0 0 0 0 0 0 0 0 0 0 0 0 2 0 0 81 146 8 0 1 0 0 0 0 0 0 0 0 0 0 0 2 0 0 0 0 0 7 0 2 0 0 0 64 0 0 0 255 255 255 255 2 0 2 0 0 0 0 0 data 8 0x20002 0x1124b 0x90005 0x27f4 0x2547d703b60 0xea15 0x254068e1340 0x42 oops 2 4 java/util/HashMap 6 java/io/ExpiringCache$1
ciMethodData java/nio/ByteBuffer wrap ([B)Ljava/nio/ByteBuffer; 2 13059 orig 264 120 1 238 95 0 0 0 0 160 2 97 120 84 2 0 0 88 1 0 0 0 0 0 0 0 0 0 0 0 0 0 0 0 0 0 0 0 0 0 0 0 0 0 0 0 0 0 0 0 0 0 0 0 0 0 0 0 0 0 0 0 0 0 0 0 0 0 0 0 0 0 0 0 0 0 0 0 0 0 0 77 68 79 32 101 120 116 114 97 32 100 97 116 97 32 108 111 99 107 0 0 0 0 0 0 0 0 0 0 0 0 0 0 0 0 0 0 0 0 0 0 0 0 0 0 0 0 0 0 0 0 0 0 0 0 0 0 0 0 0 0 0 0 0 0 0 0 0 0 0 0 0 0 0 0 0 0 0 0 0 0 0 0 0 0 0 0 0 0 0 0 0 0 0 0 0 0 0 0 0 0 0 0 0 0 0 0 0 0 0 0 0 0 0 0 0 0 0 0 0 0 0 0 0 0 0 0 0 0 0 0 0 0 0 0 0 0 0 0 0 25 152 1 0 1 0 0 0 0 0 0 0 0 0 0 0 2 0 0 0 0 0 6 0 2 0 0 0 16 0 0 0 255 255 255 255 2 0 4 0 0 0 0 0 data 2 0x40002 0x3303 oops 0
ciMethodData java/nio/ByteBuffer wrap ([BII)Ljava/nio/ByteBuffer; 2 13077 orig 264 120 1 238 95 0 0 0 0 8 2 97 120 84 2 0 0 80 1 0 0 0 0 0 0 0 0 0 0 0 0 0 0 0 0 0 0 0 0 0 0 0 0 0 0 0 0 0 0 0 0 0 0 0 0 0 0 0 0 0 0 0 0 0 0 0 0 0 0 0 0 0 0 0 0 0 0 0 0 0 0 77 68 79 32 101 120 116 114 97 32 100 97 116 97 32 108 111 99 107 0 0 0 0 0 0 0 0 0 0 0 0 0 0 0 0 0 0 0 0 0 0 0 0 0 0 0 0 0 0 0 0 0 0 0 0 0 0 0 0 0 0 0 0 0 0 0 0 0 0 0 0 0 0 0 0 0 0 0 0 0 0 0 0 0 0 0 0 0 0 0 0 0 0 0 0 0 0 0 0 0 0 0 0 0 0 0 0 0 0 0 0 0 0 0 0 0 0 0 0 0 0 0 0 0 0 0 0 0 0 0 0 0 0 0 0 0 0 0 0 0 169 152 1 0 1 0 0 0 0 0 0 0 0 0 0 0 2 0 0 0 0 0 5 0 2 0 0 0 32 0 0 0 255 255 255 255 2 0 7 0 0 0 0 0 data 4 0x70002 0x3315 0x100002 0x0 oops 0
ciMethodData java/nio/HeapByteBuffer <init> ([BII)V 2 13077 orig 264 120 1 238 95 0 0 0 0 144 59 97 120 84 2 0 0 72 1 0 0 0 0 0 0 0 0 0 0 0 0 0 0 0 0 0 0 0 0 0 0 0 0 0 0 0 0 0 0 0 0 0 0 0 0 0 0 0 0 0 0 0 0 0 0 0 0 0 0 0 0 0 0 0 0 0 0 0 0 0 0 77 68 79 32 101 120 116 114 97 32 100 97 116 97 32 108 111 99 107 0 0 0 0 0 0 0 0 0 0 0 0 0 0 0 0 0 0 0 0 0 0 0 0 0 0 0 0 0 0 0 0 0 0 0 0 0 0 0 0 0 0 0 0 0 0 0 0 0 0 0 0 0 0 0 0 0 0 0 0 0 0 0 0 0 0 0 0 0 0 0 0 0 0 0 0 0 0 0 0 0 0 0 0 0 0 0 0 0 0 0 0 0 0 0 0 0 0 0 0 0 0 0 0 0 0 0 0 0 0 0 0 0 0 0 0 0 0 0 0 0 169 152 1 0 1 0 0 0 0 0 0 0 0 0 0 0 2 0 0 0 0 0 0 0 0 0 0 0 16 0 0 0 255 255 255 255 2 0 10 0 0 0 0 0 data 2 0xa0002 0x3315 oops 0
ciMethodData java/nio/ByteBuffer <init> (IIII[BI)V 2 5276 orig 264 120 1 238 95 0 0 0 0 120 255 96 120 84 2 0 0 208 1 0 0 0 0 0 0 0 0 0 0 0 0 0 0 0 0 0 0 0 0 0 0 0 0 0 0 0 0 0 0 0 0 0 0 0 0 0 0 0 0 0 0 0 0 0 0 0 0 0 0 0 0 0 0 0 0 0 0 0 0 0 0 77 68 79 32 101 120 116 114 97 32 100 97 116 97 32 108 111 99 107 0 0 0 0 0 0 0 0 0 0 0 0 0 0 0 0 0 0 0 0 0 0 0 0 0 0 0 0 0 0 0 0 0 0 0 0 0 0 0 0 0 0 0 0 0 0 0 0 0 0 0 0 0 0 0 0 0 0 0 0 0 0 0 0 0 0 0 0 0 0 0 0 0 0 0 0 0 0 0 0 0 0 0 0 0 0 0 0 0 0 0 0 0 0 0 0 0 0 0 0 0 0 0 0 0 0 0 0 0 0 0 0 0 0 0 0 0 14 0 0 0 113 164 0 0 1 0 0 0 0 0 0 0 0 0 0 0 2 0 0 0 0 0 7 0 2 0 0 0 88 0 0 0 255 255 255 255 2 0 6 0 0 0 0 0 data 11 0x60002 0x148e 0xf0002 0x148e 0x150007 0x148e 0x38 0x0 0x190003 0x0 0x18 oops 0
ciMethodData java/nio/Buffer <init> (IIII)V 2 5219 orig 264 120 1 238 95 0 0 0 0 8 134 85 120 84 2 0 0 40 4 0 0 208 0 0 0 0 0 0 0 0 0 0 0 0 0 0 0 0 0 0 0 0 0 0 0 0 0 0 0 0 0 0 0 0 0 0 0 0 0 0 0 0 0 0 0 0 0 0 0 0 0 0 0 0 0 0 0 0 0 0 0 77 68 79 32 101 120 116 114 97 32 100 97 116 97 32 108 111 99 107 0 0 0 0 0 0 0 0 0 0 0 0 0 0 0 0 0 0 0 0 0 0 0 0 0 0 0 0 0 0 0 0 0 0 0 0 0 0 0 0 0 0 0 0 0 0 0 0 0 0 0 0 0 0 0 0 0 0 0 0 0 0 0 0 0 0 0 0 0 0 0 0 0 0 0 0 0 0 0 0 0 0 0 0 0 0 0 0 0 0 0 0 0 0 0 0 0 0 0 0 0 0 0 0 0 0 0 0 0 0 0 0 0 0 0 0 0 32 0 0 0 25 162 0 0 1 0 0 0 0 0 0 0 0 0 0 0 2 0 0 0 0 0 10 0 2 0 0 0 192 2 0 0 255 255 255 255 2 0 1 0 0 0 0 0 data 88 0x10002 0x1443 0x100007 0x1443 0xd0 0x0 0x1b0002 0x0 0x200005 0x0 0x0 0x0 0x0 0x0 0x250005 0x0 0x0 0x0 0x0 0x0 0x280005 0x0 0x0 0x0 0x0 0x0 0x2b0002 0x0 0x370005 0x101 0x2547d702080 0x1341 0x25412d87000 0x1 0x3d0005 0x101 0x2547d702080 0x1341 0x25412d87000 0x1 0x420007 0x1443 0x180 0x0 0x470007 0x0 0x160 0x0 0x520002 0x0 0x570005 0x0 0x0 0x0 0x0 0x0 0x5b0005 0x0 0x0 0x0 0x0 0x0 0x600005 0x0 0x0 0x0 0x0 0x0 0x640005 0x0 0x0 0x0 0x0 0x0 0x690005 0x0 0x0 0x0 0x0 0x0 0x6c0005 0x0 0x0 0x0 0x0 0x0 0x6f0002 0x0 oops 4 30 java/nio/HeapByteBuffer 32 java/nio/DirectByteBuffer 36 java/nio/HeapByteBuffer 38 java/nio/DirectByteBuffer
ciMethodData java/nio/Buffer position (I)Ljava/nio/Buffer; 2 5230 orig 264 120 1 238 95 0 0 0 0 248 135 85 120 84 2 0 0 152 1 0 0 64 0 0 0 0 0 0 0 0 0 0 0 0 0 0 0 0 0 0 0 0 0 0 0 0 0 0 0 0 0 0 0 0 0 0 0 0 0 0 0 0 0 0 0 0 0 0 0 0 0 0 0 0 0 0 0 0 0 0 0 77 68 79 32 101 120 116 114 97 32 100 97 116 97 32 108 111 99 107 0 0 0 0 0 0 0 0 0 0 0 0 0 0 0 0 0 0 0 0 0 0 0 0 0 0 0 0 0 0 0 0 0 0 0 0 0 0 0 0 0 0 0 0 0 0 0 0 0 0 0 0 0 0 0 0 0 0 0 0 0 0 0 0 0 0 0 0 0 0 0 0 0 0 0 0 0 0 0 0 0 0 0 0 0 0 0 0 0 0 0 0 0 0 0 0 0 0 0 0 0 0 0 0 0 0 0 0 0 0 0 0 0 0 0 0 0 105 0 0 0 41 160 0 0 1 0 0 0 0 0 0 0 0 0 0 0 2 0 0 0 0 0 11 0 2 0 0 0 112 0 0 0 255 255 255 255 7 0 5 0 0 0 0 0 data 14 0x50007 0x0 0x40 0x1405 0x90007 0x1405 0x30 0x0 0x100002 0x0 0x190007 0x1405 0x20 0x0 oops 0
ciMethodData java/nio/HeapByteBuffer ix (I)I 2 19260 orig 264 120 1 238 95 0 0 0 0 248 62 97 120 84 2 0 0 40 1 0 0 0 0 0 0 0 0 0 0 0 0 0 0 0 0 0 0 0 0 0 0 0 0 0 0 0 0 0 0 0 0 0 0 0 0 0 0 0 0 0 0 0 0 0 0 0 0 0 0 0 0 0 0 0 0 0 0 0 0 0 0 77 68 79 32 101 120 116 114 97 32 100 97 116 97 32 108 111 99 107 0 0 0 0 0 0 0 0 0 0 0 0 0 0 0 0 0 0 0 0 0 0 0 0 0 0 0 0 0 0 0 0 0 0 0 0 0 0 0 0 0 0 0 0 0 0 0 0 0 0 0 0 0 0 0 0 0 0 0 0 0 0 0 0 0 0 0 0 0 0 0 0 0 0 0 0 0 0 0 0 0 0 0 0 0 0 0 0 0 0 0 0 0 0 0 0 0 0 0 0 0 0 0 0 0 0 0 0 0 0 0 0 0 0 0 0 0 30 0 0 0 241 88 2 0 1 0 0 0 0 0 0 0 0 0 0 0 2 0 0 0 0 0 3 0 1 0 0 0 0 0 0 0 255 255 255 255 0 0 0 0 0 0 0 0 data 0 oops 0
ciMethodData java/util/AbstractMap <init> ()V 2 270808 orig 264 120 1 238 95 0 0 0 0 160 39 90 120 84 2 0 0 48 1 0 0 0 0 0 0 0 0 0 0 0 0 0 0 0 0 0 0 0 0 0 0 0 0 0 0 0 0 0 0 0 0 0 0 0 0 0 0 0 0 0 0 0 0 0 0 0 0 0 0 0 0 0 0 0 0 0 0 0 0 0 0 77 68 79 32 101 120 116 114 97 32 100 97 116 97 32 108 111 99 107 0 0 0 0 0 0 0 0 0 0 0 0 0 0 0 0 0 0 0 0 0 0 0 0 0 0 0 0 0 0 0 0 0 0 0 0 0 0 0 0 0 0 0 0 0 0 0 0 0 0 0 0 0 0 0 0 0 0 0 0 0 0 0 0 0 0 0 0 0 0 0 0 0 0 0 0 0 0 0 0 0 0 0 0 0 0 0 0 0 0 0 0 0 0 0 0 0 0 0 0 0 0 0 0 0 0 0 0 0 0 0 0 0 0 0 0 0 0 1 0 0 193 6 33 0 1 0 0 0 0 0 0 0 0 0 0 0 2 0 0 0 0 0 3 0 2 0 0 0 16 0 0 0 255 255 255 255 2 0 1 0 0 0 0 0 data 2 0x10002 0x420da oops 0
ciMethodData java/util/HashMap <init> ()V 2 242143 orig 264 120 1 238 95 0 0 0 0 104 230 90 120 84 2 0 0 48 1 0 0 0 0 0 0 0 0 0 0 0 0 0 0 0 0 0 0 0 0 0 0 0 0 0 0 0 0 0 0 0 0 0 0 0 0 0 0 0 0 0 0 0 0 0 0 0 0 0 0 0 0 0 0 0 0 0 0 0 0 0 0 77 68 79 32 101 120 116 114 97 32 100 97 116 97 32 108 111 99 107 0 0 0 0 0 0 0 0 0 0 0 0 0 0 0 0 0 0 0 0 0 0 0 0 0 0 0 0 0 0 0 0 0 0 0 0 0 0 0 0 0 0 0 0 0 0 0 0 0 0 0 0 0 0 0 0 0 0 0 0 0 0 0 0 0 0 0 0 0 0 0 0 0 0 0 0 0 0 0 0 0 0 0 0 0 0 0 0 0 0 0 0 0 0 0 0 0 0 0 0 0 0 0 0 0 0 0 0 0 0 0 0 0 0 0 0 0 90 0 0 0 41 140 29 0 1 0 0 0 0 0 0 0 0 0 0 0 2 0 0 0 0 0 3 0 2 0 0 0 16 0 0 0 255 255 255 255 2 0 1 0 0 0 0 0 data 2 0x10002 0x3b183 oops 0
ciMethod java/util/LinkedHashMap$LinkedEntrySet <init> (Ljava/util/LinkedHashMap;)V 2049 1 8647 0 -1
ciMethod java/util/LinkedHashMap$LinkedEntrySet iterator ()Ljava/util/Iterator; 3073 1 5504 0 288
ciMethod java/util/LinkedHashMap$LinkedEntryIterator <init> (Ljava/util/LinkedHashMap;)V 3073 1 5504 0 -1
ciMethod java/util/LinkedHashMap$LinkedEntryIterator next ()Ljava/util/Map$Entry; 2049 1 5488 0 0
ciMethod java/util/LinkedHashMap$LinkedEntryIterator next ()Ljava/lang/Object; 2049 1 5488 0 224
ciMethod java/util/Collections$EmptyIterator hasNext ()Z 1025 1 128 0 0
ciMethodData java/lang/Number <init> ()V 2 68863 orig 264 120 1 238 95 0 0 0 0 8 32 86 120 84 2 0 0 48 1 0 0 0 0 0 0 0 0 0 0 0 0 0 0 0 0 0 0 0 0 0 0 0 0 0 0 0 0 0 0 0 0 0 0 0 0 0 0 0 0 0 0 0 0 0 0 0 0 0 0 0 0 0 0 0 0 0 0 0 0 0 0 77 68 79 32 101 120 116 114 97 32 100 97 116 97 32 108 111 99 107 0 0 0 0 0 0 0 0 0 0 0 0 0 0 0 0 0 0 0 0 0 0 0 0 0 0 0 0 0 0 0 0 0 0 0 0 0 0 0 0 0 0 0 0 0 0 0 0 0 0 0 0 0 0 0 0 0 0 0 0 0 0 0 0 0 0 0 0 0 0 0 0 0 0 0 0 0 0 0 0 0 0 0 0 0 0 0 0 0 0 0 0 0 0 0 0 0 0 0 0 0 0 0 0 0 0 0 0 0 0 0 0 0 0 0 0 0 167 1 0 0 185 90 8 0 1 0 0 0 0 0 0 0 0 0 0 0 2 0 0 0 0 0 3 0 2 0 0 0 16 0 0 0 255 255 255 255 2 0 1 0 0 0 0 0 data 2 0x10002 0x10b56 oops 0
ciMethodData java/lang/reflect/Array newInstance (Ljava/lang/Class;I)Ljava/lang/Object; 2 17553 orig 264 120 1 238 95 0 0 0 0 136 166 103 120 84 2 0 0 96 1 0 0 0 0 0 0 0 0 0 0 0 0 0 0 0 0 0 0 0 0 0 0 0 0 0 0 0 0 0 0 0 0 0 0 0 0 0 0 0 0 0 0 0 0 0 0 0 0 0 0 0 0 0 0 0 0 0 0 0 0 0 0 77 68 79 32 101 120 116 114 97 32 100 97 116 97 32 108 111 99 107 0 0 0 0 0 0 0 0 0 0 0 0 0 0 0 0 0 0 0 0 0 0 0 0 0 0 0 0 0 0 0 0 0 0 0 0 0 0 0 0 0 0 0 0 0 1 0 0 0 0 0 0 0 0 0 0 0 0 0 0 0 0 0 0 0 4 0 0 0 0 0 0 0 0 0 0 0 0 0 0 0 0 0 0 0 0 0 0 0 0 0 0 0 0 0 0 0 0 0 0 0 0 0 0 0 0 0 0 0 0 0 0 0 0 0 0 0 132 0 0 0 49 254 1 0 1 0 0 0 0 0 0 0 0 0 0 0 2 0 0 0 0 0 3 0 2 0 0 0 16 0 0 0 255 255 255 255 2 192 2 0 0 0 0 0 data 2 0x2c002 0x3fca oops 0
ciMethodData java/lang/Integer valueOf (I)Ljava/lang/Integer; 2 77770 orig 264 120 1 238 95 0 0 0 0 208 142 86 120 84 2 0 0 112 1 0 0 32 0 0 0 0 0 0 0 0 0 0 0 0 0 0 0 0 0 0 0 0 0 0 0 0 0 0 0 0 0 0 0 0 0 0 0 0 0 0 0 0 0 0 0 0 0 0 0 0 0 0 0 0 0 0 0 0 0 0 0 77 68 79 32 101 120 116 114 97 32 100 97 116 97 32 108 111 99 107 0 0 0 0 0 0 0 0 0 0 0 0 0 0 0 0 0 0 0 0 0 0 0 0 0 0 0 0 0 0 0 0 0 0 0 0 0 0 0 0 0 0 0 0 0 0 0 0 0 0 0 0 0 0 0 0 0 0 0 0 0 0 0 0 0 0 0 0 0 0 0 0 0 0 0 0 0 0 0 0 0 0 0 0 0 0 0 0 0 0 0 0 0 0 0 0 0 0 0 0 0 0 0 0 0 0 0 0 0 0 0 0 0 0 0 0 0 21 0 0 0 169 125 9 0 1 0 0 0 0 0 0 0 0 0 0 0 2 0 0 0 0 0 8 0 2 0 0 0 80 0 0 0 255 255 255 255 7 0 3 0 0 0 0 0 data 10 0x30007 0x555 0x40 0x12a5e 0xa0007 0x661d 0x20 0xc443 0x1c0002 0x6b74 oops 0
ciMethodData java/lang/Integer <init> (I)V 2 56373 orig 264 120 1 238 95 0 0 0 0 112 143 86 120 84 2 0 0 56 1 0 0 0 0 0 0 0 0 0 0 0 0 0 0 0 0 0 0 0 0 0 0 0 0 0 0 0 0 0 0 0 0 0 0 0 0 0 0 0 0 0 0 0 0 0 0 0 0 0 0 0 0 0 0 0 0 0 0 0 0 0 0 77 68 79 32 101 120 116 114 97 32 100 97 116 97 32 108 111 99 107 0 0 0 0 0 0 0 0 0 0 0 0 0 0 0 0 0 0 0 0 0 0 0 0 0 0 0 0 0 0 0 0 0 0 0 0 0 0 0 0 0 0 0 0 0 0 0 0 0 0 0 0 0 0 0 0 0 0 0 0 0 0 0 0 0 0 0 0 0 0 0 0 0 0 0 0 0 0 0 0 0 0 0 0 0 0 0 0 0 0 0 0 0 0 0 0 0 0 0 0 0 0 0 0 0 0 0 0 0 0 0 0 0 0 0 0 0 10 1 0 0 89 217 6 0 1 0 0 0 0 0 0 0 0 0 0 0 2 0 0 0 0 0 3 0 2 0 0 0 16 0 0 0 255 255 255 255 2 0 1 0 0 0 0 0 data 2 0x10002 0xdb2d oops 0
ciMethod sun/reflect/annotation/AnnotationParser parseAnnotations ([BLsun/reflect/ConstantPool;Ljava/lang/Class;)Ljava/util/Map; 2049 1 7498 0 0
ciMethod sun/reflect/annotation/AnnotationParser parseSelectAnnotations ([BLsun/reflect/ConstantPool;Ljava/lang/Class;[Ljava/lang/Class;)Ljava/util/Map; 1321 1 165 0 -1
ciMethod sun/reflect/annotation/AnnotationParser parseAnnotations2 ([BLsun/reflect/ConstantPool;Ljava/lang/Class;[Ljava/lang/Class;)Ljava/util/Map; 153 297 1617 0 0
ciMethod sun/reflect/annotation/AnnotationParser parseAnnotation (Ljava/nio/ByteBuffer;Lsun/reflect/ConstantPool;Ljava/lang/Class;Z)Ljava/lang/annotation/Annotation; 273 1 2758 0 0
ciMethod sun/reflect/annotation/AnnotationParser parseAnnotation2 (Ljava/nio/ByteBuffer;Lsun/reflect/ConstantPool;Ljava/lang/Class;Z[Ljava/lang/Class;)Ljava/lang/annotation/Annotation; 2049 945 5828 0 0
ciMethod sun/reflect/annotation/AnnotationParser annotationForMap (Ljava/lang/Class;Ljava/util/Map;)Ljava/lang/annotation/Annotation; 1497 1 5436 0 320
ciMethod sun/reflect/annotation/AnnotationParser parseMemberValue (Ljava/lang/Class;Ljava/nio/ByteBuffer;Lsun/reflect/ConstantPool;Ljava/lang/Class;)Ljava/lang/Object; 2297 1 10165 0 0
ciMethod sun/reflect/annotation/AnnotationParser parseConst (ILjava/nio/ByteBuffer;Lsun/reflect/ConstantPool;)Ljava/lang/Object; 945 1 4789 0 0
ciMethod sun/reflect/annotation/AnnotationParser parseClassValue (Ljava/nio/ByteBuffer;Lsun/reflect/ConstantPool;Ljava/lang/Class;)Ljava/lang/Object; 401 1 569 0 0
ciMethod sun/reflect/annotation/AnnotationParser parseSig (Ljava/lang/String;Ljava/lang/Class;)Ljava/lang/Class; 2065 1 5381 20 1440
ciMethod sun/reflect/annotation/AnnotationParser toClass (Ljava/lang/reflect/Type;)Ljava/lang/Class; 2049 1 5370 0 0
ciMethod sun/reflect/annotation/AnnotationParser parseEnumValue (Ljava/lang/Class;Ljava/nio/ByteBuffer;Lsun/reflect/ConstantPool;Ljava/lang/Class;)Ljava/lang/Object; 1113 1 1559 0 0
ciMethod sun/reflect/annotation/AnnotationParser parseArray (Ljava/lang/Class;Ljava/nio/ByteBuffer;Lsun/reflect/ConstantPool;Ljava/lang/Class;)Ljava/lang/Object; 1505 1 4840 0 0
ciMethod sun/reflect/annotation/AnnotationParser parseByteArray (ILjava/nio/ByteBuffer;Lsun/reflect/ConstantPool;)Ljava/lang/Object; 0 0 1 0 -1
ciMethod sun/reflect/annotation/AnnotationParser parseCharArray (ILjava/nio/ByteBuffer;Lsun/reflect/ConstantPool;)Ljava/lang/Object; 0 0 1 0 -1
ciMethod sun/reflect/annotation/AnnotationParser parseDoubleArray (ILjava/nio/ByteBuffer;Lsun/reflect/ConstantPool;)Ljava/lang/Object; 0 0 1 0 -1
ciMethod sun/reflect/annotation/AnnotationParser parseFloatArray (ILjava/nio/ByteBuffer;Lsun/reflect/ConstantPool;)Ljava/lang/Object; 0 0 1 0 -1
ciMethod sun/reflect/annotation/AnnotationParser parseIntArray (ILjava/nio/ByteBuffer;Lsun/reflect/ConstantPool;)Ljava/lang/Object; 0 0 1 0 -1
ciMethod sun/reflect/annotation/AnnotationParser parseLongArray (ILjava/nio/ByteBuffer;Lsun/reflect/ConstantPool;)Ljava/lang/Object; 0 0 1 0 -1
ciMethod sun/reflect/annotation/AnnotationParser parseShortArray (ILjava/nio/ByteBuffer;Lsun/reflect/ConstantPool;)Ljava/lang/Object; 0 0 1 0 -1
ciMethod sun/reflect/annotation/AnnotationParser parseBooleanArray (ILjava/nio/ByteBuffer;Lsun/reflect/ConstantPool;)Ljava/lang/Object; 0 0 1 0 -1
ciMethod sun/reflect/annotation/AnnotationParser parseStringArray (ILjava/nio/ByteBuffer;Lsun/reflect/ConstantPool;)Ljava/lang/Object; 2081 33 4007 0 0
ciMethod sun/reflect/annotation/AnnotationParser parseClassArray (ILjava/nio/ByteBuffer;Lsun/reflect/ConstantPool;Ljava/lang/Class;)Ljava/lang/Object; 225 129 946 0 0
ciMethod sun/reflect/annotation/AnnotationParser parseEnumArray (ILjava/lang/Class;Ljava/nio/ByteBuffer;Lsun/reflect/ConstantPool;Ljava/lang/Class;)Ljava/lang/Object; 345 489 274 0 0
ciMethod sun/reflect/annotation/AnnotationParser parseAnnotationArray (ILjava/lang/Class;Ljava/nio/ByteBuffer;Lsun/reflect/ConstantPool;Ljava/lang/Class;)Ljava/lang/Object; 97 73 228 0 0
ciMethod sun/reflect/annotation/AnnotationParser exceptionProxy (I)Lsun/reflect/annotation/ExceptionProxy; 0 0 1 0 0
ciMethod sun/reflect/annotation/AnnotationParser skipAnnotation (Ljava/nio/ByteBuffer;Z)V 569 329 396 0 0
ciMethod sun/reflect/annotation/AnnotationParser skipMemberValue (Ljava/nio/ByteBuffer;)V 697 1 436 0 0
ciMethod sun/reflect/annotation/AnnotationParser skipMemberValue (ILjava/nio/ByteBuffer;)V 2753 1 603 0 0
ciMethod sun/reflect/annotation/AnnotationParser skipArray (Ljava/nio/ByteBuffer;)V 1089 2889 137 0 -1
ciMethod sun/reflect/annotation/AnnotationParser contains ([Ljava/lang/Object;Ljava/lang/Object;)Z 2297 3257 544 0 0
ciMethod sun/reflect/generics/parser/SignatureParser <init> ()V 1105 1 9956 0 32
ciMethod sun/reflect/generics/parser/SignatureParser init (Ljava/lang/String;)V 1089 1 11563 0 64
ciMethod sun/reflect/generics/parser/SignatureParser current ()C 2121 1 5553 0 -1
ciMethod sun/reflect/generics/parser/SignatureParser make ()Lsun/reflect/generics/parser/SignatureParser; 1105 1 9715 0 160
ciMethod sun/reflect/generics/parser/SignatureParser parseTypeSig (Ljava/lang/String;)Lsun/reflect/generics/tree/TypeSignature; 2057 1 5414 0 0
ciMethod sun/reflect/generics/parser/SignatureParser parseFieldTypeSignature ()Lsun/reflect/generics/tree/FieldTypeSignature; 2073 1 15333 0 -1
ciMethod sun/reflect/generics/parser/SignatureParser parseTypeSignature ()Lsun/reflect/generics/tree/TypeSignature; 201 1 7197 0 2560
ciMethod sun/reflect/generics/parser/SignatureParser parseBaseType ()Lsun/reflect/generics/tree/BaseType; 201 1 541 0 -1
ciMethod sun/reflect/generics/tree/TypeTree accept (Lsun/reflect/generics/visitor/TypeTreeVisitor;)V 0 0 1 0 -1
ciMethod sun/reflect/generics/tree/SimpleClassTypeSignature getDollar ()Z 1025 1 128 0 -1
ciMethod sun/reflect/generics/tree/SimpleClassTypeSignature getName ()Ljava/lang/String; 1057 1 132 0 -1
ciMethod sun/reflect/generics/tree/SimpleClassTypeSignature getTypeArguments ()[Lsun/reflect/generics/tree/TypeArgument; 1025 1 128 0 -1
ciMethod sun/reflect/generics/tree/ClassTypeSignature getPath ()Ljava/util/List; 1065 1 133 0 -1
ciMethod sun/reflect/generics/tree/ClassTypeSignature accept (Lsun/reflect/generics/visitor/TypeTreeVisitor;)V 3105 1 6064 20 128
ciMethod sun/reflect/generics/scope/ClassScope <init> (Ljava/lang/Class;)V 1081 1 8620 0 0
ciMethod sun/reflect/generics/scope/ClassScope make (Ljava/lang/Class;)Lsun/reflect/generics/scope/ClassScope; 1097 1 8622 0 0
ciMethod sun/reflect/generics/scope/AbstractScope <init> (Ljava/lang/reflect/GenericDeclaration;)V 1097 1 10045 0 0
ciMethod sun/reflect/generics/factory/GenericsFactory makeParameterizedType (Ljava/lang/reflect/Type;[Ljava/lang/reflect/Type;Ljava/lang/reflect/Type;)Ljava/lang/reflect/ParameterizedType; 0 0 1 0 -1
ciMethod sun/reflect/generics/factory/GenericsFactory makeNamedType (Ljava/lang/String;)Ljava/lang/reflect/Type; 0 0 1 0 -1
ciMethod sun/reflect/generics/factory/CoreReflectionFactory <init> (Ljava/lang/reflect/GenericDeclaration;Lsun/reflect/generics/scope/Scope;)V 1089 1 7281 0 0
ciMethod sun/reflect/generics/factory/CoreReflectionFactory make (Ljava/lang/reflect/GenericDeclaration;Lsun/reflect/generics/scope/Scope;)Lsun/reflect/generics/factory/CoreReflectionFactory; 1089 1 7281 0 0
ciMethod sun/reflect/generics/visitor/TypeTreeVisitor visitClassTypeSignature (Lsun/reflect/generics/tree/ClassTypeSignature;)V 0 0 1 0 -1
ciMethod sun/reflect/generics/visitor/Reifier <init> (Lsun/reflect/generics/factory/GenericsFactory;)V 2025 1 9354 0 0
ciMethod sun/reflect/generics/visitor/Reifier getFactory ()Lsun/reflect/generics/factory/GenericsFactory; 1025 1 128 0 -1
ciMethod sun/reflect/generics/visitor/Reifier make (Lsun/reflect/generics/factory/GenericsFactory;)Lsun/reflect/generics/visitor/Reifier; 2065 1 9353 0 0
ciMethod sun/reflect/generics/visitor/Reifier reifyTypeArguments ([Lsun/reflect/generics/tree/TypeArgument;)[Ljava/lang/reflect/Type; 1097 1905 2342 0 -1
ciMethod sun/reflect/generics/visitor/Reifier getResult ()Ljava/lang/reflect/Type; 2049 1 9090 0 0
ciMethod sun/reflect/generics/visitor/Reifier visitClassTypeSignature (Lsun/reflect/generics/tree/ClassTypeSignature;)V 16673 1 13429 20 -1
ciMethod java/lang/reflect/GenericArrayType getGenericComponentType ()Ljava/lang/reflect/Type; 0 0 1 0 -1
ciMethod sun/reflect/annotation/AnnotationType$1 <init> (Lsun/reflect/annotation/AnnotationType;Ljava/lang/Class;)V 1329 1 166 0 -1
ciMethod java/lang/annotation/Retention value ()Ljava/lang/annotation/RetentionPolicy; 0 0 1 0 -1
ciMethod sun/reflect/annotation/AnnotationTypeMismatchExceptionProxy setMember (Ljava/lang/reflect/Method;)Lsun/reflect/annotation/AnnotationTypeMismatchExceptionProxy; 0 0 1 0 -1
ciMethod sun/reflect/annotation/AnnotationParser$1 <init> (Ljava/lang/Class;Ljava/util/Map;)V 1505 1 5436 0 0
ciMethodData java/lang/Boolean valueOf (Z)Ljava/lang/Boolean; 2 107890 orig 264 120 1 238 95 0 0 0 0 232 159 85 120 84 2 0 0 88 1 0 0 0 0 0 0 0 0 0 0 0 0 0 0 0 0 0 0 0 0 0 0 0 0 0 0 0 0 0 0 0 0 0 0 0 0 0 0 0 0 0 0 0 0 0 0 0 0 0 0 0 0 0 0 0 0 0 0 0 0 0 0 77 68 79 32 101 120 116 114 97 32 100 97 116 97 32 108 111 99 107 0 0 0 0 0 0 0 0 0 0 0 0 0 0 0 0 0 0 0 0 0 0 0 0 0 0 0 0 0 0 0 0 0 0 0 0 0 0 0 0 0 0 0 0 0 0 0 0 0 0 0 0 0 0 0 0 0 0 0 0 0 0 0 0 0 0 0 0 0 0 0 0 0 0 0 0 0 0 0 0 0 0 0 0 0 0 0 0 0 0 0 0 0 0 0 0 0 0 0 0 0 0 0 0 0 0 0 0 0 0 0 0 0 0 0 0 0 0 1 0 0 145 35 13 0 1 0 0 0 0 0 0 0 0 0 0 0 2 0 0 0 0 0 6 0 2 0 0 0 56 0 0 0 255 255 255 255 7 0 1 0 0 0 0 0 data 7 0x10007 0x12b1a 0x38 0x7957 0x70003 0x7957 0x18 oops 0
ciMethodData sun/reflect/generics/scope/ClassScope make (Ljava/lang/Class;)Lsun/reflect/generics/scope/ClassScope; 2 8622 orig 264 120 1 238 95 0 0 0 0 8 83 175 120 84 2 0 0 48 1 0 0 0 0 0 0 0 0 0 0 0 0 0 0 0 0 0 0 0 0 0 0 0 0 0 0 0 0 0 0 0 0 0 0 0 0 0 0 0 0 0 0 0 0 0 0 0 0 0 0 0 0 0 0 0 0 0 0 0 0 0 0 77 68 79 32 101 120 116 114 97 32 100 97 116 97 32 108 111 99 107 0 0 0 0 0 0 0 0 0 0 0 0 0 0 0 0 0 0 0 0 0 0 0 0 0 0 0 0 0 0 0 0 0 0 0 0 0 0 0 0 0 0 0 0 0 0 0 0 0 0 0 0 0 0 0 0 0 0 0 0 0 0 0 0 0 0 0 0 0 0 0 0 0 0 0 0 0 0 0 0 0 0 0 0 0 0 0 0 0 0 0 0 0 0 0 0 0 0 0 0 0 0 0 0 0 0 0 0 0 0 0 0 0 0 0 0 0 137 0 0 0 41 9 1 0 1 0 0 0 0 0 0 0 0 0 0 0 2 0 0 0 0 0 3 0 2 0 0 0 16 0 0 0 255 255 255 255 2 0 5 0 0 0 0 0 data 2 0x50002 0x2124 oops 0
ciMethodData sun/reflect/generics/scope/ClassScope <init> (Ljava/lang/Class;)V 2 8620 orig 264 120 1 238 95 0 0 0 0 160 81 175 120 84 2 0 0 56 1 0 0 0 0 0 0 0 0 0 0 0 0 0 0 0 0 0 0 0 0 0 0 0 0 0 0 0 0 0 0 0 0 0 0 0 0 0 0 0 0 0 0 0 0 0 0 0 0 0 0 0 0 0 0 0 0 0 0 0 0 0 0 77 68 79 32 101 120 116 114 97 32 100 97 116 97 32 108 111 99 107 0 0 0 0 0 0 0 0 0 0 0 0 0 0 0 0 0 0 0 0 0 0 0 0 0 0 0 0 0 0 0 0 0 0 0 0 0 0 0 0 0 0 0 0 0 0 0 0 0 0 0 0 0 0 0 0 0 0 0 0 0 0 0 0 0 0 0 0 0 0 0 0 0 0 0 0 0 0 0 0 0 0 0 0 0 0 0 0 0 0 0 0 0 0 0 0 0 0 0 0 0 0 0 0 0 0 0 0 0 0 0 0 0 0 0 0 0 135 0 0 0 41 9 1 0 1 0 0 0 0 0 0 0 0 0 0 0 2 0 0 0 0 0 3 0 2 0 0 0 16 0 0 0 255 255 255 255 2 0 2 0 0 0 0 0 data 2 0x20002 0x2125 oops 0
ciMethodData sun/reflect/generics/scope/AbstractScope <init> (Ljava/lang/reflect/GenericDeclaration;)V 2 10045 orig 264 120 1 238 95 0 0 0 0 208 86 175 120 84 2 0 0 56 1 0 0 0 0 0 0 0 0 0 0 0 0 0 0 0 0 0 0 0 0 0 0 0 0 0 0 0 0 0 0 0 0 0 0 0 0 0 0 0 0 0 0 0 0 0 0 0 0 0 0 0 0 0 0 0 0 0 0 0 0 0 0 77 68 79 32 101 120 116 114 97 32 100 97 116 97 32 108 111 99 107 0 0 0 0 0 0 0 0 0 0 0 0 0 0 0 0 0 0 0 0 0 0 0 0 0 0 0 0 0 0 0 0 0 0 0 0 0 0 0 0 0 0 0 0 0 0 0 0 0 0 0 0 0 0 0 0 0 0 0 0 0 0 0 0 0 0 0 0 0 0 0 0 0 0 0 0 0 0 0 0 0 0 0 0 0 0 0 0 0 0 0 0 0 0 0 0 0 0 0 0 0 0 0 0 0 0 0 0 0 0 0 0 0 0 0 0 0 137 0 0 0 161 53 1 0 1 0 0 0 0 0 0 0 0 0 0 0 2 0 0 0 0 0 3 0 2 0 0 0 16 0 0 0 255 255 255 255 2 0 1 0 0 0 0 0 data 2 0x10002 0x26b4 oops 0
ciMethodData sun/reflect/generics/factory/CoreReflectionFactory make (Ljava/lang/reflect/GenericDeclaration;Lsun/reflect/generics/scope/Scope;)Lsun/reflect/generics/factory/CoreReflectionFactory; 2 7281 orig 264 120 1 238 95 0 0 0 0 216 113 175 120 84 2 0 0 56 1 0 0 0 0 0 0 0 0 0 0 0 0 0 0 0 0 0 0 0 0 0 0 0 0 0 0 0 0 0 0 0 0 0 0 0 0 0 0 0 0 0 0 0 0 0 0 0 0 0 0 0 0 0 0 0 0 0 0 0 0 0 0 77 68 79 32 101 120 116 114 97 32 100 97 116 97 32 108 111 99 107 0 0 0 0 0 0 0 0 0 0 0 0 0 0 0 0 0 0 0 0 0 0 0 0 0 0 0 0 0 0 0 0 0 0 0 0 0 0 0 0 0 0 0 0 0 0 0 0 0 0 0 0 0 0 0 0 0 0 0 0 0 0 0 0 0 0 0 0 0 0 0 0 0 0 0 0 0 0 0 0 0 0 0 0 0 0 0 0 0 0 0 0 0 0 0 0 0 0 0 0 0 0 0 0 0 0 0 0 0 0 0 0 0 0 0 0 0 136 0 0 0 73 223 0 0 1 0 0 0 0 0 0 0 0 0 0 0 2 0 0 0 0 0 3 0 2 0 0 0 16 0 0 0 255 255 255 255 2 0 6 0 0 0 0 0 data 2 0x60002 0x1be9 oops 0
ciMethodData sun/reflect/generics/factory/CoreReflectionFactory <init> (Ljava/lang/reflect/GenericDeclaration;Lsun/reflect/generics/scope/Scope;)V 2 7281 orig 264 120 1 238 95 0 0 0 0 40 111 175 120 84 2 0 0 64 1 0 0 0 0 0 0 0 0 0 0 0 0 0 0 0 0 0 0 0 0 0 0 0 0 0 0 0 0 0 0 0 0 0 0 0 0 0 0 0 0 0 0 0 0 0 0 0 0 0 0 0 0 0 0 0 0 0 0 0 0 0 0 77 68 79 32 101 120 116 114 97 32 100 97 116 97 32 108 111 99 107 0 0 0 0 0 0 0 0 0 0 0 0 0 0 0 0 0 0 0 0 0 0 0 0 0 0 0 0 0 0 0 0 0 0 0 0 0 0 0 0 0 0 0 0 0 0 0 0 0 0 0 0 0 0 0 0 0 0 0 0 0 0 0 0 0 0 0 0 0 0 0 0 0 0 0 0 0 0 0 0 0 0 0 0 0 0 0 0 0 0 0 0 0 0 0 0 0 0 0 0 0 0 0 0 0 0 0 0 0 0 0 0 0 0 0 0 0 136 0 0 0 73 223 0 0 1 0 0 0 0 0 0 0 0 0 0 0 2 0 0 0 0 0 3 0 2 0 0 0 16 0 0 0 255 255 255 255 2 0 1 0 0 0 0 0 data 2 0x10002 0x1be9 oops 0
ciMethodData sun/reflect/generics/parser/SignatureParser make ()Lsun/reflect/generics/parser/SignatureParser; 2 9715 orig 264 120 1 238 95 0 0 0 0 8 16 175 120 84 2 0 0 40 1 0 0 0 0 0 0 0 0 0 0 0 0 0 0 0 0 0 0 0 0 0 0 0 0 0 0 0 0 0 0 0 0 0 0 0 0 0 0 0 0 0 0 0 0 0 0 0 0 0 0 0 0 0 0 0 0 0 0 0 0 0 0 77 68 79 32 101 120 116 114 97 32 100 97 116 97 32 108 111 99 107 0 0 0 0 0 0 0 0 0 0 0 0 0 0 0 0 0 0 0 0 0 0 0 0 0 0 0 0 0 0 0 0 0 0 0 0 0 0 0 0 0 0 0 0 0 0 0 0 0 0 0 0 0 0 0 0 0 0 0 0 0 0 0 0 0 0 0 0 0 0 0 0 0 0 0 0 0 0 0 0 0 0 0 0 0 0 0 0 0 0 0 0 0 0 0 0 0 0 0 0 0 0 0 0 0 0 0 0 0 0 0 0 0 0 0 0 0 138 0 0 0 73 43 1 0 1 0 0 0 0 0 0 0 0 0 0 0 2 0 0 0 0 0 3 0 2 0 0 0 16 0 0 0 255 255 255 255 2 0 4 0 0 0 0 0 data 2 0x40002 0x2569 oops 0
ciMethodData sun/reflect/generics/parser/SignatureParser <init> ()V 2 9956 orig 264 120 1 238 95 0 0 0 0 16 10 175 120 84 2 0 0 48 1 0 0 0 0 0 0 0 0 0 0 0 0 0 0 0 0 0 0 0 0 0 0 0 0 0 0 0 0 0 0 0 0 0 0 0 0 0 0 0 0 0 0 0 0 0 0 0 0 0 0 0 0 0 0 0 0 0 0 0 0 0 0 77 68 79 32 101 120 116 114 97 32 100 97 116 97 32 108 111 99 107 0 0 0 0 0 0 0 0 0 0 0 0 0 0 0 0 0 0 0 0 0 0 0 0 0 0 0 0 0 0 0 0 0 0 0 0 0 0 0 0 0 0 0 0 0 0 0 0 0 0 0 0 0 0 0 0 0 0 0 0 0 0 0 0 0 0 0 0 0 0 0 0 0 0 0 0 0 0 0 0 0 0 0 0 0 0 0 0 0 0 0 0 0 0 0 0 0 0 0 0 0 0 0 0 0 0 0 0 0 0 0 0 0 0 0 0 0 138 0 0 0 209 50 1 0 1 0 0 0 0 0 0 0 0 0 0 0 2 0 0 0 0 0 3 0 2 0 0 0 16 0 0 0 255 255 255 255 2 0 1 0 0 0 0 0 data 2 0x10002 0x265a oops 0
ciMethodData sun/reflect/generics/parser/SignatureParser init (Ljava/lang/String;)V 2 11563 orig 264 120 1 238 95 0 0 0 0 176 10 175 120 84 2 0 0 40 1 0 0 0 0 0 0 0 0 0 0 0 0 0 0 0 0 0 0 0 0 0 0 0 0 0 0 0 0 0 0 0 0 0 0 0 0 0 0 0 0 0 0 0 0 0 0 0 0 0 0 0 0 0 0 0 0 0 0 0 0 0 0 77 68 79 32 101 120 116 114 97 32 100 97 116 97 32 108 111 99 107 0 0 0 0 0 0 0 0 0 0 0 0 0 0 0 0 0 0 0 0 0 0 0 0 0 0 0 0 0 0 0 0 0 0 0 0 0 0 0 0 0 0 0 0 0 0 0 0 0 0 0 0 0 0 0 0 0 0 0 0 0 0 0 0 0 0 0 0 0 0 0 0 0 0 0 0 0 0 0 0 0 0 0 0 0 0 0 0 0 0 0 0 0 0 0 0 0 0 0 0 0 0 0 0 0 0 0 0 0 0 0 0 0 0 0 0 0 136 0 0 0 25 101 1 0 1 0 0 0 0 0 0 0 0 0 0 0 2 0 0 0 0 0 3 0 1 0 0 0 0 0 0 0 255 255 255 255 0 0 0 0 0 0 0 0 data 0 oops 0
ciMethodData sun/reflect/generics/tree/ClassTypeSignature accept (Lsun/reflect/generics/visitor/TypeTreeVisitor;)V 2 6064 orig 264 120 1 238 95 0 0 0 0 64 75 175 120 84 2 0 0 128 1 0 0 0 0 0 0 0 0 0 0 0 0 0 0 0 0 0 0 0 0 0 0 0 0 0 0 0 0 0 0 0 0 0 0 0 0 0 0 0 0 0 0 0 0 0 0 0 0 0 0 0 0 0 0 0 0 0 0 0 0 0 0 77 68 79 32 101 120 116 114 97 32 100 97 116 97 32 108 111 99 107 0 0 0 0 0 0 0 0 0 0 0 0 0 0 0 0 0 0 0 0 0 0 0 0 0 0 0 0 0 0 0 0 0 0 0 0 0 0 0 0 0 0 0 0 0 0 0 0 0 0 0 0 0 0 0 0 0 0 0 0 0 0 0 0 0 0 0 0 0 0 0 0 0 0 0 0 0 0 0 0 0 0 0 0 0 0 0 0 0 0 0 0 0 0 0 0 0 0 0 0 0 0 0 0 0 0 0 0 0 0 0 0 0 0 0 0 0 132 1 0 0 97 177 0 0 1 0 0 0 0 0 0 0 0 0 0 0 2 0 0 0 0 0 3 0 2 0 0 0 48 0 0 0 255 255 255 255 5 0 2 0 0 0 0 0 data 6 0x20005 0x0 0x2547f43feb0 0x162c 0x0 0x0 oops 1 2 sun/reflect/generics/visitor/Reifier
ciMethodData java/lang/Class isEnum ()Z 2 17820 orig 264 120 1 238 95 0 0 0 0 112 17 77 120 84 2 0 0 0 2 0 0 0 0 0 0 0 0 0 0 0 0 0 0 0 0 0 0 0 0 0 0 0 0 0 0 0 0 0 0 0 0 0 0 0 0 0 0 0 0 0 0 0 0 0 0 0 0 0 0 0 0 0 0 0 0 0 0 0 0 0 0 77 68 79 32 101 120 116 114 97 32 100 97 116 97 32 108 111 99 107 0 0 0 0 0 0 0 0 0 0 0 0 0 0 0 0 0 0 0 0 0 0 0 0 0 0 0 0 0 0 0 0 0 0 0 0 0 0 0 0 0 0 0 0 0 0 0 0 0 0 0 0 0 0 0 0 0 0 0 0 0 0 1 0 0 0 0 0 0 0 0 0 0 0 0 0 0 0 0 0 0 0 0 0 0 0 0 0 0 0 0 0 0 0 0 0 0 0 0 0 0 0 0 0 0 0 0 0 0 0 0 0 0 0 0 0 0 11 0 0 0 137 44 2 0 1 0 0 0 0 0 0 0 0 0 0 0 2 0 0 0 0 0 9 0 2 0 0 0 184 0 0 0 255 255 255 255 5 144 1 0 0 0 0 0 data 23 0x19005 0xf1 0x2547a2af690 0x44a1 0x0 0x0 0x80007 0x4427 0x88 0x16b 0xc0005 0x3e 0x2547a2af690 0x12d 0x0 0x0 0x120007 0x0 0x38 0x16b 0x160003 0x16b 0x18 oops 2 2 java/lang/Class 12 java/lang/Class
ciMethodData java/nio/HeapByteBuffer _get (I)B 2 17803 orig 264 120 1 238 95 0 0 0 0 32 71 97 120 84 2 0 0 40 1 0 0 0 0 0 0 0 0 0 0 0 0 0 0 0 0 0 0 0 0 0 0 0 0 0 0 0 0 0 0 0 0 0 0 0 0 0 0 0 0 0 0 0 0 0 0 0 0 0 0 0 0 0 0 0 0 0 0 0 0 0 0 77 68 79 32 101 120 116 114 97 32 100 97 116 97 32 108 111 99 107 0 0 0 0 0 0 0 0 0 0 0 0 0 0 0 0 0 0 0 0 0 0 0 0 0 0 0 0 0 0 0 0 0 0 0 0 0 0 0 0 0 0 0 0 0 0 0 0 0 0 0 0 0 0 0 0 0 0 0 0 0 0 0 0 0 0 0 0 0 0 0 0 0 0 0 0 0 0 0 0 0 0 0 0 0 0 0 0 0 0 0 0 0 0 0 0 0 0 0 0 0 0 0 0 0 0 0 0 0 0 0 0 0 0 0 0 0 6 1 0 0 41 36 2 0 1 0 0 0 0 0 0 0 0 0 0 0 2 0 0 0 0 0 3 0 1 0 0 0 0 0 0 0 255 255 255 255 0 0 0 0 0 0 0 0 data 0 oops 0
ciMethodData sun/reflect/generics/visitor/Reifier getResult ()Ljava/lang/reflect/Type; 2 9090 orig 264 120 1 238 95 0 0 0 0 208 153 176 120 84 2 0 0 112 1 0 0 0 0 0 0 0 0 0 0 0 0 0 0 0 0 0 0 0 0 0 0 0 0 0 0 0 0 0 0 0 0 0 0 0 0 0 0 0 0 0 0 0 0 0 0 0 0 0 0 0 0 0 0 0 0 0 0 0 0 0 0 77 68 79 32 101 120 116 114 97 32 100 97 116 97 32 108 111 99 107 0 0 0 0 0 0 0 0 0 0 0 0 0 0 0 0 0 0 0 0 0 0 0 0 0 0 0 0 0 0 0 0 0 0 0 0 0 0 0 0 0 0 0 0 0 0 0 0 0 0 0 0 0 0 0 0 0 0 0 0 0 0 0 0 0 0 0 0 0 0 0 0 0 0 0 0 0 0 0 0 0 0 0 0 0 0 0 0 0 0 0 0 0 0 0 0 0 0 0 0 0 0 0 0 0 0 0 0 0 0 0 0 0 0 0 0 0 0 1 0 0 17 20 1 0 1 0 0 0 0 0 0 0 0 0 0 0 2 0 0 0 0 0 4 0 2 0 0 0 80 0 0 0 255 255 255 255 7 0 3 0 0 0 0 0 data 10 0x30007 0x2282 0x50 0x0 0xa0007 0x0 0x30 0x0 0x110002 0x0 oops 0
ciMethodData sun/reflect/generics/visitor/Reifier make (Lsun/reflect/generics/factory/GenericsFactory;)Lsun/reflect/generics/visitor/Reifier; 2 9353 orig 264 120 1 238 95 0 0 0 0 104 152 176 120 84 2 0 0 48 1 0 0 0 0 0 0 0 0 0 0 0 0 0 0 0 0 0 0 0 0 0 0 0 0 0 0 0 0 0 0 0 0 0 0 0 0 0 0 0 0 0 0 0 0 0 0 0 0 0 0 0 0 0 0 0 0 0 0 0 0 0 0 77 68 79 32 101 120 116 114 97 32 100 97 116 97 32 108 111 99 107 0 0 0 0 0 0 0 0 0 0 0 0 0 0 0 0 0 0 0 0 0 0 0 0 0 0 0 0 0 0 0 0 0 0 0 0 0 0 0 0 0 0 0 0 0 0 0 0 0 0 0 0 0 0 0 0 0 0 0 0 0 0 0 0 0 0 0 0 0 0 0 0 0 0 0 0 0 0 0 0 0 0 0 0 0 0 0 0 0 0 0 0 0 0 0 0 0 0 0 0 0 0 0 0 0 0 0 0 0 0 0 0 0 0 0 0 0 2 1 0 0 57 28 1 0 1 0 0 0 0 0 0 0 0 0 0 0 2 0 0 0 0 0 3 0 2 0 0 0 16 0 0 0 255 255 255 255 2 0 5 0 0 0 0 0 data 2 0x50002 0x2387 oops 0
ciMethodData sun/reflect/generics/visitor/Reifier <init> (Lsun/reflect/generics/factory/GenericsFactory;)V 2 9354 orig 264 120 1 238 95 0 0 0 0 56 151 176 120 84 2 0 0 56 1 0 0 0 0 0 0 0 0 0 0 0 0 0 0 0 0 0 0 0 0 0 0 0 0 0 0 0 0 0 0 0 0 0 0 0 0 0 0 0 0 0 0 0 0 0 0 0 0 0 0 0 0 0 0 0 0 0 0 0 0 0 0 77 68 79 32 101 120 116 114 97 32 100 97 116 97 32 108 111 99 107 0 0 0 0 0 0 0 0 0 0 0 0 0 0 0 0 0 0 0 0 0 0 0 0 0 0 0 0 0 0 0 0 0 0 0 0 0 0 0 0 0 0 0 0 0 0 0 0 0 0 0 0 0 0 0 0 0 0 0 0 0 0 0 0 0 0 0 0 0 0 0 0 0 0 0 0 0 0 0 0 0 0 0 0 0 0 0 0 0 0 0 0 0 0 0 0 0 0 0 0 0 0 0 0 0 0 0 0 0 0 0 0 0 0 0 0 0 253 0 0 0 105 28 1 0 1 0 0 0 0 0 0 0 0 0 0 0 2 0 0 0 0 0 0 0 0 0 0 0 16 0 0 0 255 255 255 255 2 0 1 0 0 0 0 0 data 2 0x10002 0x238d oops 0
ciMethodData sun/misc/SharedSecrets getJavaLangAccess ()Lsun/misc/JavaLangAccess; 2 37713 orig 264 120 1 238 95 0 0 0 0 80 143 90 120 84 2 0 0 24 1 0 0 0 0 0 0 0 0 0 0 0 0 0 0 0 0 0 0 0 0 0 0 0 0 0 0 0 0 0 0 0 0 0 0 0 0 0 0 0 0 0 0 0 0 0 0 0 0 0 0 0 0 0 0 0 0 0 0 0 0 0 0 77 68 79 32 101 120 116 114 97 32 100 97 116 97 32 108 111 99 107 0 0 0 0 0 0 0 0 0 0 0 0 0 0 0 0 0 0 0 0 0 0 0 0 0 0 0 0 0 0 0 0 0 0 0 0 0 0 0 0 0 0 0 0 0 0 0 0 0 0 0 0 0 0 0 0 0 0 0 0 0 0 0 0 0 0 0 0 0 0 0 0 0 0 0 0 0 0 0 0 0 0 0 0 0 0 0 0 0 0 0 0 0 0 0 0 0 0 0 0 0 0 0 0 0 0 0 0 0 0 0 0 0 0 0 0 0 128 1 0 0 137 142 4 0 1 0 0 0 0 0 0 0 0 0 0 0 2 0 0 0 0 0 3 0 1 0 0 0 0 0 0 0 255 255 255 255 0 0 0 0 0 0 0 0 data 0 oops 0
ciMethodData java/util/LinkedHashMap <init> ()V 2 33510 orig 264 120 1 238 95 0 0 0 0 72 245 100 120 84 2 0 0 48 1 0 0 0 0 0 0 0 0 0 0 0 0 0 0 0 0 0 0 0 0 0 0 0 0 0 0 0 0 0 0 0 0 0 0 0 0 0 0 0 0 0 0 0 0 0 0 0 0 0 0 0 0 0 0 0 0 0 0 0 0 0 0 77 68 79 32 101 120 116 114 97 32 100 97 116 97 32 108 111 99 107 0 0 0 0 0 0 0 0 0 0 0 0 0 0 0 0 0 0 0 0 0 0 0 0 0 0 0 0 0 0 0 0 0 0 0 0 0 0 0 0 0 0 0 0 0 0 0 0 0 0 0 0 0 0 0 0 0 0 0 0 0 0 0 0 0 0 0 0 0 0 0 0 0 0 0 0 0 0 0 0 0 0 0 0 0 0 0 0 0 0 0 0 0 0 0 0 0 0 0 0 0 0 0 0 0 0 0 0 0 0 0 0 0 0 0 0 0 0 1 0 0 49 15 4 0 1 0 0 0 0 0 0 0 0 0 0 0 2 0 0 0 0 0 3 0 2 0 0 0 16 0 0 0 255 255 255 255 2 0 1 0 0 0 0 0 data 2 0x10002 0x81e6 oops 0
ciMethodData java/lang/Class annotationData ()Ljava/lang/Class$AnnotationData; 2 89220 orig 264 120 1 238 95 0 0 0 0 184 28 77 120 84 2 0 0 224 1 0 0 96 0 0 0 0 0 0 0 0 0 0 0 0 0 0 0 0 0 0 0 0 0 0 0 0 0 0 0 0 0 0 0 0 0 0 0 0 0 0 0 0 0 0 0 0 0 0 0 0 0 0 0 0 0 0 0 0 0 0 0 77 68 79 32 101 120 116 114 97 32 100 97 116 97 32 108 111 99 107 0 0 0 0 0 0 0 0 0 0 0 0 0 0 0 0 0 0 0 0 0 0 0 0 0 0 0 0 0 0 0 0 0 0 0 0 0 0 0 0 0 0 0 0 0 5 0 0 0 0 0 0 0 0 0 0 0 0 0 0 0 0 0 0 0 0 0 0 0 0 0 0 0 0 0 0 0 0 0 0 2 0 0 0 0 0 0 0 0 0 0 0 0 0 0 0 0 0 0 0 0 0 0 0 0 0 0 0 0 0 0 0 0 0 0 0 0 2 1 0 0 169 0 8 0 17 0 0 0 160 233 0 0 0 0 0 0 2 0 0 0 1 0 10 0 2 0 0 0 152 0 0 0 255 255 255 255 7 0 11 0 0 0 0 0 data 19 0xb0007 0x6d0 0x40 0xf946 0x130007 0x0 0x20 0xf947 0x1a0002 0x6d0 0x210002 0x6db 0x24e007 0x2 0x20 0x6db 0x290003 0x2 0xffffffffffffff80 oops 0
ciMethodData java/lang/Class createAnnotationData (I)Ljava/lang/Class$AnnotationData; 2 1874 orig 264 120 1 238 95 0 0 0 0 32 30 77 120 84 2 0 0 192 5 0 0 112 0 0 0 0 0 0 0 0 0 0 0 0 0 0 0 0 0 0 0 0 0 0 0 0 0 0 0 0 0 0 0 0 0 0 0 0 0 0 0 0 0 0 0 0 0 0 0 0 0 0 0 0 0 0 0 0 0 0 0 77 68 79 32 101 120 116 114 97 32 100 97 116 97 32 108 111 99 107 0 0 0 0 0 0 0 0 0 0 0 0 0 0 0 0 0 0 0 0 0 0 0 0 0 0 0 0 0 0 0 0 0 0 0 0 0 0 0 0 0 0 0 0 0 0 0 0 0 0 0 0 0 0 0 0 0 0 0 0 0 0 1 0 0 4 0 0 0 0 0 0 0 0 0 0 0 0 0 0 0 0 0 0 0 0 0 0 0 0 0 0 0 0 0 0 0 0 0 0 0 0 0 0 0 0 0 0 0 0 0 0 0 0 0 0 0 132 0 0 0 113 54 0 0 169 2 0 0 0 0 0 0 0 0 0 0 2 0 0 0 1 0 26 0 2 0 0 0 112 4 0 0 255 255 255 255 5 0 1 0 0 0 0 0 data 142 0x10005 0x83 0x2547a2af690 0x64b 0x0 0x0 0x50005 0x83 0x2547a2af690 0x64b 0x0 0x0 0x90002 0x6ce 0xe9005 0x8a 0x2547a2af690 0x64b 0x0 0x0 0x160007 0x21e 0x358 0x4b7 0x1a0002 0x4b7 0x240005 0x0 0x25406db0f20 0x48f 0x25406daec00 0x28 0x290005 0x0 0x25406db0fd0 0x48f 0x25406db1080 0x28 0x320005 0x0 0x25406db1130 0x48f 0x25406db11e0 0x7d 0x370007 0x4bb 0x298 0x51 0x3c0005 0x0 0x25406db11e0 0x51 0x0 0x0 0x410004 0x0 0x25406db1290 0x51 0x0 0x0 0x480005 0x0 0x25406db1290 0x51 0x0 0x0 0x4d0004 0x0 0x2547a2af690 0x51 0x0 0x0 0x540002 0x51 0x570005 0x0 0x25406daddb0 0x51 0x0 0x0 0x5a0007 0x4d 0x160 0x4 0x5f0007 0x0 0xe0 0x4 0x67c005 0x0 0x25406db0f20 0x3 0x25406daec00 0x5 0x6f0005 0x0 0x25406db0f20 0x3 0x25406daec00 0x5 0x760005 0x0 0x25406daec00 0x8 0x0 0x0 0x7c0002 0x8 0x7f0002 0x8 0x880002 0x8 0x930005 0x0 0x25406db1290 0x8 0x0 0x0 0x980005 0x0 0x25406daec00 0x8 0x0 0x0 0x9e0003 0x55 0xfffffffffffffd50 0xa30007 0x8 0x38 0x6d1 0xa90003 0x6d1 0x48 0xaf0005 0x0 0x25406daec00 0x8 0x0 0x0 0xbc0002 0x6d9 oops 22 2 java/lang/Class 8 java/lang/Class 16 java/lang/Class 28 java/util/Collections$EmptyMap 30 java/util/LinkedHashMap 34 java/util/Collections$EmptySet 36 java/util/LinkedHashMap$LinkedEntrySet 40 java/util/Collections$EmptyIterator 42 java/util/LinkedHashMap$LinkedEntryIterator 50 java/util/LinkedHashMap$LinkedEntryIterator 56 java/util/LinkedHashMap$Entry 62 java/util/LinkedHashMap$Entry 68 java/lang/Class 76 sun/reflect/annotation/AnnotationType 90 java/util/Collections$EmptyMap 92 java/util/LinkedHashMap 96 java/util/Collections$EmptyMap 98 java/util/LinkedHashMap 102 java/util/LinkedHashMap 114 java/util/LinkedHashMap$Entry 120 java/util/LinkedHashMap 136 java/util/LinkedHashMap
ciMethodData java/util/Collections emptySet ()Ljava/util/Set; 2 22050 orig 264 120 1 238 95 0 0 0 0 136 182 89 120 84 2 0 0 24 1 0 0 0 0 0 0 0 0 0 0 0 0 0 0 0 0 0 0 0 0 0 0 0 0 0 0 0 0 0 0 0 0 0 0 0 0 0 0 0 0 0 0 0 0 0 0 0 0 0 0 0 0 0 0 0 0 0 0 0 0 0 0 77 68 79 32 101 120 116 114 97 32 100 97 116 97 32 108 111 99 107 0 0 0 0 0 0 0 0 0 0 0 0 0 0 0 0 0 0 0 0 0 0 0 0 0 0 0 0 0 0 0 0 0 0 0 0 0 0 0 0 0 0 0 0 0 0 0 0 0 0 0 0 0 0 0 0 0 0 0 0 0 0 0 0 0 0 0 0 0 0 0 0 0 0 0 0 0 0 0 0 0 0 0 0 0 0 0 0 0 0 0 0 0 0 0 0 0 0 0 0 0 0 0 0 0 0 0 0 0 0 0 0 0 0 0 0 0 2 1 0 0 1 169 2 0 1 0 0 0 0 0 0 0 0 0 0 0 2 0 0 0 0 0 3 0 1 0 0 0 0 0 0 0 255 255 255 255 0 0 0 0 0 0 0 0 data 0 oops 0
ciMethodData java/nio/Buffer nextGetIndex (I)I 2 6483 orig 264 120 1 238 95 0 0 0 0 232 145 85 120 84 2 0 0 88 1 0 0 0 0 0 0 0 0 0 0 0 0 0 0 0 0 0 0 0 0 0 0 0 0 0 0 0 0 0 0 0 0 0 0 0 0 0 0 0 0 0 0 0 0 0 0 0 0 0 0 0 0 0 0 0 0 0 0 0 0 0 0 77 68 79 32 101 120 116 114 97 32 100 97 116 97 32 108 111 99 107 0 0 0 0 0 0 0 0 0 0 0 0 0 0 0 0 0 0 0 0 0 0 0 0 0 0 0 0 0 0 0 0 0 0 0 0 0 0 0 0 0 0 0 0 0 0 0 0 0 0 0 0 0 0 0 0 0 0 0 0 0 0 0 0 0 0 0 0 0 0 0 0 0 0 0 0 0 0 0 0 0 0 0 0 0 0 0 0 0 0 0 0 0 0 0 0 0 0 0 0 0 0 0 0 0 0 0 0 0 0 0 0 0 0 0 0 0 0 1 0 0 153 194 0 0 1 0 0 0 0 0 0 0 0 0 0 0 2 0 0 0 0 0 5 0 2 0 0 0 48 0 0 0 255 255 255 255 7 0 12 0 0 0 0 0 data 6 0xc0007 0x1853 0x30 0x0 0x130002 0x0 oops 0
ciMethodData java/util/Collections emptyIterator ()Ljava/util/Iterator; 2 11885 orig 264 120 1 238 95 0 0 0 0 192 180 89 120 84 2 0 0 24 1 0 0 0 0 0 0 0 0 0 0 0 0 0 0 0 0 0 0 0 0 0 0 0 0 0 0 0 0 0 0 0 0 0 0 0 0 0 0 0 0 0 0 0 0 0 0 0 0 0 0 0 0 0 0 0 0 0 0 0 0 0 0 77 68 79 32 101 120 116 114 97 32 100 97 116 97 32 108 111 99 107 0 0 0 0 0 0 0 0 0 0 0 0 0 0 0 0 0 0 0 0 0 0 0 0 0 0 0 0 0 0 0 0 0 0 0 0 0 0 0 0 0 0 0 0 0 0 0 0 0 0 0 0 0 0 0 0 0 0 0 0 0 0 0 0 0 0 0 0 0 0 0 0 0 0 0 0 0 0 0 0 0 0 0 0 0 0 0 0 0 0 0 0 0 0 0 0 0 0 0 0 0 0 0 0 0 0 0 0 0 0 0 0 0 0 0 0 0 0 1 0 0 105 107 1 0 1 0 0 0 0 0 0 0 0 0 0 0 2 0 0 0 0 0 3 0 1 0 0 0 0 0 0 0 255 255 255 255 0 0 0 0 0 0 0 0 data 0 oops 0
ciMethodData java/nio/HeapByteBuffer getShort ()S 2 8452 orig 264 120 1 238 95 0 0 0 0 184 75 97 120 84 2 0 0 184 1 0 0 0 0 0 0 0 0 0 0 0 0 0 0 0 0 0 0 0 0 0 0 0 0 0 0 0 0 0 0 0 0 0 0 0 0 0 0 0 0 0 0 0 0 0 0 0 0 0 0 0 0 0 0 0 0 0 0 0 0 0 0 77 68 79 32 101 120 116 114 97 32 100 97 116 97 32 108 111 99 107 0 0 0 0 0 0 0 0 0 0 0 0 0 0 0 0 0 0 0 0 0 0 0 0 0 0 0 0 0 0 0 0 0 0 0 0 0 0 0 0 0 0 0 0 0 0 0 0 0 0 0 0 0 0 0 0 0 0 0 0 0 0 0 0 0 0 0 0 0 0 0 0 0 0 0 0 0 0 0 0 0 0 0 0 0 0 0 0 0 0 0 0 0 0 0 0 0 0 0 0 0 0 0 0 0 0 0 0 0 0 0 0 0 0 0 0 0 4 1 0 0 1 0 1 0 1 0 0 0 0 0 0 0 0 0 0 0 2 0 0 0 0 0 10 0 2 0 0 0 112 0 0 0 255 255 255 255 5 0 4 0 0 0 0 0 data 14 0x40005 0x0 0x2547d702080 0x2000 0x0 0x0 0x70005 0x0 0x2547d702080 0x2000 0x0 0x0 0xe0002 0x2000 oops 2 2 java/nio/HeapByteBuffer 8 java/nio/HeapByteBuffer
ciMethodData java/nio/Bits getShort (Ljava/nio/ByteBuffer;IZ)S 2 8452 orig 264 120 1 238 95 0 0 0 0 224 143 97 120 84 2 0 0 176 1 0 0 48 0 0 0 0 0 0 0 0 0 0 0 0 0 0 0 0 0 0 0 0 0 0 0 0 0 0 0 0 0 0 0 0 0 0 0 0 0 0 0 0 0 0 0 0 0 0 0 0 0 0 0 0 0 0 0 0 0 0 0 77 68 79 32 101 120 116 114 97 32 100 97 116 97 32 108 111 99 107 0 0 0 0 0 0 0 0 0 0 0 0 0 0 0 0 0 0 0 0 0 0 0 0 0 0 0 0 0 0 0 0 0 0 0 0 0 0 0 0 0 0 0 0 0 0 0 0 0 0 0 0 0 0 0 0 0 0 0 0 0 0 0 0 0 0 0 0 0 0 0 0 0 0 0 0 0 0 0 0 0 0 0 0 0 0 0 0 0 0 0 0 0 0 0 0 0 0 0 0 0 0 0 0 0 0 0 0 0 0 0 0 0 0 0 0 0 4 1 0 0 1 0 1 0 1 0 0 0 0 0 0 0 0 0 0 0 2 0 0 0 0 0 6 0 2 0 0 0 88 0 0 0 255 255 255 255 7 0 1 0 0 0 0 0 data 11 0x10007 0x0 0x48 0x2000 0x60002 0x2000 0x90003 0x2000 0x28 0xe0002 0x0 oops 0
ciMethodData java/nio/Bits getShortB (Ljava/nio/ByteBuffer;I)S 2 9067 orig 264 120 1 238 95 0 0 0 0 160 142 97 120 84 2 0 0 192 1 0 0 0 0 0 0 0 0 0 0 0 0 0 0 0 0 0 0 0 0 0 0 0 0 0 0 0 0 0 0 0 0 0 0 0 0 0 0 0 0 0 0 0 0 0 0 0 0 0 0 0 0 0 0 0 0 0 0 0 0 0 0 77 68 79 32 101 120 116 114 97 32 100 97 116 97 32 108 111 99 107 0 0 0 0 0 0 0 0 0 0 0 0 0 0 0 0 0 0 0 0 0 0 0 0 0 0 0 0 0 0 0 0 0 0 0 0 0 0 0 0 0 0 0 0 0 0 0 0 0 0 0 0 0 0 0 0 0 0 0 0 0 0 0 0 0 0 0 0 0 0 0 0 0 0 0 0 0 0 0 0 0 0 0 0 0 0 0 0 0 0 0 0 0 0 0 0 0 0 0 0 0 0 0 0 0 0 0 0 0 0 0 0 0 0 0 0 0 4 1 0 0 57 19 1 0 1 0 0 0 0 0 0 0 0 0 0 0 2 0 0 0 0 0 0 0 0 0 0 0 112 0 0 0 255 255 255 255 5 0 2 0 0 0 0 0 data 14 0x20005 0x0 0x2547d702080 0x2267 0x0 0x0 0x90005 0x0 0x2547d702080 0x2267 0x0 0x0 0xc0002 0x2267 oops 2 2 java/nio/HeapByteBuffer 8 java/nio/HeapByteBuffer
ciMethodData java/nio/Bits makeShort (BB)S 2 9053 orig 264 120 1 238 95 0 0 0 0 176 140 97 120 84 2 0 0 40 1 0 0 0 0 0 0 0 0 0 0 0 0 0 0 0 0 0 0 0 0 0 0 0 0 0 0 0 0 0 0 0 0 0 0 0 0 0 0 0 0 0 0 0 0 0 0 0 0 0 0 0 0 0 0 0 0 0 0 0 0 0 0 77 68 79 32 101 120 116 114 97 32 100 97 116 97 32 108 111 99 107 0 0 0 0 0 0 0 0 0 0 0 0 0 0 0 0 0 0 0 0 0 0 0 0 0 0 0 0 0 0 0 0 0 0 0 0 0 0 0 0 0 0 0 0 0 0 0 0 0 0 0 0 0 0 0 0 0 0 0 0 0 0 0 0 0 0 0 0 0 0 0 0 0 0 0 0 0 0 0 0 0 0 0 0 0 0 0 0 0 0 0 0 0 0 0 0 0 0 0 0 0 0 0 0 0 0 0 0 0 0 0 0 0 0 0 0 0 4 1 0 0 201 18 1 0 1 0 0 0 0 0 0 0 0 0 0 0 2 0 0 0 0 0 0 0 0 0 0 0 0 0 0 0 255 255 255 255 0 0 0 0 0 0 0 0 data 0 oops 0
ciMethodData sun/reflect/annotation/AnnotationParser parseAnnotations ([BLsun/reflect/ConstantPool;Ljava/lang/Class;)Ljava/util/Map; 2 7498 orig 264 120 1 238 95 0 0 0 0 208 194 174 120 84 2 0 0 184 1 0 0 48 0 0 0 0 0 0 0 0 0 0 0 0 0 0 0 0 0 0 0 0 0 0 0 0 0 0 0 0 0 0 0 0 0 0 0 0 0 0 0 0 0 0 0 0 0 0 0 0 0 0 0 0 0 0 0 0 0 0 0 77 68 79 32 101 120 116 114 97 32 100 97 116 97 32 108 111 99 107 0 0 0 0 0 0 0 0 0 0 0 0 0 0 0 0 0 0 0 0 0 0 0 0 0 0 0 0 0 0 0 0 0 0 0 0 0 0 0 0 0 0 0 0 0 1 0 0 0 0 0 0 0 0 0 0 0 0 0 0 0 0 0 0 0 0 0 0 0 0 0 0 0 0 0 0 0 0 0 0 0 0 0 0 0 0 0 0 0 0 0 0 0 0 0 0 0 0 0 0 0 0 0 0 0 0 0 0 0 0 0 0 0 0 0 0 0 0 1 0 0 81 226 0 0 1 0 0 0 74 28 0 0 0 0 0 0 2 0 0 0 0 0 8 0 2 0 0 0 96 0 0 0 255 255 255 255 7 0 1 0 0 0 0 0 data 12 0x10007 0x5a1 0x30 0x16a9 0x40002 0x16a9 0xc0002 0x5a1 0x170002 0x0 0x210002 0x0 oops 0
ciMethodData java/util/Collections emptyMap ()Ljava/util/Map; 2 7597 orig 264 120 1 238 95 0 0 0 0 232 184 89 120 84 2 0 0 24 1 0 0 0 0 0 0 0 0 0 0 0 0 0 0 0 0 0 0 0 0 0 0 0 0 0 0 0 0 0 0 0 0 0 0 0 0 0 0 0 0 0 0 0 0 0 0 0 0 0 0 0 0 0 0 0 0 0 0 0 0 0 0 77 68 79 32 101 120 116 114 97 32 100 97 116 97 32 108 111 99 107 0 0 0 0 0 0 0 0 0 0 0 0 0 0 0 0 0 0 0 0 0 0 0 0 0 0 0 0 0 0 0 0 0 0 0 0 0 0 0 0 0 0 0 0 0 0 0 0 0 0 0 0 0 0 0 0 0 0 0 0 0 0 0 0 0 0 0 0 0 0 0 0 0 0 0 0 0 0 0 0 0 0 0 0 0 0 0 0 0 0 0 0 0 0 0 0 0 0 0 0 0 0 0 0 0 0 0 0 0 0 0 0 0 0 0 0 0 250 0 0 0 153 229 0 0 1 0 0 0 0 0 0 0 0 0 0 0 2 0 0 0 0 0 3 0 1 0 0 0 0 0 0 0 255 255 255 255 0 0 0 0 0 0 0 0 data 0 oops 0
ciMethodData sun/reflect/annotation/AnnotationParser parseAnnotations2 ([BLsun/reflect/ConstantPool;Ljava/lang/Class;[Ljava/lang/Class;)Ljava/util/Map; 2 3113 orig 264 120 1 238 95 0 0 0 0 232 196 174 120 84 2 0 0 8 4 0 0 112 0 0 0 0 0 0 0 0 0 0 0 0 0 0 0 0 0 0 0 0 0 0 0 0 0 0 0 0 0 0 0 0 0 0 0 0 0 0 0 0 0 0 0 0 0 0 0 0 0 0 0 0 0 0 0 0 0 0 0 77 68 79 32 101 120 116 114 97 32 100 97 116 97 32 108 111 99 107 0 0 0 0 0 0 0 0 0 0 0 0 0 0 0 0 0 0 0 0 0 0 0 0 0 0 0 0 0 0 0 0 0 0 0 0 0 0 0 0 0 0 0 0 0 0 0 0 0 0 0 0 0 0 0 0 0 0 0 0 0 0 0 0 0 0 0 0 0 0 0 0 0 0 0 0 0 0 0 0 0 0 0 0 0 0 0 0 0 0 0 0 0 0 0 0 0 0 0 0 0 0 0 0 0 0 0 0 0 0 0 0 0 0 0 0 0 37 0 0 0 241 49 0 0 33 96 0 0 59 6 0 0 248 11 0 0 2 0 0 0 1 0 37 0 2 0 0 0 168 2 0 0 255 255 255 255 2 0 4 0 0 0 0 0 data 85 0x40002 0x63e 0xa0002 0x63e 0x110005 0x0 0x2547d702080 0x63e 0x0 0x0 0x200007 0x64f 0x258 0xbf3 0x290002 0xbf3 0x300007 0x188 0x210 0xa7d 0x350005 0x96f 0x2547d702130 0x10d 0x2547d7021e0 0x1 0x3e0002 0xa7b 0x410005 0x0 0x25406daddb0 0xa7d 0x0 0x0 0x470007 0x0 0x180 0xa7d 0x500005 0x0 0x25406daec00 0xa7d 0x0 0x0 0x550007 0xa7d 0x130 0x0 0x600002 0x0 0x650005 0x0 0x0 0x0 0x0 0x0 0x6a0005 0x0 0x0 0x0 0x0 0x0 0x6f0005 0x0 0x0 0x0 0x0 0x0 0x740005 0x0 0x0 0x0 0x0 0x0 0x770005 0x0 0x0 0x0 0x0 0x0 0x7a0002 0x0 0x810003 0xc04 0xfffffffffffffdc0 oops 5 6 java/nio/HeapByteBuffer 22 com/sun/proxy/$Proxy0 24 com/sun/proxy/$Proxy9 30 sun/reflect/annotation/AnnotationType 40 java/util/LinkedHashMap
ciMethodData java/util/Collections$EmptySet iterator ()Ljava/util/Iterator; 2 5376 orig 264 120 1 238 95 0 0 0 0 120 219 89 120 84 2 0 0 88 1 0 0 0 0 0 0 0 0 0 0 0 0 0 0 0 0 0 0 0 0 0 0 0 0 0 0 0 0 0 0 0 0 0 0 0 0 0 0 0 0 0 0 0 0 0 0 0 0 0 0 0 0 0 0 0 0 0 0 0 0 0 0 77 68 79 32 101 120 116 114 97 32 100 97 116 97 32 108 111 99 107 0 0 0 0 0 0 0 0 0 0 0 0 0 0 0 0 0 0 0 0 0 0 0 0 0 0 0 0 0 0 0 0 0 0 0 0 0 0 0 0 0 0 0 0 0 0 0 0 0 0 0 0 0 0 0 0 0 0 0 0 0 0 0 0 0 0 0 0 0 0 0 0 0 0 0 0 0 0 0 0 0 0 0 0 0 0 0 0 0 0 0 0 0 0 0 0 0 0 0 0 0 0 0 0 0 0 0 0 0 0 0 0 0 0 0 0 0 0 1 0 0 1 160 0 0 1 0 0 0 0 0 0 0 0 0 0 0 2 0 0 0 0 0 3 0 2 0 0 0 16 0 0 0 255 255 255 255 2 0 0 0 0 0 0 0 data 2 0x2 0x1400 oops 0
ciMethodData java/util/HashMap tableSizeFor (I)I 2 5521 orig 264 120 1 238 95 0 0 0 0 56 228 90 120 84 2 0 0 152 1 0 0 32 0 0 0 0 0 0 0 0 0 0 0 0 0 0 0 0 0 0 0 0 0 0 0 0 0 0 0 0 0 0 0 0 0 0 0 0 0 0 0 0 0 0 0 0 0 0 0 0 0 0 0 0 0 0 0 0 0 0 0 77 68 79 32 101 120 116 114 97 32 100 97 116 97 32 108 111 99 107 0 0 0 0 0 0 0 0 0 0 0 0 0 0 0 0 0 0 0 0 0 0 0 0 0 0 0 0 0 0 0 0 0 0 0 0 0 0 0 0 0 0 0 0 0 0 0 0 0 0 0 0 0 0 0 0 0 0 0 0 0 0 0 0 0 0 0 0 0 0 0 0 0 0 0 0 0 0 0 0 0 0 0 0 0 0 0 0 0 0 0 0 0 0 0 0 0 0 0 0 0 0 0 0 0 0 0 0 0 0 0 0 0 0 0 0 0 141 1 0 0 33 160 0 0 1 0 0 0 0 0 0 0 0 0 0 0 2 0 0 0 0 0 8 0 2 0 0 0 112 0 0 0 255 255 255 255 7 0 37 0 0 0 0 0 data 14 0x250007 0x1134 0x38 0x2d0 0x290003 0x2d0 0x50 0x2f0007 0x1134 0x38 0x0 0x340003 0x0 0x18 oops 0
ciMethodData sun/reflect/annotation/AnnotationType getInstance (Ljava/lang/Class;)Lsun/reflect/annotation/AnnotationType; 2 6265 orig 264 120 1 238 95 0 0 0 0 240 102 93 120 84 2 0 0 136 2 0 0 160 0 0 0 0 0 0 0 0 0 0 0 0 0 0 0 0 0 0 0 0 0 0 0 0 0 0 0 0 0 0 0 0 0 0 0 0 0 0 0 0 0 0 0 0 0 0 0 0 0 0 0 0 0 0 0 0 0 0 0 77 68 79 32 101 120 116 114 97 32 100 97 116 97 32 108 111 99 107 0 0 0 0 0 0 0 0 0 0 0 0 0 0 0 0 0 0 0 0 0 0 0 0 0 0 0 0 0 0 0 0 0 0 0 0 0 0 0 0 0 0 0 0 0 0 0 0 0 0 0 0 0 0 0 0 0 0 0 0 0 0 0 0 0 0 0 0 0 0 0 0 0 0 0 0 0 0 0 0 4 0 0 0 0 0 0 0 0 0 0 0 0 0 0 0 0 0 0 0 0 0 0 0 0 0 0 0 0 0 0 0 0 0 0 0 0 118 0 0 0 25 192 0 0 1 0 0 0 3 24 0 0 0 0 0 0 2 0 0 0 0 0 8 0 2 0 0 0 64 1 0 0 255 255 255 255 2 0 0 0 0 0 0 0 data 40 0x2 0x1803 0x60005 0x0 0x254002fd350 0x1803 0x0 0x0 0xd0007 0x17a1 0x100 0x62 0x150002 0x62 0x1d0005 0x0 0x254002fd350 0x62 0x0 0x0 0x22e007 0x62 0xa0 0x4 0x270005 0x0 0x254002fd350 0x4 0x0 0x0 0x300007 0x4 0x50 0x0 0x340007 0x0 0x30 0x0 0x3b0002 0x0 oops 3 4 java/lang/System$2 16 java/lang/System$2 26 java/lang/System$2
ciMethodData java/util/Collections$EmptyMap entrySet ()Ljava/util/Set; 2 2089 orig 264 120 1 238 95 0 0 0 0 16 23 90 120 84 2 0 0 88 1 0 0 0 0 0 0 0 0 0 0 0 0 0 0 0 0 0 0 0 0 0 0 0 0 0 0 0 0 0 0 0 0 0 0 0 0 0 0 0 0 0 0 0 0 0 0 0 0 0 0 0 0 0 0 0 0 0 0 0 0 0 0 77 68 79 32 101 120 116 114 97 32 100 97 116 97 32 108 111 99 107 0 0 0 0 0 0 0 0 0 0 0 0 0 0 0 0 0 0 0 0 0 0 0 0 0 0 0 0 0 0 0 0 0 0 0 0 0 0 0 0 0 0 0 0 0 0 0 0 0 0 0 0 0 0 0 0 0 0 0 0 0 0 0 0 0 0 0 0 0 0 0 0 0 0 0 0 0 0 0 0 0 0 0 0 0 0 0 0 0 0 0 0 0 0 0 0 0 0 0 0 0 0 0 0 0 0 0 0 0 0 0 0 0 0 0 0 0 1 1 0 0 65 57 0 0 1 0 0 0 0 0 0 0 0 0 0 0 2 0 0 0 0 0 3 0 2 0 0 0 16 0 0 0 255 255 255 255 2 0 0 0 0 0 0 0 data 2 0x2 0x728 oops 0
ciMethodData java/nio/HeapByteBuffer get ()B 2 6673 orig 264 120 1 238 95 0 0 0 0 152 63 97 120 84 2 0 0 168 1 0 0 0 0 0 0 0 0 0 0 0 0 0 0 0 0 0 0 0 0 0 0 0 0 0 0 0 0 0 0 0 0 0 0 0 0 0 0 0 0 0 0 0 0 0 0 0 0 0 0 0 0 0 0 0 0 0 0 0 0 0 0 77 68 79 32 101 120 116 114 97 32 100 97 116 97 32 108 111 99 107 0 0 0 0 0 0 0 0 0 0 0 0 0 0 0 0 0 0 0 0 0 0 0 0 0 0 0 0 0 0 0 0 0 0 0 0 0 0 0 0 0 0 0 0 0 0 0 0 0 0 0 0 0 0 0 0 0 0 0 0 0 0 0 0 0 0 0 0 0 0 0 0 0 0 0 0 0 0 0 0 0 0 0 0 0 0 0 0 0 0 0 0 0 0 0 0 0 0 0 0 0 0 0 0 0 0 0 0 0 0 0 0 0 0 0 0 0 3 1 0 0 113 200 0 0 1 0 0 0 0 0 0 0 0 0 0 0 2 0 0 0 0 0 6 0 2 0 0 0 96 0 0 0 255 255 255 255 5 0 6 0 0 0 0 0 data 12 0x60005 0x0 0x2547d702080 0x190e 0x0 0x0 0x90005 0x0 0x2547d702080 0x190e 0x0 0x0 oops 2 2 java/nio/HeapByteBuffer 8 java/nio/HeapByteBuffer
ciMethodData java/nio/Buffer nextGetIndex ()I 2 8332 orig 264 120 1 238 95 0 0 0 0 48 145 85 120 84 2 0 0 80 1 0 0 0 0 0 0 0 0 0 0 0 0 0 0 0 0 0 0 0 0 0 0 0 0 0 0 0 0 0 0 0 0 0 0 0 0 0 0 0 0 0 0 0 0 0 0 0 0 0 0 0 0 0 0 0 0 0 0 0 0 0 0 77 68 79 32 101 120 116 114 97 32 100 97 116 97 32 108 111 99 107 0 0 0 0 0 0 0 0 0 0 0 0 0 0 0 0 0 0 0 0 0 0 0 0 0 0 0 0 0 0 0 0 0 0 0 0 0 0 0 0 0 0 0 0 0 0 0 0 0 0 0 0 0 0 0 0 0 0 0 0 0 0 0 0 0 0 0 0 0 0 0 0 0 0 0 0 0 0 0 0 0 0 0 0 0 0 0 0 0 0 0 0 0 0 0 0 0 0 0 0 0 0 0 0 0 0 0 0 0 0 0 0 0 0 0 0 0 3 1 0 0 73 252 0 0 1 0 0 0 0 0 0 0 0 0 0 0 2 0 0 0 0 0 5 0 2 0 0 0 48 0 0 0 255 255 255 255 7 0 10 0 0 0 0 0 data 6 0xa0007 0x1f89 0x30 0x0 0x110002 0x0 oops 0
ciMethodData java/nio/Buffer limit (I)Ljava/nio/Buffer; 2 5409 orig 264 120 1 238 95 0 0 0 0 88 137 85 120 84 2 0 0 184 1 0 0 80 0 0 0 0 0 0 0 0 0 0 0 0 0 0 0 0 0 0 0 0 0 0 0 0 0 0 0 0 0 0 0 0 0 0 0 0 0 0 0 0 0 0 0 0 0 0 0 0 0 0 0 0 0 0 0 0 0 0 0 77 68 79 32 101 120 116 114 97 32 100 97 116 97 32 108 111 99 107 0 0 0 0 0 0 0 0 0 0 0 0 0 0 0 0 0 0 0 0 0 0 0 0 0 0 0 0 0 0 0 0 0 0 0 0 0 0 0 0 0 0 0 0 0 0 0 0 0 0 0 0 0 0 0 0 0 0 0 0 0 0 0 0 0 0 0 0 0 0 0 0 0 0 0 0 0 0 0 0 0 0 0 0 0 0 0 0 0 0 0 0 0 0 0 0 0 0 0 0 0 0 0 0 0 0 0 0 0 0 0 0 0 0 0 0 0 30 1 0 0 25 160 0 0 1 0 0 0 0 0 0 0 0 0 0 0 2 0 0 0 0 0 14 0 2 0 0 0 144 0 0 0 255 255 255 255 7 0 5 0 0 0 0 0 data 18 0x50007 0x0 0x40 0x1403 0x90007 0x1403 0x30 0x0 0x100002 0x0 0x1e0007 0x1403 0x20 0x0 0x2b0007 0x1403 0x20 0x0 oops 0
ciMethodData sun/reflect/ConstantPool getUTF8At (I)Ljava/lang/String; 2 16484 orig 264 120 1 238 95 0 0 0 0 24 191 80 120 84 2 0 0 56 1 0 0 0 0 0 0 0 0 0 0 0 0 0 0 0 0 0 0 0 0 0 0 0 0 0 0 0 0 0 0 0 0 0 0 0 0 0 0 0 0 0 0 0 0 0 0 0 0 0 0 0 0 0 0 0 0 0 0 0 0 0 0 77 68 79 32 101 120 116 114 97 32 100 97 116 97 32 108 111 99 107 0 0 0 0 0 0 0 0 0 0 0 0 0 0 0 0 0 0 0 0 0 0 0 0 0 0 0 0 0 0 0 0 0 0 0 0 0 0 0 0 0 0 0 0 0 0 0 0 0 0 0 0 0 0 0 0 0 0 0 0 0 0 0 0 0 0 0 0 0 0 0 0 0 0 0 0 0 0 0 0 0 0 0 0 0 0 0 0 0 0 0 0 0 0 0 0 0 0 0 0 0 0 0 0 0 0 0 0 0 0 0 0 0 0 0 0 0 0 1 0 0 33 251 1 0 1 0 0 0 0 0 0 0 0 0 0 0 2 0 0 0 0 0 3 0 2 0 0 0 16 0 0 0 255 255 255 255 2 0 6 0 0 0 0 0 data 2 0x60002 0x3f66 oops 0
ciMethodData java/lang/System$2 getAnnotationType (Ljava/lang/Class;)Lsun/reflect/annotation/AnnotationType; 2 6269 orig 264 120 1 238 95 0 0 0 0 160 144 101 120 84 2 0 0 128 1 0 0 0 0 0 0 0 0 0 0 0 0 0 0 0 0 0 0 0 0 0 0 0 0 0 0 0 0 0 0 0 0 0 0 0 0 0 0 0 0 0 0 0 0 0 0 0 0 0 0 0 0 0 0 0 0 0 0 0 0 0 0 77 68 79 32 101 120 116 114 97 32 100 97 116 97 32 108 111 99 107 0 0 0 0 0 0 0 0 0 0 0 0 0 0 0 0 0 0 0 0 0 0 0 0 0 0 0 0 0 0 0 0 0 0 0 0 0 0 0 0 0 0 0 0 0 0 0 0 0 0 0 0 0 0 0 0 0 0 0 0 0 0 0 0 0 0 0 0 0 0 0 0 0 0 0 0 0 0 0 0 0 0 0 0 0 0 0 0 0 0 0 0 0 0 0 0 0 0 0 0 0 0 0 0 0 0 0 0 0 0 0 0 0 0 0 0 0 247 0 0 0 49 188 0 0 1 0 0 0 0 0 0 0 0 0 0 0 2 0 0 0 0 0 0 0 0 0 0 0 48 0 0 0 255 255 255 255 5 0 1 0 0 0 0 0 data 6 0x10005 0x4 0x2547a2af690 0x1782 0x0 0x0 oops 1 2 java/lang/Class
ciMethodData sun/reflect/annotation/AnnotationParser parseSig (Ljava/lang/String;Ljava/lang/Class;)Ljava/lang/Class; 2 5381 orig 264 120 1 238 95 0 0 0 0 192 206 174 120 84 2 0 0 128 2 0 0 192 0 0 0 0 0 0 0 0 0 0 0 0 0 0 0 0 0 0 0 0 0 0 0 0 0 0 0 0 0 0 0 0 0 0 0 0 0 0 0 0 0 0 0 0 0 0 0 0 0 0 0 0 0 0 0 0 0 0 0 77 68 79 32 101 120 116 114 97 32 100 97 116 97 32 108 111 99 107 0 0 0 0 0 0 0 0 0 0 0 0 0 0 0 0 0 0 0 0 0 0 0 0 0 0 0 0 0 0 0 0 0 0 0 0 0 0 0 0 0 0 0 0 0 0 0 0 0 0 0 0 0 0 0 0 0 0 0 0 0 0 0 0 0 0 0 0 0 0 0 0 0 0 0 0 0 0 0 0 0 0 0 0 0 0 0 0 0 0 0 0 0 0 0 0 0 0 0 0 0 0 0 0 0 0 0 0 0 0 0 0 0 0 0 0 0 2 1 0 0 25 160 0 0 1 0 0 0 0 0 0 0 0 0 0 0 2 0 0 0 0 0 10 0 2 0 0 0 48 1 0 0 255 255 255 255 5 0 3 0 0 0 0 0 data 38 0x30005 0x0 0x2547a2af600 0x1403 0x0 0x0 0x60007 0x1403 0x20 0x0 0xd0002 0x1403 0x130005 0x0 0x2547f43f3d0 0x1403 0x0 0x0 0x190002 0x1403 0x1c0002 0x1403 0x230002 0x1403 0x2b0005 0x0 0x2540db260e0 0x1403 0x0 0x0 0x320005 0x0 0x2547f43feb0 0x13f9 0x0 0x0 0x390002 0x13f9 oops 4 2 java/lang/String 14 sun/reflect/generics/parser/SignatureParser 26 sun/reflect/generics/tree/ClassTypeSignature 32 sun/reflect/generics/visitor/Reifier
ciMethodData sun/reflect/generics/parser/SignatureParser parseTypeSig (Ljava/lang/String;)Lsun/reflect/generics/tree/TypeSignature; 2 5414 orig 264 120 1 238 95 0 0 0 0 208 17 175 120 84 2 0 0 72 1 0 0 0 0 0 0 0 0 0 0 0 0 0 0 0 0 0 0 0 0 0 0 0 0 0 0 0 0 0 0 0 0 0 0 0 0 0 0 0 0 0 0 0 0 0 0 0 0 0 0 0 0 0 0 0 0 0 0 0 0 0 0 77 68 79 32 101 120 116 114 97 32 100 97 116 97 32 108 111 99 107 0 0 0 0 0 0 0 0 0 0 0 0 0 0 0 0 0 0 0 0 0 0 0 0 0 0 0 0 0 0 0 0 0 0 0 0 0 0 0 0 0 0 0 0 0 0 0 0 0 0 0 0 0 0 0 0 0 0 0 0 0 0 0 0 0 0 0 0 0 0 0 0 0 0 0 0 0 0 0 0 0 0 0 0 0 0 0 0 0 0 0 0 0 0 0 0 0 0 0 0 0 0 0 0 0 0 0 0 0 0 0 0 0 0 0 0 0 1 1 0 0 41 161 0 0 1 0 0 0 0 0 0 0 0 0 0 0 2 0 0 0 0 0 3 0 2 0 0 0 32 0 0 0 255 255 255 255 2 0 2 0 0 0 0 0 data 4 0x20002 0x1425 0x60002 0x1425 oops 0
ciMethodData sun/reflect/annotation/AnnotationParser toClass (Ljava/lang/reflect/Type;)Ljava/lang/Class; 2 5370 orig 264 120 1 238 95 0 0 0 0 120 207 174 120 84 2 0 0 120 2 0 0 208 0 0 0 0 0 0 0 0 0 0 0 0 0 0 0 0 0 0 0 0 0 0 0 0 0 0 0 0 0 0 0 0 0 0 0 0 0 0 0 0 0 0 0 0 0 0 0 0 0 0 0 0 0 0 0 0 0 0 0 77 68 79 32 101 120 116 114 97 32 100 97 116 97 32 108 111 99 107 0 0 0 0 0 0 0 0 0 0 0 0 0 0 0 0 0 0 0 0 0 0 0 0 0 0 0 0 0 0 0 0 0 0 0 0 0 0 0 0 0 0 0 0 0 0 0 0 0 0 0 0 0 0 0 0 0 0 0 0 0 0 0 0 0 0 0 0 0 0 0 0 0 0 0 0 0 0 0 0 0 0 0 0 0 0 0 0 0 0 0 0 0 0 0 0 0 0 0 0 0 0 0 0 0 0 0 0 0 0 0 0 0 0 0 0 0 0 1 0 0 209 159 0 0 1 0 0 0 0 0 0 0 0 0 0 0 2 0 0 0 0 0 8 0 2 0 0 0 48 1 0 0 255 255 255 255 4 0 1 0 0 0 0 0 data 38 0x10004 0xffffffffffffec06 0x2547a2af690 0x1 0x0 0x0 0x40007 0x13fa 0xd0 0x0 0x80004 0x0 0x0 0x0 0x0 0x0 0xb0005 0x0 0x0 0x0 0x0 0x0 0x100002 0x0 0x140002 0x0 0x170005 0x0 0x0 0x0 0x0 0x0 0x1c0004 0x0 0x2547a2af690 0x13fa 0x0 0x0 oops 2 2 java/lang/Class 34 java/lang/Class
ciMethodData java/nio/Bits byteOrder ()Ljava/nio/ByteOrder; 2 5377 orig 264 120 1 238 95 0 0 0 0 112 193 97 120 84 2 0 0 72 1 0 0 0 0 0 0 0 0 0 0 0 0 0 0 0 0 0 0 0 0 0 0 0 0 0 0 0 0 0 0 0 0 0 0 0 0 0 0 0 0 0 0 0 0 0 0 0 0 0 0 0 0 0 0 0 0 0 0 0 0 0 0 77 68 79 32 101 120 116 114 97 32 100 97 116 97 32 108 111 99 107 0 0 0 0 0 0 0 0 0 0 0 0 0 0 0 0 0 0 0 0 0 0 0 0 0 0 0 0 0 0 0 0 0 0 0 0 0 0 0 0 0 0 0 0 0 0 0 0 0 0 0 0 0 0 0 0 0 0 0 0 0 0 0 0 0 0 0 0 0 0 0 0 0 0 0 0 0 0 0 0 0 0 0 0 0 0 0 0 0 0 0 0 0 0 0 0 0 0 0 0 0 0 0 0 0 0 0 0 0 0 0 0 0 0 0 0 0 0 1 0 0 9 160 0 0 1 0 0 0 0 0 0 0 0 0 0 0 2 0 0 0 0 0 4 0 2 0 0 0 48 0 0 0 255 255 255 255 7 0 3 0 0 0 0 0 data 6 0x30007 0x1401 0x30 0x0 0xc0002 0x0 oops 0
compile java/lang/Class annotationData ()Ljava/lang/Class$AnnotationData; -1 4 inline 298 0 -1 java/lang/Class annotationData ()Ljava/lang/Class$AnnotationData; 1 26 java/lang/Class createAnnotationData (I)Ljava/lang/Class$AnnotationData; 2 9 sun/reflect/annotation/AnnotationParser parseAnnotations ([BLsun/reflect/ConstantPool;Ljava/lang/Class;)Ljava/util/Map; 3 4 java/util/Collections emptyMap ()Ljava/util/Map; 3 12 sun/reflect/annotation/AnnotationParser parseAnnotations2 ([BLsun/reflect/ConstantPool;Ljava/lang/Class;[Ljava/lang/Class;)Ljava/util/Map; 4 4 java/util/LinkedHashMap <init> ()V 5 1 java/util/HashMap <init> ()V 6 1 java/util/AbstractMap <init> ()V 7 1 java/lang/Object <init> ()V 4 10 java/nio/ByteBuffer wrap ([B)Ljava/nio/ByteBuffer; 5 4 java/nio/ByteBuffer wrap ([BII)Ljava/nio/ByteBuffer; 6 7 java/nio/HeapByteBuffer <init> ([BII)V 7 10 java/nio/ByteBuffer <init> (IIII[BI)V 8 6 java/nio/Buffer <init> (IIII)V 9 1 java/lang/Object <init> ()V 9 55 java/nio/Buffer limit (I)Ljava/nio/Buffer; 9 61 java/nio/Buffer position (I)Ljava/nio/Buffer; 8 15 java/nio/Bits byteOrder ()Ljava/nio/ByteOrder; 4 17 java/nio/HeapByteBuffer getShort ()S 5 4 java/nio/Buffer nextGetIndex (I)I 5 7 java/nio/HeapByteBuffer ix (I)I 5 14 java/nio/Bits getShort (Ljava/nio/ByteBuffer;IZ)S 6 6 java/nio/Bits getShortB (Ljava/nio/ByteBuffer;I)S 7 2 java/nio/HeapByteBuffer _get (I)B 7 9 java/nio/HeapByteBuffer _get (I)B 7 12 java/nio/Bits makeShort (BB)S 4 41 sun/reflect/annotation/AnnotationParser parseAnnotation2 (Ljava/nio/ByteBuffer;Lsun/reflect/ConstantPool;Ljava/lang/Class;Z[Ljava/lang/Class;)Ljava/lang/annotation/Annotation; 5 1 java/nio/HeapByteBuffer getShort ()S 6 4 java/nio/Buffer nextGetIndex (I)I 6 7 java/nio/HeapByteBuffer ix (I)I 6 14 java/nio/Bits getShort (Ljava/nio/ByteBuffer;IZ)S 7 6 java/nio/Bits getShortB (Ljava/nio/ByteBuffer;I)S 8 2 java/nio/HeapByteBuffer _get (I)B 8 9 java/nio/HeapByteBuffer _get (I)B 8 12 java/nio/Bits makeShort (BB)S 5 19 sun/reflect/ConstantPool getUTF8At (I)Ljava/lang/String; 5 27 sun/reflect/annotation/AnnotationParser parseSig (Ljava/lang/String;Ljava/lang/Class;)Ljava/lang/Class; 6 13 sun/reflect/generics/parser/SignatureParser make ()Lsun/reflect/generics/parser/SignatureParser; 7 4 sun/reflect/generics/parser/SignatureParser <init> ()V 8 1 java/lang/Object <init> ()V 6 19 sun/reflect/generics/parser/SignatureParser parseTypeSig (Ljava/lang/String;)Lsun/reflect/generics/tree/TypeSignature; 7 2 sun/reflect/generics/parser/SignatureParser init (Ljava/lang/String;)V 6 25 sun/reflect/generics/scope/ClassScope make (Ljava/lang/Class;)Lsun/reflect/generics/scope/ClassScope; 7 5 sun/reflect/generics/scope/ClassScope <init> (Ljava/lang/Class;)V 8 2 sun/reflect/generics/scope/AbstractScope <init> (Ljava/lang/reflect/GenericDeclaration;)V 9 1 java/lang/Object <init> ()V 6 28 sun/reflect/generics/factory/CoreReflectionFactory make (Ljava/lang/reflect/GenericDeclaration;Lsun/reflect/generics/scope/Scope;)Lsun/reflect/generics/factory/CoreReflectionFactory; 7 6 sun/reflect/generics/factory/CoreReflectionFactory <init> (Ljava/lang/reflect/GenericDeclaration;Lsun/reflect/generics/scope/Scope;)V 8 1 java/lang/Object <init> ()V 6 35 sun/reflect/generics/visitor/Reifier make (Lsun/reflect/generics/factory/GenericsFactory;)Lsun/reflect/generics/visitor/Reifier; 7 5 sun/reflect/generics/visitor/Reifier <init> (Lsun/reflect/generics/factory/GenericsFactory;)V 8 1 java/lang/Object <init> ()V 6 43 sun/reflect/generics/tree/ClassTypeSignature accept (Lsun/reflect/generics/visitor/TypeTreeVisitor;)V 6 50 sun/reflect/generics/visitor/Reifier getResult ()Ljava/lang/reflect/Type; 6 57 sun/reflect/annotation/AnnotationParser toClass (Ljava/lang/reflect/Type;)Ljava/lang/Class; 5 98 sun/reflect/annotation/AnnotationParser contains ([Ljava/lang/Object;Ljava/lang/Object;)Z 5 106 sun/reflect/annotation/AnnotationParser skipAnnotation (Ljava/nio/ByteBuffer;Z)V 6 30 sun/reflect/annotation/AnnotationParser skipMemberValue (Ljava/nio/ByteBuffer;)V 5 116 sun/reflect/annotation/AnnotationType getInstance (Ljava/lang/Class;)Lsun/reflect/annotation/AnnotationType; 6 0 sun/misc/SharedSecrets getJavaLangAccess ()Lsun/misc/JavaLangAccess; 6 6 java/lang/System$2 getAnnotationType (Ljava/lang/Class;)Lsun/reflect/annotation/AnnotationType; 7 1 java/lang/Class getAnnotationType ()Lsun/reflect/annotation/AnnotationType; 6 39 java/lang/System$2 getAnnotationType (Ljava/lang/Class;)Lsun/reflect/annotation/AnnotationType; 7 1 java/lang/Class getAnnotationType ()Lsun/reflect/annotation/AnnotationType; 5 135 sun/reflect/annotation/AnnotationType memberTypes ()Ljava/util/Map; 5 146 sun/reflect/annotation/AnnotationType memberDefaults ()Ljava/util/Map; 5 149 java/util/LinkedHashMap <init> (Ljava/util/Map;)V 6 1 java/util/HashMap <init> ()V 7 1 java/util/AbstractMap <init> ()V 8 1 java/lang/Object <init> ()V 6 12 java/util/HashMap putMapEntries (Ljava/util/Map;Z)V 7 59 java/util/HashMap tableSizeFor (I)I 7 137 java/util/HashMap hash (Ljava/lang/Object;)I 5 155 java/nio/HeapByteBuffer getShort ()S 6 4 java/nio/Buffer nextGetIndex (I)I 6 7 java/nio/HeapByteBuffer ix (I)I 6 14 java/nio/Bits getShort (Ljava/nio/ByteBuffer;IZ)S 7 6 java/nio/Bits getShortB (Ljava/nio/ByteBuffer;I)S 8 2 java/nio/HeapByteBuffer _get (I)B 8 9 java/nio/HeapByteBuffer _get (I)B 8 12 java/nio/Bits makeShort (BB)S 5 174 java/nio/HeapByteBuffer getShort ()S 6 4 java/nio/Buffer nextGetIndex (I)I 6 7 java/nio/HeapByteBuffer ix (I)I 6 14 java/nio/Bits getShort (Ljava/nio/ByteBuffer;IZ)S 7 6 java/nio/Bits getShortB (Ljava/nio/ByteBuffer;I)S 8 2 java/nio/HeapByteBuffer _get (I)B 8 9 java/nio/HeapByteBuffer _get (I)B 8 12 java/nio/Bits makeShort (BB)S 5 185 sun/reflect/ConstantPool getUTF8At (I)Ljava/lang/String; 5 194 java/util/HashMap get (Ljava/lang/Object;)Ljava/lang/Object; 6 2 java/util/HashMap hash (Ljava/lang/Object;)I 7 9 java/lang/String hashCode ()I 6 6 java/util/HashMap getNode (ILjava/lang/Object;)Ljava/util/HashMap$Node; 7 94 java/util/HashMap$TreeNode getTreeNode (ILjava/lang/Object;)Ljava/util/HashMap$TreeNode; 5 221 sun/reflect/annotation/AnnotationParser parseMemberValue (Ljava/lang/Class;Ljava/nio/ByteBuffer;Lsun/reflect/ConstantPool;Ljava/lang/Class;)Ljava/lang/Object; 6 4 java/nio/HeapByteBuffer get ()B 7 6 java/nio/Buffer nextGetIndex ()I 7 9 java/nio/HeapByteBuffer ix (I)I 6 95 sun/reflect/annotation/AnnotationParser parseConst (ILjava/nio/ByteBuffer;Lsun/reflect/ConstantPool;)Ljava/lang/Object; 7 1 java/nio/HeapByteBuffer getShort ()S 8 4 java/nio/Buffer nextGetIndex (I)I 8 7 java/nio/HeapByteBuffer ix (I)I 8 14 java/nio/Bits getShort (Ljava/nio/ByteBuffer;IZ)S 9 6 java/nio/Bits getShortB (Ljava/nio/ByteBuffer;I)S 10 2 java/nio/HeapByteBuffer _get (I)B 10 9 java/nio/HeapByteBuffer _get (I)B 10 12 java/nio/Bits makeShort (BB)S 7 177 sun/reflect/ConstantPool getUTF8At (I)Ljava/lang/String; 7 160 sun/reflect/ConstantPool getIntAt (I)I 7 171 java/lang/Boolean valueOf (Z)Ljava/lang/Boolean; 7 132 sun/reflect/ConstantPool getIntAt (I)I 7 135 java/lang/Integer valueOf (I)Ljava/lang/Integer; 8 28 java/lang/Integer <init> (I)V 9 1 java/lang/Number <init> ()V 10 1 java/lang/Object <init> ()V 6 56 sun/reflect/annotation/AnnotationParser parseEnumValue (Ljava/lang/Class;Ljava/nio/ByteBuffer;Lsun/reflect/ConstantPool;Ljava/lang/Class;)Ljava/lang/Object; 7 1 java/nio/HeapByteBuffer getShort ()S 8 4 java/nio/Buffer nextGetIndex (I)I 8 7 java/nio/HeapByteBuffer ix (I)I 8 14 java/nio/Bits getShort (Ljava/nio/ByteBuffer;IZ)S 9 6 java/nio/Bits getShortB (Ljava/nio/ByteBuffer;I)S 10 2 java/nio/HeapByteBuffer _get (I)B 10 9 java/nio/HeapByteBuffer _get (I)B 10 12 java/nio/Bits makeShort (BB)S 7 12 sun/reflect/ConstantPool getUTF8At (I)Ljava/lang/String; 7 18 java/nio/HeapByteBuffer getShort ()S 8 4 java/nio/Buffer nextGetIndex (I)I 8 7 java/nio/HeapByteBuffer ix (I)I 8 14 java/nio/Bits getShort (Ljava/nio/ByteBuffer;IZ)S 9 6 java/nio/Bits getShortB (Ljava/nio/ByteBuffer;I)S 10 2 java/nio/HeapByteBuffer _get (I)B 10 9 java/nio/HeapByteBuffer _get (I)B 10 12 java/nio/Bits makeShort (BB)S 7 29 sun/reflect/ConstantPool getUTF8At (I)Ljava/lang/String; 7 38 java/lang/String endsWith (Ljava/lang/String;)Z 8 13 java/lang/String startsWith (Ljava/lang/String;I)Z 7 93 sun/reflect/annotation/AnnotationParser parseSig (Ljava/lang/String;Ljava/lang/Class;)Ljava/lang/Class; 8 13 sun/reflect/generics/parser/SignatureParser make ()Lsun/reflect/generics/parser/SignatureParser; 9 4 sun/reflect/generics/parser/SignatureParser <init> ()V 10 1 java/lang/Object <init> ()V 8 19 sun/reflect/generics/parser/SignatureParser parseTypeSig (Ljava/lang/String;)Lsun/reflect/generics/tree/TypeSignature; 9 2 sun/reflect/generics/parser/SignatureParser init (Ljava/lang/String;)V 8 25 sun/reflect/generics/scope/ClassScope make (Ljava/lang/Class;)Lsun/reflect/generics/scope/ClassScope; 9 5 sun/reflect/generics/scope/ClassScope <init> (Ljava/lang/Class;)V 10 2 sun/reflect/generics/scope/AbstractScope <init> (Ljava/lang/reflect/GenericDeclaration;)V 8 28 sun/reflect/generics/factory/CoreReflectionFactory make (Ljava/lang/reflect/GenericDeclaration;Lsun/reflect/generics/scope/Scope;)Lsun/reflect/generics/factory/CoreReflectionFactory; 9 6 sun/reflect/generics/factory/CoreReflectionFactory <init> (Ljava/lang/reflect/GenericDeclaration;Lsun/reflect/generics/scope/Scope;)V 10 1 java/lang/Object <init> ()V 8 35 sun/reflect/generics/visitor/Reifier make (Lsun/reflect/generics/factory/GenericsFactory;)Lsun/reflect/generics/visitor/Reifier; 9 5 sun/reflect/generics/visitor/Reifier <init> (Lsun/reflect/generics/factory/GenericsFactory;)V 10 1 java/lang/Object <init> ()V 8 43 sun/reflect/generics/tree/ClassTypeSignature accept (Lsun/reflect/generics/visitor/TypeTreeVisitor;)V 8 50 sun/reflect/generics/visitor/Reifier getResult ()Ljava/lang/reflect/Type; 8 57 sun/reflect/annotation/AnnotationParser toClass (Ljava/lang/reflect/Type;)Ljava/lang/Class; 6 87 sun/reflect/annotation/AnnotationParser parseArray (Ljava/lang/Class;Ljava/nio/ByteBuffer;Lsun/reflect/ConstantPool;Ljava/lang/Class;)Ljava/lang/Object; 7 1 java/nio/HeapByteBuffer getShort ()S 8 4 java/nio/Buffer nextGetIndex (I)I 8 7 java/nio/HeapByteBuffer ix (I)I 8 14 java/nio/Bits getShort (Ljava/nio/ByteBuffer;IZ)S 9 6 java/nio/Bits getShortB (Ljava/nio/ByteBuffer;I)S 10 2 java/nio/HeapByteBuffer _get (I)B 10 9 java/nio/HeapByteBuffer _get (I)B 10 12 java/nio/Bits makeShort (BB)S 7 154 sun/reflect/annotation/AnnotationParser parseStringArray (ILjava/nio/ByteBuffer;Lsun/reflect/ConstantPool;)Ljava/lang/Object; 8 21 java/nio/HeapByteBuffer get ()B 9 6 java/nio/Buffer nextGetIndex ()I 9 9 java/nio/HeapByteBuffer ix (I)I 8 34 java/nio/HeapByteBuffer getShort ()S 9 4 java/nio/Buffer nextGetIndex (I)I 9 7 java/nio/HeapByteBuffer ix (I)I 9 14 java/nio/Bits getShort (Ljava/nio/ByteBuffer;IZ)S 10 6 java/nio/Bits getShortB (Ljava/nio/ByteBuffer;I)S 8 48 sun/reflect/ConstantPool getUTF8At (I)Ljava/lang/String; 7 170 sun/reflect/annotation/AnnotationParser parseClassArray (ILjava/nio/ByteBuffer;Lsun/reflect/ConstantPool;Ljava/lang/Class;)Ljava/lang/Object; 8 22 java/nio/HeapByteBuffer get ()B 9 6 java/nio/Buffer nextGetIndex ()I 9 9 java/nio/HeapByteBuffer ix (I)I 7 176 java/lang/Class isEnum ()Z 7 189 sun/reflect/annotation/AnnotationParser parseEnumArray (ILjava/lang/Class;Ljava/nio/ByteBuffer;Lsun/reflect/ConstantPool;Ljava/lang/Class;)Ljava/lang/Object; 8 2 java/lang/reflect/Array newInstance (Ljava/lang/Class;I)Ljava/lang/Object; 8 29 java/nio/HeapByteBuffer get ()B 9 6 java/nio/Buffer nextGetIndex ()I 9 9 java/nio/HeapByteBuffer ix (I)I 6 75 sun/reflect/annotation/AnnotationParser parseAnnotation (Ljava/nio/ByteBuffer;Lsun/reflect/ConstantPool;Ljava/lang/Class;Z)Ljava/lang/annotation/Annotation; 7 5 sun/reflect/annotation/AnnotationParser parseAnnotation2 (Ljava/nio/ByteBuffer;Lsun/reflect/ConstantPool;Ljava/lang/Class;Z[Ljava/lang/Class;)Ljava/lang/annotation/Annotation; 8 1 java/nio/HeapByteBuffer getShort ()S 9 4 java/nio/Buffer nextGetIndex (I)I 9 7 java/nio/HeapByteBuffer ix (I)I 9 14 java/nio/Bits getShort (Ljava/nio/ByteBuffer;IZ)S 10 6 java/nio/Bits getShortB (Ljava/nio/ByteBuffer;I)S 8 19 sun/reflect/ConstantPool getUTF8At (I)Ljava/lang/String; 8 27 sun/reflect/annotation/AnnotationParser parseSig (Ljava/lang/String;Ljava/lang/Class;)Ljava/lang/Class; 9 13 sun/reflect/generics/parser/SignatureParser make ()Lsun/reflect/generics/parser/SignatureParser; 10 4 sun/reflect/generics/parser/SignatureParser <init> ()V 9 19 sun/reflect/generics/parser/SignatureParser parseTypeSig (Ljava/lang/String;)Lsun/reflect/generics/tree/TypeSignature; 10 2 sun/reflect/generics/parser/SignatureParser init (Ljava/lang/String;)V 9 25 sun/reflect/generics/scope/ClassScope make (Ljava/lang/Class;)Lsun/reflect/generics/scope/ClassScope; 10 5 sun/reflect/generics/scope/ClassScope <init> (Ljava/lang/Class;)V 9 28 sun/reflect/generics/factory/CoreReflectionFactory make (Ljava/lang/reflect/GenericDeclaration;Lsun/reflect/generics/scope/Scope;)Lsun/reflect/generics/factory/CoreReflectionFactory; 10 6 sun/reflect/generics/factory/CoreReflectionFactory <init> (Ljava/lang/reflect/GenericDeclaration;Lsun/reflect/generics/scope/Scope;)V 9 35 sun/reflect/generics/visitor/Reifier make (Lsun/reflect/generics/factory/GenericsFactory;)Lsun/reflect/generics/visitor/Reifier; 10 5 sun/reflect/generics/visitor/Reifier <init> (Lsun/reflect/generics/factory/GenericsFactory;)V 9 43 sun/reflect/generics/tree/ClassTypeSignature accept (Lsun/reflect/generics/visitor/TypeTreeVisitor;)V 9 50 sun/reflect/generics/visitor/Reifier getResult ()Ljava/lang/reflect/Type; 9 57 sun/reflect/annotation/AnnotationParser toClass (Ljava/lang/reflect/Type;)Ljava/lang/Class; 8 98 sun/reflect/annotation/AnnotationParser contains ([Ljava/lang/Object;Ljava/lang/Object;)Z 8 106 sun/reflect/annotation/AnnotationParser skipAnnotation (Ljava/nio/ByteBuffer;Z)V 9 30 sun/reflect/annotation/AnnotationParser skipMemberValue (Ljava/nio/ByteBuffer;)V 8 116 sun/reflect/annotation/AnnotationType getInstance (Ljava/lang/Class;)Lsun/reflect/annotation/AnnotationType; 9 0 sun/misc/SharedSecrets getJavaLangAccess ()Lsun/misc/JavaLangAccess; 9 6 java/lang/System$2 getAnnotationType (Ljava/lang/Class;)Lsun/reflect/annotation/AnnotationType; 10 1 java/lang/Class getAnnotationType ()Lsun/reflect/annotation/AnnotationType; 9 39 java/lang/System$2 getAnnotationType (Ljava/lang/Class;)Lsun/reflect/annotation/AnnotationType; 10 1 java/lang/Class getAnnotationType ()Lsun/reflect/annotation/AnnotationType; 8 135 sun/reflect/annotation/AnnotationType memberTypes ()Ljava/util/Map; 8 146 sun/reflect/annotation/AnnotationType memberDefaults ()Ljava/util/Map; 8 149 java/util/LinkedHashMap <init> (Ljava/util/Map;)V 9 1 java/util/HashMap <init> ()V 10 1 java/util/AbstractMap <init> ()V 9 12 java/util/HashMap putMapEntries (Ljava/util/Map;Z)V 10 59 java/util/HashMap tableSizeFor (I)I 10 137 java/util/HashMap hash (Ljava/lang/Object;)I 8 155 java/nio/HeapByteBuffer getShort ()S 9 4 java/nio/Buffer nextGetIndex (I)I 9 7 java/nio/HeapByteBuffer ix (I)I 9 14 java/nio/Bits getShort (Ljava/nio/ByteBuffer;IZ)S 10 6 java/nio/Bits getShortB (Ljava/nio/ByteBuffer;I)S 8 174 java/nio/HeapByteBuffer getShort ()S 9 4 java/nio/Buffer nextGetIndex (I)I 9 7 java/nio/HeapByteBuffer ix (I)I 9 14 java/nio/Bits getShort (Ljava/nio/ByteBuffer;IZ)S 10 6 java/nio/Bits getShortB (Ljava/nio/ByteBuffer;I)S 8 185 sun/reflect/ConstantPool getUTF8At (I)Ljava/lang/String; 8 194 java/util/HashMap get (Ljava/lang/Object;)Ljava/lang/Object; 9 2 java/util/HashMap hash (Ljava/lang/Object;)I 10 9 java/lang/String hashCode ()I 9 6 java/util/HashMap getNode (ILjava/lang/Object;)Ljava/util/HashMap$Node; 10 94 java/util/HashMap$TreeNode getTreeNode (ILjava/lang/Object;)Ljava/util/HashMap$TreeNode; 8 221 sun/reflect/annotation/AnnotationParser parseMemberValue (Ljava/lang/Class;Ljava/nio/ByteBuffer;Lsun/reflect/ConstantPool;Ljava/lang/Class;)Ljava/lang/Object; 9 4 java/nio/HeapByteBuffer get ()B 10 6 java/nio/Buffer nextGetIndex ()I 10 9 java/nio/HeapByteBuffer ix (I)I 9 95 sun/reflect/annotation/AnnotationParser parseConst (ILjava/nio/ByteBuffer;Lsun/reflect/ConstantPool;)Ljava/lang/Object; 10 1 java/nio/HeapByteBuffer getShort ()S 10 177 sun/reflect/ConstantPool getUTF8At (I)Ljava/lang/String; 10 160 sun/reflect/ConstantPool getIntAt (I)I 10 171 java/lang/Boolean valueOf (Z)Ljava/lang/Boolean; 10 132 sun/reflect/ConstantPool getIntAt (I)I 10 135 java/lang/Integer valueOf (I)Ljava/lang/Integer; 9 56 sun/reflect/annotation/AnnotationParser parseEnumValue (Ljava/lang/Class;Ljava/nio/ByteBuffer;Lsun/reflect/ConstantPool;Ljava/lang/Class;)Ljava/lang/Object; 10 1 java/nio/HeapByteBuffer getShort ()S 10 12 sun/reflect/ConstantPool getUTF8At (I)Ljava/lang/String; 10 18 java/nio/HeapByteBuffer getShort ()S 10 29 sun/reflect/ConstantPool getUTF8At (I)Ljava/lang/String; 10 38 java/lang/String endsWith (Ljava/lang/String;)Z 10 93 sun/reflect/annotation/AnnotationParser parseSig (Ljava/lang/String;Ljava/lang/Class;)Ljava/lang/Class; 9 87 sun/reflect/annotation/AnnotationParser parseArray (Ljava/lang/Class;Ljava/nio/ByteBuffer;Lsun/reflect/ConstantPool;Ljava/lang/Class;)Ljava/lang/Object; 10 1 java/nio/HeapByteBuffer getShort ()S 10 154 sun/reflect/annotation/AnnotationParser parseStringArray (ILjava/nio/ByteBuffer;Lsun/reflect/ConstantPool;)Ljava/lang/Object; 10 170 sun/reflect/annotation/AnnotationParser parseClassArray (ILjava/nio/ByteBuffer;Lsun/reflect/ConstantPool;Ljava/lang/Class;)Ljava/lang/Object; 10 176 java/lang/Class isEnum ()Z 10 189 sun/reflect/annotation/AnnotationParser parseEnumArray (ILjava/lang/Class;Ljava/nio/ByteBuffer;Lsun/reflect/ConstantPool;Ljava/lang/Class;)Ljava/lang/Object; 9 75 sun/reflect/annotation/AnnotationParser parseAnnotation (Ljava/nio/ByteBuffer;Lsun/reflect/ConstantPool;Ljava/lang/Class;Z)Ljava/lang/annotation/Annotation; 8 264 java/util/HashMap put (Ljava/lang/Object;Ljava/lang/Object;)Ljava/lang/Object; 9 2 java/util/HashMap hash (Ljava/lang/Object;)I 10 9 java/lang/String hashCode ()I 8 280 sun/reflect/annotation/AnnotationParser annotationForMap (Ljava/lang/Class;Ljava/util/Map;)Ljava/lang/annotation/Annotation; 9 6 sun/reflect/annotation/AnnotationParser$1 <init> (Ljava/lang/Class;Ljava/util/Map;)V 10 11 java/lang/Object <init> ()V 5 264 java/util/HashMap put (Ljava/lang/Object;Ljava/lang/Object;)Ljava/lang/Object; 6 2 java/util/HashMap hash (Ljava/lang/Object;)I 7 9 java/lang/String hashCode ()I 5 280 sun/reflect/annotation/AnnotationParser annotationForMap (Ljava/lang/Class;Ljava/util/Map;)Ljava/lang/annotation/Annotation; 6 6 sun/reflect/annotation/AnnotationParser$1 <init> (Ljava/lang/Class;Ljava/util/Map;)V 7 11 java/lang/Object <init> ()V 4 62 sun/reflect/annotation/AnnotationType getInstance (Ljava/lang/Class;)Lsun/reflect/annotation/AnnotationType; 5 0 sun/misc/SharedSecrets getJavaLangAccess ()Lsun/misc/JavaLangAccess; 5 6 java/lang/System$2 getAnnotationType (Ljava/lang/Class;)Lsun/reflect/annotation/AnnotationType; 6 1 java/lang/Class getAnnotationType ()Lsun/reflect/annotation/AnnotationType; 5 39 java/lang/System$2 getAnnotationType (Ljava/lang/Class;)Lsun/reflect/annotation/AnnotationType; 6 1 java/lang/Class getAnnotationType ()Lsun/reflect/annotation/AnnotationType; 4 65 sun/reflect/annotation/AnnotationType retention ()Ljava/lang/annotation/RetentionPolicy; 2 36 java/util/Collections$EmptyMap entrySet ()Ljava/util/Set; 3 0 java/util/Collections emptySet ()Ljava/util/Set; 2 41 java/util/Collections$EmptySet iterator ()Ljava/util/Iterator; 3 0 java/util/Collections emptyIterator ()Ljava/util/Iterator; 2 50 java/util/Collections$EmptyIterator hasNext ()Z 2 60 java/util/LinkedHashMap$LinkedEntryIterator next ()Ljava/lang/Object; 3 1 java/util/LinkedHashMap$LinkedEntryIterator next ()Ljava/util/Map$Entry; 2 72 java/util/HashMap$Node getKey ()Ljava/lang/Object; 2 87 sun/reflect/annotation/AnnotationType isInherited ()Z 2 103 java/util/HashMap size ()I 2 103 java/util/Collections$EmptyMap size ()I 2 111 java/util/HashMap size ()I 2 111 java/util/Collections$EmptyMap size ()I 2 118 java/util/HashMap size ()I 2 147 java/util/HashMap$Node getValue ()Ljava/lang/Object;
